#pragma once
#include <cstdint>

constexpr uint16_t sample2_width  = 240;
constexpr uint16_t sample2_height = 320;

const uint16_t sample2_data[76800] = {
    0x7A2B, 0x7A2B, 0x7A2B, 0x7A2B, 0x7A2B, 0x7A2B, 0x7A2B, 0x7A2B, 0x7A2B, 0x7A2B, 0x7A2B, 0x7A2B, 0x7A2B, 0x5A2B, 0x5A2B, 0x5A2B, 
    0x5A2B, 0x5A2B, 0x5A2B, 0x5A2B, 0x5A2B, 0x5A2B, 0x3A2B, 0x3A2B, 0x3A23, 0x3A23, 0x3A23, 0x3A23, 0x3A23, 0x1A23, 0x1A23, 0x1A23, 
    0x1A23, 0x1A23, 0x1A23, 0x1A23, 0x1A23, 0x1A23, 0x1A23, 0x1A23, 0x1A23, 0x1A23, 0x1A23, 0xFA22, 0xFA22, 0xFA22, 0xFA22, 0xFA22, 
    0x1A23, 0x1A1B, 0x1A1B, 0xFA1A, 0xFA1A, 0xFA1A, 0xFA1A, 0xFA1A, 0xFA1A, 0xFA1A, 0xFA1A, 0xFA1A, 0xFA1A, 0xFA1A, 0xFA1A, 0xFA1A, 
    0xDA1A, 0xDA1A, 0xDA1A, 0xDA1A, 0xDA1A, 0xDA1A, 0xDA1A, 0xDA1A, 0xDA1A, 0xDA1A, 0xBA1A, 0xBA1A, 0xBA1A, 0xBA1A, 0xBA1A, 0xBA1A, 
    0xB91A, 0xB91A, 0xB91A, 0xB91A, 0xB91A, 0xB91A, 0xB91A, 0xB91A, 0x991A, 0x991A, 0x991A, 0x991A, 0x991A, 0x991A, 0x991A, 0x991A, 
    0x991A, 0x991A, 0x991A, 0x991A, 0x991A, 0x991A, 0x9922, 0x9922, 0x991A, 0x991A, 0x9922, 0x991A, 0x991A, 0x791A, 0x7922, 0x7922, 
    0x7922, 0x7922, 0x7922, 0x7922, 0x7922, 0x781A, 0x781A, 0x781A, 0x781A, 0x781A, 0x781A, 0x581A, 0x581A, 0x581A, 0x581A, 0x581A, 
    0x5822, 0x5822, 0x5822, 0x581A, 0x581A, 0x381A, 0x381A, 0x381A, 0x381A, 0x381A, 0x381A, 0x381A, 0x381A, 0x381A, 0x381A, 0x381A, 
    0x3822, 0x3822, 0x3822, 0x381A, 0x381A, 0x371A, 0x3722, 0x3722, 0x3722, 0x3722, 0x3722, 0x3722, 0x1722, 0x1722, 0x1722, 0x1722, 
    0x1722, 0x1722, 0x1722, 0x1722, 0x1722, 0x1722, 0x1722, 0x1722, 0xF721, 0xF721, 0xF721, 0xF721, 0xF721, 0xF721, 0xF721, 0xF721, 
    0xF721, 0xF619, 0xF619, 0xF619, 0xF619, 0xF619, 0xF619, 0xF619, 0xF619, 0xF619, 0xF619, 0xF619, 0xF619, 0xF619, 0xF619, 0xF619, 
    0xF619, 0xF619, 0xF619, 0xF619, 0xF619, 0xF619, 0xF621, 0xF621, 0xD621, 0xD621, 0xD621, 0xD621, 0xD621, 0xD621, 0xD621, 0xD621, 
    0xD621, 0xD621, 0xD621, 0xD621, 0xD621, 0xD519, 0xD519, 0xD519, 0xD621, 0xD621, 0xD621, 0xD621, 0xD621, 0xD621, 0xD621, 0xD621, 
    0xB521, 0xB521, 0xB521, 0xB521, 0xB521, 0xB521, 0xB521, 0xB521, 0xB521, 0xB521, 0xB521, 0xB521, 0xB521, 0xB521, 0xB521, 0xB521, 
    0x7A2B, 0x7A2B, 0x7A2B, 0x7A2B, 0x7A2B, 0x7A2B, 0x7A2B, 0x7A2B, 0x7A2B, 0x7A2B, 0x7A2B, 0x7A2B, 0x7A2B, 0x5A2B, 0x5A2B, 0x5A2B, 
    0x5A2B, 0x5A2B, 0x5A2B, 0x5A2B, 0x5A2B, 0x5A2B, 0x3A2B, 0x3A2B, 0x3A23, 0x3A23, 0x3A23, 0x3A23, 0x3A23, 0x3A23, 0x1A23, 0x1A23, 
    0x1A23, 0x1A23, 0x1A23, 0x1A23, 0x1A23, 0x1A23, 0x1A23, 0x1A23, 0x1A23, 0x1A23, 0x1A23, 0xFA22, 0xFA22, 0xFA22, 0xFA22, 0xFA22, 
    0x1A23, 0x1A1B, 0x1A1B, 0xFA1A, 0xFA1A, 0xFA1A, 0xFA1A, 0xFA1A, 0xFA1A, 0xFA1A, 0xFA1A, 0xFA1A, 0xFA1A, 0xFA1A, 0xFA1A, 0xFA1A, 
    0xDA1A, 0xDA1A, 0xDA1A, 0xDA1A, 0xDA1A, 0xDA1A, 0xDA1A, 0xDA1A, 0xDA1A, 0xDA1A, 0xBA1A, 0xBA1A, 0xBA1A, 0xBA1A, 0xBA1A, 0xBA1A, 
    0xB91A, 0xB91A, 0xB91A, 0xB91A, 0xB91A, 0xB91A, 0xB91A, 0xB91A, 0x991A, 0x991A, 0x991A, 0x991A, 0x991A, 0x991A, 0x991A, 0x991A, 
    0x991A, 0x991A, 0x991A, 0x991A, 0x991A, 0x991A, 0x9922, 0x9922, 0x991A, 0x991A, 0x9922, 0x991A, 0x991A, 0x791A, 0x7922, 0x7922, 
    0x7922, 0x7922, 0x7922, 0x7922, 0x7922, 0x781A, 0x781A, 0x781A, 0x781A, 0x781A, 0x781A, 0x581A, 0x581A, 0x581A, 0x581A, 0x581A, 
    0x5822, 0x5822, 0x5822, 0x581A, 0x581A, 0x381A, 0x381A, 0x381A, 0x381A, 0x381A, 0x381A, 0x381A, 0x381A, 0x381A, 0x381A, 0x381A, 
    0x3822, 0x3822, 0x3822, 0x381A, 0x381A, 0x371A, 0x3722, 0x3722, 0x3722, 0x3722, 0x3722, 0x3722, 0x1722, 0x1722, 0x1722, 0x1722, 
    0x1722, 0x1722, 0x1722, 0x1722, 0x1722, 0x1722, 0x1722, 0x1722, 0xF721, 0xF721, 0xF721, 0xF721, 0xF721, 0xF721, 0xF721, 0xF721, 
    0xF721, 0xF619, 0xF619, 0xF619, 0xF619, 0xF619, 0xF619, 0xF619, 0xF619, 0xF619, 0xF619, 0xF619, 0xF619, 0xF619, 0xF619, 0xF619, 
    0xF619, 0xF619, 0xF619, 0xF619, 0xF619, 0xF619, 0xF621, 0xF621, 0xD621, 0xD621, 0xD621, 0xD621, 0xD621, 0xD621, 0xD621, 0xD621, 
    0xD621, 0xD621, 0xD621, 0xD621, 0xD621, 0xD621, 0xD519, 0xD519, 0xD621, 0xD621, 0xD621, 0xD621, 0xD621, 0xD621, 0xD621, 0xD621, 
    0xB521, 0xB521, 0xB521, 0xB521, 0xB521, 0xB521, 0xB521, 0xB521, 0xB521, 0xB521, 0xB521, 0xB521, 0xB521, 0xB521, 0xB521, 0xB521, 
    0x7A2B, 0x7A2B, 0x7A2B, 0x7A2B, 0x7A2B, 0x7A2B, 0x7A2B, 0x7A2B, 0x7A2B, 0x7A2B, 0x7A2B, 0x7A2B, 0x7A2B, 0x5A2B, 0x5A2B, 0x5A2B, 
    0x5A2B, 0x5A2B, 0x5A2B, 0x5A2B, 0x5A2B, 0x5A2B, 0x3A2B, 0x3A2B, 0x3A23, 0x3A23, 0x3A23, 0x3A23, 0x3A23, 0x3A23, 0x3A23, 0x1A23, 
    0x1A23, 0x1A23, 0x1A23, 0x1A23, 0x1A23, 0x1A23, 0x1A23, 0x1A23, 0x1A23, 0x1A23, 0x1A23, 0xFA22, 0xFA22, 0xFA22, 0xFA22, 0xFA22, 
    0x1A23, 0x1A1B, 0x1A1B, 0xFA1A, 0xFA1A, 0xFA1A, 0xFA1A, 0xFA1A, 0xFA1A, 0xFA1A, 0xFA1A, 0xFA1A, 0xFA1A, 0xFA1A, 0xFA1A, 0xFA1A, 
    0xDA1A, 0xDA1A, 0xDA1A, 0xDA1A, 0xDA1A, 0xDA1A, 0xDA1A, 0xDA1A, 0xDA1A, 0xDA1A, 0xBA1A, 0xBA1A, 0xBA1A, 0xBA1A, 0xBA1A, 0xBA1A, 
    0xB91A, 0xB91A, 0xB91A, 0xB91A, 0xB91A, 0xB91A, 0xB91A, 0xB91A, 0x991A, 0x991A, 0x991A, 0x991A, 0x991A, 0x991A, 0x991A, 0x991A, 
    0x991A, 0x991A, 0x991A, 0x991A, 0x991A, 0x991A, 0x9922, 0x9922, 0x991A, 0x991A, 0x9922, 0x991A, 0x991A, 0x791A, 0x7922, 0x7922, 
    0x7922, 0x7922, 0x7922, 0x7922, 0x7922, 0x781A, 0x781A, 0x781A, 0x781A, 0x781A, 0x781A, 0x781A, 0x581A, 0x581A, 0x581A, 0x581A, 
    0x5822, 0x5822, 0x5822, 0x581A, 0x581A, 0x381A, 0x381A, 0x381A, 0x381A, 0x381A, 0x381A, 0x381A, 0x381A, 0x381A, 0x381A, 0x381A, 
    0x3822, 0x3822, 0x3822, 0x381A, 0x381A, 0x371A, 0x3722, 0x3722, 0x3722, 0x3722, 0x3722, 0x3722, 0x3722, 0x1722, 0x1722, 0x1722, 
    0x1722, 0x1722, 0x1722, 0x1722, 0x1722, 0x1722, 0x1722, 0x1722, 0xF721, 0xF721, 0xF721, 0xF721, 0xF721, 0xF721, 0xF721, 0xF721, 
    0xF721, 0xF619, 0xF619, 0xF619, 0xF619, 0xF619, 0xF619, 0xF619, 0xF619, 0xF619, 0xF619, 0xF619, 0xF619, 0xF619, 0xF619, 0xF619, 
    0xF619, 0xF619, 0xF619, 0xF619, 0xF619, 0xF619, 0xF621, 0xF621, 0xD621, 0xD621, 0xD621, 0xD621, 0xD621, 0xD621, 0xD621, 0xD621, 
    0xD621, 0xD621, 0xD621, 0xD621, 0xD621, 0xD621, 0xD621, 0xD519, 0xD621, 0xD621, 0xD621, 0xD621, 0xD621, 0xD621, 0xD621, 0xD621, 
    0xB521, 0xB521, 0xB521, 0xB521, 0xB521, 0xB521, 0xB521, 0xB521, 0xB521, 0xB521, 0xB521, 0xB521, 0xB521, 0xB521, 0xB521, 0xB521, 
    0x7A2B, 0x7A2B, 0x7A2B, 0x7A2B, 0x7A2B, 0x7A2B, 0x7A2B, 0x7A2B, 0x7A2B, 0x7A2B, 0x7A2B, 0x7A2B, 0x7A2B, 0x5A2B, 0x5A2B, 0x5A2B, 
    0x5A2B, 0x5A2B, 0x5A2B, 0x5A2B, 0x5A2B, 0x5A2B, 0x3A2B, 0x3A2B, 0x3A2B, 0x3A2B, 0x3A23, 0x3A23, 0x3A23, 0x3A23, 0x3A23, 0x3A23, 
    0x1A23, 0x1A23, 0x1A23, 0x1A23, 0x1A23, 0x1A23, 0x1A23, 0x1A23, 0x1A23, 0x1A23, 0x1A23, 0xFA22, 0xFA22, 0xFA22, 0xFA22, 0xFA22, 
    0x1A23, 0x1A1B, 0x1A1B, 0xFA1A, 0xFA1A, 0xFA1A, 0xFA1A, 0xFA1A, 0xFA1A, 0xFA1A, 0xFA1A, 0xFA1A, 0xFA1A, 0xFA1A, 0xFA1A, 0xFA1A, 
    0xDA1A, 0xDA1A, 0xDA1A, 0xDA1A, 0xDA1A, 0xDA1A, 0xDA1A, 0xDA1A, 0xDA1A, 0xDA1A, 0xBA1A, 0xBA1A, 0xBA1A, 0xBA1A, 0xBA1A, 0xBA1A, 
    0xB91A, 0xB91A, 0xB91A, 0xB91A, 0xB91A, 0xB91A, 0xB91A, 0xB91A, 0xB91A, 0xB91A, 0x991A, 0x991A, 0x991A, 0x991A, 0x991A, 0x991A, 
    0x991A, 0x991A, 0x991A, 0x991A, 0x991A, 0x991A, 0x9922, 0x9922, 0x991A, 0x991A, 0x9922, 0x991A, 0x991A, 0x791A, 0x7922, 0x7922, 
    0x7922, 0x7922, 0x7922, 0x7922, 0x7922, 0x781A, 0x781A, 0x781A, 0x781A, 0x781A, 0x781A, 0x781A, 0x781A, 0x581A, 0x581A, 0x581A, 
    0x5822, 0x5822, 0x5822, 0x581A, 0x581A, 0x381A, 0x381A, 0x381A, 0x381A, 0x381A, 0x381A, 0x381A, 0x381A, 0x381A, 0x381A, 0x381A, 
    0x381A, 0x3822, 0x3822, 0x381A, 0x381A, 0x371A, 0x3722, 0x3722, 0x3722, 0x3722, 0x3722, 0x3722, 0x3722, 0x1722, 0x1722, 0x1722, 
    0x1722, 0x1722, 0x1722, 0x1722, 0x1722, 0x1722, 0x1722, 0x1722, 0x1722, 0xF721, 0xF721, 0xF721, 0xF721, 0xF721, 0xF721, 0x1722, 
    0xF721, 0xF721, 0xF721, 0xF721, 0xF721, 0xF721, 0xF721, 0xF721, 0xF619, 0xF619, 0xF619, 0xF619, 0xF619, 0xF619, 0xF619, 0xF619, 
    0xF619, 0xF619, 0xF619, 0xF619, 0xF619, 0xF619, 0xF621, 0xF621, 0xD621, 0xD621, 0xD621, 0xD621, 0xD621, 0xD621, 0xD621, 0xD621, 
    0xD621, 0xD621, 0xD621, 0xD621, 0xD621, 0xD621, 0xD621, 0xD621, 0xD621, 0xD621, 0xD621, 0xD621, 0xD621, 0xD621, 0xD621, 0xD621, 
    0xB521, 0xB521, 0xB521, 0xB521, 0xB521, 0xB521, 0xB521, 0xB521, 0xB521, 0xB521, 0xB521, 0xB521, 0xB521, 0xB521, 0xB521, 0xB521, 
    0x7A2B, 0x7A2B, 0x7A2B, 0x7A2B, 0x7A2B, 0x7A2B, 0x7A2B, 0x7A2B, 0x7A2B, 0x7A2B, 0x7A2B, 0x7A2B, 0x7A2B, 0x5A2B, 0x5A2B, 0x5A2B, 
    0x5A2B, 0x5A2B, 0x5A2B, 0x5A2B, 0x5A2B, 0x5A2B, 0x3A2B, 0x3A2B, 0x3A2B, 0x3A2B, 0x3A2B, 0x3A23, 0x3A23, 0x3A23, 0x3A23, 0x3A23, 
    0x1A23, 0x1A23, 0x1A23, 0x1A23, 0x1A23, 0x1A23, 0x1A23, 0x1A23, 0x1A23, 0x1A23, 0x1A23, 0xFA22, 0xFA22, 0xFA22, 0xFA22, 0xFA22, 
    0x1A23, 0x1A1B, 0x1A1B, 0xFA1A, 0xFA1A, 0xFA1A, 0xFA1A, 0xFA1A, 0xFA1A, 0xFA1A, 0xFA1A, 0xFA1A, 0xFA1A, 0xFA1A, 0xFA1A, 0xFA1A, 
    0xDA1A, 0xDA1A, 0xDA1A, 0xDA1A, 0xDA1A, 0xDA1A, 0xDA1A, 0xDA1A, 0xDA1A, 0xDA1A, 0xBA1A, 0xBA1A, 0xBA1A, 0xBA1A, 0xBA1A, 0xBA1A, 
    0xB91A, 0xB91A, 0xB91A, 0xB91A, 0xB91A, 0xB91A, 0xB91A, 0xB91A, 0xB91A, 0xB91A, 0xB91A, 0x991A, 0x991A, 0x991A, 0x991A, 0x991A, 
    0x991A, 0x991A, 0x991A, 0x991A, 0x991A, 0x991A, 0x9922, 0x9922, 0x991A, 0x991A, 0x9922, 0x991A, 0x991A, 0x791A, 0x7922, 0x7922, 
    0x7922, 0x7922, 0x7922, 0x7922, 0x7922, 0x781A, 0x781A, 0x781A, 0x781A, 0x781A, 0x781A, 0x781A, 0x781A, 0x781A, 0x581A, 0x581A, 
    0x5822, 0x5822, 0x5822, 0x581A, 0x581A, 0x381A, 0x381A, 0x381A, 0x381A, 0x381A, 0x381A, 0x381A, 0x381A, 0x381A, 0x381A, 0x381A, 
    0x381A, 0x381A, 0x381A, 0x381A, 0x381A, 0x381A, 0x371A, 0x371A, 0x3722, 0x3722, 0x3722, 0x1722, 0x3722, 0x1722, 0x1722, 0x1722, 
    0x1722, 0x1722, 0x1722, 0x1722, 0x1722, 0x1722, 0x1722, 0x1722, 0x1722, 0x1722, 0xF721, 0xF721, 0xF721, 0xF721, 0xF721, 0x1722, 
    0xF721, 0xF721, 0xF721, 0xF721, 0xF721, 0xF721, 0xF721, 0xF721, 0xF619, 0xF619, 0xF619, 0xF619, 0xF619, 0xF619, 0xF619, 0xF619, 
    0xF619, 0xF619, 0xF619, 0xF619, 0xF619, 0xF619, 0xF621, 0xF621, 0xD621, 0xD621, 0xD621, 0xD621, 0xD621, 0xD621, 0xD621, 0xD621, 
    0xD621, 0xD621, 0xD621, 0xD621, 0xD621, 0xD621, 0xD621, 0xD621, 0xD621, 0xD621, 0xD621, 0xD621, 0xD621, 0xD621, 0xD621, 0xD621, 
    0xB521, 0xB521, 0xB521, 0xB521, 0xB521, 0xB521, 0xB521, 0xB521, 0xB521, 0xB521, 0xB521, 0xB521, 0xB521, 0xB521, 0xB521, 0xB521, 
    0x7A2B, 0x7A2B, 0x7A2B, 0x7A2B, 0x7A2B, 0x7A2B, 0x7A2B, 0x7A2B, 0x7A2B, 0x7A2B, 0x7A2B, 0x7A2B, 0x7A2B, 0x5A2B, 0x5A2B, 0x5A2B, 
    0x5A2B, 0x5A2B, 0x5A2B, 0x5A2B, 0x5A2B, 0x5A2B, 0x3A2B, 0x3A2B, 0x3A2B, 0x3A2B, 0x3A2B, 0x3A2B, 0x3A23, 0x3A23, 0x3A23, 0x3A23, 
    0x1A23, 0x1A23, 0x1A23, 0x1A23, 0x1A23, 0x1A23, 0x1A23, 0x1A23, 0x1A23, 0x1A23, 0x1A23, 0xFA22, 0xFA22, 0xFA22, 0xFA22, 0xFA22, 
    0x1A23, 0x1A1B, 0x1A1B, 0xFA1A, 0xFA1A, 0xFA1A, 0xFA1A, 0xFA1A, 0xFA1A, 0xFA1A, 0xFA1A, 0xFA1A, 0xFA1A, 0xFA1A, 0xFA1A, 0xFA1A, 
    0xDA1A, 0xDA1A, 0xDA1A, 0xDA1A, 0xDA1A, 0xDA1A, 0xDA1A, 0xDA1A, 0xDA1A, 0xDA1A, 0xBA1A, 0xBA1A, 0xBA1A, 0xBA1A, 0xBA1A, 0xBA1A, 
    0xBA22, 0xBA22, 0xBA22, 0xBA22, 0xBA22, 0xBA22, 0xBA22, 0xBA22, 0xB91A, 0xB91A, 0xB91A, 0xB91A, 0x991A, 0x991A, 0x991A, 0x991A, 
    0x991A, 0x991A, 0x991A, 0x991A, 0x991A, 0x991A, 0x9922, 0x9922, 0x991A, 0x991A, 0x9922, 0x991A, 0x991A, 0x791A, 0x7922, 0x7922, 
    0x7922, 0x7922, 0x7922, 0x7922, 0x7922, 0x781A, 0x781A, 0x781A, 0x7922, 0x781A, 0x781A, 0x781A, 0x781A, 0x781A, 0x781A, 0x781A, 
    0x5822, 0x5822, 0x5822, 0x581A, 0x581A, 0x381A, 0x381A, 0x381A, 0x381A, 0x381A, 0x381A, 0x381A, 0x381A, 0x381A, 0x381A, 0x381A, 
    0x381A, 0x381A, 0x381A, 0x381A, 0x381A, 0x381A, 0x371A, 0x371A, 0x3822, 0x3722, 0x3722, 0x1722, 0x3722, 0x1722, 0x1722, 0x1722, 
    0x1722, 0x1722, 0x1722, 0x1722, 0x1722, 0x1722, 0x1722, 0x1722, 0x1722, 0x1722, 0xF721, 0xF721, 0xF721, 0xF721, 0xF721, 0x1722, 
    0xF721, 0xF721, 0xF721, 0xF721, 0xF721, 0xF721, 0xF721, 0xF721, 0xF721, 0xF721, 0xF721, 0xF721, 0xF721, 0xF721, 0xF721, 0xF721, 
    0xF619, 0xF619, 0xF619, 0xF619, 0xF619, 0xF619, 0xF621, 0xF621, 0xF621, 0xF621, 0xF621, 0xF621, 0xD621, 0xD621, 0xD621, 0xD621, 
    0xF621, 0xD621, 0xD621, 0xD621, 0xD621, 0xD621, 0xD621, 0xD621, 0xD621, 0xD621, 0xD621, 0xD621, 0xD621, 0xD621, 0xD621, 0xD621, 
    0xB521, 0xB521, 0xB521, 0xB521, 0xB521, 0xB521, 0xB521, 0xB521, 0xB521, 0xB521, 0xB521, 0xB521, 0xB521, 0xB521, 0xB521, 0xB521, 
    0x7A2B, 0x7A2B, 0x7A2B, 0x7A2B, 0x7A2B, 0x7A2B, 0x7A2B, 0x7A2B, 0x7A2B, 0x7A2B, 0x7A2B, 0x7A2B, 0x7A2B, 0x5A2B, 0x5A2B, 0x5A2B, 
    0x5A2B, 0x5A2B, 0x5A2B, 0x5A2B, 0x5A2B, 0x5A2B, 0x3A2B, 0x3A2B, 0x3A2B, 0x3A2B, 0x3A2B, 0x3A2B, 0x3A2B, 0x3A23, 0x3A23, 0x3A23, 
    0x1A23, 0x1A23, 0x1A23, 0x1A23, 0x1A23, 0x1A23, 0x1A23, 0x1A23, 0x1A23, 0x1A23, 0x1A23, 0xFA22, 0xFA22, 0xFA22, 0xFA22, 0xFA22, 
    0x1A23, 0x1A1B, 0x1A1B, 0xFA1A, 0xFA1A, 0xFA1A, 0xFA1A, 0xFA1A, 0xFA1A, 0xFA1A, 0xFA1A, 0xFA1A, 0xFA1A, 0xFA1A, 0xFA1A, 0xFA1A, 
    0xDA1A, 0xDA1A, 0xDA1A, 0xDA1A, 0xDA1A, 0xDA1A, 0xDA1A, 0xDA1A, 0xDA1A, 0xDA1A, 0xBA1A, 0xBA1A, 0xBA1A, 0xBA1A, 0xBA1A, 0xBA1A, 
    0xBA22, 0xBA22, 0xBA22, 0xBA22, 0xBA22, 0xBA22, 0xBA22, 0xBA22, 0xB91A, 0xB91A, 0xB91A, 0xB91A, 0xB91A, 0x991A, 0x991A, 0x991A, 
    0x991A, 0x991A, 0x991A, 0x991A, 0x991A, 0x991A, 0x9922, 0x9922, 0x991A, 0x991A, 0x9922, 0x991A, 0x991A, 0x791A, 0x7922, 0x7922, 
    0x7922, 0x7922, 0x7922, 0x7922, 0x7922, 0x781A, 0x781A, 0x781A, 0x7922, 0x7922, 0x781A, 0x781A, 0x781A, 0x781A, 0x781A, 0x781A, 
    0x5822, 0x5822, 0x5822, 0x581A, 0x581A, 0x381A, 0x381A, 0x381A, 0x381A, 0x381A, 0x381A, 0x381A, 0x381A, 0x381A, 0x381A, 0x381A, 
    0x381A, 0x381A, 0x381A, 0x381A, 0x381A, 0x381A, 0x381A, 0x371A, 0x381A, 0x381A, 0x3722, 0x3722, 0x3722, 0x171A, 0x1722, 0x1722, 
    0x1722, 0x1722, 0x1722, 0x1722, 0x1722, 0x1722, 0x1722, 0x1722, 0x1722, 0x1722, 0x1722, 0xF721, 0xF721, 0x1722, 0x1722, 0x1722, 
    0xF721, 0xF721, 0xF721, 0xF721, 0xF721, 0xF721, 0xF721, 0xF721, 0xF721, 0xF721, 0xF721, 0xF721, 0xF721, 0xF721, 0xF721, 0xF721, 
    0xF619, 0xF619, 0xF619, 0xF619, 0xF619, 0xF619, 0xF621, 0xF621, 0xF621, 0xF621, 0xF621, 0xF621, 0xD621, 0xD621, 0xD621, 0xD621, 
    0xF621, 0xF621, 0xD621, 0xD621, 0xD621, 0xD621, 0xD621, 0xD621, 0xD621, 0xD621, 0xD621, 0xD621, 0xD621, 0xD621, 0xD621, 0xD621, 
    0xB521, 0xB521, 0xB521, 0xB521, 0xB521, 0xB521, 0xB521, 0xB521, 0xB521, 0xB521, 0xB521, 0xB521, 0xB521, 0xB521, 0xB521, 0xB521, 
    0x7A2B, 0x7A2B, 0x7A2B, 0x7A2B, 0x7A2B, 0x7A2B, 0x7A2B, 0x7A2B, 0x7A2B, 0x7A2B, 0x7A2B, 0x7A2B, 0x7A2B, 0x5A2B, 0x5A2B, 0x5A2B, 
    0x5A2B, 0x5A2B, 0x5A2B, 0x5A2B, 0x5A2B, 0x5A2B, 0x3A2B, 0x3A2B, 0x3A2B, 0x3A2B, 0x3A2B, 0x3A2B, 0x3A2B, 0x3A23, 0x3A23, 0x3A23, 
    0x1A23, 0x1A23, 0x1A23, 0x1A23, 0x1A23, 0x1A23, 0x1A23, 0x1A23, 0x1A23, 0x1A23, 0x1A23, 0xFA22, 0xFA22, 0xFA22, 0xFA22, 0xFA22, 
    0x1A23, 0x1A1B, 0x1A1B, 0xFA1A, 0xFA1A, 0xFA1A, 0xFA1A, 0xFA1A, 0xFA1A, 0xFA1A, 0xFA1A, 0xFA1A, 0xFA1A, 0xFA1A, 0xFA1A, 0xFA1A, 
    0xDA1A, 0xDA1A, 0xDA1A, 0xDA1A, 0xDA1A, 0xDA1A, 0xDA1A, 0xDA1A, 0xDA1A, 0xDA1A, 0xBA1A, 0xBA1A, 0xBA1A, 0xBA1A, 0xBA1A, 0xBA1A, 
    0xBA22, 0xBA22, 0xBA22, 0xBA22, 0xBA22, 0xBA22, 0xBA22, 0xBA22, 0xB91A, 0xB91A, 0xB91A, 0xB91A, 0xB91A, 0x991A, 0x991A, 0x991A, 
    0x991A, 0x991A, 0x991A, 0x991A, 0x991A, 0x991A, 0x9922, 0x9922, 0x991A, 0x991A, 0x9922, 0x991A, 0x991A, 0x791A, 0x7922, 0x7922, 
    0x7922, 0x7922, 0x7922, 0x7922, 0x7922, 0x781A, 0x781A, 0x781A, 0x7922, 0x7922, 0x7922, 0x781A, 0x781A, 0x781A, 0x781A, 0x781A, 
    0x5822, 0x5822, 0x5822, 0x581A, 0x581A, 0x381A, 0x381A, 0x381A, 0x381A, 0x381A, 0x381A, 0x381A, 0x381A, 0x381A, 0x381A, 0x381A, 
    0x381A, 0x381A, 0x381A, 0x381A, 0x381A, 0x381A, 0x381A, 0x381A, 0x381A, 0x381A, 0x3822, 0x3722, 0x3722, 0x171A, 0x1722, 0x1722, 
    0x1722, 0x1722, 0x1722, 0x1722, 0x1722, 0x1722, 0x1722, 0x1722, 0x1722, 0x1722, 0x1722, 0xF721, 0xF721, 0x1722, 0x1722, 0x1722, 
    0xF721, 0xF721, 0xF721, 0xF721, 0xF721, 0xF721, 0xF721, 0xF721, 0xF721, 0xF721, 0xF721, 0xF721, 0xF721, 0xF721, 0xF721, 0xF721, 
    0xF619, 0xF619, 0xF619, 0xF619, 0xF619, 0xF619, 0xF621, 0xF621, 0xF621, 0xF621, 0xF621, 0xF621, 0xD621, 0xD621, 0xD621, 0xD621, 
    0xF621, 0xF621, 0xF621, 0xD621, 0xD621, 0xD621, 0xD621, 0xD621, 0xD621, 0xD621, 0xD621, 0xD621, 0xD621, 0xD621, 0xD621, 0xD621, 
    0xB521, 0xB521, 0xB521, 0xB521, 0xB521, 0xB521, 0xB521, 0xB521, 0xB521, 0xB521, 0xB521, 0xB521, 0xB521, 0xB521, 0xB521, 0xB521, 
    0x9B2B, 0x9B2B, 0x9B2B, 0x7A2B, 0x7A2B, 0x7A2B, 0x7A2B, 0x7A2B, 0x7A2B, 0x7A2B, 0x7A2B, 0x7A2B, 0x7A2B, 0x5A2B, 0x5A2B, 0x5A2B, 
    0x5A2B, 0x5A2B, 0x5A2B, 0x5A2B, 0x5A2B, 0x5A2B, 0x5A2B, 0x5A2B, 0x3A2B, 0x3A2B, 0x3A2B, 0x3A2B, 0x3A2B, 0x3A23, 0x3A23, 0x3A23, 
    0x1A23, 0x1A23, 0x1A23, 0x1A23, 0x1A23, 0x1A23, 0x1A23, 0x1A23, 0x1A23, 0x1A23, 0x1A23, 0x1A23, 0x1A23, 0xFA22, 0xFA22, 0x1A23, 
    0x1A23, 0x1A23, 0x1A23, 0x1A1B, 0x1A1B, 0xFA1A, 0xFA1A, 0xFA1A, 0xFA1A, 0xFA1A, 0xFA1A, 0xFA1A, 0xFA1A, 0xFA1A, 0xFA1A, 0xFA1A, 
    0xDA1A, 0xDA1A, 0xDA1A, 0xDA1A, 0xDA1A, 0xDA1A, 0xDA1A, 0xDA1A, 0xDA1A, 0xDA1A, 0xDA22, 0xBA1A, 0xBA1A, 0xB91A, 0xB91A, 0xB91A, 
    0xBA22, 0xBA22, 0xBA22, 0xBA22, 0xBA22, 0xBA22, 0xBA22, 0xBA22, 0xB91A, 0xB91A, 0xB91A, 0xB91A, 0xB91A, 0x991A, 0x991A, 0x991A, 
    0x991A, 0x991A, 0x991A, 0x991A, 0x991A, 0x991A, 0x9922, 0x9922, 0x9922, 0x9922, 0x9922, 0x9922, 0x9922, 0x991A, 0x7922, 0x7922, 
    0x7922, 0x7922, 0x7922, 0x7922, 0x7922, 0x781A, 0x781A, 0x781A, 0x7922, 0x7922, 0x7922, 0x781A, 0x781A, 0x781A, 0x781A, 0x781A, 
    0x5822, 0x5822, 0x5822, 0x581A, 0x581A, 0x381A, 0x381A, 0x381A, 0x5822, 0x5822, 0x5822, 0x581A, 0x581A, 0x381A, 0x381A, 0x381A, 
    0x381A, 0x381A, 0x381A, 0x381A, 0x381A, 0x181A, 0x381A, 0x381A, 0x381A, 0x381A, 0x381A, 0x381A, 0x3822, 0x3822, 0x3722, 0x3722, 
    0x171A, 0x171A, 0x171A, 0x171A, 0x1722, 0x1722, 0x1722, 0x1722, 0x1722, 0x1722, 0x1722, 0xF721, 0xF721, 0xF721, 0xF721, 0xF721, 
    0x1722, 0x1722, 0x1722, 0x1722, 0x1722, 0x1722, 0x1722, 0x1722, 0xF721, 0xF721, 0xF721, 0xF721, 0xF721, 0xF721, 0xF721, 0xF721, 
    0xF619, 0xF619, 0xF619, 0xF619, 0xF619, 0xF619, 0xF621, 0xF621, 0xF621, 0xF621, 0xF621, 0xF621, 0xD621, 0xD621, 0xD621, 0xD621, 
    0xD621, 0xD621, 0xD621, 0xD621, 0xD621, 0xD621, 0xD621, 0xD621, 0xD621, 0xD621, 0xD621, 0xD621, 0xD621, 0xD621, 0xD621, 0xD621, 
    0xD621, 0xD621, 0xD621, 0xD621, 0xD621, 0xD621, 0xD621, 0xD621, 0xB521, 0xB521, 0xB521, 0xB521, 0xB521, 0xB521, 0xB521, 0xB521, 
    0x9B2B, 0x9B2B, 0x9B2B, 0x7A2B, 0x7A2B, 0x7A2B, 0x7A2B, 0x7A2B, 0x7A2B, 0x7A2B, 0x7A2B, 0x7A2B, 0x7A2B, 0x5A2B, 0x5A2B, 0x5A2B, 
    0x5A2B, 0x5A2B, 0x5A2B, 0x5A2B, 0x5A2B, 0x5A2B, 0x5A2B, 0x5A2B, 0x3A2B, 0x3A2B, 0x3A2B, 0x3A2B, 0x3A2B, 0x3A2B, 0x3A23, 0x3A23, 
    0x1A23, 0x1A23, 0x1A23, 0x1A23, 0x1A23, 0x1A23, 0x1A23, 0x1A23, 0x1A23, 0x1A23, 0x1A23, 0x1A23, 0x1A23, 0x1A23, 0xFA22, 0x1A23, 
    0x1A23, 0x1A23, 0x1A23, 0x1A1B, 0x1A1B, 0xFA1A, 0xFA1A, 0xFA1A, 0xFA1A, 0xFA1A, 0xFA1A, 0xFA1A, 0xFA1A, 0xFA1A, 0xFA1A, 0xFA1A, 
    0xDA1A, 0xDA1A, 0xDA1A, 0xDA1A, 0xDA1A, 0xDA1A, 0xDA1A, 0xDA1A, 0xDA1A, 0xDA1A, 0xDA22, 0xBA1A, 0xBA1A, 0xBA1A, 0xB91A, 0xB91A, 
    0xBA22, 0xBA22, 0xBA22, 0xBA22, 0xBA22, 0xBA22, 0xBA22, 0xBA22, 0xB91A, 0xB91A, 0xB91A, 0xB91A, 0xB91A, 0xB91A, 0x991A, 0x991A, 
    0x991A, 0x991A, 0x991A, 0x991A, 0x991A, 0x991A, 0x9922, 0x9922, 0x9922, 0x9922, 0x9922, 0x9922, 0x9922, 0x991A, 0x7922, 0x7922, 
    0x7922, 0x7922, 0x7922, 0x7922, 0x7922, 0x7922, 0x781A, 0x781A, 0x7922, 0x7922, 0x7922, 0x781A, 0x781A, 0x781A, 0x781A, 0x781A, 
    0x5822, 0x5822, 0x5822, 0x581A, 0x581A, 0x581A, 0x381A, 0x381A, 0x5822, 0x5822, 0x5822, 0x581A, 0x581A, 0x381A, 0x381A, 0x381A, 
    0x381A, 0x381A, 0x381A, 0x381A, 0x381A, 0x381A, 0x381A, 0x381A, 0x381A, 0x381A, 0x381A, 0x381A, 0x3822, 0x3822, 0x3722, 0x3722, 
    0x171A, 0x171A, 0x171A, 0x171A, 0x1722, 0x1722, 0x1722, 0x1722, 0x1722, 0x1722, 0x1722, 0xF721, 0xF721, 0xF721, 0xF721, 0xF721, 
    0x1722, 0x1722, 0x1722, 0x1722, 0x1722, 0x1722, 0x1722, 0x1722, 0xF721, 0xF721, 0xF721, 0xF721, 0xF721, 0xF721, 0xF721, 0xF721, 
    0xF619, 0xF619, 0xF619, 0xF619, 0xF619, 0xF619, 0xF621, 0xF621, 0xF621, 0xF621, 0xF621, 0xF621, 0xD621, 0xD621, 0xD621, 0xD621, 
    0xD621, 0xD621, 0xD621, 0xD621, 0xD621, 0xD621, 0xD621, 0xD621, 0xD621, 0xD621, 0xD621, 0xD621, 0xD621, 0xD621, 0xD621, 0xD621, 
    0xD621, 0xD621, 0xD621, 0xD621, 0xD621, 0xD621, 0xD621, 0xD621, 0xB521, 0xB521, 0xB521, 0xB521, 0xB521, 0xB521, 0xB521, 0xB521, 
    0x9B2B, 0x9B2B, 0x9B2B, 0x7A2B, 0x7A2B, 0x7A2B, 0x7A2B, 0x7A2B, 0x7A2B, 0x7A2B, 0x7A2B, 0x7A2B, 0x7A2B, 0x5A2B, 0x5A2B, 0x5A2B, 
    0x5A2B, 0x5A2B, 0x5A2B, 0x5A2B, 0x5A2B, 0x5A2B, 0x5A2B, 0x5A2B, 0x3A2B, 0x3A2B, 0x3A2B, 0x3A2B, 0x3A2B, 0x3A2B, 0x3A2B, 0x3A23, 
    0x1A23, 0x1A23, 0x1A23, 0x1A23, 0x1A23, 0x1A23, 0x1A23, 0x1A23, 0x1A23, 0x1A23, 0x1A23, 0x1A23, 0x1A23, 0x1A23, 0x1A23, 0x1A23, 
    0x1A23, 0x1A23, 0x1A23, 0x1A1B, 0x1A1B, 0xFA1A, 0xFA1A, 0xFA1A, 0xFA1A, 0xFA1A, 0xFA1A, 0xFA1A, 0xFA1A, 0xFA1A, 0xFA1A, 0xFA1A, 
    0xDA1A, 0xDA1A, 0xDA1A, 0xDA1A, 0xDA1A, 0xDA1A, 0xDA1A, 0xDA1A, 0xDA1A, 0xDA1A, 0xDA22, 0xDA22, 0xBA1A, 0xBA1A, 0xBA1A, 0xB91A, 
    0xBA22, 0xBA22, 0xBA22, 0xBA22, 0xBA22, 0xBA22, 0xBA22, 0xBA22, 0xB91A, 0xB91A, 0xB91A, 0xB91A, 0xB91A, 0xB91A, 0xB91A, 0x991A, 
    0x991A, 0x991A, 0x991A, 0x991A, 0x991A, 0x991A, 0x9922, 0x9922, 0x9922, 0x9922, 0x9922, 0x9922, 0x9922, 0x991A, 0x7922, 0x7922, 
    0x7922, 0x7922, 0x7922, 0x7922, 0x7922, 0x7922, 0x7922, 0x781A, 0x7922, 0x7922, 0x7922, 0x781A, 0x781A, 0x781A, 0x781A, 0x781A, 
    0x5822, 0x5822, 0x5822, 0x5822, 0x581A, 0x581A, 0x581A, 0x381A, 0x5822, 0x5822, 0x5822, 0x581A, 0x581A, 0x381A, 0x381A, 0x381A, 
    0x381A, 0x381A, 0x381A, 0x381A, 0x381A, 0x381A, 0x381A, 0x181A, 0x381A, 0x381A, 0x381A, 0x381A, 0x381A, 0x381A, 0x381A, 0x381A, 
    0x171A, 0x171A, 0x171A, 0x171A, 0x171A, 0x171A, 0x1722, 0x1722, 0x1722, 0x1722, 0x1722, 0x1722, 0xF721, 0xF721, 0xF721, 0xF721, 
    0x1722, 0x1722, 0x1722, 0x1722, 0x1722, 0x1722, 0x1722, 0x1722, 0xF721, 0xF721, 0xF721, 0xF721, 0xF721, 0xF721, 0xF721, 0xF721, 
    0xF619, 0xF619, 0xF619, 0xF619, 0xF619, 0xF619, 0xF621, 0xF621, 0xF621, 0xF621, 0xF621, 0xF621, 0xD621, 0xD621, 0xD621, 0xD621, 
    0xD621, 0xD621, 0xD621, 0xD621, 0xD621, 0xD621, 0xD621, 0xD621, 0xD621, 0xD621, 0xD621, 0xD621, 0xD621, 0xD621, 0xD621, 0xD621, 
    0xD621, 0xD621, 0xD621, 0xD621, 0xD621, 0xD621, 0xD621, 0xD621, 0xB521, 0xB521, 0xB521, 0xB521, 0xB521, 0xB521, 0xB521, 0xB521, 
    0x9B2B, 0x9B2B, 0x9B2B, 0x7A2B, 0x7A2B, 0x7A2B, 0x7A2B, 0x7A2B, 0x7A2B, 0x7A2B, 0x7A2B, 0x7A2B, 0x7A2B, 0x5A2B, 0x5A2B, 0x5A2B, 
    0x5A2B, 0x5A2B, 0x5A2B, 0x5A2B, 0x5A2B, 0x5A2B, 0x5A2B, 0x5A2B, 0x5A2B, 0x5A2B, 0x3A2B, 0x3A2B, 0x3B2B, 0x3A2B, 0x3A2B, 0x3A2B, 
    0x3A23, 0x3A23, 0x1A23, 0x1A23, 0x1A23, 0x1A23, 0x1A23, 0x1A23, 0x1A23, 0x1A23, 0x1A23, 0x1A23, 0x1A23, 0x1A23, 0x1A23, 0x1A23, 
    0x1A23, 0x1A23, 0x1A23, 0x1A1B, 0x1A1B, 0xFA1A, 0xFA1A, 0xFA1A, 0xFA1A, 0xFA1A, 0xFA1A, 0xFA1A, 0xFA1A, 0xFA1A, 0xFA1A, 0xFA1A, 
    0xFA1A, 0xFA1A, 0xDA1A, 0xDA1A, 0xDA1A, 0xDA1A, 0xDA1A, 0xDA1A, 0xDA1A, 0xDA1A, 0xDA22, 0xDA22, 0xDA22, 0xBA1A, 0xBA1A, 0xBA1A, 
    0xBA22, 0xBA22, 0xBA22, 0xBA22, 0xBA22, 0xBA22, 0xBA22, 0xBA22, 0xBA22, 0xBA22, 0xB91A, 0xB91A, 0xB91A, 0xB91A, 0xB91A, 0xB91A, 
    0x991A, 0x991A, 0x991A, 0x991A, 0x991A, 0x991A, 0x9922, 0x9922, 0x9922, 0x9922, 0x9922, 0x9922, 0x9922, 0x991A, 0x7922, 0x7922, 
    0x9922, 0x9922, 0x7922, 0x7922, 0x7922, 0x7922, 0x7922, 0x7922, 0x7922, 0x7922, 0x7922, 0x781A, 0x781A, 0x781A, 0x781A, 0x781A, 
    0x5922, 0x5922, 0x5822, 0x5822, 0x5822, 0x581A, 0x581A, 0x581A, 0x5822, 0x5822, 0x5822, 0x581A, 0x581A, 0x381A, 0x381A, 0x381A, 
    0x381A, 0x381A, 0x381A, 0x381A, 0x381A, 0x381A, 0x381A, 0x381A, 0x381A, 0x381A, 0x381A, 0x381A, 0x381A, 0x381A, 0x381A, 0x381A, 
    0x3722, 0x3722, 0x3722, 0x3722, 0x3722, 0x3722, 0x1722, 0x1722, 0x1722, 0x1722, 0x1722, 0x1722, 0x1722, 0xF721, 0xF721, 0x1722, 
    0x1722, 0x1722, 0x1722, 0x1722, 0x1722, 0x1722, 0x1722, 0x1722, 0xF721, 0xF721, 0xF721, 0xF721, 0xF721, 0xF721, 0xF721, 0xF721, 
    0xF621, 0xF621, 0xF621, 0xF621, 0xF621, 0xF621, 0xF621, 0xF621, 0xF621, 0xF621, 0xF621, 0xF621, 0xD621, 0xD621, 0xD621, 0xD621, 
    0xD621, 0xD621, 0xD621, 0xD621, 0xD621, 0xD621, 0xD621, 0xD621, 0xD621, 0xD621, 0xD621, 0xD621, 0xD621, 0xD621, 0xD621, 0xD621, 
    0xD621, 0xD621, 0xD621, 0xD621, 0xD621, 0xD621, 0xD621, 0xD621, 0xD621, 0xD621, 0xD621, 0xD621, 0xD621, 0xD621, 0xD621, 0xD621, 
    0x9B2B, 0x9B2B, 0x9B2B, 0x7A2B, 0x7A2B, 0x7A2B, 0x7A2B, 0x7A2B, 0x7A2B, 0x7A2B, 0x7A2B, 0x7A2B, 0x7A2B, 0x5A2B, 0x5A2B, 0x5A2B, 
    0x5A2B, 0x5A2B, 0x5A2B, 0x5A2B, 0x5A2B, 0x5A2B, 0x5A2B, 0x5A2B, 0x5A2B, 0x5A2B, 0x5A2B, 0x3A2B, 0x3B2B, 0x3B2B, 0x3A2B, 0x3A2B, 
    0x3A23, 0x3A23, 0x3A23, 0x1A23, 0x1A23, 0x1A23, 0x1A23, 0x1A23, 0x1A23, 0x1A23, 0x1A23, 0x1A23, 0x1A23, 0x1A23, 0x1A23, 0x1A23, 
    0x1A23, 0x1A23, 0x1A23, 0x1A1B, 0x1A1B, 0xFA1A, 0xFA1A, 0xFA1A, 0xFA1A, 0xFA1A, 0xFA1A, 0xFA1A, 0xFA1A, 0xFA1A, 0xFA1A, 0xFA1A, 
    0xFA1A, 0xFA1A, 0xFA1A, 0xDA1A, 0xDA1A, 0xDA1A, 0xDA1A, 0xDA1A, 0xDA1A, 0xDA1A, 0xDA22, 0xDA22, 0xDA22, 0xDA22, 0xBA1A, 0xBA1A, 
    0xBA22, 0xBA22, 0xBA22, 0xBA22, 0xBA22, 0xBA22, 0xBA22, 0xBA22, 0xBA22, 0xBA22, 0xBA22, 0xB91A, 0xB91A, 0xB91A, 0xB91A, 0xB91A, 
    0x991A, 0x991A, 0x991A, 0x991A, 0x991A, 0x991A, 0x9922, 0x9922, 0x9922, 0x9922, 0x9922, 0x9922, 0x9922, 0x991A, 0x7922, 0x7922, 
    0x9922, 0x9922, 0x9922, 0x7922, 0x7922, 0x7922, 0x7922, 0x7922, 0x7922, 0x7922, 0x7922, 0x781A, 0x781A, 0x781A, 0x781A, 0x781A, 
    0x5922, 0x5922, 0x5922, 0x5822, 0x5822, 0x5822, 0x581A, 0x581A, 0x5822, 0x5822, 0x5822, 0x581A, 0x581A, 0x381A, 0x381A, 0x381A, 
    0x381A, 0x381A, 0x381A, 0x381A, 0x381A, 0x381A, 0x381A, 0x381A, 0x381A, 0x381A, 0x381A, 0x381A, 0x381A, 0x381A, 0x381A, 0x381A, 
    0x371A, 0x371A, 0x371A, 0x371A, 0x3722, 0x3722, 0x1722, 0x1722, 0x1722, 0x1722, 0x1722, 0x1722, 0x1722, 0x1722, 0x1722, 0x1722, 
    0x1722, 0x1722, 0x1722, 0x1722, 0x1722, 0x1722, 0x1722, 0x1722, 0xF721, 0xF721, 0xF721, 0xF721, 0xF721, 0xF721, 0xF721, 0xF721, 
    0xF621, 0xF621, 0xF621, 0xF621, 0xF621, 0xF621, 0xF621, 0xF621, 0xF621, 0xF621, 0xF621, 0xF621, 0xD621, 0xD621, 0xD621, 0xD621, 
    0xD621, 0xD621, 0xD621, 0xD621, 0xD621, 0xD621, 0xD621, 0xD621, 0xD621, 0xD621, 0xD621, 0xD621, 0xD621, 0xD621, 0xD621, 0xD621, 
    0xD621, 0xD621, 0xD621, 0xD621, 0xD621, 0xD621, 0xD621, 0xD621, 0xD621, 0xD621, 0xD621, 0xD621, 0xD621, 0xD621, 0xD621, 0xD621, 
    0x9B2B, 0x9B2B, 0x9B2B, 0x7A2B, 0x7A2B, 0x7A2B, 0x7A2B, 0x7A2B, 0x7A2B, 0x7A2B, 0x7A2B, 0x7A2B, 0x7A2B, 0x5A2B, 0x5A2B, 0x5A2B, 
    0x5A2B, 0x5A2B, 0x5A2B, 0x5A2B, 0x5A2B, 0x5A2B, 0x5A2B, 0x5A2B, 0x5B2B, 0x5A2B, 0x5A2B, 0x5A2B, 0x3B2B, 0x3B2B, 0x3B2B, 0x3B2B, 
    0x3B2B, 0x3A23, 0x3A23, 0x3A23, 0x1A23, 0x1A23, 0x1A23, 0x1A23, 0x1A23, 0x1A23, 0x1A23, 0x1A23, 0x1A23, 0x1A23, 0x1A23, 0x1A23, 
    0x1A23, 0x1A23, 0x1A23, 0x1A1B, 0x1A1B, 0xFA1A, 0xFA1A, 0xFA1A, 0x1A1B, 0xFA1A, 0xFA1A, 0xFA1A, 0xFA1A, 0xFA1A, 0xFA1A, 0xFA1A, 
    0xFA1A, 0xFA1A, 0xFA1A, 0xFA1A, 0xDA1A, 0xDA1A, 0xDA1A, 0xDA1A, 0xDA22, 0xDA1A, 0xDA22, 0xDA22, 0xDA22, 0xDA22, 0xDA22, 0xDA22, 
    0xBA22, 0xBA22, 0xBA22, 0xBA22, 0xBA22, 0xBA22, 0xBA22, 0xBA22, 0xBA22, 0xBA22, 0xBA22, 0xBA22, 0xB91A, 0xB91A, 0xB91A, 0xB91A, 
    0x991A, 0x991A, 0x991A, 0x991A, 0x991A, 0x991A, 0x9922, 0x9922, 0x9922, 0x9922, 0x9922, 0x9922, 0x9922, 0x991A, 0x7922, 0x7922, 
    0x9922, 0x9922, 0x9922, 0x9922, 0x7922, 0x7922, 0x7922, 0x7922, 0x7922, 0x7922, 0x7922, 0x781A, 0x781A, 0x781A, 0x781A, 0x781A, 
    0x5922, 0x5922, 0x5922, 0x5922, 0x5822, 0x5822, 0x5822, 0x5822, 0x5822, 0x5822, 0x5822, 0x581A, 0x581A, 0x381A, 0x381A, 0x381A, 
    0x591A, 0x381A, 0x381A, 0x381A, 0x381A, 0x381A, 0x381A, 0x381A, 0x381A, 0x381A, 0x381A, 0x381A, 0x381A, 0x381A, 0x381A, 0x381A, 
    0x381A, 0x381A, 0x381A, 0x381A, 0x3822, 0x3822, 0x3822, 0x3822, 0x3822, 0x1722, 0x1722, 0x1722, 0x1722, 0x1722, 0x1722, 0x1722, 
    0x1722, 0x1722, 0x1722, 0x1722, 0x1722, 0x1722, 0x1722, 0x1722, 0x1722, 0x1722, 0x1722, 0x1722, 0x1722, 0x1722, 0x1722, 0x1722, 
    0xF621, 0xF621, 0xF621, 0xF621, 0xF621, 0xF621, 0xF621, 0xF621, 0xF621, 0xF621, 0xF621, 0xF621, 0xD621, 0xD621, 0xD621, 0xD621, 
    0xF621, 0xF621, 0xF621, 0xF621, 0xF621, 0xF621, 0xF621, 0xF621, 0xF621, 0xF621, 0xF621, 0xF621, 0xF621, 0xF621, 0xF621, 0xF621, 
    0xD621, 0xD621, 0xD621, 0xD621, 0xD621, 0xD621, 0xD621, 0xD621, 0xD621, 0xD621, 0xD621, 0xD621, 0xD621, 0xD621, 0xD621, 0xD621, 
    0x9B2B, 0x9B2B, 0x9B2B, 0x7A2B, 0x7A2B, 0x7A2B, 0x7A2B, 0x7A2B, 0x7A2B, 0x7A2B, 0x7A2B, 0x7A2B, 0x7A2B, 0x5A2B, 0x5A2B, 0x5A2B, 
    0x5A2B, 0x5A2B, 0x5A2B, 0x5A2B, 0x5A2B, 0x5A2B, 0x5A2B, 0x5A2B, 0x5B2B, 0x5B2B, 0x5A2B, 0x5A2B, 0x5B2B, 0x3B2B, 0x3B2B, 0x3B2B, 
    0x3B2B, 0x3B2B, 0x3A23, 0x3A23, 0x3A23, 0x1A23, 0x1A23, 0x1A23, 0x1A23, 0x1A23, 0x1A23, 0x1A23, 0x1A23, 0x1A23, 0x1A23, 0x1A23, 
    0x1A23, 0x1A23, 0x1A23, 0x1A1B, 0x1A1B, 0xFA1A, 0xFA1A, 0xFA1A, 0x1A1B, 0x1A1B, 0xFA1A, 0xFA1A, 0xFA1A, 0xFA1A, 0xFA1A, 0xFA1A, 
    0xFA1A, 0xFA1A, 0xFA1A, 0xFA1A, 0xDA1A, 0xDA1A, 0xDA1A, 0xDA1A, 0xDA22, 0xDA22, 0xDA22, 0xDA22, 0xDA22, 0xDA22, 0xDA22, 0xDA22, 
    0xBA22, 0xBA22, 0xBA22, 0xBA22, 0xBA22, 0xBA22, 0xBA22, 0xBA22, 0xBA22, 0xBA22, 0xBA22, 0xBA22, 0xBA22, 0xB91A, 0xB91A, 0xB91A, 
    0x991A, 0x991A, 0x991A, 0x991A, 0x991A, 0x991A, 0x9922, 0x9922, 0x9922, 0x9922, 0x9922, 0x9922, 0x9922, 0x991A, 0x7922, 0x7922, 
    0x9922, 0x9922, 0x9922, 0x9922, 0x9922, 0x7922, 0x7922, 0x7922, 0x7922, 0x7922, 0x7922, 0x781A, 0x781A, 0x781A, 0x781A, 0x781A, 
    0x5922, 0x5922, 0x5922, 0x5922, 0x5922, 0x5822, 0x5822, 0x5822, 0x5822, 0x5822, 0x5822, 0x581A, 0x581A, 0x381A, 0x381A, 0x381A, 
    0x591A, 0x591A, 0x391A, 0x391A, 0x381A, 0x381A, 0x381A, 0x381A, 0x381A, 0x381A, 0x381A, 0x381A, 0x381A, 0x381A, 0x381A, 0x381A, 
    0x381A, 0x381A, 0x381A, 0x381A, 0x3822, 0x3822, 0x3822, 0x3822, 0x3822, 0x3822, 0x1722, 0x1722, 0x1722, 0x1722, 0x1722, 0x1722, 
    0x1722, 0x1722, 0x1722, 0x1722, 0x1722, 0x1722, 0x1722, 0x1722, 0x1722, 0x1722, 0x1722, 0x1722, 0x1722, 0x1722, 0x1722, 0x1722, 
    0xF621, 0xF621, 0xF621, 0xF621, 0xF621, 0xF621, 0xF621, 0xF621, 0xF621, 0xF621, 0xF621, 0xF621, 0xD621, 0xD621, 0xD621, 0xD621, 
    0xF621, 0xF621, 0xF621, 0xF621, 0xF621, 0xF621, 0xF621, 0xF621, 0xF621, 0xF621, 0xF621, 0xF621, 0xF621, 0xF621, 0xF621, 0xF621, 
    0xD621, 0xD621, 0xD621, 0xD621, 0xD621, 0xD621, 0xD621, 0xD621, 0xD621, 0xD621, 0xD621, 0xD621, 0xD621, 0xD621, 0xD621, 0xD621, 
    0x9B2B, 0x9B2B, 0x9B2B, 0x7A2B, 0x7A2B, 0x7A2B, 0x7A2B, 0x7A2B, 0x7A2B, 0x7A2B, 0x7A2B, 0x7A2B, 0x7A2B, 0x5A2B, 0x5A2B, 0x5A2B, 
    0x5A2B, 0x5A2B, 0x5A2B, 0x5A2B, 0x5A2B, 0x5A2B, 0x5A2B, 0x5A2B, 0x5A2B, 0x5A2B, 0x5B2B, 0x5A2B, 0x5A2B, 0x3A2B, 0x3A2B, 0x3B2B, 
    0x3A2B, 0x3B2B, 0x3B2B, 0x3A23, 0x3A23, 0x1A23, 0x1A23, 0x1A23, 0x1A23, 0x1A23, 0x1A23, 0x1A23, 0x1A23, 0x1A23, 0x1A23, 0x1A23, 
    0x1A23, 0x1A23, 0x1A23, 0x1A1B, 0x1A23, 0xFA1A, 0xFA22, 0xFA1A, 0x1A23, 0x1A1B, 0x1A23, 0xFA1A, 0xFA22, 0xFA1A, 0xFA1A, 0xFA1A, 
    0xFA1A, 0xFA1A, 0xFA22, 0xDA1A, 0xDA1A, 0xDA1A, 0xDA1A, 0xDA1A, 0xDA22, 0xDA22, 0xDA22, 0xDA22, 0xDA22, 0xDA22, 0xDA22, 0xDA22, 
    0xBA1A, 0xBA1A, 0xBA1A, 0xBA1A, 0xBA1A, 0xBA1A, 0xBA22, 0xBA22, 0xBA22, 0xBA22, 0xBA22, 0xBA22, 0xBA22, 0xB91A, 0xB91A, 0xB91A, 
    0x991A, 0x991A, 0x991A, 0x991A, 0x991A, 0x991A, 0x9922, 0x9922, 0x9922, 0x9922, 0x9922, 0x991A, 0x9922, 0x991A, 0x991A, 0x991A, 
    0x9922, 0x9922, 0x9922, 0x9922, 0x9922, 0x7922, 0x7922, 0x7922, 0x7922, 0x7922, 0x7922, 0x781A, 0x7822, 0x781A, 0x581A, 0x581A, 
    0x7922, 0x7922, 0x5922, 0x591A, 0x5922, 0x581A, 0x5822, 0x581A, 0x5822, 0x581A, 0x5822, 0x581A, 0x581A, 0x581A, 0x381A, 0x581A, 
    0x591A, 0x591A, 0x591A, 0x391A, 0x381A, 0x381A, 0x381A, 0x381A, 0x381A, 0x381A, 0x381A, 0x381A, 0x381A, 0x381A, 0x381A, 0x381A, 
    0x381A, 0x381A, 0x381A, 0x381A, 0x3822, 0x3822, 0x3822, 0x3822, 0x3822, 0x3822, 0x3822, 0x1722, 0x1722, 0x1722, 0x1722, 0x1722, 
    0x1722, 0x1722, 0x1722, 0x1722, 0x1722, 0x1722, 0x1722, 0x1722, 0x1722, 0x1722, 0x1722, 0x1722, 0x1722, 0x1722, 0x1722, 0x1722, 
    0xF721, 0xF621, 0xF621, 0xF621, 0xF621, 0xF621, 0xF621, 0xF621, 0xF621, 0xF621, 0xF621, 0xF621, 0xD621, 0xD621, 0xD621, 0xD621, 
    0xF621, 0xF621, 0xF621, 0xF621, 0xF621, 0xF621, 0xF621, 0xF621, 0xF621, 0xF621, 0xF621, 0xF621, 0xF621, 0xF621, 0xF621, 0xF621, 
    0xD621, 0xD621, 0xD621, 0xD621, 0xD621, 0xD621, 0xD621, 0xD621, 0xD621, 0xD621, 0xD621, 0xD621, 0xD621, 0xD621, 0xD621, 0xD621, 
    0x9B2B, 0x9B2B, 0x9B2B, 0x7A2B, 0x7A2B, 0x7A2B, 0x7A2B, 0x7A2B, 0x7A2B, 0x7A2B, 0x7A2B, 0x7A2B, 0x7A2B, 0x5A2B, 0x5A2B, 0x5A2B, 
    0x7A2B, 0x7A2B, 0x7A2B, 0x5A2B, 0x5A2B, 0x5A2B, 0x5A2B, 0x5A2B, 0x5A2B, 0x5A2B, 0x5A2B, 0x5A2B, 0x5A2B, 0x3A2B, 0x3A2B, 0x3A2B, 
    0x3A2B, 0x3B2B, 0x3B2B, 0x3A2B, 0x3A2B, 0x3A23, 0x3A23, 0x3A23, 0x1A23, 0x1A23, 0x1B23, 0x1A23, 0x1A23, 0x1A23, 0x1A23, 0x1A23, 
    0x1A23, 0x1A23, 0x1A23, 0x1A23, 0xFA22, 0xFA22, 0xFA22, 0xFA22, 0xFA22, 0x1A23, 0xFA22, 0xFA22, 0xFA22, 0xFA1A, 0xFA22, 0xFA22, 
    0xFA22, 0xFA22, 0xFA22, 0xFA22, 0xFA22, 0xDA22, 0xDA22, 0xDA22, 0xDA1A, 0xDA1A, 0xDA1A, 0xDA1A, 0xDA1A, 0xBA1A, 0xBA1A, 0xBA1A, 
    0xDA1A, 0xDA1A, 0xDA1A, 0xDA1A, 0xDA1A, 0xDA1A, 0xDA22, 0xDA22, 0xDA22, 0xDA22, 0xBA22, 0xBA22, 0xBA22, 0xB91A, 0xB91A, 0xB91A, 
    0xB922, 0xB922, 0xB922, 0x991A, 0x991A, 0x991A, 0x991A, 0x991A, 0x991A, 0x991A, 0x991A, 0x991A, 0x9922, 0x9922, 0x9922, 0x9922, 
    0x9922, 0x9922, 0x9922, 0x9922, 0x9922, 0x9922, 0x7922, 0x7922, 0x7822, 0x7822, 0x7822, 0x7822, 0x5822, 0x7822, 0x5822, 0x7822, 
    0x7922, 0x791A, 0x7922, 0x591A, 0x591A, 0x581A, 0x581A, 0x581A, 0x591A, 0x591A, 0x591A, 0x581A, 0x581A, 0x581A, 0x581A, 0x581A, 
    0x591A, 0x591A, 0x591A, 0x591A, 0x591A, 0x591A, 0x591A, 0x591A, 0x381A, 0x381A, 0x381A, 0x581A, 0x381A, 0x581A, 0x381A, 0x381A, 
    0x381A, 0x381A, 0x381A, 0x381A, 0x381A, 0x381A, 0x3822, 0x3822, 0x1822, 0x1822, 0x1822, 0x1822, 0x1822, 0x1822, 0x1822, 0x1722, 
    0x1722, 0x1722, 0x1722, 0x1722, 0x1722, 0x1722, 0xF721, 0x1722, 0xF721, 0x1722, 0xF721, 0x1722, 0xF721, 0xF721, 0xF721, 0xF721, 
    0xF721, 0xF721, 0xF721, 0xF721, 0xF721, 0xF721, 0xF721, 0xF721, 0xF721, 0xF721, 0xF721, 0xF721, 0xF721, 0xF721, 0xF721, 0xF721, 
    0xF621, 0xF621, 0xF621, 0xF621, 0xF621, 0xF621, 0xF621, 0xF621, 0xD619, 0xF619, 0xD619, 0xF619, 0xD619, 0xF619, 0xD619, 0xF619, 
    0xD621, 0xD621, 0xD621, 0xD621, 0xD621, 0xD621, 0xD621, 0xD621, 0xD621, 0xD621, 0xD621, 0xD621, 0xD621, 0xD621, 0xD621, 0xD621, 
    0x9B2B, 0x9B2B, 0x9B2B, 0x7A2B, 0x7A2B, 0x9A2B, 0x7A2B, 0x7A2B, 0x7A2B, 0x7A2B, 0x7A2B, 0x7A2B, 0x5A2B, 0x5A2B, 0x5A33, 0x5A33, 
    0x5A2B, 0x7A2B, 0x7A2B, 0x5A2B, 0x5A2B, 0x5A2B, 0x5A2B, 0x5A2B, 0x5A2B, 0x5A2B, 0x5A2B, 0x5A2B, 0x5A2B, 0x5A2B, 0x5A2B, 0x5A2B, 
    0x3A2B, 0x3A2B, 0x3B2B, 0x3A2B, 0x3A2B, 0x3A2B, 0x3A23, 0x3A23, 0x1A23, 0x1A23, 0x1B23, 0x1A23, 0x1A23, 0x1A23, 0x1A23, 0x1A23, 
    0x1A23, 0x1A23, 0x1A23, 0xFA22, 0xFA22, 0xFA22, 0xFA22, 0xFA22, 0xFA22, 0xFA22, 0xFA22, 0xFA22, 0xFA22, 0xFA22, 0xFA22, 0xFA22, 
    0xFA22, 0xFA22, 0xFA22, 0xFA22, 0xFA22, 0xDA22, 0xDA22, 0xDA22, 0xDA1A, 0xDA1A, 0xDA1A, 0xDA1A, 0xDA1A, 0xDA1A, 0xBA1A, 0xBA1A, 
    0xDA1A, 0xDA1A, 0xDA1A, 0xDA1A, 0xDA1A, 0xDA1A, 0xDA1A, 0xDA1A, 0xDA22, 0xDA22, 0xBA22, 0xBA22, 0xBA22, 0xB91A, 0xB91A, 0xB91A, 
    0xB922, 0xB922, 0xB922, 0x991A, 0x991A, 0x991A, 0x991A, 0x991A, 0x991A, 0x991A, 0x991A, 0x991A, 0x991A, 0x991A, 0x991A, 0x991A, 
    0x9922, 0x9922, 0x9922, 0x9922, 0x9922, 0x9922, 0x7922, 0x7922, 0x7822, 0x7822, 0x5822, 0x5822, 0x5822, 0x5822, 0x5822, 0x7822, 
    0x7922, 0x791A, 0x791A, 0x591A, 0x591A, 0x591A, 0x581A, 0x581A, 0x591A, 0x591A, 0x591A, 0x581A, 0x581A, 0x581A, 0x581A, 0x581A, 
    0x591A, 0x591A, 0x591A, 0x591A, 0x591A, 0x591A, 0x591A, 0x591A, 0x581A, 0x581A, 0x581A, 0x581A, 0x581A, 0x581A, 0x581A, 0x581A, 
    0x381A, 0x381A, 0x381A, 0x381A, 0x381A, 0x381A, 0x3822, 0x3822, 0x1822, 0x1822, 0x1822, 0x1822, 0x1822, 0x1822, 0x1822, 0x1822, 
    0x1722, 0x1722, 0x1722, 0x171A, 0x1722, 0x1722, 0xF721, 0xF721, 0xF721, 0xF721, 0xF721, 0xF721, 0xF721, 0xF721, 0xF721, 0xF721, 
    0xF721, 0xF721, 0xF721, 0xF721, 0xF721, 0xF721, 0xF721, 0xF721, 0xF721, 0xF721, 0xF721, 0xF721, 0xF721, 0xF721, 0xF721, 0xF721, 
    0xF621, 0xF619, 0xF619, 0xF619, 0xF619, 0xF619, 0xF619, 0xF619, 0xF619, 0xF619, 0xF619, 0xF619, 0xF619, 0xF619, 0xF619, 0xF619, 
    0xD621, 0xD621, 0xD621, 0xD621, 0xD621, 0xD621, 0xD621, 0xD621, 0xD621, 0xD621, 0xD621, 0xD621, 0xD621, 0xD621, 0xD621, 0xD621, 
    0x7B33, 0x7B33, 0x9B2B, 0x9B2B, 0x7A2B, 0x7A2B, 0x9A2B, 0x7A2B, 0x7A2B, 0x7A2B, 0x7A2B, 0x7A2B, 0x5A2B, 0x5A2B, 0x5A33, 0x5A33, 
    0x5A2B, 0x7A2B, 0x7A2B, 0x7A2B, 0x5A2B, 0x5A2B, 0x5A2B, 0x5A2B, 0x5A2B, 0x5A2B, 0x5A2B, 0x5A2B, 0x5A2B, 0x5A2B, 0x5A2B, 0x5A2B, 
    0x3A2B, 0x3A2B, 0x3A2B, 0x3A2B, 0x3A2B, 0x3A2B, 0x3A2B, 0x3A23, 0x1A23, 0x1A23, 0x1B23, 0x1B23, 0x1A23, 0x1A23, 0x1A23, 0x1A23, 
    0x1A23, 0x1A23, 0x1A23, 0x1A23, 0xFA22, 0xFA22, 0xFA22, 0xFA22, 0xFA22, 0xFA22, 0xFA22, 0xFA22, 0xFA22, 0xFA22, 0xFA22, 0xFA22, 
    0xFA22, 0xFA22, 0xFA22, 0xFA22, 0xFA22, 0xDA22, 0xDA22, 0xDA22, 0xDA1A, 0xDA1A, 0xDA1A, 0xDA1A, 0xDA1A, 0xDA1A, 0xDA1A, 0xBA1A, 
    0xDA1A, 0xDA1A, 0xDA1A, 0xDA1A, 0xDA1A, 0xDA1A, 0xDA1A, 0xDA1A, 0xDA22, 0xDA22, 0xBA22, 0xBA22, 0xBA22, 0xB91A, 0xB91A, 0xB91A, 
    0xB922, 0xB922, 0xB922, 0xB922, 0x991A, 0x991A, 0x991A, 0x991A, 0x991A, 0x991A, 0x991A, 0x991A, 0x991A, 0x991A, 0x991A, 0x991A, 
    0x9922, 0x9922, 0x9922, 0x9922, 0x9922, 0x9922, 0x9922, 0x9922, 0x7822, 0x7822, 0x7822, 0x7822, 0x5822, 0x5822, 0x5822, 0x7822, 
    0x7922, 0x791A, 0x791A, 0x791A, 0x591A, 0x591A, 0x591A, 0x581A, 0x591A, 0x591A, 0x591A, 0x591A, 0x581A, 0x581A, 0x581A, 0x581A, 
    0x591A, 0x591A, 0x591A, 0x591A, 0x591A, 0x591A, 0x591A, 0x591A, 0x581A, 0x581A, 0x581A, 0x581A, 0x581A, 0x581A, 0x581A, 0x581A, 
    0x381A, 0x381A, 0x381A, 0x381A, 0x381A, 0x381A, 0x3822, 0x3822, 0x1822, 0x1822, 0x1822, 0x1822, 0x1822, 0x1822, 0x1822, 0x1822, 
    0x1722, 0x1722, 0x1722, 0x1722, 0x171A, 0x171A, 0x1722, 0xF721, 0xF721, 0xF721, 0xF721, 0xF721, 0xF721, 0xF721, 0xF721, 0xF721, 
    0xF721, 0xF721, 0xF721, 0xF721, 0xF721, 0xF721, 0xF721, 0xF721, 0xF721, 0xF721, 0xF721, 0xF721, 0xF721, 0xF721, 0xF721, 0xF721, 
    0xF621, 0xF619, 0xF619, 0xF619, 0xF619, 0xF619, 0xF619, 0xF619, 0xF619, 0xF619, 0xF619, 0xF619, 0xF619, 0xF619, 0xF619, 0xF619, 
    0xD621, 0xD621, 0xD621, 0xD621, 0xD621, 0xD621, 0xD621, 0xD621, 0xD621, 0xD621, 0xD621, 0xD621, 0xD621, 0xD621, 0xD621, 0xD621, 
    0x9B33, 0x9B33, 0x9B2B, 0x9B2B, 0x9B2B, 0x7A2B, 0x9A2B, 0x9A2B, 0x7A2B, 0x7A2B, 0x7A2B, 0x7A2B, 0x7A2B, 0x5A33, 0x5A33, 0x5A33, 
    0x7A2B, 0x7A2B, 0x7A2B, 0x7A2B, 0x7A2B, 0x5A2B, 0x5A2B, 0x5A2B, 0x5A2B, 0x5A2B, 0x5A2B, 0x5A2B, 0x5A2B, 0x5A2B, 0x5A2B, 0x5A2B, 
    0x5A2B, 0x5A2B, 0x3A2B, 0x3A2B, 0x3B2B, 0x3A2B, 0x3A2B, 0x3A2B, 0x3A23, 0x3A23, 0x1B23, 0x1B23, 0x1B23, 0x1A23, 0x1A23, 0x1A23, 
    0x1A23, 0x1A23, 0x1A23, 0x1A23, 0x1A23, 0xFA22, 0xFA22, 0xFA22, 0xFA22, 0xFA22, 0xFA22, 0xFA22, 0xFA22, 0xFA22, 0xFA22, 0xFA22, 
    0xFA22, 0xFA22, 0xFA22, 0xFA22, 0xFA22, 0xDA22, 0xDA22, 0xDA22, 0xDA22, 0xDA22, 0xDA1A, 0xDA1A, 0xDA1A, 0xDA1A, 0xDA1A, 0xDA1A, 
    0xDA1A, 0xDA1A, 0xDA1A, 0xDA1A, 0xDA1A, 0xDA1A, 0xDA1A, 0xDA1A, 0xDA22, 0xDA22, 0xBA22, 0xBA22, 0xBA22, 0xB91A, 0xB91A, 0xB91A, 
    0xB922, 0xB922, 0xB922, 0xB922, 0xB922, 0x991A, 0x991A, 0x991A, 0x991A, 0x991A, 0x991A, 0x991A, 0x991A, 0x991A, 0x991A, 0x991A, 
    0x9922, 0x9922, 0x9922, 0x9922, 0x9922, 0x9922, 0x9922, 0x9922, 0x7922, 0x7922, 0x7922, 0x7922, 0x7922, 0x7922, 0x7922, 0x7922, 
    0x7922, 0x7922, 0x791A, 0x791A, 0x791A, 0x591A, 0x591A, 0x591A, 0x791A, 0x791A, 0x591A, 0x591A, 0x591A, 0x581A, 0x581A, 0x581A, 
    0x591A, 0x591A, 0x591A, 0x591A, 0x591A, 0x591A, 0x591A, 0x591A, 0x581A, 0x581A, 0x581A, 0x581A, 0x581A, 0x581A, 0x581A, 0x581A, 
    0x381A, 0x381A, 0x381A, 0x381A, 0x381A, 0x381A, 0x3822, 0x3822, 0x1822, 0x1822, 0x1822, 0x1822, 0x1822, 0x1822, 0x1822, 0x1822, 
    0x1722, 0x1722, 0x1722, 0x1722, 0x1722, 0x171A, 0x1722, 0x1722, 0xF721, 0xF721, 0xF721, 0xF721, 0xF721, 0xF721, 0xF721, 0xF721, 
    0xF721, 0xF721, 0xF721, 0xF721, 0xF721, 0xF721, 0xF721, 0xF721, 0xF721, 0xF721, 0xF721, 0xF721, 0xF721, 0xF721, 0xF721, 0xF721, 
    0xF721, 0xF721, 0xF721, 0xF721, 0xF721, 0xF721, 0xF721, 0xF721, 0xF619, 0xF619, 0xF619, 0xF619, 0xF619, 0xF619, 0xF619, 0xF621, 
    0xF621, 0xF621, 0xF621, 0xF621, 0xF621, 0xF621, 0xF621, 0xF621, 0xD621, 0xD621, 0xD621, 0xD621, 0xD621, 0xD621, 0xD621, 0xD621, 
    0x9B33, 0x9B33, 0x9B33, 0x9B2B, 0x9B2B, 0x9B2B, 0x9A2B, 0x9A2B, 0x7A2B, 0x7A2B, 0x7A2B, 0x7A2B, 0x7A2B, 0x5A33, 0x5A33, 0x5A33, 
    0x7A2B, 0x7A2B, 0x7A2B, 0x7A2B, 0x7A2B, 0x7A2B, 0x5A2B, 0x5A2B, 0x5A2B, 0x5A2B, 0x5A2B, 0x5A2B, 0x5A2B, 0x5A2B, 0x5A2B, 0x5A2B, 
    0x5A2B, 0x5A2B, 0x5A2B, 0x3A2B, 0x3A2B, 0x3A2B, 0x3A2B, 0x3A2B, 0x3A23, 0x3A23, 0x3A23, 0x1A23, 0x1B23, 0x1B23, 0x1A23, 0x1A23, 
    0x1A23, 0x1A23, 0x1A23, 0x1A23, 0x1A23, 0x1A23, 0xFA22, 0xFA22, 0xFA22, 0xFA22, 0xFA22, 0xFA22, 0xFA22, 0xFA22, 0xFA22, 0xFA22, 
    0xFA22, 0xFA22, 0xFA22, 0xFA22, 0xFA22, 0xDA22, 0xDA22, 0xDA22, 0xDA22, 0xDA22, 0xDA22, 0xDA1A, 0xDA1A, 0xDA1A, 0xDA1A, 0xDA1A, 
    0xDA1A, 0xDA1A, 0xDA1A, 0xDA1A, 0xDA1A, 0xDA1A, 0xDA1A, 0xDA1A, 0xDA22, 0xDA22, 0xBA22, 0xBA22, 0xBA22, 0xB91A, 0xB91A, 0xB91A, 
    0xB922, 0xB922, 0xB922, 0xB922, 0xB922, 0xB922, 0x991A, 0x991A, 0x991A, 0x991A, 0x991A, 0x991A, 0x991A, 0x991A, 0x991A, 0x991A, 
    0x9922, 0x9922, 0x9922, 0x9922, 0x9922, 0x9922, 0x9922, 0x9922, 0x7922, 0x7922, 0x7922, 0x7922, 0x7922, 0x7922, 0x7922, 0x7922, 
    0x7922, 0x7922, 0x7922, 0x791A, 0x791A, 0x791A, 0x591A, 0x591A, 0x791A, 0x791A, 0x791A, 0x591A, 0x591A, 0x591A, 0x581A, 0x581A, 
    0x591A, 0x591A, 0x591A, 0x591A, 0x591A, 0x591A, 0x591A, 0x591A, 0x581A, 0x581A, 0x581A, 0x581A, 0x581A, 0x581A, 0x581A, 0x581A, 
    0x381A, 0x381A, 0x381A, 0x381A, 0x381A, 0x381A, 0x381A, 0x381A, 0x1822, 0x1822, 0x1822, 0x1822, 0x1822, 0x1822, 0x1822, 0x1822, 
    0x1722, 0x3722, 0x1722, 0x1722, 0x1722, 0x1722, 0x1722, 0x1722, 0x1722, 0x1722, 0xF721, 0xF721, 0xF721, 0xF721, 0xF721, 0x1722, 
    0xF721, 0xF721, 0xF721, 0xF721, 0xF721, 0xF721, 0xF721, 0xF721, 0xF721, 0xF721, 0xF721, 0xF721, 0xF721, 0xF721, 0xF721, 0xF721, 
    0xF721, 0xF721, 0xF721, 0xF721, 0xF721, 0xF721, 0xF721, 0xF721, 0xF619, 0xF619, 0xF619, 0xF619, 0xF619, 0xF619, 0xF619, 0xF621, 
    0xF621, 0xF621, 0xF621, 0xF621, 0xF621, 0xF621, 0xF621, 0xF621, 0xD621, 0xD621, 0xD621, 0xD621, 0xD621, 0xD621, 0xD621, 0xD621, 
    0x9B33, 0x9B33, 0x9B33, 0x9B33, 0x9B2B, 0x9B2B, 0x9B2B, 0x9B2B, 0x7A2B, 0x7A2B, 0x7A2B, 0x7A2B, 0x7A33, 0x7A33, 0x7A33, 0x7A33, 
    0x7B33, 0x7A2B, 0x7A2B, 0x7A2B, 0x7A2B, 0x7A2B, 0x7A2B, 0x7A2B, 0x7A2B, 0x5A2B, 0x5A2B, 0x5A2B, 0x5A2B, 0x5A2B, 0x5A2B, 0x5A2B, 
    0x5A2B, 0x5A2B, 0x5A2B, 0x5A2B, 0x3A2B, 0x3A2B, 0x3B2B, 0x3B2B, 0x3B2B, 0x3A23, 0x3A23, 0x3A23, 0x1B23, 0x1B23, 0x1B23, 0x1B23, 
    0x1A23, 0x1A23, 0x1A23, 0x1A23, 0x1A23, 0x1A23, 0x1A23, 0x1A23, 0xFA22, 0xFA22, 0xFA22, 0xFA22, 0xFA22, 0xFA22, 0xFA22, 0xFA22, 
    0xFA22, 0xFA22, 0xFA22, 0xFA22, 0xFA22, 0xDA22, 0xDA22, 0xDA22, 0xFA22, 0xDA22, 0xDA22, 0xDA22, 0xDA1A, 0xDA1A, 0xDA1A, 0xDA1A, 
    0xDA1A, 0xDA1A, 0xDA1A, 0xDA1A, 0xDA1A, 0xDA1A, 0xDA1A, 0xDA1A, 0xDA22, 0xDA22, 0xBA22, 0xBA22, 0xBA22, 0xB91A, 0xB91A, 0xB91A, 
    0xB922, 0xB922, 0xB922, 0xB922, 0xB922, 0xB922, 0xB922, 0xB922, 0x991A, 0x991A, 0x991A, 0x991A, 0x991A, 0x991A, 0x991A, 0x991A, 
    0x991A, 0x9922, 0x9922, 0x9922, 0x9922, 0x9922, 0x9922, 0x9922, 0x7922, 0x7922, 0x7922, 0x7922, 0x7922, 0x7922, 0x7922, 0x7922, 
    0x7922, 0x7922, 0x7922, 0x7922, 0x791A, 0x791A, 0x791A, 0x791A, 0x7922, 0x791A, 0x791A, 0x791A, 0x591A, 0x591A, 0x591A, 0x591A, 
    0x591A, 0x591A, 0x591A, 0x591A, 0x591A, 0x591A, 0x591A, 0x591A, 0x581A, 0x581A, 0x581A, 0x581A, 0x581A, 0x581A, 0x581A, 0x581A, 
    0x381A, 0x381A, 0x381A, 0x381A, 0x381A, 0x381A, 0x381A, 0x381A, 0x1822, 0x1822, 0x1822, 0x1822, 0x1822, 0x1822, 0x1822, 0x1822, 
    0x3822, 0x3722, 0x1722, 0x1722, 0x1722, 0x1722, 0x1722, 0x1722, 0x1722, 0x1722, 0xF721, 0xF721, 0xF721, 0xF721, 0xF721, 0x1722, 
    0xF721, 0xF721, 0xF721, 0xF721, 0xF721, 0xF721, 0xF721, 0xF721, 0xF721, 0xF721, 0xF721, 0xF721, 0xF721, 0xF721, 0xF721, 0xF721, 
    0xF721, 0xF721, 0xF721, 0xF721, 0xF721, 0xF721, 0xF721, 0xF721, 0xF721, 0xF721, 0xF721, 0xF721, 0xF721, 0xF721, 0xF721, 0xF721, 
    0xF621, 0xF621, 0xF621, 0xF621, 0xF621, 0xF621, 0xF621, 0xF621, 0xF621, 0xF621, 0xF621, 0xF621, 0xF621, 0xF621, 0xF621, 0xF621, 
    0x9B33, 0x9B33, 0x9A33, 0x9A33, 0x9A33, 0x9A2B, 0x9A2B, 0x9A2B, 0x7A2B, 0x7A2B, 0x7A2B, 0x7A2B, 0x7A33, 0x7A33, 0x7A33, 0x7A33, 
    0x7B33, 0x7B2B, 0x7A2B, 0x7A2B, 0x7A2B, 0x7A2B, 0x7A2B, 0x7A2B, 0x7A2B, 0x7A2B, 0x5A2B, 0x5A2B, 0x5A2B, 0x5A2B, 0x5A2B, 0x5A2B, 
    0x5A2B, 0x5A2B, 0x5A2B, 0x5A2B, 0x5A2B, 0x3A2B, 0x3A2B, 0x3A2B, 0x3A2B, 0x3A2B, 0x3A23, 0x3A23, 0x3A23, 0x1A23, 0x1A23, 0x1A23, 
    0x1A23, 0x1A23, 0x1A23, 0x1A23, 0x1A23, 0x1A23, 0x1A23, 0x1A23, 0xFA22, 0xFA22, 0xFA22, 0xFA22, 0xFA22, 0xFA22, 0xFA22, 0xFA22, 
    0xFA22, 0xFA22, 0xFA22, 0xFA22, 0xFA22, 0xD922, 0xDA22, 0xDA22, 0xFA22, 0xFA22, 0xDA22, 0xDA22, 0xDA22, 0xDA1A, 0xDA1A, 0xDA1A, 
    0xDA1A, 0xDA1A, 0xDA1A, 0xDA1A, 0xDA1A, 0xDA1A, 0xDA1A, 0xDA1A, 0xDA22, 0xDA22, 0xBA22, 0xBA22, 0xBA22, 0xB91A, 0xB91A, 0xB91A, 
    0xB922, 0xB922, 0xB922, 0xB922, 0xB922, 0xB922, 0xB922, 0xB922, 0x991A, 0x991A, 0x991A, 0x991A, 0x991A, 0x991A, 0x991A, 0x991A, 
    0x991A, 0x991A, 0x991A, 0x991A, 0x9922, 0x9922, 0x9922, 0x9922, 0x7922, 0x7922, 0x7922, 0x7922, 0x7922, 0x7922, 0x7922, 0x7922, 
    0x7922, 0x7922, 0x7922, 0x7922, 0x7922, 0x781A, 0x781A, 0x781A, 0x7922, 0x7922, 0x781A, 0x781A, 0x781A, 0x781A, 0x781A, 0x781A, 
    0x581A, 0x581A, 0x581A, 0x581A, 0x581A, 0x581A, 0x581A, 0x581A, 0x581A, 0x581A, 0x581A, 0x581A, 0x581A, 0x581A, 0x581A, 0x581A, 
    0x381A, 0x381A, 0x381A, 0x381A, 0x381A, 0x381A, 0x381A, 0x381A, 0x381A, 0x381A, 0x1822, 0x1822, 0x1822, 0x1822, 0x1822, 0x1822, 
    0x3822, 0x3822, 0x3722, 0x3722, 0x3722, 0x171A, 0x1722, 0x1722, 0x1722, 0x1722, 0x1722, 0x1722, 0xF721, 0xF721, 0xF721, 0x1722, 
    0xF721, 0xF721, 0xF721, 0xF721, 0xF721, 0xF721, 0xF721, 0xF721, 0xF721, 0xF721, 0xF721, 0xF721, 0xF721, 0xF721, 0xF721, 0xF721, 
    0xF721, 0xF721, 0xF721, 0xF721, 0xF721, 0xF721, 0xF721, 0xF721, 0xF721, 0xF721, 0xF721, 0xF721, 0xF721, 0xF721, 0xF721, 0xF721, 
    0xF621, 0xF621, 0xF621, 0xF621, 0xF621, 0xF621, 0xF621, 0xF621, 0xF621, 0xF621, 0xF621, 0xF621, 0xF621, 0xF621, 0xF621, 0xF621, 
    0x9B33, 0x9B33, 0x9B33, 0x9A33, 0x9A33, 0x9A2B, 0x9A2B, 0x9A2B, 0x7A2B, 0x7A2B, 0x7A2B, 0x7A33, 0x7A33, 0x7A33, 0x5A33, 0x7A33, 
    0x7B33, 0x7B2B, 0x7B2B, 0x7A2B, 0x7A2B, 0x7A2B, 0x7A2B, 0x7A2B, 0x7A2B, 0x7A2B, 0x7A2B, 0x5A2B, 0x5A2B, 0x5A2B, 0x5A2B, 0x5A2B, 
    0x5A2B, 0x5A2B, 0x5A2B, 0x5A2B, 0x5A2B, 0x3A2B, 0x3A2B, 0x3A2B, 0x3A2B, 0x3A2B, 0x3B2B, 0x3A23, 0x3A23, 0x1A23, 0x1A23, 0x1A23, 
    0x1A23, 0x1A23, 0x1A23, 0x1A23, 0x1A23, 0x1A23, 0x1A23, 0x1A23, 0xFA22, 0xFA22, 0xFA22, 0xFA22, 0xFA22, 0xFA22, 0xFA22, 0xFA22, 
    0xFA22, 0xFA22, 0xFA22, 0xFA22, 0xFA22, 0xD922, 0xDA22, 0xDA22, 0xFA22, 0xFA22, 0xFA22, 0xDA22, 0xDA22, 0xDA1A, 0xDA1A, 0xDA1A, 
    0xDA1A, 0xDA1A, 0xDA1A, 0xDA1A, 0xDA1A, 0xDA1A, 0xDA1A, 0xDA1A, 0xDA22, 0xDA22, 0xBA22, 0xBA22, 0xBA22, 0xB91A, 0xB91A, 0xB91A, 
    0xB922, 0xB922, 0xB922, 0xB922, 0xB922, 0xB922, 0xB922, 0xB922, 0x991A, 0x991A, 0x991A, 0x991A, 0x991A, 0x991A, 0x991A, 0x991A, 
    0x991A, 0x991A, 0x991A, 0x991A, 0x9922, 0x9922, 0x9922, 0x9922, 0x7922, 0x7922, 0x7922, 0x7922, 0x7922, 0x7922, 0x7922, 0x7922, 
    0x7922, 0x7922, 0x7922, 0x7922, 0x7922, 0x781A, 0x781A, 0x781A, 0x7922, 0x7922, 0x7922, 0x781A, 0x781A, 0x781A, 0x781A, 0x781A, 
    0x581A, 0x581A, 0x581A, 0x581A, 0x581A, 0x581A, 0x581A, 0x581A, 0x581A, 0x581A, 0x581A, 0x581A, 0x581A, 0x581A, 0x581A, 0x581A, 
    0x381A, 0x381A, 0x381A, 0x381A, 0x381A, 0x381A, 0x381A, 0x381A, 0x381A, 0x381A, 0x1822, 0x1822, 0x1822, 0x1822, 0x1822, 0x1822, 
    0x3822, 0x3822, 0x3822, 0x3722, 0x3722, 0x171A, 0x1722, 0x1722, 0x1722, 0x1722, 0x1722, 0x1722, 0xF721, 0xF721, 0xF721, 0x1722, 
    0xF721, 0xF721, 0xF721, 0xF721, 0xF721, 0xF721, 0xF721, 0xF721, 0xF721, 0xF721, 0xF721, 0xF721, 0xF721, 0xF721, 0xF721, 0xF721, 
    0xF721, 0xF721, 0xF721, 0xF721, 0xF721, 0xF721, 0xF721, 0xF721, 0xF721, 0xF721, 0xF721, 0xF721, 0xF721, 0xF721, 0xF721, 0xF721, 
    0xF621, 0xF621, 0xF621, 0xF621, 0xF621, 0xF621, 0xF621, 0xF621, 0xF621, 0xF621, 0xF621, 0xF621, 0xF621, 0xF621, 0xF621, 0xF621, 
    0x9B33, 0x9B33, 0x9B33, 0x9B33, 0x9B33, 0x9A33, 0x9A33, 0x9A33, 0x5A2B, 0x5A2B, 0x7A2B, 0x9B33, 0xBB3B, 0x9B3B, 0x7A33, 0x7A33, 
    0x7A2B, 0x7A2B, 0x7A2B, 0x7A2B, 0x7A2B, 0x5A2B, 0x5A2B, 0x5A2B, 0x7A2B, 0x7A2B, 0x7A2B, 0x5A2B, 0x5A2B, 0x5A2B, 0x5A2B, 0x5A2B, 
    0x5A2B, 0x5A2B, 0x5A2B, 0x5A2B, 0x5A2B, 0x3A2B, 0x3A2B, 0x3A2B, 0x3A2B, 0x3A2B, 0x3A2B, 0x3A23, 0x3A23, 0x3A23, 0x1A23, 0x1A23, 
    0x1A23, 0x1A23, 0x1A23, 0x1A23, 0x1A23, 0x1A23, 0x1A23, 0x1A23, 0x1A23, 0x1A23, 0x1A23, 0xFA22, 0xFA22, 0xFA22, 0xFA22, 0xFA22, 
    0xFA22, 0xFA22, 0xFA22, 0xFA22, 0xFA22, 0xFA22, 0xFA22, 0xD922, 0xFA22, 0xFA22, 0xFA22, 0xDA22, 0xDA22, 0xDA1A, 0xDA1A, 0xDA1A, 
    0xDA1A, 0xDA1A, 0xDA1A, 0xDA1A, 0xDA1A, 0xDA1A, 0xDA1A, 0xDA1A, 0xDA22, 0xDA22, 0xDA22, 0xBA22, 0xBA22, 0xBA22, 0xBA22, 0xBA22, 
    0xB922, 0xB922, 0xB922, 0xB922, 0xB922, 0x991A, 0x991A, 0x991A, 0xB922, 0xB922, 0xB922, 0xB922, 0xB922, 0xB922, 0xB922, 0xB922, 
    0xB922, 0xB922, 0x9922, 0x9922, 0x9922, 0x991A, 0x9922, 0x9922, 0x991A, 0x991A, 0x7922, 0x7922, 0x7922, 0x7922, 0x7922, 0x7922, 
    0x7822, 0x7822, 0x7822, 0x7822, 0x7822, 0x781A, 0x781A, 0x781A, 0x781A, 0x781A, 0x781A, 0x781A, 0x781A, 0x781A, 0x781A, 0x781A, 
    0x781A, 0x781A, 0x781A, 0x581A, 0x581A, 0x581A, 0x581A, 0x581A, 0x581A, 0x581A, 0x581A, 0x581A, 0x581A, 0x581A, 0x581A, 0x581A, 
    0x381A, 0x381A, 0x381A, 0x381A, 0x381A, 0x381A, 0x381A, 0x381A, 0x381A, 0x381A, 0x381A, 0x381A, 0x1822, 0x1822, 0x1822, 0x1822, 
    0x3722, 0x371A, 0x371A, 0x371A, 0x3722, 0x3722, 0x3722, 0x3722, 0x1722, 0x1722, 0x1722, 0x1722, 0x1722, 0x1722, 0x1722, 0x1722, 
    0x1722, 0x1722, 0x1722, 0x1722, 0x1722, 0x1722, 0x1722, 0x1722, 0x1722, 0x1722, 0x1722, 0xF721, 0xF721, 0xF721, 0xF721, 0xF721, 
    0xF721, 0xF721, 0xF721, 0xF721, 0xF721, 0xF721, 0xF721, 0xF721, 0xF721, 0xF721, 0xF721, 0xF721, 0xF721, 0xF721, 0xF721, 0xF721, 
    0xF621, 0xF621, 0xF621, 0xF621, 0xF621, 0xF621, 0xF621, 0xF621, 0xF621, 0xF621, 0xF621, 0xF621, 0xF621, 0xF621, 0xF621, 0xF621, 
    0x9B33, 0x9B33, 0x9B33, 0x9B33, 0x9B33, 0x9B33, 0x9A33, 0x9A33, 0xBB33, 0x7A33, 0x7A2B, 0x7A33, 0x9B3B, 0xBB3B, 0xFD4B, 0x3E4C, 
    0x7A2B, 0x7A2B, 0x7A2B, 0x7A2B, 0x7A2B, 0x7A2B, 0x5A2B, 0x5A2B, 0x7A2B, 0x7A2B, 0x7A2B, 0x5A2B, 0x5A2B, 0x5A2B, 0x5A2B, 0x5A2B, 
    0x5A2B, 0x5A2B, 0x5A2B, 0x5A2B, 0x5A2B, 0x5A2B, 0x3A2B, 0x3A2B, 0x3A2B, 0x3A2B, 0x3A2B, 0x3A23, 0x3A23, 0x3A23, 0x1A23, 0x1A23, 
    0x1A23, 0x1A23, 0x1A23, 0x1A23, 0x1A23, 0x1A23, 0x1A23, 0x1A23, 0x1A23, 0x1A23, 0x1A23, 0xFA22, 0xFA22, 0xFA22, 0xFA22, 0xFA22, 
    0xFA22, 0xFA22, 0xFA22, 0xFA22, 0xFA22, 0xFA22, 0xFA22, 0xD922, 0xFA22, 0xFA22, 0xFA22, 0xDA22, 0xDA22, 0xDA22, 0xDA1A, 0xDA1A, 
    0xDA1A, 0xDA1A, 0xDA1A, 0xDA1A, 0xDA1A, 0xDA1A, 0xDA1A, 0xDA1A, 0xDA22, 0xDA22, 0xDA22, 0xBA22, 0xBA22, 0xBA22, 0xBA22, 0xBA22, 
    0xB922, 0xB922, 0xB922, 0xB922, 0xB922, 0xB922, 0x991A, 0x991A, 0xB922, 0xB922, 0xB922, 0xB922, 0xB922, 0xB922, 0xB922, 0xB922, 
    0xB922, 0xB922, 0x9922, 0x9922, 0x9922, 0x991A, 0x9922, 0x9922, 0x991A, 0x991A, 0x7922, 0x7922, 0x7922, 0x7922, 0x7922, 0x7922, 
    0x7822, 0x7822, 0x7822, 0x7822, 0x7822, 0x7822, 0x781A, 0x781A, 0x781A, 0x781A, 0x781A, 0x781A, 0x781A, 0x781A, 0x781A, 0x781A, 
    0x781A, 0x781A, 0x781A, 0x581A, 0x581A, 0x581A, 0x581A, 0x581A, 0x581A, 0x581A, 0x581A, 0x581A, 0x581A, 0x581A, 0x581A, 0x581A, 
    0x581A, 0x381A, 0x381A, 0x381A, 0x381A, 0x381A, 0x381A, 0x381A, 0x381A, 0x381A, 0x381A, 0x381A, 0x1822, 0x1822, 0x1822, 0x1822, 
    0x371A, 0x371A, 0x371A, 0x371A, 0x3722, 0x3722, 0x3722, 0x3722, 0x1722, 0x1722, 0x1722, 0x1722, 0x1722, 0x1722, 0x1722, 0x1722, 
    0x1722, 0x1722, 0x1722, 0x1722, 0x1722, 0x1722, 0x1722, 0x1722, 0x1722, 0x1722, 0x1722, 0xF721, 0xF721, 0xF721, 0xF721, 0xF721, 
    0xF721, 0xF721, 0xF721, 0xF721, 0xF721, 0xF721, 0xF721, 0xF721, 0xF721, 0xF721, 0xF721, 0xF721, 0xF721, 0xF721, 0xF721, 0xF721, 
    0xF621, 0xF621, 0xF621, 0xF621, 0xF621, 0xF621, 0xF621, 0xF621, 0xF621, 0xF621, 0xF621, 0xF621, 0xF621, 0xF621, 0xF621, 0xF621, 
    0x9A33, 0x9A33, 0x9A33, 0x9A33, 0x9A33, 0x9A33, 0x9A33, 0x9A33, 0xBB33, 0x7A2B, 0x7A2B, 0x7A33, 0x7A33, 0x9B3B, 0xFC4B, 0x7E54, 
    0x7A2B, 0x7A2B, 0x7A2B, 0x7A2B, 0x7A2B, 0x7A2B, 0x7A2B, 0x5A2B, 0x7A2B, 0x7A2B, 0x7A2B, 0x7A2B, 0x5A2B, 0x5A2B, 0x5A2B, 0x5A2B, 
    0x5A2B, 0x5A2B, 0x5A2B, 0x5A2B, 0x5A2B, 0x5A2B, 0x5A2B, 0x3A2B, 0x3A2B, 0x3A2B, 0x3A2B, 0x3A2B, 0x3A23, 0x3A23, 0x3A23, 0x3A23, 
    0x1A23, 0x1A23, 0x1A23, 0x1A23, 0x1A23, 0x1A23, 0x1A23, 0x1A23, 0x1A23, 0x1A23, 0x1A23, 0x1A23, 0xFA22, 0xFA22, 0xFA22, 0xFA22, 
    0xFA22, 0xF922, 0xF922, 0xF922, 0xFA22, 0xFA22, 0xF922, 0xF922, 0xFA22, 0xFA22, 0xFA22, 0xFA22, 0xDA22, 0xDA22, 0xDA22, 0xDA1A, 
    0xDA1A, 0xDA1A, 0xDA1A, 0xDA1A, 0xDA1A, 0xDA1A, 0xDA1A, 0xDA1A, 0xDA22, 0xDA22, 0xDA22, 0xBA22, 0xBA22, 0xBA22, 0xBA22, 0xBA22, 
    0xB922, 0xB922, 0xB922, 0xB922, 0xB922, 0xB922, 0xB922, 0x991A, 0xB922, 0xB922, 0xB922, 0xB922, 0xB922, 0xB922, 0xB922, 0xB922, 
    0xB922, 0xB922, 0xB922, 0x991A, 0x991A, 0x991A, 0x991A, 0x991A, 0x991A, 0x991A, 0x991A, 0x991A, 0x7922, 0x7922, 0x7922, 0x7922, 
    0x7822, 0x7822, 0x7822, 0x7822, 0x7822, 0x7822, 0x7822, 0x781A, 0x781A, 0x781A, 0x781A, 0x781A, 0x781A, 0x781A, 0x781A, 0x781A, 
    0x781A, 0x781A, 0x781A, 0x781A, 0x581A, 0x581A, 0x581A, 0x581A, 0x581A, 0x581A, 0x581A, 0x581A, 0x581A, 0x581A, 0x581A, 0x581A, 
    0x581A, 0x581A, 0x381A, 0x381A, 0x381A, 0x381A, 0x381A, 0x381A, 0x381A, 0x381A, 0x381A, 0x381A, 0x381A, 0x381A, 0x381A, 0x381A, 
    0x371A, 0x371A, 0x371A, 0x371A, 0x371A, 0x371A, 0x3722, 0x3722, 0x171A, 0x171A, 0x1722, 0x1722, 0x1722, 0x1722, 0x1722, 0x1722, 
    0x1722, 0x1722, 0x1722, 0x1722, 0x1722, 0x1722, 0x1722, 0x1722, 0x1722, 0x1722, 0x1722, 0x1722, 0x1722, 0x1722, 0x1722, 0xF719, 
    0xF721, 0xF721, 0xF721, 0xF721, 0xF721, 0xF721, 0xF721, 0xF721, 0xF721, 0xF721, 0xF721, 0xF721, 0xF721, 0xF721, 0xF721, 0xF721, 
    0xF621, 0xF621, 0xF621, 0xF621, 0xF621, 0xF621, 0xF621, 0xF621, 0xF621, 0xF621, 0xF621, 0xF621, 0xF621, 0xF621, 0xF621, 0xF621, 
    0x9B33, 0x9B33, 0x9A33, 0x9A33, 0x9A33, 0x9A33, 0x9A33, 0x9A33, 0x7A2B, 0x7A2B, 0x7A33, 0x9A33, 0x7A33, 0x7A33, 0xBB3B, 0xFD4B, 
    0x7A33, 0x7B2B, 0x7A2B, 0x7A2B, 0x7A2B, 0x7A2B, 0x7A2B, 0x7A2B, 0x7A2B, 0x7A2B, 0x7A2B, 0x7A2B, 0x7A2B, 0x5A2B, 0x5A2B, 0x5A2B, 
    0x5A2B, 0x5A2B, 0x5A2B, 0x5A2B, 0x5A2B, 0x5A2B, 0x5A2B, 0x5A2B, 0x3A2B, 0x3A2B, 0x3A2B, 0x3A2B, 0x3A2B, 0x3A23, 0x3A23, 0x3A23, 
    0x1A23, 0x1A23, 0x1A23, 0x1A23, 0x1A23, 0x1A23, 0x1A23, 0x1A23, 0x1A23, 0x1A23, 0x1A23, 0x1A23, 0x1A23, 0xFA22, 0xFA22, 0x1A23, 
    0xFA22, 0xF922, 0x1A23, 0x1A23, 0xFA22, 0xFA22, 0xFA22, 0xF922, 0xFA22, 0xFA22, 0xFA22, 0xFA22, 0xFA22, 0xDA22, 0xDA22, 0xDA22, 
    0xDA1A, 0xDA1A, 0xDA1A, 0xDA1A, 0xDA1A, 0xDA1A, 0xDA1A, 0xDA1A, 0xDA22, 0xDA22, 0xDA22, 0xBA22, 0xBA22, 0xBA22, 0xBA22, 0xBA22, 
    0xB922, 0xB922, 0xB922, 0xB922, 0xB922, 0xB922, 0xB922, 0xB922, 0xB922, 0xB922, 0xB922, 0xB922, 0xB922, 0xB922, 0xB922, 0xB922, 
    0xB922, 0xB922, 0xB922, 0x991A, 0x991A, 0x991A, 0x991A, 0x991A, 0x9922, 0x9922, 0x9922, 0x9922, 0x9922, 0x9922, 0x9922, 0x9922, 
    0x9922, 0x9922, 0x7822, 0x7822, 0x7822, 0x7822, 0x7822, 0x7822, 0x7822, 0x7822, 0x7822, 0x7822, 0x7822, 0x7822, 0x7822, 0x7822, 
    0x781A, 0x781A, 0x781A, 0x781A, 0x781A, 0x581A, 0x581A, 0x581A, 0x581A, 0x581A, 0x581A, 0x581A, 0x581A, 0x581A, 0x581A, 0x581A, 
    0x581A, 0x581A, 0x381A, 0x381A, 0x381A, 0x381A, 0x381A, 0x381A, 0x381A, 0x381A, 0x381A, 0x381A, 0x381A, 0x381A, 0x381A, 0x381A, 
    0x381A, 0x381A, 0x381A, 0x381A, 0x381A, 0x381A, 0x3822, 0x3822, 0x3722, 0x3722, 0x1722, 0x1722, 0x1722, 0x1722, 0x1722, 0x1722, 
    0x1722, 0x1722, 0x1722, 0x1722, 0x1722, 0x1722, 0x1722, 0x1722, 0x1722, 0x1722, 0x1722, 0x1722, 0x1722, 0x1722, 0x1722, 0x1722, 
    0xF721, 0xF721, 0xF721, 0xF721, 0xF721, 0xF721, 0xF721, 0xF721, 0xF721, 0xF721, 0xF721, 0xF721, 0xF721, 0xF721, 0xF721, 0xF721, 
    0xF721, 0xF721, 0xF721, 0xF721, 0xF721, 0xF721, 0xF721, 0xF721, 0xF721, 0xF721, 0xF721, 0xF721, 0xF721, 0xF721, 0xF721, 0xF721, 
    0x9B33, 0x9B33, 0x9B33, 0x9A33, 0x9A33, 0x9A33, 0x9A33, 0x9A33, 0x9A33, 0x9A33, 0xBB3B, 0xBB3B, 0x9B3B, 0x7A33, 0x9B3B, 0xDC43, 
    0x7A33, 0x7B2B, 0x7B2B, 0x7A2B, 0x7A2B, 0x7A2B, 0x7A2B, 0x7A2B, 0x7A2B, 0x7A2B, 0x7A2B, 0x7A2B, 0x7A2B, 0x7A2B, 0x5A2B, 0x5A2B, 
    0x5A2B, 0x5A2B, 0x5A2B, 0x5A2B, 0x5A2B, 0x5A2B, 0x5A2B, 0x5A2B, 0x3A2B, 0x3A2B, 0x3A2B, 0x3A2B, 0x3A2B, 0x3A2B, 0x3A23, 0x3A23, 
    0x1A23, 0x1A23, 0x1A23, 0x1A23, 0x1A23, 0x1A23, 0x1A23, 0x1A23, 0x1A23, 0x1A23, 0x1A23, 0x1A23, 0x1A23, 0x1A23, 0xFA22, 0x1A23, 
    0xFA22, 0x1A23, 0x1A23, 0x1A23, 0x1A23, 0xF922, 0xFA22, 0xF922, 0xFA22, 0xFA22, 0xFA22, 0xFA22, 0xFA22, 0xFA22, 0xDA22, 0xDA22, 
    0xDA1A, 0xDA1A, 0xDA1A, 0xDA1A, 0xDA1A, 0xDA1A, 0xDA1A, 0xDA1A, 0xDA22, 0xDA22, 0xDA22, 0xBA22, 0xBA22, 0xBA22, 0xBA22, 0xBA22, 
    0xB922, 0xB922, 0xB922, 0xB922, 0xB922, 0xB922, 0xB922, 0xB922, 0xB922, 0xB922, 0xB922, 0xB922, 0xB922, 0xB922, 0xB922, 0xB922, 
    0xB91A, 0xB91A, 0xB922, 0x991A, 0x991A, 0x991A, 0x991A, 0x991A, 0x991A, 0x991A, 0x9922, 0x9922, 0x9922, 0x9922, 0x9922, 0x9922, 
    0x9922, 0x9822, 0x9822, 0x9822, 0x9822, 0x9822, 0x7822, 0x7822, 0x7822, 0x7822, 0x7822, 0x7822, 0x7822, 0x7822, 0x7822, 0x7822, 
    0x781A, 0x781A, 0x781A, 0x781A, 0x781A, 0x781A, 0x581A, 0x581A, 0x581A, 0x581A, 0x581A, 0x581A, 0x581A, 0x581A, 0x581A, 0x581A, 
    0x581A, 0x581A, 0x581A, 0x581A, 0x381A, 0x381A, 0x381A, 0x381A, 0x381A, 0x381A, 0x381A, 0x381A, 0x381A, 0x381A, 0x381A, 0x381A, 
    0x381A, 0x381A, 0x381A, 0x381A, 0x381A, 0x381A, 0x381A, 0x381A, 0x3722, 0x3722, 0x1722, 0x1722, 0x1722, 0x1722, 0x1722, 0x1722, 
    0x1722, 0x1722, 0x1722, 0x1722, 0x1722, 0x1722, 0x1722, 0x1722, 0x1722, 0x1722, 0x1722, 0x1722, 0x1722, 0x1722, 0x1722, 0x1722, 
    0xF721, 0xF721, 0xF721, 0xF721, 0xF721, 0xF721, 0xF721, 0xF721, 0xF721, 0xF721, 0xF721, 0xF721, 0xF721, 0xF721, 0xF721, 0xF721, 
    0xF721, 0xF721, 0xF721, 0xF721, 0xF721, 0xF721, 0xF721, 0xF721, 0xF721, 0xF721, 0xF721, 0xF721, 0xF721, 0xF721, 0xF721, 0xF721, 
    0x9B3B, 0x9B33, 0x9B33, 0x9B33, 0x9A33, 0x9A33, 0x9A33, 0x9A33, 0xBB33, 0x9A33, 0x9A33, 0x9A33, 0x7A33, 0x7A33, 0x9B3B, 0xFC43, 
    0x7B33, 0x7B2B, 0x7B2B, 0x7B2B, 0x7A2B, 0x7A2B, 0x7A2B, 0x7A2B, 0x7B2B, 0x7A2B, 0x7A2B, 0x7A2B, 0x7A2B, 0x7A2B, 0x7A2B, 0x7A2B, 
    0x7A2B, 0x5A2B, 0x5A2B, 0x5A2B, 0x5A2B, 0x5A2B, 0x5A2B, 0x5A2B, 0x5A2B, 0x3A2B, 0x3A2B, 0x3A2B, 0x3A2B, 0x3A2B, 0x3A2B, 0x3A2B, 
    0x3A23, 0x1A23, 0x1A23, 0x1A23, 0x1A23, 0x1A23, 0x1A23, 0x1A23, 0x1A23, 0x1A23, 0x1A23, 0x1A23, 0x1A23, 0x1A23, 0x1A23, 0x1A23, 
    0x1A23, 0x1A23, 0x1A23, 0x1A23, 0x1A23, 0xF922, 0xFA22, 0xFA22, 0xFA22, 0xFA22, 0xFA22, 0xFA22, 0xFA22, 0xFA22, 0xFA22, 0xFA22, 
    0xFA22, 0xDA1A, 0xDA1A, 0xDA1A, 0xDA1A, 0xDA1A, 0xDA1A, 0xDA1A, 0xDA22, 0xDA22, 0xDA22, 0xBA22, 0xBA22, 0xBA22, 0xBA22, 0xBA22, 
    0xB922, 0xB922, 0xB922, 0xB922, 0xB922, 0xB922, 0xB922, 0xB922, 0xB922, 0xB922, 0xB922, 0xB922, 0xB922, 0xB922, 0xB922, 0xB922, 
    0xB91A, 0xB91A, 0xB922, 0x991A, 0x991A, 0x991A, 0x991A, 0x991A, 0x9922, 0x9922, 0x9922, 0x9922, 0x9922, 0x9922, 0x9922, 0x9922, 
    0x9922, 0x9822, 0x9822, 0x9822, 0x9822, 0x9822, 0x9822, 0x9822, 0x9822, 0x9822, 0x9822, 0x9822, 0x9822, 0x9822, 0x9822, 0x9822, 
    0x7822, 0x781A, 0x781A, 0x781A, 0x781A, 0x781A, 0x781A, 0x781A, 0x581A, 0x581A, 0x581A, 0x581A, 0x581A, 0x581A, 0x581A, 0x581A, 
    0x581A, 0x581A, 0x581A, 0x581A, 0x381A, 0x381A, 0x381A, 0x381A, 0x381A, 0x381A, 0x381A, 0x381A, 0x3822, 0x3822, 0x3822, 0x3822, 
    0x381A, 0x381A, 0x381A, 0x381A, 0x3822, 0x3822, 0x3822, 0x3822, 0x3822, 0x3822, 0x3822, 0x3822, 0x3822, 0x3822, 0x3822, 0x3722, 
    0x1722, 0x1722, 0x1722, 0x1722, 0x1722, 0x1722, 0x1722, 0x1722, 0x1722, 0x1722, 0x1722, 0x1722, 0x1722, 0x1722, 0x1722, 0x1722, 
    0xF721, 0xF721, 0xF721, 0xF721, 0xF721, 0xF721, 0xF721, 0xF721, 0x1722, 0x1722, 0x1722, 0x1722, 0x1722, 0x1722, 0x1722, 0x1722, 
    0xF721, 0xF721, 0xF721, 0xF721, 0xF721, 0xF721, 0xF721, 0xF721, 0xF721, 0xF721, 0xF721, 0xF721, 0xF721, 0xF721, 0xF721, 0xF721, 
    0x9A3B, 0x9A3B, 0x9A33, 0x9A33, 0xBA33, 0x9A33, 0x9A33, 0x9A33, 0xBB33, 0x7A33, 0x5933, 0x5933, 0x5A33, 0x7A33, 0x9A3B, 0xDB43, 
    0x7B33, 0x7B33, 0x7B2B, 0x7B2B, 0x7B2B, 0x7A2B, 0x7A2B, 0x7A2B, 0x7B2B, 0x7B2B, 0x7A2B, 0x7A2B, 0x7A2B, 0x7A2B, 0x7A2B, 0x7A2B, 
    0x7A2B, 0x7A2B, 0x5A2B, 0x5A2B, 0x5A2B, 0x5A2B, 0x5A2B, 0x5A2B, 0x5A2B, 0x5A2B, 0x3A2B, 0x3A2B, 0x3A2B, 0x3A2B, 0x3A2B, 0x3A2B, 
    0x3A23, 0x3A23, 0x1A23, 0x1A23, 0x1A23, 0x1A23, 0x1A23, 0x1A23, 0x1A23, 0x1A23, 0x1A23, 0x1A23, 0x1A23, 0x1A23, 0x1A23, 0x1A23, 
    0x1A23, 0x1A23, 0x1A23, 0x1A23, 0x1A23, 0x1A23, 0xFA22, 0xFA22, 0xFA22, 0xFA22, 0xFA22, 0xFA22, 0xFA22, 0xFA22, 0xFA22, 0xFA22, 
    0xFA22, 0xFA22, 0xDA1A, 0xDA1A, 0xDA22, 0xDA1A, 0xDA1A, 0xDA1A, 0xDA22, 0xDA22, 0xDA22, 0xBA22, 0xBA22, 0xBA22, 0xBA22, 0xBA22, 
    0xB922, 0xB922, 0xB922, 0xB922, 0xB922, 0xB922, 0xB922, 0xB922, 0xB922, 0xB922, 0xB922, 0xB922, 0xB922, 0xB922, 0xB922, 0xB922, 
    0xB91A, 0xB91A, 0xB91A, 0xB91A, 0x991A, 0x991A, 0x991A, 0x991A, 0x9922, 0x9922, 0x9922, 0x9922, 0x9922, 0x9922, 0x9922, 0x9922, 
    0x9922, 0x9922, 0x9822, 0x9822, 0x9822, 0x9822, 0x9822, 0x9822, 0x9822, 0x9822, 0x9822, 0x9822, 0x9822, 0x9822, 0x9822, 0x9822, 
    0x7822, 0x7822, 0x781A, 0x781A, 0x781A, 0x781A, 0x781A, 0x781A, 0x581A, 0x581A, 0x581A, 0x581A, 0x581A, 0x581A, 0x581A, 0x581A, 
    0x581A, 0x581A, 0x581A, 0x581A, 0x581A, 0x581A, 0x381A, 0x381A, 0x381A, 0x381A, 0x381A, 0x381A, 0x3822, 0x3822, 0x3822, 0x3822, 
    0x381A, 0x381A, 0x381A, 0x381A, 0x3822, 0x3822, 0x3822, 0x3822, 0x3822, 0x3822, 0x3822, 0x3822, 0x3822, 0x3822, 0x3822, 0x3722, 
    0x1722, 0x1722, 0x1722, 0x1722, 0x1722, 0x1722, 0x1722, 0x1722, 0x1722, 0x1722, 0x1722, 0x1722, 0x1722, 0x1722, 0x1722, 0x1722, 
    0xF721, 0xF721, 0xF721, 0xF721, 0xF721, 0xF721, 0xF721, 0xF721, 0x1722, 0x1722, 0x1722, 0x1722, 0x1722, 0x1722, 0x1722, 0x1722, 
    0xF721, 0xF721, 0xF721, 0xF721, 0xF721, 0xF721, 0xF721, 0xF721, 0xF721, 0xF721, 0xF721, 0xF721, 0xF721, 0xF721, 0xF721, 0xF721, 
    0x9B3B, 0x9A3B, 0x9B3B, 0x9A33, 0x9B33, 0x9A33, 0x9A33, 0x9A33, 0xBB3B, 0x9A33, 0x7A33, 0x9A33, 0x9B3B, 0x7A3B, 0x7A33, 0x9A3B, 
    0x7B33, 0x7B33, 0x7B33, 0x7B2B, 0x7B2B, 0x7A2B, 0x7A2B, 0x7A2B, 0x7B2B, 0x7B2B, 0x7B2B, 0x7A2B, 0x7A2B, 0x7A2B, 0x7A2B, 0x7A2B, 
    0x7A2B, 0x7A2B, 0x7A2B, 0x5A2B, 0x5A2B, 0x5A2B, 0x5A2B, 0x5A2B, 0x5A2B, 0x5A2B, 0x5A2B, 0x3A2B, 0x3A2B, 0x3A2B, 0x3A2B, 0x3A2B, 
    0x3A23, 0x3A23, 0x3A23, 0x1A23, 0x1A23, 0x1A23, 0x1A23, 0x1A23, 0x1A23, 0x1A23, 0x1A23, 0x1A23, 0x1A23, 0x1A23, 0x1A23, 0x1A23, 
    0x1A23, 0x1A23, 0x1A23, 0x1A23, 0x1A23, 0x1A23, 0xFA22, 0xFA22, 0xFA22, 0xFA22, 0xFA22, 0xFA22, 0xFA22, 0xFA22, 0xFA22, 0xFA22, 
    0xFA22, 0xFA22, 0xFA22, 0xDA1A, 0xDA22, 0xDA1A, 0xDA1A, 0xDA1A, 0xDA22, 0xDA22, 0xDA22, 0xDA22, 0xBA22, 0xBA1A, 0xBA22, 0xBA22, 
    0xBA22, 0xD922, 0xB922, 0xB922, 0xB922, 0xB922, 0xB922, 0xB91A, 0xB91A, 0xB91A, 0xB91A, 0xB91A, 0xB91A, 0xB91A, 0xB91A, 0xB91A, 
    0xB91A, 0xB91A, 0xB91A, 0xB91A, 0x991A, 0x991A, 0x991A, 0x991A, 0x9922, 0x9922, 0x9922, 0x9922, 0x9922, 0x9922, 0x9922, 0x9922, 
    0x9922, 0x9922, 0x9922, 0x9822, 0x9822, 0x9822, 0x9822, 0x9822, 0x9822, 0x9822, 0x9822, 0x9822, 0x9822, 0x9822, 0x9822, 0x9822, 
    0x7822, 0x7822, 0x7822, 0x781A, 0x781A, 0x781A, 0x781A, 0x781A, 0x581A, 0x581A, 0x581A, 0x581A, 0x581A, 0x581A, 0x581A, 0x581A, 
    0x581A, 0x581A, 0x581A, 0x581A, 0x581A, 0x581A, 0x581A, 0x581A, 0x381A, 0x381A, 0x381A, 0x381A, 0x381A, 0x381A, 0x381A, 0x381A, 
    0x381A, 0x381A, 0x381A, 0x381A, 0x3822, 0x3822, 0x3822, 0x3822, 0x381A, 0x381A, 0x3822, 0x3822, 0x3822, 0x3822, 0x3822, 0x3822, 
    0x1722, 0x1722, 0x1722, 0x1722, 0x1722, 0x1722, 0x1722, 0x1722, 0x1722, 0x1722, 0x1722, 0x1722, 0x1722, 0x1722, 0x1722, 0x1722, 
    0xF721, 0xF721, 0xF721, 0xF721, 0xF721, 0xF721, 0xF721, 0xF721, 0x1722, 0x1722, 0x1722, 0x1722, 0x1722, 0x1722, 0x1722, 0x1722, 
    0xF721, 0x1722, 0xF721, 0x1722, 0xF721, 0x1722, 0xF721, 0x1722, 0xF721, 0x1722, 0xF721, 0x1722, 0xF721, 0x1722, 0xF721, 0x1722, 
    0x9B3B, 0x9B33, 0x9B33, 0x9A33, 0x9B33, 0x9A33, 0x9B33, 0x9A33, 0x9A33, 0x9A33, 0x9A33, 0x9A33, 0x7A33, 0x7A33, 0x7A33, 0x7A33, 
    0x7B33, 0x7B33, 0x7B33, 0x7A2B, 0x7A2B, 0x7A2B, 0x7A2B, 0x7A2B, 0x7A2B, 0x7A2B, 0x7A2B, 0x7A2B, 0x7A2B, 0x7A2B, 0x7A2B, 0x7A2B, 
    0x5A2B, 0x5A2B, 0x5A2B, 0x5A2B, 0x5A2B, 0x5A2B, 0x5A2B, 0x5A2B, 0x5A2B, 0x5A2B, 0x5A2B, 0x3A2B, 0x3A2B, 0x3A2B, 0x3A2B, 0x3A2B, 
    0x3A2B, 0x3A2B, 0x3A2B, 0x3A2B, 0x3A2B, 0x1A23, 0x1A23, 0x1A23, 0x1A23, 0x1A23, 0x1A23, 0x1A23, 0x1A23, 0xFA22, 0xFA22, 0xFA22, 
    0x1A23, 0x1A23, 0x1A23, 0x1A23, 0xFA22, 0xFA22, 0xFA22, 0xFA22, 0xFA22, 0xFA22, 0xFA22, 0xFA22, 0xFA22, 0xFA22, 0xFA22, 0xFA22, 
    0xFA22, 0xFA22, 0xFA22, 0xDA22, 0xDA22, 0xDA1A, 0xDA1A, 0xDA1A, 0xDA22, 0xDA22, 0xDA22, 0xDA1A, 0xDA22, 0xDA1A, 0xBA22, 0xDA1A, 
    0xB91A, 0xB91A, 0xD922, 0xD922, 0xB822, 0xB822, 0xB91A, 0xD91A, 0xD91A, 0xDA1A, 0xDA1A, 0xDA1A, 0xDA1A, 0xBA1A, 0x991A, 0x991A, 
    0xB91A, 0xB922, 0xB922, 0xB922, 0xB922, 0xB922, 0xB922, 0x991A, 0x991A, 0x991A, 0x991A, 0x991A, 0x9922, 0x991A, 0x9922, 0x9922, 
    0x9922, 0x9922, 0x9922, 0x9922, 0x9922, 0x9922, 0x9922, 0x9922, 0x7822, 0x7822, 0x7822, 0x7822, 0x7822, 0x781A, 0x781A, 0x781A, 
    0x7922, 0x7922, 0x7922, 0x7822, 0x7822, 0x581A, 0x581A, 0x581A, 0x581A, 0x581A, 0x581A, 0x581A, 0x581A, 0x581A, 0x581A, 0x581A, 
    0x581A, 0x581A, 0x581A, 0x581A, 0x581A, 0x581A, 0x581A, 0x581A, 0x581A, 0x581A, 0x581A, 0x581A, 0x581A, 0x581A, 0x581A, 0x581A, 
    0x381A, 0x381A, 0x381A, 0x381A, 0x381A, 0x381A, 0x381A, 0x381A, 0x381A, 0x381A, 0x381A, 0x381A, 0x381A, 0x381A, 0x381A, 0x381A, 
    0x3722, 0x3722, 0x3722, 0x3722, 0x3722, 0x3722, 0x3722, 0x3722, 0x1722, 0x1722, 0x1722, 0x1722, 0x1722, 0x1722, 0x1722, 0x1722, 
    0x1722, 0x1722, 0x1722, 0x1722, 0x1722, 0x1722, 0x1722, 0x1722, 0x1722, 0x1722, 0x1722, 0x1722, 0x1722, 0x1722, 0x1722, 0x1722, 
    0x1722, 0x171A, 0x1722, 0x171A, 0x1722, 0x171A, 0x1722, 0x171A, 0x1722, 0x171A, 0x1722, 0x171A, 0x1722, 0x171A, 0x1722, 0x171A, 
    0xBB33, 0x9B33, 0x9B33, 0x9B33, 0x9B33, 0x9B33, 0x9B33, 0x9B33, 0x9B33, 0x9B33, 0x9B33, 0x9B33, 0x9B33, 0x9B33, 0x9B33, 0x9B33, 
    0x7B33, 0x7B33, 0x7B33, 0x7A2B, 0x7A2B, 0x7A2B, 0x7A2B, 0x7A2B, 0x7A2B, 0x7A2B, 0x7A2B, 0x7A2B, 0x7A2B, 0x7A2B, 0x7A2B, 0x7A2B, 
    0x5A2B, 0x5A2B, 0x5A2B, 0x5A2B, 0x5A2B, 0x5A2B, 0x5A2B, 0x5A2B, 0x5A2B, 0x5A2B, 0x5A2B, 0x3A2B, 0x3A2B, 0x3A2B, 0x3A2B, 0x3A2B, 
    0x3A2B, 0x3A2B, 0x3A2B, 0x3A2B, 0x3A2B, 0x3A2B, 0x1A23, 0x1A23, 0x1A23, 0x1A23, 0x1A23, 0x1A23, 0x1A23, 0x1A23, 0xFA22, 0xFA22, 
    0x1A23, 0x1A23, 0x1A23, 0xFA22, 0xFA22, 0xFA22, 0xFA22, 0xFA22, 0xFA22, 0xFA22, 0xFA22, 0xFA22, 0xFA22, 0xFA22, 0xFA22, 0xFA22, 
    0xFA22, 0xFA22, 0xFA22, 0xDA22, 0xDA22, 0xDA22, 0xDA1A, 0xDA1A, 0xDA22, 0xDA22, 0xDA22, 0xDA1A, 0xDA1A, 0xDA1A, 0xDA1A, 0xDA1A, 
    0xFA22, 0xFA22, 0xD922, 0xD922, 0xB822, 0xD822, 0xD822, 0xD91A, 0xD91A, 0xB912, 0x9912, 0x9912, 0xBA12, 0xDA1A, 0xDA22, 0xD922, 
    0xB922, 0xB922, 0xB922, 0xB922, 0xB922, 0xB922, 0x991A, 0x991A, 0x991A, 0x991A, 0x991A, 0x991A, 0x991A, 0x991A, 0x991A, 0x9922, 
    0x9922, 0x9922, 0x9922, 0x9922, 0x9922, 0x9922, 0x9922, 0x9922, 0x7822, 0x7822, 0x7822, 0x7822, 0x7822, 0x7822, 0x781A, 0x781A, 
    0x7922, 0x7922, 0x7922, 0x7822, 0x7822, 0x7822, 0x581A, 0x581A, 0x581A, 0x581A, 0x581A, 0x581A, 0x581A, 0x581A, 0x581A, 0x581A, 
    0x581A, 0x581A, 0x581A, 0x581A, 0x581A, 0x581A, 0x581A, 0x581A, 0x581A, 0x581A, 0x581A, 0x581A, 0x581A, 0x581A, 0x581A, 0x581A, 
    0x381A, 0x381A, 0x381A, 0x381A, 0x381A, 0x381A, 0x381A, 0x381A, 0x381A, 0x381A, 0x381A, 0x381A, 0x381A, 0x381A, 0x381A, 0x381A, 
    0x3822, 0x3722, 0x3722, 0x3722, 0x3722, 0x3722, 0x3722, 0x3722, 0x1722, 0x1722, 0x1722, 0x1722, 0x1722, 0x1722, 0x1722, 0x1722, 
    0x1722, 0x1722, 0x1722, 0x1722, 0x1722, 0x1722, 0x1722, 0x1722, 0x1722, 0x1722, 0x1722, 0x1722, 0x1722, 0x1722, 0x1722, 0x1722, 
    0x1722, 0x171A, 0x171A, 0x171A, 0x171A, 0x171A, 0x171A, 0x171A, 0x171A, 0x171A, 0x171A, 0x171A, 0x171A, 0x171A, 0x171A, 0x171A, 
    0xBB33, 0xBB33, 0x9B33, 0x9B33, 0x9B33, 0x9B33, 0x9B33, 0x9B33, 0x9B33, 0x9B33, 0x9B33, 0x9B33, 0x9B33, 0x9B33, 0x9B33, 0x9B33, 
    0x7B33, 0x7B33, 0x7B33, 0x7B33, 0x7A2B, 0x7A2B, 0x7A2B, 0x7A2B, 0x7A2B, 0x7A2B, 0x7A2B, 0x7A2B, 0x7A2B, 0x7A2B, 0x7A2B, 0x7A2B, 
    0x5A2B, 0x5A2B, 0x5A2B, 0x5A2B, 0x5A2B, 0x5A2B, 0x5A2B, 0x5A2B, 0x5A2B, 0x5A2B, 0x5A2B, 0x5A2B, 0x3A2B, 0x3A2B, 0x3A2B, 0x3A2B, 
    0x3A2B, 0x3A2B, 0x3A2B, 0x3A2B, 0x3A2B, 0x3A2B, 0x3A2B, 0x1A23, 0x1A23, 0x1A23, 0x1A23, 0x1A23, 0x1A23, 0x1A23, 0x1A23, 0xFA22, 
    0x1A23, 0x1A23, 0x1A23, 0xFA22, 0xFA22, 0xFA22, 0xFA22, 0xFA22, 0xFA22, 0xFA22, 0xFA22, 0xFA22, 0xFA22, 0xFA22, 0xFA22, 0xFA22, 
    0xFA22, 0xFA22, 0xFA22, 0xFA22, 0xDA22, 0xDA22, 0xDA22, 0xDA1A, 0xDA22, 0xDA22, 0xDA22, 0xDA1A, 0xDA1A, 0xDA1A, 0xDA1A, 0xDA1A, 
    0xDB1A, 0xDA1A, 0xB91A, 0xB91A, 0xB822, 0xB822, 0xB922, 0xB91A, 0x1B23, 0xFA22, 0xDA1A, 0xDA1A, 0xB91A, 0xB91A, 0x981A, 0x981A, 
    0xB922, 0xB922, 0xB922, 0xB922, 0xB922, 0xB922, 0x991A, 0x991A, 0x991A, 0x991A, 0x991A, 0x991A, 0x991A, 0x991A, 0x991A, 0x9922, 
    0x9922, 0x9922, 0x9922, 0x9922, 0x9922, 0x9922, 0x9922, 0x9922, 0x981A, 0x981A, 0x981A, 0x981A, 0x781A, 0x781A, 0x781A, 0x781A, 
    0x7922, 0x7922, 0x7922, 0x7922, 0x7822, 0x7822, 0x7822, 0x581A, 0x581A, 0x581A, 0x581A, 0x581A, 0x581A, 0x581A, 0x581A, 0x581A, 
    0x581A, 0x581A, 0x581A, 0x581A, 0x581A, 0x581A, 0x581A, 0x581A, 0x581A, 0x581A, 0x581A, 0x581A, 0x581A, 0x581A, 0x581A, 0x581A, 
    0x381A, 0x381A, 0x381A, 0x381A, 0x381A, 0x381A, 0x381A, 0x381A, 0x381A, 0x381A, 0x381A, 0x381A, 0x381A, 0x381A, 0x381A, 0x381A, 
    0x3822, 0x3722, 0x3722, 0x3722, 0x3722, 0x3722, 0x3722, 0x3722, 0x171A, 0x171A, 0x171A, 0x171A, 0x171A, 0x171A, 0x171A, 0x1722, 
    0x1722, 0x1722, 0x1722, 0x1722, 0x1722, 0x1722, 0x1722, 0x1722, 0x1722, 0x1722, 0x1722, 0x1722, 0x1722, 0x1722, 0x1722, 0x1722, 
    0x1722, 0x171A, 0x171A, 0x171A, 0x171A, 0x171A, 0x171A, 0x171A, 0x171A, 0x171A, 0x171A, 0x171A, 0x171A, 0x171A, 0x171A, 0x171A, 
    0xBB33, 0xBB33, 0x9B33, 0x9B33, 0x9B33, 0x9B33, 0x9B33, 0x9B33, 0x9B33, 0x9B33, 0x9B33, 0x9B33, 0x9B33, 0x9B33, 0x9B33, 0x9B33, 
    0x9B33, 0x9B33, 0x7B33, 0x7B33, 0x7B33, 0x7A2B, 0x7A2B, 0x7A2B, 0x7B33, 0x7B33, 0x7A2B, 0x7A2B, 0x7A2B, 0x7A2B, 0x7A2B, 0x7A2B, 
    0x7A2B, 0x7A2B, 0x5A2B, 0x5A2B, 0x5A2B, 0x5A2B, 0x5A2B, 0x5A2B, 0x5A2B, 0x5A2B, 0x5A2B, 0x5A2B, 0x5A2B, 0x3A2B, 0x3A2B, 0x3A2B, 
    0x3A2B, 0x3A2B, 0x3A2B, 0x3A2B, 0x3A2B, 0x3A2B, 0x3A2B, 0x3A2B, 0x1A23, 0x1A23, 0x1A23, 0x1A23, 0x1A23, 0x1A23, 0x1A23, 0x1A23, 
    0x1A23, 0x1A23, 0x1A23, 0xFA22, 0xFA22, 0xFA22, 0xFA22, 0xFA22, 0xFA22, 0xFA22, 0xFA22, 0xFA22, 0xFA22, 0xFA22, 0xFA22, 0xFA22, 
    0xFA22, 0xFA22, 0xFA22, 0xFA22, 0xFA22, 0xDA22, 0xDA22, 0xDA22, 0xDA22, 0xDA22, 0xDA22, 0xDA1A, 0xDA1A, 0xDA1A, 0xDA1A, 0xDA1A, 
    0xBA1A, 0xBA1A, 0xBA1A, 0xB91A, 0xB922, 0xD922, 0xD922, 0xB922, 0x7812, 0x981A, 0xB91A, 0xB922, 0xB922, 0x9922, 0x9822, 0x9822, 
    0xB922, 0xB922, 0xB922, 0x991A, 0x991A, 0x991A, 0xB922, 0xB922, 0x991A, 0x991A, 0x991A, 0x991A, 0x991A, 0x991A, 0x991A, 0x991A, 
    0x9922, 0x9922, 0x9922, 0x9922, 0x9922, 0x9922, 0x9922, 0x9922, 0x9922, 0x9922, 0x981A, 0x981A, 0x981A, 0x781A, 0x781A, 0x781A, 
    0x7922, 0x7922, 0x7922, 0x7922, 0x7922, 0x7822, 0x7822, 0x7822, 0x7822, 0x7822, 0x7822, 0x7822, 0x7822, 0x7822, 0x7822, 0x7822, 
    0x781A, 0x781A, 0x581A, 0x581A, 0x581A, 0x581A, 0x581A, 0x581A, 0x581A, 0x581A, 0x581A, 0x581A, 0x581A, 0x581A, 0x581A, 0x581A, 
    0x381A, 0x381A, 0x381A, 0x381A, 0x381A, 0x381A, 0x381A, 0x381A, 0x381A, 0x381A, 0x381A, 0x381A, 0x381A, 0x381A, 0x381A, 0x381A, 
    0x381A, 0x3722, 0x3722, 0x3722, 0x3722, 0x3722, 0x3722, 0x3722, 0x3722, 0x3722, 0x3722, 0x3722, 0x3722, 0x3722, 0x3722, 0x3722, 
    0x1722, 0x1722, 0x1722, 0x1722, 0x1722, 0x1722, 0x1722, 0x1722, 0x1722, 0x1722, 0x1722, 0x1722, 0x1722, 0x1722, 0x1722, 0x1722, 
    0x171A, 0x171A, 0x171A, 0x171A, 0x171A, 0x171A, 0x171A, 0x171A, 0x171A, 0x171A, 0x171A, 0x171A, 0x171A, 0x171A, 0x171A, 0x171A, 
    0xBB33, 0xBB33, 0x9B33, 0x9B33, 0x9B33, 0x9B33, 0x9B33, 0x9B33, 0x9B33, 0x9B33, 0x9B33, 0x9B33, 0x9B33, 0x9B33, 0x9B33, 0x9B33, 
    0x9B33, 0x9B33, 0x9B33, 0x7B33, 0x7B33, 0x7B33, 0x7A2B, 0x7A2B, 0x7B33, 0x7B33, 0x7B33, 0x7A2B, 0x7A2B, 0x7A2B, 0x7A2B, 0x7A2B, 
    0x7A2B, 0x7A2B, 0x7A2B, 0x5A2B, 0x5A2B, 0x5A2B, 0x5A2B, 0x5A2B, 0x5A2B, 0x5A2B, 0x5A2B, 0x5A2B, 0x5A2B, 0x5A2B, 0x3A2B, 0x3A2B, 
    0x3A2B, 0x3A2B, 0x3A2B, 0x3A2B, 0x3A2B, 0x3A2B, 0x3A2B, 0x3A2B, 0x1A23, 0x1A23, 0x1A23, 0x1A23, 0x1A23, 0x1A23, 0x1A23, 0x1A23, 
    0x1A23, 0x1A23, 0x1A23, 0xFA22, 0xFA22, 0xFA22, 0xFA22, 0xFA22, 0xFA22, 0xFA22, 0xFA22, 0xFA22, 0xFA22, 0xFA22, 0xFA22, 0xFA22, 
    0xFA22, 0xFA22, 0xFA22, 0xFA22, 0xFA22, 0xFA22, 0xDA22, 0xDA22, 0xDA22, 0xDA22, 0xDA22, 0xDA1A, 0xDA1A, 0xDA1A, 0xDA1A, 0xDA1A, 
    0xBA1A, 0xDB1A, 0xDA1A, 0xDA22, 0xDA22, 0xD922, 0xD922, 0xB822, 0xB822, 0xD92A, 0xF92A, 0xD92A, 0xB82A, 0x982A, 0x982A, 0xB82A, 
    0x9922, 0xB922, 0x991A, 0x991A, 0x991A, 0x991A, 0xB922, 0xB922, 0x991A, 0x991A, 0x991A, 0x991A, 0x991A, 0x991A, 0x991A, 0x991A, 
    0x9922, 0x9922, 0x9922, 0x9922, 0x9922, 0x9922, 0x9922, 0x9922, 0x9922, 0x9922, 0x9922, 0x981A, 0x981A, 0x981A, 0x781A, 0x781A, 
    0x7922, 0x7922, 0x7922, 0x7922, 0x7922, 0x7922, 0x781A, 0x781A, 0x781A, 0x781A, 0x781A, 0x781A, 0x781A, 0x781A, 0x781A, 0x781A, 
    0x781A, 0x781A, 0x781A, 0x581A, 0x581A, 0x581A, 0x581A, 0x581A, 0x581A, 0x581A, 0x581A, 0x581A, 0x581A, 0x581A, 0x581A, 0x581A, 
    0x381A, 0x381A, 0x381A, 0x381A, 0x381A, 0x381A, 0x381A, 0x381A, 0x381A, 0x381A, 0x381A, 0x381A, 0x381A, 0x381A, 0x381A, 0x381A, 
    0x381A, 0x381A, 0x381A, 0x381A, 0x381A, 0x381A, 0x381A, 0x381A, 0x371A, 0x371A, 0x371A, 0x371A, 0x371A, 0x371A, 0x371A, 0x3722, 
    0x1722, 0x1722, 0x1722, 0x1722, 0x1722, 0x1722, 0x1722, 0x1722, 0x1722, 0x1722, 0x1722, 0x1722, 0x1722, 0x1722, 0x1722, 0x1722, 
    0x171A, 0x171A, 0x171A, 0x171A, 0x171A, 0x171A, 0x171A, 0x171A, 0x171A, 0x171A, 0x171A, 0x171A, 0x171A, 0x171A, 0x171A, 0x171A, 
    0xBB33, 0xBB33, 0xBB33, 0x9B33, 0x9B33, 0x9B33, 0x9B33, 0x9B33, 0x9B33, 0x9B33, 0x9B33, 0x9B33, 0x9B33, 0x9B33, 0x9B33, 0x9B33, 
    0x9B33, 0x9B33, 0x9B33, 0x9B33, 0x7B33, 0x7B33, 0x7B33, 0x7B33, 0x9B33, 0x7B33, 0x7B33, 0x7B33, 0x7A2B, 0x7A2B, 0x7A2B, 0x7A2B, 
    0x7A33, 0x7A2B, 0x7A2B, 0x7A2B, 0x5A2B, 0x5A2B, 0x5A2B, 0x5A2B, 0x5A2B, 0x5A2B, 0x5A2B, 0x5A2B, 0x5A2B, 0x5A2B, 0x5B2B, 0x5B2B, 
    0x3A2B, 0x3A2B, 0x3A2B, 0x3A2B, 0x3A2B, 0x3A2B, 0x3A2B, 0x3A2B, 0x1A2B, 0x1A23, 0x1A23, 0x1A23, 0x1A23, 0x1A23, 0x1A23, 0x1A23, 
    0x1A23, 0x1A23, 0x1A23, 0xFA22, 0xFA22, 0xFA22, 0xFA22, 0xFA22, 0x1A23, 0xFA22, 0xFA22, 0xFA22, 0xFA22, 0xFA22, 0xFA22, 0xFA22, 
    0xFA22, 0xFA22, 0xFA22, 0xFA22, 0xFA22, 0xFA22, 0xFA22, 0xFA22, 0xDA22, 0xDA22, 0xDA22, 0xDA1A, 0xDA1A, 0xDA1A, 0xDA1A, 0xDA1A, 
    0xBA1A, 0xDB1A, 0xDB1A, 0xDA1A, 0xB91A, 0xB91A, 0x9822, 0x9822, 0xD832, 0xD82A, 0x972A, 0x762A, 0x762A, 0x762A, 0x9732, 0xB832, 
    0xD92A, 0xD922, 0xB922, 0xB922, 0x991A, 0xB922, 0xB922, 0xB922, 0x991A, 0x991A, 0x991A, 0x991A, 0x991A, 0x991A, 0x991A, 0x991A, 
    0xB922, 0x9922, 0x9922, 0x9922, 0x9922, 0x9922, 0x9922, 0x9922, 0x9922, 0x9922, 0x9922, 0x9922, 0x981A, 0x981A, 0x981A, 0x981A, 
    0x9922, 0x7922, 0x7922, 0x7922, 0x7922, 0x7922, 0x7922, 0x7922, 0x7922, 0x7922, 0x7922, 0x7922, 0x7922, 0x7922, 0x7922, 0x7922, 
    0x781A, 0x781A, 0x781A, 0x781A, 0x581A, 0x581A, 0x581A, 0x581A, 0x581A, 0x581A, 0x581A, 0x581A, 0x581A, 0x581A, 0x581A, 0x581A, 
    0x581A, 0x581A, 0x581A, 0x581A, 0x581A, 0x581A, 0x581A, 0x581A, 0x381A, 0x381A, 0x381A, 0x381A, 0x381A, 0x381A, 0x381A, 0x381A, 
    0x381A, 0x381A, 0x381A, 0x381A, 0x381A, 0x381A, 0x381A, 0x381A, 0x381A, 0x381A, 0x381A, 0x381A, 0x381A, 0x381A, 0x381A, 0x381A, 
    0x1722, 0x1722, 0x1722, 0x1722, 0x1722, 0x1722, 0x1722, 0x1722, 0x1722, 0x1722, 0x1722, 0x1722, 0x1722, 0x1722, 0x1722, 0x1722, 
    0x171A, 0x171A, 0x171A, 0x171A, 0x171A, 0x171A, 0x171A, 0x171A, 0x171A, 0x171A, 0x171A, 0x171A, 0x171A, 0x171A, 0x171A, 0x171A, 
    0xBB3B, 0xBB33, 0xBB33, 0x9B33, 0x9B33, 0x9B33, 0x9B33, 0xBB33, 0x9B33, 0x9B33, 0x9B33, 0x9B33, 0x9B33, 0x9B33, 0x9B33, 0x9B33, 
    0x9B33, 0x9B33, 0x9B33, 0x9B33, 0x9B33, 0x7B33, 0x7B33, 0x7B33, 0x9B33, 0x9B33, 0x7B33, 0x7B33, 0x7B33, 0x7A2B, 0x7A2B, 0x7A2B, 
    0x7A33, 0x7A33, 0x7A2B, 0x7A2B, 0x7A2B, 0x5A2B, 0x5A2B, 0x5A2B, 0x5A2B, 0x5A2B, 0x5A2B, 0x5A2B, 0x5A2B, 0x5A2B, 0x5B2B, 0x5B2B, 
    0x3A2B, 0x3A2B, 0x3A2B, 0x3A2B, 0x3A2B, 0x3A2B, 0x3A2B, 0x3A2B, 0x3A2B, 0x3A2B, 0x1A23, 0x1A23, 0x1A23, 0x1A23, 0x1A23, 0x1A23, 
    0x1A23, 0x1A23, 0x1A23, 0xFA22, 0xFA22, 0xFA22, 0xFA22, 0xFA22, 0x1A23, 0x1A23, 0xFA22, 0xFA22, 0xFA22, 0xFA22, 0xFA22, 0xFA22, 
    0xFA22, 0xFA22, 0xFA22, 0xFA22, 0xFA22, 0xFA22, 0xFA22, 0xFA22, 0xDA22, 0xDA22, 0xDA22, 0xDA1A, 0xDA1A, 0xDA1A, 0xDA1A, 0xDA1A, 
    0x9A1A, 0xBA1A, 0xDA1A, 0xBA1A, 0x991A, 0x981A, 0xD822, 0xF832, 0x962A, 0x552A, 0x542A, 0xB632, 0x384B, 0x9A53, 0x9A53, 0x7A4B, 
    0x1A33, 0x1A2B, 0xFA2A, 0xD922, 0xB922, 0xB922, 0xB922, 0xB922, 0x991A, 0x991A, 0x991A, 0x991A, 0x991A, 0x991A, 0x991A, 0x991A, 
    0xB922, 0xB922, 0xB922, 0xB922, 0xB922, 0xB922, 0xB922, 0xB922, 0x9922, 0x9922, 0x991A, 0x991A, 0x991A, 0x981A, 0x981A, 0x981A, 
    0x9922, 0x9922, 0x7922, 0x7922, 0x7922, 0x7922, 0x7922, 0x7922, 0x7922, 0x7922, 0x7922, 0x7922, 0x7922, 0x7922, 0x7922, 0x7922, 
    0x781A, 0x781A, 0x781A, 0x781A, 0x781A, 0x581A, 0x581A, 0x581A, 0x581A, 0x581A, 0x581A, 0x581A, 0x581A, 0x581A, 0x581A, 0x581A, 
    0x581A, 0x581A, 0x581A, 0x581A, 0x581A, 0x581A, 0x581A, 0x581A, 0x381A, 0x381A, 0x381A, 0x381A, 0x381A, 0x381A, 0x381A, 0x381A, 
    0x381A, 0x381A, 0x381A, 0x381A, 0x381A, 0x381A, 0x381A, 0x381A, 0x381A, 0x381A, 0x381A, 0x381A, 0x381A, 0x381A, 0x381A, 0x381A, 
    0x1722, 0x1722, 0x1722, 0x1722, 0x1722, 0x1722, 0x1722, 0x1722, 0x1722, 0x1722, 0x1722, 0x1722, 0x1722, 0x1722, 0x1722, 0x1722, 
    0x171A, 0x171A, 0x171A, 0x171A, 0x171A, 0x171A, 0x171A, 0x171A, 0x171A, 0x171A, 0x171A, 0x171A, 0x171A, 0x171A, 0x171A, 0x171A, 
    0xBB3B, 0xBB33, 0xBB33, 0x9B33, 0x9B33, 0x9B33, 0x9B33, 0xBB33, 0xBB33, 0xBB33, 0xBB33, 0xBB33, 0xBB33, 0xBB33, 0xBB33, 0xBB33, 
    0x9B33, 0x9B33, 0x9B33, 0x9B33, 0x9B33, 0x7B33, 0x7B33, 0x7B33, 0x9B33, 0x9B33, 0x9B33, 0x7B33, 0x7B33, 0x7A2B, 0x7A2B, 0x7A2B, 
    0x7A33, 0x7A33, 0x7A33, 0x7A2B, 0x7A2B, 0x5A2B, 0x5A2B, 0x5A2B, 0x5A2B, 0x5A2B, 0x5B2B, 0x5A2B, 0x5A2B, 0x5A2B, 0x5B2B, 0x5B2B, 
    0x3A2B, 0x3A2B, 0x3A2B, 0x3A2B, 0x3A2B, 0x3A2B, 0x3A2B, 0x3A2B, 0x3A2B, 0x3A2B, 0x1A2B, 0x1A23, 0x1A23, 0x1A23, 0x1A23, 0x1A23, 
    0x1A23, 0x1A23, 0x1A23, 0xFA22, 0xFA22, 0xFA22, 0xFA22, 0xFA22, 0x1A23, 0x1A23, 0x1A23, 0xFA22, 0xFA22, 0xFA22, 0xFA22, 0xFA22, 
    0xFA22, 0xFA22, 0xFA22, 0xFA22, 0xFA22, 0xFA22, 0xFA22, 0xFA22, 0xDA22, 0xDA22, 0xDA22, 0xDA1A, 0xDA1A, 0xDA1A, 0xDA1A, 0xDA1A, 
    0xBA1A, 0xDA1A, 0xFA22, 0xDA1A, 0xB91A, 0xD922, 0x3A33, 0x9A43, 0xBE74, 0x5C6C, 0x3B6C, 0x9C7C, 0x3F8D, 0x5F8D, 0xBE7C, 0x1C5C, 
    0x5B3B, 0x5B33, 0x1B2B, 0xFA2A, 0xD922, 0xB922, 0x991A, 0x991A, 0x991A, 0x991A, 0x991A, 0x991A, 0x991A, 0x991A, 0x991A, 0x991A, 
    0xB922, 0xB922, 0xB922, 0xB922, 0xB922, 0xB922, 0xB922, 0xB922, 0x9922, 0x9922, 0x9922, 0x991A, 0x991A, 0x981A, 0x981A, 0x981A, 
    0x9922, 0x9922, 0x9922, 0x7922, 0x7922, 0x7922, 0x7922, 0x7922, 0x7922, 0x7922, 0x7922, 0x7922, 0x7922, 0x7922, 0x7922, 0x7922, 
    0x781A, 0x781A, 0x781A, 0x781A, 0x781A, 0x581A, 0x581A, 0x581A, 0x581A, 0x581A, 0x581A, 0x581A, 0x581A, 0x581A, 0x581A, 0x581A, 
    0x581A, 0x581A, 0x581A, 0x581A, 0x581A, 0x581A, 0x581A, 0x581A, 0x381A, 0x381A, 0x381A, 0x381A, 0x381A, 0x381A, 0x381A, 0x381A, 
    0x381A, 0x381A, 0x381A, 0x381A, 0x381A, 0x381A, 0x381A, 0x381A, 0x381A, 0x381A, 0x381A, 0x381A, 0x381A, 0x381A, 0x381A, 0x381A, 
    0x3722, 0x3722, 0x1722, 0x3722, 0x1722, 0x3722, 0x1722, 0x3722, 0x1722, 0x3722, 0x1722, 0x3722, 0x1722, 0x3722, 0x1722, 0x3722, 
    0x171A, 0x171A, 0x171A, 0x171A, 0x171A, 0x171A, 0x171A, 0x171A, 0x171A, 0x171A, 0x171A, 0x171A, 0x171A, 0x171A, 0x171A, 0x171A, 
    0xBB33, 0xBB33, 0xBB33, 0xBA33, 0xBA33, 0x9A33, 0x9A33, 0x9A33, 0xBA33, 0xBA33, 0xBA33, 0x9A33, 0x9A33, 0x9A33, 0x9A33, 0x9A33, 
    0x9B33, 0x9B33, 0x9B33, 0x9B33, 0x9B33, 0x9B33, 0x9B33, 0x9B33, 0x9B33, 0x9B33, 0x9B33, 0x7B33, 0x7B33, 0x7A2B, 0x7A2B, 0x7A2B, 
    0x7A2B, 0x7A2B, 0x7A2B, 0x7A2B, 0x7A2B, 0x7A2B, 0x7A2B, 0x7A2B, 0x5A2B, 0x5A2B, 0x5A2B, 0x5A2B, 0x5A2B, 0x3A2B, 0x3A2B, 0x3A2B, 
    0x3A2B, 0x3A2B, 0x3A2B, 0x3A2B, 0x3A2B, 0x3A2B, 0x3A2B, 0x3A2B, 0x3A2B, 0x3A2B, 0x3A2B, 0x3A2B, 0x3A2B, 0x1A23, 0x1A23, 0x1A23, 
    0x1A23, 0x1A23, 0x1A23, 0x1A23, 0x1A23, 0xFA22, 0xFA22, 0xFA22, 0xFA22, 0xFA22, 0xFA22, 0xFA22, 0xFA22, 0xFA22, 0xFA22, 0xFA22, 
    0xFA22, 0xFA22, 0xFA22, 0xFA22, 0xFA22, 0xF922, 0xFA22, 0xFA22, 0xDA22, 0xFA22, 0xFA22, 0xFA22, 0xFA22, 0xDA22, 0xDA1A, 0xDA1A, 
    0xD91A, 0xDA22, 0xDA1A, 0xB812, 0x9812, 0xF922, 0xDB4B, 0x9D64, 0x1F9E, 0x7FB6, 0xDFC6, 0x7FBE, 0xFFCE, 0x9FB6, 0x7C74, 0x1C5C, 
    0x5A3B, 0x1B2B, 0xFA2A, 0xB922, 0xB922, 0xB922, 0xB922, 0xB922, 0xB922, 0xB922, 0xB922, 0x991A, 0x991A, 0xB922, 0xB922, 0xB922, 
    0x9922, 0x9922, 0x9922, 0x9922, 0x9922, 0x9922, 0x9922, 0x9922, 0x991A, 0x991A, 0x991A, 0x991A, 0x991A, 0x991A, 0x991A, 0x991A, 
    0x9922, 0x9922, 0x9922, 0x991A, 0x991A, 0x791A, 0x791A, 0x791A, 0x791A, 0x791A, 0x791A, 0x791A, 0x791A, 0x791A, 0x791A, 0x791A, 
    0x781A, 0x781A, 0x781A, 0x781A, 0x781A, 0x781A, 0x781A, 0x781A, 0x781A, 0x781A, 0x781A, 0x581A, 0x581A, 0x581A, 0x581A, 0x581A, 
    0x581A, 0x581A, 0x581A, 0x581A, 0x581A, 0x581A, 0x581A, 0x581A, 0x581A, 0x581A, 0x581A, 0x381A, 0x381A, 0x381A, 0x381A, 0x381A, 
    0x381A, 0x381A, 0x381A, 0x381A, 0x381A, 0x381A, 0x381A, 0x381A, 0x381A, 0x381A, 0x381A, 0x381A, 0x381A, 0x381A, 0x381A, 0x371A, 
    0x371A, 0x371A, 0x3722, 0x371A, 0x3722, 0x371A, 0x3722, 0x371A, 0x171A, 0x171A, 0x171A, 0x171A, 0x171A, 0x171A, 0x171A, 0x171A, 
    0x171A, 0x171A, 0x171A, 0x171A, 0x171A, 0x171A, 0x171A, 0x171A, 0x171A, 0x171A, 0x171A, 0x171A, 0x171A, 0x171A, 0x171A, 0x171A, 
    0xBB33, 0xBB33, 0xBB33, 0xBA33, 0xBA33, 0xBA33, 0x9A33, 0x9A33, 0xBA33, 0xBA33, 0xBA33, 0x9A33, 0x9A33, 0x9A33, 0x9A33, 0x9A33, 
    0x9B33, 0x9B33, 0x9B33, 0x9B33, 0x9B33, 0x9B33, 0x9B33, 0x9B33, 0x9B33, 0x9B33, 0x9B33, 0x7B33, 0x7B33, 0x7B33, 0x7A2B, 0x7A2B, 
    0x7A2B, 0x7A2B, 0x7A2B, 0x7A2B, 0x7A2B, 0x7A2B, 0x7A2B, 0x7A2B, 0x5A2B, 0x5A2B, 0x5A2B, 0x5A2B, 0x5A2B, 0x5A2B, 0x3A2B, 0x3A2B, 
    0x3A2B, 0x3A2B, 0x3A2B, 0x3A2B, 0x3A2B, 0x3A2B, 0x3A2B, 0x3A2B, 0x3A2B, 0x3A2B, 0x3A2B, 0x3A2B, 0x3A2B, 0x3A2B, 0x1A23, 0x1A23, 
    0x1A23, 0x1A23, 0x1A23, 0x1A23, 0x1A23, 0x1A23, 0xFA22, 0xFA22, 0xFA22, 0xFA22, 0xFA22, 0xFA22, 0xFA22, 0xFA22, 0xFA22, 0xFA22, 
    0xFA22, 0xFA22, 0xFA22, 0xFA22, 0xFA22, 0xFA22, 0xFA22, 0xFA22, 0xDA22, 0xFA22, 0xFA22, 0xFA22, 0xFA22, 0xDA22, 0xDA1A, 0xD91A, 
    0xB91A, 0xD91A, 0xF91A, 0xF91A, 0x1923, 0x392B, 0x9A3B, 0xB94B, 0x7B6C, 0x5E95, 0x3FB6, 0x3FB6, 0x7FB6, 0xDF9D, 0xD95B, 0x383B, 
    0x3A33, 0x1A2B, 0xDA22, 0xB922, 0xB922, 0xB922, 0xB922, 0xB922, 0xB922, 0xB922, 0xB922, 0xB922, 0xB922, 0xB922, 0xB922, 0xB922, 
    0x9922, 0x9922, 0x9922, 0x9922, 0x9922, 0x9922, 0x9922, 0x9922, 0x991A, 0x991A, 0x991A, 0x991A, 0x991A, 0x991A, 0x991A, 0x991A, 
    0x9922, 0x9922, 0x9922, 0x991A, 0x991A, 0x991A, 0x791A, 0x791A, 0x791A, 0x791A, 0x791A, 0x791A, 0x791A, 0x791A, 0x791A, 0x791A, 
    0x781A, 0x781A, 0x781A, 0x781A, 0x781A, 0x781A, 0x781A, 0x781A, 0x781A, 0x781A, 0x781A, 0x581A, 0x581A, 0x581A, 0x581A, 0x581A, 
    0x581A, 0x581A, 0x581A, 0x581A, 0x581A, 0x581A, 0x581A, 0x581A, 0x581A, 0x581A, 0x581A, 0x381A, 0x381A, 0x381A, 0x381A, 0x381A, 
    0x381A, 0x381A, 0x381A, 0x381A, 0x381A, 0x381A, 0x381A, 0x381A, 0x381A, 0x381A, 0x381A, 0x381A, 0x381A, 0x381A, 0x381A, 0x381A, 
    0x371A, 0x371A, 0x371A, 0x371A, 0x371A, 0x371A, 0x371A, 0x371A, 0x171A, 0x171A, 0x171A, 0x171A, 0x171A, 0x171A, 0x171A, 0x371A, 
    0x171A, 0x171A, 0x171A, 0x171A, 0x171A, 0x171A, 0x171A, 0x171A, 0x171A, 0x171A, 0x171A, 0x171A, 0x171A, 0x171A, 0x171A, 0x171A, 
    0xBB33, 0xBB33, 0xBB33, 0xBB33, 0xBA33, 0xBA33, 0xBA33, 0x9A33, 0xBA33, 0xBA33, 0xBA33, 0xBA33, 0x9A33, 0x9A33, 0x9A33, 0x9A33, 
    0x9B33, 0x9B33, 0x9B33, 0x9B33, 0x9B33, 0x9B33, 0x9B33, 0x9B33, 0x9B33, 0x9B33, 0x9B33, 0x9B33, 0x7B33, 0x7B33, 0x7B33, 0x7A2B, 
    0x7A2B, 0x7A2B, 0x7A2B, 0x7A2B, 0x7A2B, 0x7A2B, 0x7A2B, 0x7A2B, 0x5A2B, 0x5A2B, 0x5A2B, 0x5A2B, 0x5A2B, 0x5A2B, 0x5B2B, 0x3A2B, 
    0x3A2B, 0x5A2B, 0x5A2B, 0x5A2B, 0x3A2B, 0x3A2B, 0x3A2B, 0x3A2B, 0x3A2B, 0x3A2B, 0x3A2B, 0x3A2B, 0x3A2B, 0x3A2B, 0x3A2B, 0x1A23, 
    0x1A23, 0x1A23, 0x1A23, 0x1A23, 0x1A23, 0x1A23, 0x1A23, 0xFA22, 0xFA22, 0xFA22, 0xFA22, 0xFA22, 0xFA22, 0xFA22, 0xFA22, 0xFA22, 
    0xFA22, 0xF922, 0xF922, 0xF922, 0xFA22, 0xFA22, 0xFA22, 0xF922, 0xFA22, 0xFA22, 0xFA22, 0xFA22, 0xFA22, 0xDA22, 0xDA1A, 0xD922, 
    0xD922, 0xD91A, 0xF91A, 0x1A23, 0x3A23, 0x3A2B, 0x382B, 0xF632, 0x564B, 0xF863, 0x5D9D, 0x1FAE, 0xBF9D, 0x7B6C, 0xF63A, 0xB62A, 
    0xF92A, 0xFA2A, 0xD922, 0xB922, 0xB922, 0xB922, 0xB922, 0xB922, 0xB922, 0xB922, 0xB922, 0xB922, 0xB922, 0xB922, 0xB922, 0xB922, 
    0x991A, 0x991A, 0x991A, 0x991A, 0x991A, 0x991A, 0x991A, 0x991A, 0x991A, 0x991A, 0x991A, 0x991A, 0x991A, 0x991A, 0x991A, 0x991A, 
    0x991A, 0x991A, 0x991A, 0x991A, 0x991A, 0x991A, 0x991A, 0x791A, 0x791A, 0x791A, 0x791A, 0x791A, 0x791A, 0x791A, 0x791A, 0x791A, 
    0x781A, 0x781A, 0x781A, 0x781A, 0x781A, 0x781A, 0x781A, 0x781A, 0x781A, 0x781A, 0x781A, 0x781A, 0x581A, 0x581A, 0x581A, 0x581A, 
    0x581A, 0x581A, 0x581A, 0x581A, 0x581A, 0x581A, 0x581A, 0x581A, 0x581A, 0x581A, 0x581A, 0x581A, 0x381A, 0x381A, 0x381A, 0x381A, 
    0x381A, 0x381A, 0x381A, 0x381A, 0x381A, 0x381A, 0x381A, 0x381A, 0x381A, 0x381A, 0x381A, 0x381A, 0x381A, 0x381A, 0x381A, 0x381A, 
    0x371A, 0x371A, 0x371A, 0x371A, 0x371A, 0x371A, 0x371A, 0x371A, 0x371A, 0x371A, 0x371A, 0x371A, 0x371A, 0x371A, 0x371A, 0x371A, 
    0x371A, 0x371A, 0x371A, 0x371A, 0x371A, 0x371A, 0x371A, 0x371A, 0x171A, 0x171A, 0x171A, 0x171A, 0x171A, 0x171A, 0x171A, 0x171A, 
    0xBB3B, 0xBB3B, 0xBB33, 0xBB33, 0xBB33, 0xBA33, 0xBA33, 0xBA33, 0xBB33, 0xBB33, 0xBA33, 0xBA33, 0xBA33, 0x9A33, 0x9A33, 0x9B33, 
    0x9B33, 0x9B33, 0x9B33, 0x9B33, 0x9B33, 0x9B33, 0x9B33, 0x9B33, 0x9B33, 0x9B33, 0x9B33, 0x9B33, 0x9B33, 0x7B33, 0x7B33, 0x7B33, 
    0x7A33, 0x7A33, 0x7A33, 0x7A33, 0x7A33, 0x7A33, 0x7B33, 0x7B33, 0x5A2B, 0x5A2B, 0x5A2B, 0x5A2B, 0x5A2B, 0x5A2B, 0x5B2B, 0x5A2B, 
    0x5A2B, 0x5A2B, 0x5A2B, 0x5A2B, 0x3A2B, 0x3A2B, 0x3A2B, 0x3A2B, 0x3A2B, 0x3A2B, 0x3A2B, 0x3A2B, 0x3A2B, 0x3A2B, 0x3A2B, 0x3A2B, 
    0x1A23, 0x1A23, 0x1A23, 0x1A23, 0x1A23, 0x1A23, 0x1A23, 0x1A23, 0x1A23, 0x1A23, 0xFA22, 0xFA22, 0xFA22, 0xFA22, 0xFA22, 0xFA22, 
    0x1A23, 0x1A23, 0xF922, 0xF922, 0xFA22, 0xFA22, 0xFA22, 0xFA22, 0xFA22, 0xFA22, 0xFA22, 0xFA22, 0xFA22, 0xFA22, 0xDA22, 0xD922, 
    0xF922, 0xD922, 0xD91A, 0xFA1A, 0x1A1B, 0x1923, 0xF822, 0xD62A, 0x574B, 0x5653, 0xBB84, 0xBFA5, 0xDC84, 0x3643, 0x9522, 0xF82A, 
    0xF92A, 0xD922, 0xB922, 0xB922, 0xD922, 0xD922, 0xB922, 0xB922, 0xB922, 0xB922, 0xB922, 0xB922, 0xB922, 0xB922, 0xB922, 0xB922, 
    0xB922, 0xB922, 0xB922, 0xB922, 0xB922, 0xB922, 0xB922, 0xB922, 0x991A, 0x991A, 0x991A, 0x991A, 0x991A, 0x991A, 0x991A, 0x991A, 
    0x9922, 0x9922, 0x991A, 0x991A, 0x991A, 0x991A, 0x991A, 0x991A, 0x991A, 0x991A, 0x991A, 0x991A, 0x991A, 0x991A, 0x991A, 0x991A, 
    0x7922, 0x7922, 0x7922, 0x7922, 0x7922, 0x7922, 0x7922, 0x7922, 0x781A, 0x781A, 0x781A, 0x781A, 0x781A, 0x581A, 0x581A, 0x581A, 
    0x581A, 0x581A, 0x581A, 0x581A, 0x581A, 0x581A, 0x581A, 0x581A, 0x581A, 0x581A, 0x581A, 0x581A, 0x581A, 0x381A, 0x381A, 0x381A, 
    0x581A, 0x581A, 0x581A, 0x581A, 0x581A, 0x581A, 0x581A, 0x581A, 0x381A, 0x381A, 0x381A, 0x381A, 0x381A, 0x381A, 0x381A, 0x381A, 
    0x381A, 0x371A, 0x371A, 0x371A, 0x371A, 0x371A, 0x371A, 0x371A, 0x371A, 0x371A, 0x371A, 0x371A, 0x371A, 0x371A, 0x371A, 0x371A, 
    0x371A, 0x371A, 0x371A, 0x371A, 0x371A, 0x371A, 0x371A, 0x371A, 0x371A, 0x371A, 0x371A, 0x371A, 0x371A, 0x371A, 0x371A, 0x371A, 
    0xBB3B, 0xBB3B, 0xBB3B, 0xBA33, 0xBA33, 0xBA33, 0xBA33, 0xBA33, 0xBA33, 0xBA33, 0xBA33, 0xBA33, 0xBA33, 0xBA33, 0xBA33, 0x9A33, 
    0x9B33, 0x9B33, 0x9B33, 0x9B33, 0x9B33, 0x9B33, 0x9B33, 0x9B33, 0x9B33, 0x9B33, 0x9B33, 0x9B33, 0x9B33, 0x9B33, 0x7B33, 0x7B33, 
    0x7A33, 0x7A33, 0x7A33, 0x7A33, 0x7A33, 0x7A33, 0x7B33, 0x7B33, 0x5A2B, 0x5A2B, 0x5B2B, 0x5A2B, 0x5A2B, 0x5A2B, 0x5B2B, 0x5A2B, 
    0x5A2B, 0x5A2B, 0x5A2B, 0x5A2B, 0x5A2B, 0x5A2B, 0x3A2B, 0x3A2B, 0x3A2B, 0x3A2B, 0x3A2B, 0x3A2B, 0x3A2B, 0x3A2B, 0x3A2B, 0x3A2B, 
    0x1A23, 0x1A23, 0x1A23, 0x1A23, 0x1A23, 0x1A23, 0x1A23, 0x1A23, 0x1A23, 0x1A23, 0x1A23, 0xFA22, 0xFA22, 0xFA22, 0xFA22, 0xFA22, 
    0x1A23, 0x1A23, 0x1A23, 0xF922, 0xF922, 0xF922, 0xFA22, 0xFA22, 0xFA22, 0xFA22, 0xFA22, 0xFA22, 0xFA22, 0xFA22, 0xDA22, 0xD922, 
    0xD922, 0xD922, 0xDA1A, 0xDA1A, 0xDA1A, 0xD91A, 0xD822, 0xD72A, 0x784B, 0xD863, 0x9B7C, 0xFD84, 0xF95B, 0xB62A, 0xB722, 0xF922, 
    0xD922, 0xD922, 0xB922, 0xD922, 0xD922, 0xD922, 0xB922, 0xB922, 0xB922, 0xB922, 0xB922, 0xD922, 0xD922, 0xB922, 0xB922, 0xB922, 
    0xB922, 0xB922, 0xB922, 0xB922, 0xB922, 0xB922, 0xB922, 0xB922, 0x991A, 0x991A, 0x991A, 0x991A, 0x991A, 0x991A, 0x991A, 0x991A, 
    0x9922, 0x9922, 0x9922, 0x991A, 0x991A, 0x991A, 0x991A, 0x991A, 0x991A, 0x991A, 0x991A, 0x991A, 0x991A, 0x991A, 0x991A, 0x991A, 
    0x7922, 0x7922, 0x7922, 0x7922, 0x7922, 0x7922, 0x7922, 0x7922, 0x781A, 0x781A, 0x781A, 0x781A, 0x781A, 0x781A, 0x581A, 0x581A, 
    0x781A, 0x781A, 0x781A, 0x581A, 0x581A, 0x581A, 0x581A, 0x581A, 0x581A, 0x581A, 0x581A, 0x581A, 0x581A, 0x581A, 0x581A, 0x581A, 
    0x581A, 0x581A, 0x581A, 0x581A, 0x581A, 0x581A, 0x581A, 0x581A, 0x381A, 0x381A, 0x381A, 0x381A, 0x381A, 0x381A, 0x381A, 0x381A, 
    0x381A, 0x381A, 0x381A, 0x381A, 0x381A, 0x381A, 0x381A, 0x381A, 0x381A, 0x381A, 0x381A, 0x381A, 0x381A, 0x381A, 0x381A, 0x371A, 
    0x371A, 0x371A, 0x371A, 0x371A, 0x371A, 0x371A, 0x371A, 0x371A, 0x371A, 0x371A, 0x371A, 0x371A, 0x371A, 0x371A, 0x371A, 0x371A, 
    0xDB3B, 0xBB3B, 0xBB3B, 0xBB3B, 0xBA33, 0xBA33, 0xBA33, 0xBA33, 0xBB3B, 0xBA33, 0xBA33, 0xBA33, 0xBA33, 0xBA33, 0xBA33, 0xBA33, 
    0xBB33, 0x9B33, 0x9B33, 0x9B33, 0x9B33, 0x9B33, 0x9B33, 0x9B33, 0x9B33, 0x9B33, 0x9B33, 0x9B33, 0x9B33, 0x9B33, 0x9B33, 0x9B33, 
    0x7B33, 0x7B33, 0x7B33, 0x7B33, 0x7B33, 0x7B33, 0x7B33, 0x7B33, 0x7A2B, 0x5A2B, 0x5B2B, 0x5B2B, 0x5A2B, 0x5A2B, 0x5B2B, 0x5A2B, 
    0x5A2B, 0x5A2B, 0x5A2B, 0x5A2B, 0x5A2B, 0x5A2B, 0x3A2B, 0x3A2B, 0x3A2B, 0x3A2B, 0x3A2B, 0x3A2B, 0x3A2B, 0x3A2B, 0x3A2B, 0x3A2B, 
    0x1A2B, 0x1A23, 0x1A23, 0x1A23, 0x1A23, 0x1A23, 0x1A23, 0x1A23, 0x1A23, 0x1A23, 0x1A23, 0x1A23, 0xFA22, 0xFA22, 0xFA22, 0x1A23, 
    0x1A23, 0x1A23, 0x1A23, 0x1A23, 0xF922, 0xF922, 0xFA22, 0xFA22, 0xFA22, 0xFA22, 0xFA22, 0xFA22, 0xFA22, 0xFA22, 0xDA22, 0xDA22, 
    0x9922, 0xB922, 0xFB22, 0xFB1A, 0xFB1A, 0xDA1A, 0xD922, 0xD72A, 0x5843, 0x9C7C, 0xBC84, 0xD963, 0xF73A, 0xD72A, 0x192B, 0x9812, 
    0xFA22, 0xDA22, 0xD922, 0xD922, 0xD922, 0xD922, 0xB922, 0xB922, 0xB922, 0xB922, 0xD922, 0xD922, 0xD922, 0xD922, 0xB922, 0xB922, 
    0xB922, 0xB922, 0xB922, 0xB922, 0xB922, 0xB922, 0xB922, 0xB922, 0xB922, 0xB922, 0xB922, 0xB922, 0xB922, 0xB922, 0xB922, 0xB922, 
    0x9922, 0x9922, 0x9922, 0x9922, 0x991A, 0x991A, 0x991A, 0x991A, 0x991A, 0x991A, 0x991A, 0x991A, 0x991A, 0x991A, 0x991A, 0x991A, 
    0x7922, 0x7922, 0x7922, 0x7922, 0x7922, 0x7922, 0x7922, 0x7922, 0x7922, 0x781A, 0x781A, 0x781A, 0x781A, 0x781A, 0x781A, 0x781A, 
    0x781A, 0x781A, 0x781A, 0x781A, 0x581A, 0x581A, 0x581A, 0x581A, 0x581A, 0x581A, 0x581A, 0x581A, 0x581A, 0x581A, 0x581A, 0x581A, 
    0x581A, 0x581A, 0x581A, 0x581A, 0x581A, 0x581A, 0x581A, 0x581A, 0x581A, 0x581A, 0x581A, 0x581A, 0x581A, 0x581A, 0x581A, 0x581A, 
    0x381A, 0x381A, 0x381A, 0x381A, 0x381A, 0x381A, 0x381A, 0x381A, 0x381A, 0x381A, 0x381A, 0x381A, 0x381A, 0x381A, 0x381A, 0x381A, 
    0x371A, 0x371A, 0x371A, 0x371A, 0x371A, 0x371A, 0x371A, 0x371A, 0x371A, 0x371A, 0x371A, 0x371A, 0x371A, 0x371A, 0x371A, 0x371A, 
    0xDB3B, 0xDB3B, 0xBB3B, 0xBB3B, 0xBB3B, 0xBA33, 0xBA33, 0xBA33, 0xBB3B, 0xBB3B, 0xBA33, 0xBA33, 0xBA33, 0xBA33, 0xBA33, 0xBA33, 
    0xBB33, 0xBB33, 0x9B33, 0x9B33, 0x9B33, 0x9B33, 0x9B33, 0x9B33, 0x9B33, 0x9B33, 0x9B33, 0x9B33, 0x9B33, 0x9B33, 0x9B33, 0x9B33, 
    0x7B33, 0x7B33, 0x7B33, 0x7B33, 0x7B33, 0x7B33, 0x7B33, 0x7B33, 0x7A2B, 0x7A2B, 0x5B2B, 0x5B2B, 0x5B2B, 0x5A2B, 0x5B2B, 0x5A2B, 
    0x5A2B, 0x5A2B, 0x5A2B, 0x5A2B, 0x5A2B, 0x5A2B, 0x3A2B, 0x3A2B, 0x3A2B, 0x3A2B, 0x3A2B, 0x3A2B, 0x3A2B, 0x3A2B, 0x3A2B, 0x3A2B, 
    0x1A2B, 0x1A2B, 0x1A23, 0x1A23, 0x1A23, 0x1A23, 0x1A23, 0x1A23, 0x1A23, 0x1A23, 0x1A23, 0x1A23, 0x1A23, 0xFA22, 0xFA22, 0x1A23, 
    0x1A23, 0x1A23, 0x1A23, 0x1A23, 0x1A23, 0xF922, 0xFA22, 0xFA22, 0xFA22, 0xFA22, 0xFA22, 0xFA22, 0xFA22, 0xFA22, 0xFA22, 0xDA22, 
    0x9922, 0xBA22, 0xDB22, 0xFC22, 0xFC1A, 0xDB1A, 0xDA22, 0xD82A, 0x7A4B, 0x1F85, 0x7C74, 0x374B, 0xD732, 0xD92A, 0x3B2B, 0xDA1A, 
    0x1B2B, 0xFA2A, 0xDA22, 0xD922, 0xD922, 0xD922, 0xB922, 0xB922, 0xB922, 0xB922, 0xD922, 0xDA22, 0xDA22, 0xD922, 0xB922, 0xB922, 
    0xB922, 0xB922, 0xB922, 0xB922, 0xB922, 0xB922, 0xB922, 0xB922, 0xB922, 0xB922, 0xB922, 0xB922, 0xB922, 0xB922, 0xB922, 0xB922, 
    0x9922, 0x9922, 0x9922, 0x9922, 0x9922, 0x991A, 0x991A, 0x991A, 0x991A, 0x991A, 0x991A, 0x991A, 0x991A, 0x991A, 0x991A, 0x991A, 
    0x7922, 0x7922, 0x7922, 0x7922, 0x7922, 0x7922, 0x7922, 0x7922, 0x7922, 0x7922, 0x781A, 0x781A, 0x781A, 0x781A, 0x781A, 0x781A, 
    0x781A, 0x781A, 0x781A, 0x781A, 0x781A, 0x581A, 0x581A, 0x581A, 0x581A, 0x581A, 0x581A, 0x581A, 0x581A, 0x581A, 0x581A, 0x581A, 
    0x581A, 0x581A, 0x581A, 0x581A, 0x581A, 0x581A, 0x581A, 0x581A, 0x581A, 0x581A, 0x581A, 0x581A, 0x581A, 0x581A, 0x581A, 0x581A, 
    0x381A, 0x381A, 0x381A, 0x381A, 0x381A, 0x381A, 0x381A, 0x381A, 0x381A, 0x381A, 0x381A, 0x381A, 0x381A, 0x381A, 0x381A, 0x381A, 
    0x371A, 0x371A, 0x371A, 0x371A, 0x371A, 0x371A, 0x371A, 0x371A, 0x371A, 0x371A, 0x371A, 0x371A, 0x371A, 0x371A, 0x371A, 0x371A, 
    0xDA3B, 0xDA3B, 0xDA3B, 0xBA3B, 0xBB3B, 0xBB33, 0xBB33, 0xBB33, 0xBB33, 0xBB3B, 0xBB3B, 0xBB33, 0xBA3B, 0xBA3B, 0xBA3B, 0xBA33, 
    0xBB33, 0xBB33, 0xBB33, 0x9B33, 0x9B33, 0x9B33, 0x9B33, 0x9B33, 0x9B33, 0x9B33, 0x9B33, 0x9B33, 0x9A33, 0x7A33, 0x7A33, 0x7A33, 
    0x7A33, 0x7A33, 0x7A33, 0x7A33, 0x7A33, 0x7B33, 0x7B33, 0x7B33, 0x7A2B, 0x7A2B, 0x7A2B, 0x7A2B, 0x5B2B, 0x5B2B, 0x5B2B, 0x5B2B, 
    0x5A2B, 0x5A2B, 0x5A2B, 0x5A2B, 0x5A2B, 0x3A2B, 0x3A2B, 0x3A2B, 0x3A2B, 0x3A2B, 0x3A2B, 0x3A2B, 0x3A2B, 0x3A2B, 0x3A2B, 0x3A2B, 
    0x3A2B, 0x3A2B, 0x3A2B, 0x1A23, 0x1A23, 0x1A23, 0x1A23, 0x1A23, 0x1A23, 0x1A23, 0x1A23, 0x1A23, 0x1A23, 0xFA22, 0xFA22, 0xFA22, 
    0x1A23, 0x1A23, 0x1A23, 0x1A23, 0x1A23, 0xFA22, 0xFA22, 0xFA22, 0xFA22, 0xFA22, 0xFA22, 0xFA22, 0xFA22, 0xFA22, 0xFA22, 0xDA22, 
    0xFA2A, 0xDA22, 0xBB1A, 0xBB1A, 0xDB1A, 0xDB1A, 0xDA22, 0xD82A, 0x1C64, 0x1F8D, 0xF963, 0x164B, 0xF73A, 0x972A, 0x1B2B, 0x7D33, 
    0x3A2B, 0x1A2B, 0xF922, 0xD922, 0xD922, 0xD922, 0xB922, 0xB922, 0xB822, 0xB922, 0xD92A, 0xD92A, 0xDA2A, 0xD922, 0xBA22, 0xBA22, 
    0xB91A, 0xB922, 0xB922, 0xB922, 0xB922, 0xB922, 0xB922, 0xB922, 0xB922, 0xB922, 0xB922, 0xB922, 0xB922, 0xB922, 0xB922, 0xB922, 
    0x9922, 0x9922, 0x9922, 0x9922, 0x9922, 0x991A, 0x991A, 0x991A, 0x991A, 0x991A, 0x991A, 0x991A, 0x991A, 0x991A, 0x991A, 0x991A, 
    0x991A, 0x7922, 0x7922, 0x7922, 0x7922, 0x7922, 0x7922, 0x7922, 0x7922, 0x7922, 0x7922, 0x781A, 0x781A, 0x781A, 0x781A, 0x781A, 
    0x781A, 0x781A, 0x781A, 0x781A, 0x781A, 0x581A, 0x581A, 0x581A, 0x581A, 0x581A, 0x581A, 0x581A, 0x581A, 0x581A, 0x581A, 0x581A, 
    0x581A, 0x581A, 0x581A, 0x581A, 0x581A, 0x581A, 0x581A, 0x581A, 0x581A, 0x581A, 0x581A, 0x581A, 0x581A, 0x581A, 0x581A, 0x581A, 
    0x381A, 0x381A, 0x381A, 0x381A, 0x381A, 0x381A, 0x381A, 0x381A, 0x381A, 0x381A, 0x381A, 0x381A, 0x381A, 0x381A, 0x381A, 0x381A, 
    0x371A, 0x371A, 0x371A, 0x371A, 0x371A, 0x371A, 0x371A, 0x371A, 0x371A, 0x371A, 0x371A, 0x371A, 0x371A, 0x371A, 0x371A, 0x371A, 
    0xD93B, 0xD93B, 0xDA3B, 0xDA3B, 0xDB3B, 0xBB33, 0xBC33, 0xBC33, 0xBD33, 0xBC3B, 0x9C33, 0x9B3B, 0x9A3B, 0x993B, 0xBA3B, 0xDA3B, 
    0xBB33, 0xDC33, 0xBC33, 0xBC2B, 0xDC33, 0xDC33, 0xBC33, 0x9B33, 0xBB33, 0xBB33, 0x9A33, 0x9A3B, 0x9A3B, 0x9A3B, 0x793B, 0x5933, 
    0x7933, 0x7933, 0x793B, 0x5A33, 0x5A3B, 0x5A33, 0x5A33, 0x7A33, 0x7A2B, 0x7A2B, 0x7A2B, 0x7A2B, 0x7B2B, 0x5B2B, 0x3B2B, 0x3B33, 
    0x5B2B, 0x5A2B, 0x5A2B, 0x5A2B, 0x5A2B, 0x3A2B, 0x3A2B, 0x3A2B, 0x3A2B, 0x3A2B, 0x3A2B, 0x3A2B, 0x3A2B, 0x3A2B, 0x3A2B, 0x3A2B, 
    0x3A2B, 0x3A2B, 0x3A2B, 0x3A2B, 0x3A2B, 0x3A2B, 0x3A2B, 0x3A2B, 0x1A23, 0x1A23, 0x1A23, 0x1A23, 0x1A23, 0x1A23, 0x1A23, 0x1A23, 
    0xFA22, 0xFA22, 0xFA22, 0xFA22, 0xFA22, 0xFA22, 0xFA22, 0xFA22, 0xFA22, 0xFA22, 0xFA22, 0xFA22, 0xFA22, 0xFA22, 0xFA22, 0xFA22, 
    0xD91A, 0x1A23, 0xFB1A, 0xBB1A, 0xFC22, 0xFB2A, 0xB92A, 0x9732, 0xFE84, 0xF96B, 0x3974, 0x9B7C, 0x5753, 0x7953, 0x193B, 0xBC4B, 
    0x9A43, 0xF82A, 0xF82A, 0x3A2B, 0xF922, 0xF922, 0xF92A, 0x971A, 0xF832, 0xB72A, 0x972A, 0xB82A, 0x1A33, 0xB922, 0x7912, 0xDB1A, 
    0xBA1A, 0xB922, 0xB922, 0xB922, 0xB922, 0xB922, 0xB922, 0xB922, 0xB91A, 0xB91A, 0xB91A, 0xB91A, 0xB91A, 0xB91A, 0xB91A, 0xB91A, 
    0x991A, 0x991A, 0x991A, 0x991A, 0x991A, 0x991A, 0x991A, 0x991A, 0x991A, 0x991A, 0x991A, 0x991A, 0x991A, 0x991A, 0x991A, 0x991A, 
    0x991A, 0x7922, 0x7922, 0x7922, 0x7922, 0x7922, 0x7922, 0x7922, 0x7922, 0x7922, 0x7922, 0x7922, 0x7922, 0x781A, 0x781A, 0x781A, 
    0x7822, 0x7822, 0x7822, 0x7822, 0x7822, 0x7822, 0x7822, 0x7822, 0x7822, 0x7822, 0x7822, 0x581A, 0x581A, 0x581A, 0x581A, 0x581A, 
    0x581A, 0x581A, 0x581A, 0x581A, 0x581A, 0x581A, 0x581A, 0x581A, 0x581A, 0x581A, 0x581A, 0x581A, 0x581A, 0x581A, 0x581A, 0x581A, 
    0x381A, 0x381A, 0x381A, 0x381A, 0x381A, 0x381A, 0x381A, 0x381A, 0x381A, 0x381A, 0x381A, 0x381A, 0x381A, 0x381A, 0x381A, 0x381A, 
    0x381A, 0x381A, 0x381A, 0x381A, 0x381A, 0x381A, 0x381A, 0x381A, 0x371A, 0x371A, 0x371A, 0x371A, 0x371A, 0x371A, 0x371A, 0x371A, 
    0xD93B, 0xD93B, 0xDA3B, 0xDA3B, 0xBB3B, 0xBB3B, 0xBC33, 0xBC33, 0xBC33, 0x9B33, 0xBC3B, 0xBB3B, 0xBB3B, 0xDB43, 0x7933, 0x7933, 
    0x9A33, 0x9B33, 0xBC33, 0xBB33, 0x9B2B, 0x9B2B, 0x9B2B, 0x9B33, 0x9B33, 0x9B33, 0x9A33, 0x9A33, 0x7A3B, 0x7A3B, 0x793B, 0x793B, 
    0x7933, 0x7933, 0x7933, 0x5A33, 0x5A3B, 0x5A33, 0x5A33, 0x7A2B, 0x7A2B, 0x9A2B, 0x9A2B, 0x7A2B, 0x7A2B, 0x5B2B, 0x3B33, 0x3B33, 
    0x5B2B, 0x5B2B, 0x5B2B, 0x5B2B, 0x5B2B, 0x5B2B, 0x3A2B, 0x3A2B, 0x3A2B, 0x3A2B, 0x3A2B, 0x3A2B, 0x3A2B, 0x3A2B, 0x3A2B, 0x3A2B, 
    0x3A2B, 0x3A2B, 0x3A2B, 0x3A2B, 0x3A2B, 0x3A2B, 0x3A2B, 0x3A2B, 0x1A23, 0x1A23, 0x1A23, 0x1A23, 0x1A23, 0x1A23, 0x1A23, 0x1A23, 
    0xFA22, 0xFA22, 0xFA22, 0xFA22, 0xFA22, 0xFA22, 0xFA22, 0xFA22, 0xFA22, 0xFA22, 0xFA22, 0xFA22, 0xFA22, 0xFA22, 0xFA22, 0xFA22, 
    0xF91A, 0x1A23, 0xFB1A, 0xDB1A, 0xDB22, 0xDA2A, 0xD932, 0x3943, 0xDE84, 0xB863, 0x9A84, 0xDB84, 0x1974, 0xDA63, 0xBA5B, 0xBB53, 
    0x5943, 0xF72A, 0xD822, 0x192B, 0x1923, 0x1A2B, 0x5A33, 0x9B43, 0x7622, 0xD73A, 0xD73A, 0x972A, 0x982A, 0xB922, 0xBA1A, 0xFB1A, 
    0xBA1A, 0xB922, 0xB922, 0xB922, 0xB922, 0xB922, 0xB922, 0xB922, 0xB91A, 0xB91A, 0xB91A, 0xB91A, 0xB91A, 0xB91A, 0xB91A, 0xB91A, 
    0x991A, 0x991A, 0x991A, 0x991A, 0x991A, 0x991A, 0x991A, 0x991A, 0x991A, 0x991A, 0x991A, 0x991A, 0x991A, 0x991A, 0x991A, 0x991A, 
    0x991A, 0x7922, 0x7922, 0x7922, 0x7922, 0x7922, 0x7922, 0x7922, 0x7922, 0x7922, 0x7922, 0x7922, 0x7922, 0x7922, 0x781A, 0x781A, 
    0x7822, 0x7822, 0x7822, 0x7822, 0x7822, 0x7822, 0x7822, 0x7822, 0x7822, 0x7822, 0x7822, 0x581A, 0x581A, 0x581A, 0x581A, 0x581A, 
    0x581A, 0x581A, 0x581A, 0x581A, 0x581A, 0x581A, 0x581A, 0x581A, 0x581A, 0x581A, 0x581A, 0x581A, 0x581A, 0x581A, 0x581A, 0x581A, 
    0x381A, 0x381A, 0x381A, 0x381A, 0x381A, 0x381A, 0x381A, 0x381A, 0x381A, 0x381A, 0x381A, 0x381A, 0x381A, 0x381A, 0x381A, 0x381A, 
    0x381A, 0x381A, 0x381A, 0x381A, 0x381A, 0x381A, 0x381A, 0x381A, 0x381A, 0x381A, 0x381A, 0x381A, 0x381A, 0x381A, 0x381A, 0x381A, 
    0xBB43, 0xBB43, 0xBB43, 0xBB3B, 0xDA3B, 0xDA3B, 0xDA3B, 0xDA3B, 0xDA3B, 0xBA33, 0x1C44, 0x9A33, 0x5933, 0x9B3B, 0x5A33, 0xFC4B, 
    0x9A3B, 0xBA3B, 0xBB3B, 0xBB3B, 0xBB33, 0x9B33, 0x9B33, 0xBB33, 0x9B33, 0x9B33, 0x9B33, 0x9B33, 0x9A33, 0x9A33, 0x9B33, 0xBB33, 
    0x9A2B, 0x9A2B, 0x7B33, 0x7B33, 0x5B33, 0x5B33, 0x7B33, 0x7A2B, 0x7A2B, 0x9A2B, 0x9A23, 0x9A2B, 0x7A2B, 0x5B33, 0x3B33, 0x3B33, 
    0x5B2B, 0x5A2B, 0x5A2B, 0x5A2B, 0x5A2B, 0x5A2B, 0x5A2B, 0x3A2B, 0x3A2B, 0x3A2B, 0x3A2B, 0x3A2B, 0x3A2B, 0x3A2B, 0x3A2B, 0x3A2B, 
    0x3A2B, 0x3A2B, 0x3A2B, 0x3A2B, 0x3A2B, 0x3A2B, 0x3A2B, 0x3A2B, 0x1A23, 0x1A23, 0x1A23, 0x1A23, 0x1A23, 0x1A23, 0x1A23, 0x1A23, 
    0xFA22, 0xFA22, 0xFA22, 0xFA22, 0xFA22, 0xFA22, 0xFA22, 0xFA22, 0xFA22, 0xFA22, 0xFA22, 0xFA22, 0xFA22, 0xFA22, 0xFA22, 0xFA22, 
    0xF91A, 0x1A23, 0x1B1B, 0xFB22, 0xDB22, 0xBA22, 0xFA32, 0xBB53, 0x1F8D, 0xD863, 0xFC8C, 0xFC8C, 0x9C7C, 0xFB63, 0x3D6C, 0x9B53, 
    0x7A43, 0x3A33, 0xD922, 0xD922, 0xB91A, 0x771A, 0xB822, 0x9A43, 0x9A4B, 0x7D6C, 0x3C64, 0x183B, 0x9722, 0xD822, 0xDA1A, 0xDA1A, 
    0xBA1A, 0xB922, 0xB922, 0xB922, 0xB922, 0xB922, 0xB922, 0xB922, 0xB91A, 0xB91A, 0xB91A, 0xB91A, 0xB91A, 0xB91A, 0xB91A, 0xB91A, 
    0x991A, 0x991A, 0x991A, 0x991A, 0x991A, 0x991A, 0x991A, 0x991A, 0x991A, 0x991A, 0x991A, 0x991A, 0x991A, 0x991A, 0x991A, 0x991A, 
    0x991A, 0x991A, 0x991A, 0x991A, 0x991A, 0x991A, 0x991A, 0x991A, 0x991A, 0x991A, 0x991A, 0x991A, 0x791A, 0x791A, 0x791A, 0x781A, 
    0x7822, 0x7822, 0x7822, 0x7822, 0x7822, 0x7822, 0x7822, 0x7822, 0x7822, 0x7822, 0x7822, 0x7822, 0x581A, 0x581A, 0x581A, 0x581A, 
    0x5822, 0x5822, 0x5822, 0x5822, 0x5822, 0x5822, 0x5822, 0x5822, 0x581A, 0x581A, 0x581A, 0x581A, 0x581A, 0x581A, 0x581A, 0x581A, 
    0x581A, 0x581A, 0x581A, 0x581A, 0x581A, 0x581A, 0x581A, 0x581A, 0x381A, 0x381A, 0x381A, 0x381A, 0x381A, 0x381A, 0x381A, 0x381A, 
    0x381A, 0x381A, 0x381A, 0x381A, 0x381A, 0x381A, 0x381A, 0x381A, 0x381A, 0x381A, 0x381A, 0x381A, 0x381A, 0x381A, 0x381A, 0x381A, 
    0xBC43, 0xBC43, 0xBB43, 0xBB43, 0xBA3B, 0xDA3B, 0xD93B, 0xD93B, 0xF93B, 0x9833, 0x3B4C, 0x9A3B, 0x7933, 0xDB43, 0x7A3B, 0xFC4B, 
    0xDA4B, 0xB94B, 0xB943, 0x9943, 0x9A3B, 0x9A3B, 0x9A33, 0xBB33, 0xBB33, 0xBB33, 0xBC33, 0xBB33, 0x9B2B, 0x9B2B, 0x9B2B, 0xBC2B, 
    0x9B2B, 0x9B2B, 0x9B2B, 0x7C2B, 0x7C33, 0x7B2B, 0x7B2B, 0x7B2B, 0x9B2B, 0x9A2B, 0x9A23, 0x9A2B, 0x7A2B, 0x5A33, 0x3A33, 0x5B33, 
    0x5B33, 0x5B2B, 0x5A2B, 0x5A2B, 0x5A2B, 0x5A2B, 0x5A2B, 0x5A2B, 0x5A2B, 0x5A2B, 0x3A2B, 0x3A2B, 0x3A2B, 0x3A2B, 0x3A2B, 0x3A2B, 
    0x3A2B, 0x3A2B, 0x3A2B, 0x3A2B, 0x3A2B, 0x3A2B, 0x3A2B, 0x3A2B, 0x3A2B, 0x3A2B, 0x1A23, 0x1A23, 0x1A23, 0x1A23, 0x1A23, 0x1A23, 
    0x1A23, 0x1A23, 0x1A23, 0x1A23, 0x1A23, 0x1A23, 0x1A23, 0x1A23, 0xFA22, 0xFA22, 0xFA22, 0xFA22, 0xFA22, 0xFA22, 0xFA22, 0xFA22, 
    0x1A23, 0x1A23, 0xFA1A, 0xFB22, 0xFB22, 0xBA22, 0xFA32, 0xDC53, 0x5F8D, 0x1A64, 0xDC84, 0xFD8C, 0x3B6C, 0xBA5B, 0xFC5B, 0x5B43, 
    0x1A33, 0x1A33, 0xD922, 0xD922, 0xFA2A, 0xB822, 0x393B, 0x9E6C, 0x7F95, 0x1FA6, 0x5F8D, 0xBA53, 0xF732, 0xD822, 0xD91A, 0xB912, 
    0xB91A, 0xB922, 0xB922, 0xB922, 0xB922, 0xB922, 0xB922, 0xB922, 0xB91A, 0xB91A, 0xB91A, 0xB91A, 0xB91A, 0xB91A, 0xB91A, 0xB91A, 
    0x991A, 0x991A, 0x991A, 0x991A, 0x991A, 0x991A, 0x991A, 0x991A, 0x991A, 0x991A, 0x991A, 0x991A, 0x991A, 0x991A, 0x991A, 0x991A, 
    0x9922, 0x9922, 0x9922, 0x9922, 0x9922, 0x9922, 0x9922, 0x9922, 0x9922, 0x9922, 0x991A, 0x991A, 0x991A, 0x791A, 0x791A, 0x791A, 
    0x7822, 0x7822, 0x7822, 0x7822, 0x7822, 0x7822, 0x7822, 0x7822, 0x7822, 0x7822, 0x7822, 0x7822, 0x7822, 0x581A, 0x581A, 0x581A, 
    0x5822, 0x5822, 0x5822, 0x5822, 0x5822, 0x5822, 0x5822, 0x5822, 0x5822, 0x5822, 0x5822, 0x5822, 0x5822, 0x5822, 0x5822, 0x581A, 
    0x581A, 0x581A, 0x581A, 0x581A, 0x581A, 0x581A, 0x581A, 0x581A, 0x581A, 0x581A, 0x581A, 0x581A, 0x581A, 0x581A, 0x581A, 0x581A, 
    0x581A, 0x381A, 0x381A, 0x381A, 0x381A, 0x381A, 0x381A, 0x381A, 0x381A, 0x381A, 0x381A, 0x381A, 0x381A, 0x381A, 0x381A, 0x381A, 
    0x9C4B, 0xBC43, 0xBB43, 0xBB43, 0xBA43, 0xDA43, 0xD943, 0xD943, 0xD943, 0x7733, 0xD943, 0xB93B, 0xDA4B, 0x1C54, 0x593B, 0x583B, 
    0xB853, 0x774B, 0x5643, 0x5743, 0x7843, 0x783B, 0x793B, 0xBA3B, 0xBB3B, 0xBB33, 0xBB33, 0xBB2B, 0x9B2B, 0x9B2B, 0x9C2B, 0x9C23, 
    0x9C23, 0x9C23, 0x9C2B, 0x7C2B, 0x7C2B, 0x7C2B, 0x7B2B, 0x7B2B, 0x9B2B, 0x9B23, 0x9A2B, 0x9A2B, 0x7A2B, 0x7A33, 0x5A33, 0x5A33, 
    0x5A33, 0x5B2B, 0x5B2B, 0x5A2B, 0x5A2B, 0x5A2B, 0x5A2B, 0x5A2B, 0x5A2B, 0x5A2B, 0x5A2B, 0x3A2B, 0x3A2B, 0x3A2B, 0x3A2B, 0x3A2B, 
    0x3A2B, 0x3A2B, 0x3A2B, 0x3A2B, 0x3A2B, 0x3A2B, 0x3A2B, 0x3A2B, 0x3A2B, 0x3A2B, 0x3A2B, 0x1A23, 0x1A23, 0x1A23, 0x1A23, 0x1A23, 
    0x1A23, 0x1A23, 0x1A23, 0x1A23, 0x1A23, 0x1A23, 0x1A23, 0x1A23, 0xFA22, 0xFA22, 0xFA22, 0xFA22, 0xFA22, 0xFA22, 0xFA22, 0xFA22, 
    0x1A23, 0xFA22, 0xDA1A, 0xFB22, 0x1C2B, 0xDA22, 0xD92A, 0x7B43, 0x9D6C, 0xFA5B, 0x3B6C, 0xFE84, 0x9953, 0x794B, 0x7B43, 0x1A33, 
    0xB922, 0xDA2A, 0xBA22, 0xB922, 0xF92A, 0xB82A, 0x5A43, 0xDE7C, 0x3FAE, 0x1FAE, 0x1E85, 0xB953, 0x1733, 0xD722, 0xD81A, 0xF91A, 
    0xD91A, 0xB922, 0xB922, 0xB922, 0xB922, 0xB922, 0xB922, 0xB922, 0xB91A, 0xB91A, 0xB91A, 0xB91A, 0xB91A, 0xB91A, 0xB91A, 0xB91A, 
    0x991A, 0x991A, 0x991A, 0x991A, 0x991A, 0x991A, 0x991A, 0x991A, 0x991A, 0x991A, 0x991A, 0x991A, 0x991A, 0x991A, 0x991A, 0x991A, 
    0x9922, 0x9922, 0x9922, 0x9922, 0x9922, 0x9922, 0x9922, 0x9922, 0x9922, 0x9922, 0x9922, 0x991A, 0x991A, 0x991A, 0x791A, 0x791A, 
    0x7822, 0x7822, 0x7822, 0x7822, 0x7822, 0x7822, 0x7822, 0x7822, 0x7822, 0x7822, 0x7822, 0x781A, 0x781A, 0x781A, 0x781A, 0x781A, 
    0x581A, 0x581A, 0x581A, 0x581A, 0x581A, 0x581A, 0x581A, 0x581A, 0x581A, 0x581A, 0x581A, 0x581A, 0x581A, 0x581A, 0x581A, 0x581A, 
    0x581A, 0x581A, 0x581A, 0x581A, 0x581A, 0x581A, 0x581A, 0x581A, 0x581A, 0x581A, 0x581A, 0x581A, 0x581A, 0x581A, 0x581A, 0x581A, 
    0x581A, 0x581A, 0x581A, 0x581A, 0x581A, 0x581A, 0x581A, 0x581A, 0x381A, 0x381A, 0x381A, 0x381A, 0x381A, 0x381A, 0x381A, 0x381A, 
    0xBC43, 0xBC43, 0xBB43, 0xBB43, 0xBA43, 0xDA43, 0xD943, 0xD943, 0xB843, 0xD84B, 0xB84B, 0xB843, 0x7743, 0x5743, 0xB84B, 0xD853, 
    0x9653, 0x3553, 0x354B, 0x764B, 0x974B, 0x974B, 0x9843, 0xD943, 0xB93B, 0x9A33, 0x9A33, 0xBB33, 0xBB33, 0xBB2B, 0x9B2B, 0x7B23, 
    0x9C2B, 0x9C2B, 0x9C2B, 0x7C33, 0x7B33, 0x7B33, 0x7B2B, 0x7B2B, 0x9B2B, 0x9B2B, 0x9B2B, 0x9A2B, 0x7A2B, 0x7A33, 0x5A33, 0x5A33, 
    0x5A33, 0x5B2B, 0x5B2B, 0x5B2B, 0x5A2B, 0x5A2B, 0x5A2B, 0x5A2B, 0x5A2B, 0x5A2B, 0x5A2B, 0x5A2B, 0x3A2B, 0x3A2B, 0x3A2B, 0x3A2B, 
    0x5A2B, 0x3A2B, 0x3A2B, 0x3A2B, 0x3A2B, 0x3A2B, 0x3A2B, 0x3A2B, 0x3A2B, 0x3A2B, 0x3A2B, 0x3A2B, 0x1A23, 0x1A23, 0x1A23, 0x1A23, 
    0x1A23, 0x1A23, 0x1A23, 0x1A23, 0x1A23, 0x1A23, 0x1A23, 0x1A23, 0xFA22, 0xFA22, 0xFA22, 0xFA22, 0xFA22, 0xFA22, 0xFA22, 0x1A23, 
    0x1A23, 0x1A23, 0xDA1A, 0xFA22, 0x3C2B, 0xFB22, 0xD922, 0x1933, 0x393B, 0x794B, 0x784B, 0x7D6C, 0x7943, 0x393B, 0x1A33, 0xFA2A, 
    0xDA2A, 0xFB2A, 0xDA2A, 0xDA2A, 0xD92A, 0xD832, 0x7953, 0x7C74, 0xDFA5, 0x5F95, 0x3A6C, 0x3743, 0xF732, 0xD722, 0xB712, 0xF91A, 
    0xD91A, 0xB922, 0xB922, 0xB922, 0xB922, 0xB922, 0xB922, 0xB922, 0xB922, 0xB922, 0xB922, 0xB922, 0xB922, 0xB922, 0xB922, 0xB922, 
    0xB922, 0xB922, 0xB922, 0xB922, 0xB922, 0xB922, 0xB922, 0xB922, 0xB922, 0xB922, 0xB922, 0xB922, 0xB922, 0xB922, 0xB922, 0xB922, 
    0x9922, 0x9922, 0x9922, 0x9922, 0x9922, 0x9922, 0x9922, 0x9922, 0x9922, 0x9922, 0x9922, 0x9922, 0x991A, 0x991A, 0x991A, 0x991A, 
    0x7822, 0x7822, 0x7822, 0x7822, 0x7822, 0x7822, 0x7822, 0x7822, 0x7822, 0x7822, 0x7822, 0x7822, 0x781A, 0x781A, 0x781A, 0x781A, 
    0x7822, 0x7822, 0x7822, 0x7822, 0x7822, 0x7822, 0x7822, 0x7822, 0x581A, 0x581A, 0x581A, 0x581A, 0x581A, 0x581A, 0x581A, 0x581A, 
    0x581A, 0x581A, 0x581A, 0x581A, 0x581A, 0x581A, 0x581A, 0x581A, 0x581A, 0x581A, 0x581A, 0x581A, 0x581A, 0x581A, 0x581A, 0x581A, 
    0x581A, 0x581A, 0x581A, 0x581A, 0x581A, 0x581A, 0x581A, 0x581A, 0x581A, 0x581A, 0x581A, 0x581A, 0x581A, 0x581A, 0x581A, 0x581A, 
    0xDB43, 0xDB43, 0xDB43, 0xDB43, 0xDB43, 0xBB43, 0xBA4B, 0xBA4B, 0x994B, 0x1A5C, 0x974B, 0xD85B, 0xD75B, 0x9553, 0xB874, 0x9874, 
    0x535B, 0x535B, 0x745B, 0xB663, 0x965B, 0x564B, 0x764B, 0xB84B, 0x9843, 0x783B, 0x783B, 0xB93B, 0xDA43, 0xDB3B, 0xBA3B, 0x7A33, 
    0x9A33, 0x9B33, 0x7A33, 0x7A33, 0x7A3B, 0x7A33, 0x7A33, 0x7B33, 0x9B2B, 0x9B2B, 0x9B2B, 0x9B2B, 0x9A2B, 0x7A2B, 0x7A33, 0x5A33, 
    0x5A33, 0x7A2B, 0x5A2B, 0x5A2B, 0x5A2B, 0x5A2B, 0x5A2B, 0x5A2B, 0x5A2B, 0x5A2B, 0x5A2B, 0x5A2B, 0x5A2B, 0x5A2B, 0x5A2B, 0x5A2B, 
    0x5A2B, 0x5A2B, 0x5A2B, 0x5A2B, 0x3A2B, 0x3A2B, 0x3A2B, 0x3A2B, 0x3A2B, 0x3A2B, 0x3A2B, 0x3A2B, 0x3A2B, 0x1A23, 0x1A23, 0x1A23, 
    0x1A23, 0x1A23, 0x1A23, 0x1A23, 0x1A23, 0x1A23, 0x1A23, 0x1A23, 0xFA22, 0xFA22, 0xFA22, 0xFA22, 0xFA22, 0xFA22, 0xFA22, 0x1A23, 
    0xFA22, 0x1A23, 0xFA1A, 0xDA1A, 0x1B23, 0x1B23, 0xD922, 0xD92A, 0x972A, 0x183B, 0xF732, 0x9A4B, 0x7A43, 0xF92A, 0xFA2A, 0xDA22, 
    0xDA22, 0xDA22, 0xFA2A, 0x1A33, 0x193B, 0xBB53, 0x9E7C, 0x3F95, 0xFE8C, 0x9C7C, 0x9853, 0xD632, 0xD72A, 0xD722, 0xB812, 0xD912, 
    0xB91A, 0xB922, 0xB922, 0xB922, 0xB922, 0xB922, 0xB922, 0xB922, 0xB922, 0xB922, 0xB922, 0xB922, 0xB922, 0xB922, 0xB922, 0xB922, 
    0xB922, 0xB922, 0xB922, 0xB922, 0xB922, 0xB922, 0xB922, 0xB922, 0xB922, 0xB922, 0xB922, 0xB922, 0xB922, 0xB922, 0xB922, 0xB922, 
    0x9922, 0x9922, 0x9922, 0x9922, 0x9922, 0x9922, 0x9922, 0x9922, 0x9922, 0x9922, 0x991A, 0x991A, 0x991A, 0x991A, 0x991A, 0x991A, 
    0x7822, 0x7822, 0x7822, 0x7822, 0x7822, 0x7822, 0x7822, 0x7822, 0x7822, 0x7822, 0x7822, 0x7822, 0x7822, 0x781A, 0x781A, 0x781A, 
    0x7922, 0x7922, 0x7922, 0x7922, 0x7922, 0x7922, 0x7922, 0x7922, 0x581A, 0x581A, 0x581A, 0x581A, 0x581A, 0x581A, 0x581A, 0x581A, 
    0x781A, 0x781A, 0x781A, 0x781A, 0x781A, 0x781A, 0x781A, 0x781A, 0x581A, 0x581A, 0x581A, 0x581A, 0x581A, 0x581A, 0x581A, 0x581A, 
    0x581A, 0x581A, 0x581A, 0x581A, 0x581A, 0x581A, 0x581A, 0x581A, 0x581A, 0x581A, 0x581A, 0x581A, 0x581A, 0x581A, 0x581A, 0x581A, 
    0xFA43, 0xFA43, 0xDB43, 0xDB43, 0xBB43, 0xBB4B, 0xBA4B, 0x9A4B, 0x9953, 0xD95B, 0xD43A, 0x5874, 0x7C9D, 0x5995, 0x799D, 0xF36B, 
    0x115B, 0x3263, 0xB56B, 0xD673, 0x955B, 0xF34A, 0xF342, 0x764B, 0x974B, 0x764B, 0x7743, 0xB84B, 0xF953, 0x1954, 0xD84B, 0x9843, 
    0x7843, 0x7943, 0x7943, 0x5843, 0x5843, 0x593B, 0x793B, 0x7933, 0x9A33, 0x9B2B, 0x9B2B, 0x9B2B, 0x7B2B, 0x7A2B, 0x7A33, 0x7A33, 
    0x7A2B, 0x7A2B, 0x7A2B, 0x5A2B, 0x5A2B, 0x5A2B, 0x5A2B, 0x5A2B, 0x5A2B, 0x5A2B, 0x5A2B, 0x5A2B, 0x5A2B, 0x5A2B, 0x5A2B, 0x5A2B, 
    0x5A2B, 0x5A2B, 0x5A2B, 0x5A2B, 0x3A2B, 0x3A2B, 0x3A2B, 0x3A2B, 0x3A2B, 0x3A2B, 0x3A2B, 0x3A2B, 0x3A2B, 0x1A23, 0x1A23, 0x1A23, 
    0x1A23, 0x1A23, 0x1A23, 0x1A23, 0x1A23, 0x1A23, 0x1A23, 0x1A23, 0xFA22, 0xFA22, 0xFA22, 0xFA22, 0xFA22, 0xFA22, 0xFA22, 0x1A23, 
    0xD922, 0x1A2B, 0xFA22, 0xDA1A, 0x1B23, 0x1A23, 0xF922, 0xF92A, 0xD82A, 0x3933, 0xB72A, 0xD72A, 0x9B43, 0x981A, 0xFA22, 0xDA22, 
    0xDA22, 0xB91A, 0xD92A, 0xD82A, 0x972A, 0x794B, 0x5C74, 0x7C7C, 0x1A6C, 0xFA63, 0x384B, 0x962A, 0xB722, 0xF922, 0xD91A, 0xD91A, 
    0xB91A, 0xB922, 0xB922, 0xB922, 0xB922, 0xB922, 0xB922, 0xB922, 0xB922, 0xB922, 0xB922, 0xB922, 0xB922, 0xB922, 0xB922, 0xB922, 
    0xB922, 0xB922, 0xB922, 0xB922, 0xB922, 0xB922, 0xB922, 0xB922, 0xB922, 0xB922, 0xB922, 0xB922, 0xB922, 0xB922, 0xB922, 0xB922, 
    0x9922, 0x9922, 0x9922, 0x9922, 0x9922, 0x9922, 0x9922, 0x9922, 0x9922, 0x9922, 0x9922, 0x991A, 0x991A, 0x991A, 0x991A, 0x991A, 
    0x981A, 0x7822, 0x7822, 0x7822, 0x7822, 0x7822, 0x7822, 0x7822, 0x7822, 0x7822, 0x7822, 0x7822, 0x7822, 0x781A, 0x781A, 0x781A, 
    0x7922, 0x7922, 0x7922, 0x7922, 0x7922, 0x7922, 0x7922, 0x7922, 0x581A, 0x581A, 0x581A, 0x581A, 0x581A, 0x581A, 0x581A, 0x581A, 
    0x781A, 0x781A, 0x781A, 0x781A, 0x781A, 0x781A, 0x781A, 0x781A, 0x581A, 0x581A, 0x581A, 0x581A, 0x581A, 0x581A, 0x581A, 0x581A, 
    0x581A, 0x581A, 0x581A, 0x581A, 0x581A, 0x581A, 0x581A, 0x581A, 0x581A, 0x581A, 0x581A, 0x581A, 0x581A, 0x581A, 0x581A, 0x581A, 
    0x3B44, 0xDA3B, 0x1B4C, 0x993B, 0x9943, 0x1B54, 0x994B, 0x374B, 0x985B, 0x186C, 0x1B95, 0xDDAD, 0xD794, 0x5063, 0xEE5A, 0x906B, 
    0x3063, 0x6E4A, 0x5263, 0x325B, 0xB14A, 0x7463, 0x5C9D, 0x745B, 0xB663, 0x955B, 0x344B, 0x1B8D, 0xDA84, 0xD663, 0x344B, 0x344B, 
    0x7653, 0xB85B, 0x5653, 0x9B7C, 0xB75B, 0x1543, 0x5743, 0x793B, 0x7933, 0x7B33, 0x9B2B, 0x7B2B, 0x7B2B, 0x7A2B, 0x7A2B, 0x7A2B, 
    0x7B33, 0x7B33, 0x7B33, 0x7B33, 0x7B33, 0x7A2B, 0x7A2B, 0x7A2B, 0x5A2B, 0x5A2B, 0x5A2B, 0x5A2B, 0x5A2B, 0x5A2B, 0x5A2B, 0x5A2B, 
    0x5A2B, 0x5A2B, 0x5A2B, 0x5A2B, 0x5A2B, 0x3A2B, 0x3A2B, 0x3A2B, 0x3A2B, 0x3A2B, 0x3A2B, 0x3A2B, 0x3A2B, 0x1A23, 0x1A23, 0x1A23, 
    0x3A2B, 0x3A2B, 0x3A2B, 0x1A23, 0x1A23, 0x1A23, 0x1A23, 0x1A23, 0x1A23, 0x1A23, 0x1A23, 0x1A23, 0x1A23, 0xFA22, 0xFA22, 0xFA22, 
    0xFA22, 0xFA22, 0xFA22, 0xFA22, 0x1A23, 0xFA22, 0xFA22, 0xF922, 0xD92A, 0xD82A, 0xD82A, 0xD92A, 0xF922, 0xFA22, 0xFA22, 0xFA22, 
    0x5B2B, 0xD81A, 0xD822, 0x9A43, 0xDA53, 0x384B, 0x174B, 0x985B, 0x5853, 0x1743, 0xD732, 0xD832, 0xD92A, 0xD922, 0xDA1A, 0xDA1A, 
    0xDA22, 0xD922, 0xD922, 0xD922, 0xD922, 0xD922, 0xD922, 0xD922, 0xDA22, 0xD922, 0xD922, 0xB922, 0xB922, 0xD922, 0xD922, 0xDA22, 
    0xB922, 0xB922, 0xB922, 0xB922, 0xB922, 0xB922, 0xB922, 0xB922, 0xB922, 0xB922, 0xB922, 0xB922, 0xB922, 0xB922, 0xB922, 0xB922, 
    0x9922, 0x9922, 0x9922, 0x9922, 0x9922, 0x9922, 0x9922, 0x9922, 0x991A, 0x991A, 0x991A, 0x991A, 0x991A, 0x991A, 0x991A, 0x991A, 
    0x9922, 0x9922, 0x9922, 0x9922, 0x9922, 0x9922, 0x9922, 0x9922, 0x981A, 0x981A, 0x981A, 0x981A, 0x981A, 0x981A, 0x981A, 0x981A, 
    0x7922, 0x7922, 0x7922, 0x7922, 0x7922, 0x7922, 0x7922, 0x7922, 0x781A, 0x781A, 0x781A, 0x781A, 0x781A, 0x781A, 0x781A, 0x781A, 
    0x781A, 0x781A, 0x781A, 0x781A, 0x781A, 0x781A, 0x781A, 0x781A, 0x781A, 0x781A, 0x781A, 0x781A, 0x781A, 0x781A, 0x781A, 0x781A, 
    0x581A, 0x581A, 0x581A, 0x581A, 0x581A, 0x581A, 0x581A, 0x581A, 0x581A, 0x581A, 0x581A, 0x581A, 0x581A, 0x581A, 0x581A, 0x581A, 
    0x7833, 0x1B4C, 0xDA43, 0x1A54, 0x5B64, 0xD953, 0xF85B, 0xDB84, 0x9DA5, 0x3FBE, 0xBCB5, 0xF05A, 0x0F63, 0x338C, 0xB49C, 0xB17B, 
    0xF383, 0x1584, 0x768C, 0x115B, 0x8F4A, 0x167C, 0xDFD6, 0x1EBE, 0x3FDF, 0xBCAD, 0xF994, 0x367C, 0x367C, 0x904A, 0x0D3A, 0xCD31, 
    0xD252, 0xF773, 0xFA94, 0xD673, 0x7563, 0x7A7C, 0xB75B, 0x163B, 0x793B, 0x7A33, 0x7B2B, 0x7B2B, 0x7B2B, 0x7B2B, 0x7A2B, 0x7A2B, 
    0x7B33, 0x7B33, 0x7B33, 0x7B33, 0x7B33, 0x7A2B, 0x7A2B, 0x7A2B, 0x5A2B, 0x5A2B, 0x5A2B, 0x5A2B, 0x5A2B, 0x5A2B, 0x5A2B, 0x5A2B, 
    0x5A2B, 0x5A2B, 0x5A2B, 0x5A2B, 0x5A2B, 0x5A2B, 0x3A2B, 0x3A2B, 0x3A2B, 0x3A2B, 0x3A2B, 0x3A2B, 0x3A2B, 0x3A2B, 0x3A2B, 0x3A2B, 
    0x3A2B, 0x3A2B, 0x3A2B, 0x1A23, 0x1A23, 0x1A23, 0x1A23, 0x1A23, 0x1A23, 0x1A23, 0x1A23, 0x1A23, 0x1A23, 0x1A23, 0xFA22, 0xFA22, 
    0xFA22, 0xFA22, 0xFA22, 0xFA22, 0x1A1B, 0x1A1B, 0xFA22, 0xFA22, 0xF922, 0xF92A, 0xD92A, 0xD92A, 0xFA22, 0xFA22, 0xFA1A, 0xFA1A, 
    0xD91A, 0xF822, 0xFC4B, 0x5F7D, 0x1F7D, 0xB95B, 0x374B, 0xB95B, 0x384B, 0xD73A, 0xB732, 0xB82A, 0xDA22, 0xDA22, 0xDB1A, 0xDB1A, 
    0xDA22, 0xD922, 0xD922, 0xD922, 0xD922, 0xD922, 0xD922, 0xD922, 0xDA22, 0xD922, 0xD922, 0xB922, 0xB922, 0xD922, 0xD922, 0xDA22, 
    0xB922, 0xB922, 0xB922, 0xB922, 0xB922, 0xB922, 0xB922, 0xB922, 0xB922, 0xB922, 0xB922, 0xB922, 0xB922, 0xB922, 0xB922, 0xB922, 
    0x9922, 0x9922, 0x9922, 0x9922, 0x9922, 0x9922, 0x9922, 0x9922, 0x991A, 0x991A, 0x991A, 0x991A, 0x991A, 0x991A, 0x991A, 0x991A, 
    0x9922, 0x9922, 0x9922, 0x9922, 0x9922, 0x9922, 0x9922, 0x9922, 0x981A, 0x981A, 0x981A, 0x981A, 0x981A, 0x981A, 0x981A, 0x981A, 
    0x7922, 0x7922, 0x7922, 0x7922, 0x7922, 0x7922, 0x7922, 0x7922, 0x781A, 0x781A, 0x781A, 0x781A, 0x781A, 0x781A, 0x781A, 0x781A, 
    0x781A, 0x781A, 0x781A, 0x781A, 0x781A, 0x781A, 0x781A, 0x781A, 0x781A, 0x781A, 0x781A, 0x781A, 0x781A, 0x781A, 0x781A, 0x781A, 
    0x581A, 0x581A, 0x581A, 0x581A, 0x581A, 0x581A, 0x581A, 0x581A, 0x581A, 0x581A, 0x581A, 0x581A, 0x581A, 0x581A, 0x581A, 0x581A, 
    0xFB4B, 0x3B54, 0xB94B, 0xF953, 0x754B, 0x744B, 0x3A8D, 0x9BA5, 0xB36B, 0x105B, 0x1384, 0xB17B, 0x58B5, 0x959C, 0xD28B, 0xF38B, 
    0x969C, 0x558C, 0xAF52, 0x1163, 0x6E4A, 0xD473, 0x59A5, 0x9FCE, 0x7AAD, 0x9BB5, 0x9273, 0x8E52, 0xD37B, 0x0C42, 0xEF62, 0x7ED6, 
    0xF9A4, 0xB89C, 0x9794, 0x526B, 0x936B, 0x577C, 0x965B, 0x9753, 0x593B, 0x7A33, 0x7B33, 0x7C2B, 0x7B2B, 0x9B2B, 0x9A2B, 0x7A2B, 
    0x7B33, 0x7B33, 0x7B33, 0x7A33, 0x7A33, 0x7A2B, 0x7A2B, 0x7A2B, 0x5A2B, 0x5A2B, 0x5A2B, 0x5A2B, 0x5A2B, 0x5A2B, 0x5A2B, 0x5A2B, 
    0x5A2B, 0x5A2B, 0x5A2B, 0x5A2B, 0x5A2B, 0x5A2B, 0x5A2B, 0x3A2B, 0x5A2B, 0x5A2B, 0x3A2B, 0x3A2B, 0x3A2B, 0x3A2B, 0x3A2B, 0x3A2B, 
    0x3A2B, 0x3A2B, 0x3A2B, 0x3A2B, 0x1A23, 0x1A23, 0x1A23, 0x1A23, 0x1A23, 0x1A23, 0x1A23, 0x1A23, 0x1A23, 0x1A23, 0x1A23, 0xFA22, 
    0xFA2A, 0xFA2A, 0xFA22, 0x1A23, 0x1A1B, 0x1A1B, 0x1A23, 0xFA22, 0xFA22, 0xDA22, 0xDA2A, 0xDA22, 0xFA22, 0xFA22, 0xFA1A, 0x1A1B, 
    0x3A23, 0x192B, 0x1C4C, 0x7F85, 0x1F7D, 0x9853, 0xF63A, 0x9953, 0xF83A, 0xB832, 0x9822, 0xB922, 0xDB22, 0xDB1A, 0xBB1A, 0xDB1A, 
    0xDA22, 0xD922, 0xD922, 0xD922, 0xD922, 0xD922, 0xD922, 0xD922, 0xDA22, 0xD922, 0xD922, 0xB922, 0xB922, 0xD922, 0xD922, 0xDA22, 
    0xB922, 0xB922, 0xB922, 0xB922, 0xB922, 0xB922, 0xB922, 0xB922, 0xB922, 0xB922, 0xB922, 0xB922, 0xB922, 0xB922, 0xB922, 0xB922, 
    0x991A, 0x991A, 0x991A, 0x991A, 0x991A, 0x991A, 0x991A, 0x991A, 0x991A, 0x991A, 0x991A, 0x991A, 0x991A, 0x991A, 0x991A, 0x991A, 
    0x991A, 0x991A, 0x991A, 0x991A, 0x991A, 0x991A, 0x991A, 0x991A, 0x981A, 0x981A, 0x981A, 0x981A, 0x981A, 0x981A, 0x981A, 0x981A, 
    0x7922, 0x7922, 0x7922, 0x7922, 0x7922, 0x7922, 0x7922, 0x7922, 0x781A, 0x781A, 0x781A, 0x781A, 0x781A, 0x781A, 0x781A, 0x781A, 
    0x781A, 0x781A, 0x781A, 0x781A, 0x781A, 0x781A, 0x781A, 0x781A, 0x781A, 0x781A, 0x781A, 0x781A, 0x781A, 0x781A, 0x781A, 0x781A, 
    0x581A, 0x581A, 0x581A, 0x581A, 0x581A, 0x581A, 0x581A, 0x581A, 0x581A, 0x581A, 0x581A, 0x581A, 0x581A, 0x581A, 0x581A, 0x581A, 
    0xD953, 0xF953, 0x3543, 0x3864, 0x5B8D, 0xB35B, 0x5053, 0x78A5, 0x169D, 0x3284, 0x538C, 0x2F6B, 0x3494, 0x517B, 0x6E5A, 0x517B, 
    0x2C4A, 0xEF62, 0x8A31, 0xEB39, 0x8E52, 0xF37B, 0x1484, 0x558C, 0xF383, 0x38AD, 0x2C52, 0x106B, 0x37B5, 0x17AD, 0xD6AC, 0xBAC5, 
    0xF8AC, 0x7694, 0xEF62, 0xB27B, 0x9273, 0x8F4A, 0x713A, 0xD43A, 0x5843, 0x7A3B, 0x7B33, 0x7C2B, 0x7C2B, 0x7B2B, 0x9A2B, 0x7A2B, 
    0x7A33, 0x7B33, 0x7B33, 0x7A33, 0x7A33, 0x7A2B, 0x7A2B, 0x7A2B, 0x7A2B, 0x7A2B, 0x5A2B, 0x5A2B, 0x5A2B, 0x5A2B, 0x5A2B, 0x5A2B, 
    0x5A2B, 0x5A2B, 0x5A2B, 0x5A2B, 0x5A2B, 0x5A2B, 0x5A2B, 0x5A2B, 0x5A2B, 0x3A2B, 0x3A2B, 0x3A2B, 0x3A2B, 0x3A2B, 0x3A2B, 0x3A2B, 
    0x3A2B, 0x3A2B, 0x3A2B, 0x3A2B, 0x3A2B, 0x1A23, 0x1A23, 0x1A23, 0x1A23, 0x1A23, 0x1A23, 0x1A23, 0x1A23, 0x1A23, 0x1A23, 0xFA22, 
    0xFA2A, 0xFA2A, 0xFA22, 0x1A23, 0x1A23, 0x1A1B, 0x1A1B, 0xFA22, 0xFA22, 0xDA22, 0xDA22, 0xDA22, 0xFA22, 0xFA22, 0x1A1B, 0x1A1B, 
    0x9B33, 0x1923, 0x5933, 0x5C5C, 0x7D64, 0x994B, 0xF73A, 0x183B, 0xF832, 0xB922, 0xB91A, 0xDA22, 0xDB22, 0xDB1A, 0xBB1A, 0xDA22, 
    0xBA22, 0xD922, 0xD922, 0xD922, 0xD922, 0xD922, 0xD922, 0xD922, 0xDA22, 0xD922, 0xD922, 0xB922, 0xB922, 0xD922, 0xD922, 0xDA22, 
    0xB922, 0xB922, 0xB922, 0xB922, 0xB922, 0xB922, 0xB922, 0xB922, 0xB922, 0xB922, 0xB922, 0xB922, 0xB922, 0xB922, 0xB922, 0xB922, 
    0xB922, 0xB922, 0xB922, 0xB922, 0xB922, 0xB922, 0xB922, 0xB922, 0x991A, 0x991A, 0x991A, 0x991A, 0x991A, 0x991A, 0x991A, 0x991A, 
    0x9922, 0x9922, 0x9922, 0x9922, 0x9922, 0x9922, 0x9922, 0x9922, 0x991A, 0x991A, 0x991A, 0x991A, 0x991A, 0x991A, 0x991A, 0x991A, 
    0x991A, 0x7922, 0x7922, 0x7922, 0x7922, 0x7922, 0x7922, 0x7922, 0x7922, 0x7922, 0x7922, 0x7922, 0x7922, 0x7922, 0x7922, 0x7922, 
    0x7822, 0x7822, 0x7822, 0x7822, 0x7822, 0x7822, 0x7822, 0x7822, 0x781A, 0x781A, 0x781A, 0x781A, 0x781A, 0x781A, 0x781A, 0x781A, 
    0x781A, 0x781A, 0x781A, 0x781A, 0x781A, 0x781A, 0x781A, 0x781A, 0x781A, 0x781A, 0x781A, 0x781A, 0x781A, 0x781A, 0x781A, 0x781A, 
    0xD663, 0xD663, 0x9C9D, 0x5A95, 0x347C, 0x537C, 0x127C, 0xD494, 0xD07B, 0x7394, 0xF183, 0xCE62, 0x927B, 0x727B, 0xEC49, 0x4E52, 
    0xF383, 0x4D52, 0x6931, 0x2C42, 0x1484, 0xCF5A, 0x1484, 0x3CC6, 0x5FEF, 0x148C, 0x2F6B, 0x38B5, 0xD6A4, 0x37B5, 0xF6AC, 0xF28B, 
    0x3594, 0x3594, 0x8E5A, 0x516B, 0x8E52, 0x6E42, 0xB142, 0x1543, 0x5843, 0x7A3B, 0x7C33, 0x7C33, 0x7C2B, 0x7B2B, 0x7A2B, 0x7A2B, 
    0x7A33, 0x7B33, 0x7B33, 0x7A33, 0x7A33, 0x7A2B, 0x7A2B, 0x7A2B, 0x7A2B, 0x7A2B, 0x7A2B, 0x5A2B, 0x5A2B, 0x5A2B, 0x5A2B, 0x5A2B, 
    0x5A2B, 0x5A2B, 0x5A2B, 0x5A2B, 0x5A2B, 0x5A2B, 0x5A2B, 0x5A2B, 0x5A2B, 0x3A2B, 0x3A2B, 0x3A2B, 0x3A2B, 0x3A2B, 0x3A2B, 0x3A2B, 
    0x3A2B, 0x3A2B, 0x3A2B, 0x3A2B, 0x3A2B, 0x3A2B, 0x1A23, 0x1A23, 0x1A23, 0x1A23, 0x1A23, 0x1A23, 0x1A23, 0x1A23, 0x1A23, 0xFA22, 
    0xFA2A, 0xFA2A, 0x1A23, 0x1A23, 0x1A23, 0x1A1B, 0x1A1B, 0x1A23, 0xFA22, 0xDA22, 0xDA22, 0xDA22, 0xFA22, 0xFA22, 0x1A1B, 0x1A1B, 
    0x1923, 0xD822, 0x192B, 0xBB4B, 0x3C5C, 0xFB53, 0x7A43, 0xF932, 0xF92A, 0xDA22, 0xDA1A, 0xFB1A, 0xFB1A, 0xDA1A, 0xBA1A, 0xD922, 
    0xD922, 0xD922, 0xD922, 0xD922, 0xD922, 0xD922, 0xD922, 0xD922, 0xDA22, 0xD922, 0xD922, 0xB922, 0xB922, 0xD922, 0xD922, 0xDA22, 
    0xB922, 0xB922, 0xB922, 0xB922, 0xB922, 0xB922, 0xB922, 0xB922, 0xB922, 0xB922, 0xB922, 0xB922, 0xB922, 0xB922, 0xB922, 0xB922, 
    0xB922, 0xB922, 0xB922, 0xB922, 0xB922, 0xB922, 0xB922, 0xB922, 0x991A, 0x991A, 0x991A, 0x991A, 0x991A, 0x991A, 0x991A, 0x991A, 
    0x9922, 0x9922, 0x9922, 0x9922, 0x9922, 0x9922, 0x9922, 0x9922, 0x991A, 0x991A, 0x991A, 0x991A, 0x991A, 0x991A, 0x991A, 0x991A, 
    0x991A, 0x991A, 0x991A, 0x991A, 0x991A, 0x991A, 0x991A, 0x991A, 0x791A, 0x791A, 0x791A, 0x791A, 0x791A, 0x791A, 0x791A, 0x791A, 
    0x7822, 0x7822, 0x7822, 0x7822, 0x7822, 0x7822, 0x7822, 0x7822, 0x781A, 0x781A, 0x781A, 0x781A, 0x781A, 0x781A, 0x781A, 0x781A, 
    0x781A, 0x781A, 0x781A, 0x781A, 0x781A, 0x781A, 0x781A, 0x781A, 0x781A, 0x781A, 0x781A, 0x781A, 0x781A, 0x781A, 0x781A, 0x781A, 
    0x589D, 0xD694, 0xF694, 0x706B, 0x538C, 0x77B5, 0x4E6B, 0x0D63, 0xD083, 0x328C, 0x8C5A, 0x4C52, 0x5173, 0x6E52, 0x0929, 0xCC41, 
    0x306B, 0x8D5A, 0x0729, 0x6D52, 0xD27B, 0x38A5, 0xDBBD, 0xBEDE, 0x348C, 0x8A39, 0x38AD, 0x1BCE, 0x17AD, 0x5494, 0xB183, 0x3394, 
    0x59B5, 0x9273, 0xAE5A, 0x6D52, 0x6D4A, 0xB36B, 0x3353, 0x7653, 0x5943, 0x5A3B, 0x5C33, 0x7C33, 0x7B33, 0x7B33, 0x7933, 0x7933, 
    0x7A33, 0x7B33, 0x7B33, 0x7A33, 0x7A33, 0x7A2B, 0x7A2B, 0x7A2B, 0x7A33, 0x7A2B, 0x7A2B, 0x7A2B, 0x5A2B, 0x5A2B, 0x5A2B, 0x5A2B, 
    0x7A2B, 0x5A2B, 0x5A2B, 0x5A2B, 0x5A2B, 0x5A2B, 0x5A2B, 0x5A2B, 0x3A2B, 0x3A2B, 0x3A2B, 0x3A2B, 0x3A2B, 0x3A2B, 0x3A2B, 0x3A2B, 
    0x3A2B, 0x3A2B, 0x3A2B, 0x3A2B, 0x3A2B, 0x3A2B, 0x3A2B, 0x3A2B, 0x1A23, 0x1A23, 0x1A23, 0x1A23, 0x1A23, 0x1A23, 0x1A23, 0x1A23, 
    0xFA2A, 0xFA2A, 0x1A23, 0x1A23, 0x1A23, 0x1A1B, 0x1A23, 0x1A23, 0xFA22, 0xFA22, 0xDB22, 0xDB22, 0xFA22, 0xFA22, 0x1A1B, 0x1A1B, 
    0xB91A, 0xFA22, 0x1A2B, 0x3A33, 0x5A3B, 0x7A43, 0x5A3B, 0x1A2B, 0x1A23, 0xFB1A, 0xFB1A, 0x1B1B, 0xFB1A, 0xD91A, 0xD922, 0xD922, 
    0xD922, 0xD922, 0xD922, 0xD922, 0xD922, 0xD922, 0xD922, 0xD922, 0xDA22, 0xD922, 0xD922, 0xB922, 0xB922, 0xD922, 0xD922, 0xDA22, 
    0xB922, 0xB922, 0xB922, 0xB922, 0xB922, 0xB922, 0xB922, 0xB922, 0xB922, 0xB922, 0xB922, 0xB922, 0xB922, 0xB922, 0xB922, 0xB922, 
    0xB922, 0xB922, 0xB922, 0xB922, 0xB922, 0xB922, 0xB922, 0xB922, 0xB922, 0xB922, 0xB922, 0xB922, 0xB922, 0xB922, 0xB922, 0xB922, 
    0xB922, 0xB922, 0xB922, 0xB922, 0xB922, 0xB922, 0xB922, 0xB922, 0x9922, 0x9922, 0x9922, 0x9922, 0x9922, 0x9922, 0x9922, 0x9922, 
    0x9922, 0x9922, 0x9922, 0x9922, 0x9922, 0x9922, 0x9922, 0x9922, 0x991A, 0x991A, 0x991A, 0x991A, 0x991A, 0x991A, 0x991A, 0x981A, 
    0x7822, 0x9822, 0x9822, 0x9822, 0x9822, 0x9822, 0x9822, 0x9822, 0x7822, 0x7822, 0x7822, 0x7822, 0x7822, 0x7822, 0x7822, 0x7822, 
    0x781A, 0x781A, 0x781A, 0x781A, 0x781A, 0x781A, 0x781A, 0x781A, 0x781A, 0x781A, 0x781A, 0x781A, 0x781A, 0x781A, 0x781A, 0x781A, 
    0xB5BD, 0x308C, 0x38CE, 0xBADE, 0x939C, 0x2E6B, 0x6B5A, 0x4F73, 0x717B, 0xB6A4, 0xCE5A, 0x0C42, 0x1484, 0x726B, 0x5163, 0xD273, 
    0x7594, 0x917B, 0x8D5A, 0x37AD, 0xB69C, 0x7594, 0xEF5A, 0x6D52, 0x4929, 0xEF62, 0x59AD, 0x927B, 0x548C, 0x79B5, 0x959C, 0x7594, 
    0x39AD, 0xAF52, 0xF05A, 0xEF5A, 0xD36B, 0x1574, 0x745B, 0x522A, 0x5943, 0x7B3B, 0x5C33, 0x7C33, 0x7B33, 0x7A33, 0x7933, 0x7933, 
    0x7A33, 0x7B33, 0x7B33, 0x7A33, 0x7A33, 0x7A2B, 0x7A2B, 0x7A2B, 0x7A33, 0x7A33, 0x7A2B, 0x7A2B, 0x7A2B, 0x5A2B, 0x5A2B, 0x5A2B, 
    0x7A2B, 0x7A2B, 0x5A2B, 0x5A2B, 0x5A2B, 0x5A2B, 0x5A2B, 0x5A2B, 0x5A2B, 0x5A2B, 0x3A2B, 0x3A2B, 0x3A2B, 0x3A2B, 0x3A2B, 0x3A2B, 
    0x3A2B, 0x3A2B, 0x3A2B, 0x3A2B, 0x3A2B, 0x3A2B, 0x3A2B, 0x3A2B, 0x1A23, 0x1A23, 0x1A23, 0x1A23, 0x1A23, 0x1A23, 0x1A23, 0x1A23, 
    0xFA2A, 0xFA2A, 0x1A23, 0x1A23, 0x3A23, 0x1A1B, 0x1A23, 0x1A23, 0xFA22, 0xDB22, 0xDB22, 0xDB22, 0xFA22, 0xFA22, 0x1923, 0x1A1B, 
    0xFB22, 0xFB22, 0xFA2A, 0xB92A, 0x9822, 0x9822, 0xD922, 0xFA22, 0x1B1B, 0x1B13, 0x1B13, 0x1B13, 0x1A1B, 0xD91A, 0xD822, 0xF82A, 
    0xD922, 0xD922, 0xD922, 0xD922, 0xD922, 0xD922, 0xD922, 0xD922, 0xDA22, 0xD922, 0xD922, 0xB922, 0xB922, 0xD922, 0xD922, 0xDA22, 
    0xB922, 0xB922, 0xB922, 0xB922, 0xB922, 0xB922, 0xB922, 0xB922, 0xB922, 0xB922, 0xB922, 0xB922, 0xB922, 0xB922, 0xB922, 0xB922, 
    0xB922, 0xB922, 0xB922, 0xB922, 0xB922, 0xB922, 0xB922, 0xB922, 0xB922, 0xB922, 0xB922, 0xB922, 0xB922, 0xB922, 0xB922, 0xB922, 
    0xB922, 0xB922, 0xB922, 0xB922, 0xB922, 0xB922, 0xB922, 0xB922, 0x9922, 0x9922, 0x9922, 0x9922, 0x9922, 0x9922, 0x9922, 0x9922, 
    0x9922, 0x9922, 0x9922, 0x9922, 0x9922, 0x9922, 0x9922, 0x9922, 0x991A, 0x991A, 0x991A, 0x991A, 0x991A, 0x991A, 0x991A, 0x981A, 
    0x7822, 0x9822, 0x9822, 0x9822, 0x9822, 0x9822, 0x9822, 0x9822, 0x7822, 0x7822, 0x7822, 0x7822, 0x7822, 0x7822, 0x7822, 0x7822, 
    0x781A, 0x781A, 0x781A, 0x781A, 0x781A, 0x781A, 0x781A, 0x781A, 0x791A, 0x791A, 0x791A, 0x791A, 0x791A, 0x791A, 0x791A, 0x791A, 
    0x5CF7, 0x1BEF, 0xDEFF, 0x7DF7, 0x38D6, 0xF7CD, 0x56B5, 0x3294, 0x17AD, 0x79BD, 0xCF62, 0xCB41, 0x558C, 0x506B, 0x38A5, 0x1FE7, 
    0x3BCE, 0x99BD, 0x7CD6, 0x78B5, 0xBABD, 0xF383, 0x9594, 0xAE5A, 0x4C4A, 0xB69C, 0xF7A4, 0xFBC5, 0xDABD, 0x79B5, 0xF7A4, 0x9694, 
    0xF89C, 0xB373, 0x147C, 0x5163, 0x147C, 0x7363, 0x5C9D, 0x154B, 0x584B, 0x5A43, 0x5B3B, 0x7B3B, 0x7B33, 0x7A33, 0x7933, 0x7933, 
    0x7A33, 0x7B33, 0x7B33, 0x7B2B, 0x7B2B, 0x7A2B, 0x7A2B, 0x7A2B, 0x7A33, 0x7A33, 0x7A33, 0x7A2B, 0x7A2B, 0x5A2B, 0x5A2B, 0x5A2B, 
    0x5A2B, 0x7A2B, 0x7A2B, 0x5A2B, 0x5A2B, 0x5A2B, 0x5A2B, 0x5A2B, 0x5A2B, 0x5A2B, 0x5A2B, 0x5A2B, 0x5A2B, 0x3A2B, 0x3A2B, 0x3A2B, 
    0x3A2B, 0x3A2B, 0x3A2B, 0x3A2B, 0x3A2B, 0x3A2B, 0x3A2B, 0x3A23, 0x1A23, 0x3A23, 0x3A23, 0x1A23, 0x1A23, 0x1A23, 0x1A23, 0x1A23, 
    0x1B2B, 0x1B2B, 0x1A23, 0x1A23, 0x3A23, 0x191B, 0x1A23, 0x1A23, 0xFA22, 0xDB22, 0xDB22, 0xDB22, 0xFA22, 0xFA22, 0xF922, 0xFA22, 
    0x1B23, 0xBA22, 0xB922, 0xFA2A, 0x1A33, 0xD92A, 0xD922, 0xFA22, 0xFB1A, 0xFB12, 0xFB12, 0xFB12, 0xFA1A, 0xD81A, 0xD822, 0xF92A, 
    0xD922, 0xD922, 0xD922, 0xD922, 0xD922, 0xD922, 0xD922, 0xD922, 0xDA22, 0xD922, 0xBA22, 0xBA22, 0xBA22, 0xBA22, 0xBA22, 0xDA22, 
    0xB922, 0xB922, 0xB922, 0xB922, 0xB922, 0xB922, 0xB922, 0xB922, 0xB922, 0xB922, 0xB922, 0xB922, 0xB922, 0xB922, 0xB922, 0xB922, 
    0xBA1A, 0xBA1A, 0xB91A, 0xB922, 0xB922, 0xB922, 0xB922, 0xB922, 0x9922, 0xB922, 0xB922, 0xB922, 0xB922, 0xB91A, 0xB91A, 0xB91A, 
    0x9922, 0xB922, 0xB922, 0x9922, 0x9922, 0x9922, 0x9922, 0x9922, 0x9922, 0x9922, 0x9922, 0x9922, 0x9922, 0x991A, 0x991A, 0x991A, 
    0x991A, 0x991A, 0x991A, 0x991A, 0x991A, 0x991A, 0x991A, 0x991A, 0x991A, 0x991A, 0x991A, 0x991A, 0x991A, 0x991A, 0x991A, 0x981A, 
    0x981A, 0x981A, 0x981A, 0x981A, 0x981A, 0x9822, 0x7822, 0x7822, 0x7822, 0x7822, 0x7822, 0x7822, 0x7822, 0x7822, 0x7822, 0x7822, 
    0x781A, 0x791A, 0x791A, 0x791A, 0x791A, 0x791A, 0x791A, 0x781A, 0x791A, 0x791A, 0x791A, 0x791A, 0x791A, 0x791A, 0x791A, 0x791A, 
    0x568C, 0xFFDE, 0x9FEF, 0xDFFF, 0xFFFF, 0xFDFF, 0xBDFF, 0x74B5, 0xB7BD, 0x97BD, 0xEE6A, 0x0B4A, 0xB59C, 0x4F73, 0x328C, 0x57AD, 
    0x7FF7, 0x3BCE, 0xF6A4, 0xB59C, 0xCE5A, 0xD27B, 0x1384, 0x17A5, 0xD6A4, 0x99B5, 0xD6A4, 0xD6A4, 0xB59C, 0x99BD, 0x17AD, 0x38AD, 
    0x9694, 0x768C, 0x5584, 0x189D, 0x1584, 0xD573, 0x3363, 0x9242, 0x3232, 0x7853, 0x9A4B, 0x593B, 0x9B3B, 0xBB33, 0x7A23, 0xBB2B, 
    0x9B2B, 0x9B2B, 0x9B2B, 0x9B2B, 0x7B2B, 0x7B2B, 0x7A2B, 0x7A2B, 0x7A2B, 0x7A2B, 0x7A2B, 0x7A2B, 0x7A2B, 0x7A2B, 0x7A2B, 0x7A2B, 
    0x7A2B, 0x7A2B, 0x7A2B, 0x7A2B, 0x792B, 0x592B, 0x592B, 0x5A2B, 0x5A2B, 0x5A2B, 0x5A33, 0x3A33, 0x3A33, 0x3933, 0x3933, 0x3933, 
    0x3A2B, 0x5A2B, 0x5A2B, 0x3A2B, 0x5A2B, 0x3A2B, 0x3A2B, 0x5A23, 0x3923, 0x3923, 0x3A23, 0x3A23, 0x3A23, 0x3B23, 0x3B23, 0x3B23, 
    0x3B23, 0x1B1B, 0x1A1B, 0x1A1B, 0x1A23, 0x1923, 0x1A23, 0x1A23, 0xFA22, 0xFB22, 0xFB22, 0xFB22, 0xFB22, 0xFA22, 0xFA22, 0xFA22, 
    0xFA22, 0xFA22, 0xFA22, 0xFA22, 0xFA22, 0xFA22, 0xFA22, 0xFA22, 0xFA22, 0xFA22, 0xFA1A, 0xFA1A, 0xFA1A, 0xF91A, 0xD922, 0xD922, 
    0xD91A, 0xDA1A, 0xDA1A, 0xDA1A, 0xDA22, 0xDA22, 0xDA22, 0xDA22, 0xBA22, 0xBA22, 0xBA22, 0xBA22, 0xBA22, 0xBA22, 0xBA22, 0xBA22, 
    0xD922, 0xD922, 0xD922, 0xD922, 0xD922, 0xD922, 0xD922, 0xD922, 0xB922, 0xB922, 0xB922, 0xB922, 0xB922, 0xB922, 0xB922, 0xBA22, 
    0xBA1A, 0xBB1A, 0xBA1A, 0xBA22, 0xB922, 0xB922, 0xB822, 0xB822, 0xD82A, 0xB822, 0x9822, 0xB822, 0xB91A, 0x981A, 0x9912, 0xB91A, 
    0x991A, 0xB922, 0x9922, 0x781A, 0x9822, 0xD92A, 0xB82A, 0x7722, 0x9822, 0x9822, 0xB822, 0x9922, 0x991A, 0x991A, 0x991A, 0x991A, 
    0x991A, 0x991A, 0x991A, 0x991A, 0x991A, 0x991A, 0x991A, 0x991A, 0x991A, 0x991A, 0x991A, 0x991A, 0x991A, 0x991A, 0x991A, 0x981A, 
    0x981A, 0x981A, 0x981A, 0x981A, 0x981A, 0x981A, 0x7922, 0x7922, 0x7922, 0x7922, 0x7822, 0x9822, 0x9822, 0x9722, 0x9722, 0x9822, 
    0x791A, 0x7A1A, 0x7A1A, 0x791A, 0x791A, 0x791A, 0x791A, 0x791A, 0x791A, 0x791A, 0x791A, 0x791A, 0x981A, 0x981A, 0x981A, 0x981A, 
    0xB673, 0x988C, 0x3FE7, 0xBFEF, 0x7DEF, 0xFEFF, 0xBCF7, 0x5BF7, 0x38CE, 0xD3A4, 0x4E73, 0x4B52, 0x3394, 0x939C, 0x56B5, 0x36AD, 
    0x538C, 0x37AD, 0xDABD, 0x338C, 0x506B, 0xEE62, 0x548C, 0x7494, 0xF6A4, 0xB59C, 0x138C, 0xF283, 0x37AD, 0x7CD6, 0x5CD6, 0x58AD, 
    0x38A5, 0x79AD, 0x38A5, 0x8A29, 0x4E4A, 0x9473, 0x2F42, 0x5142, 0xF452, 0xD442, 0x574B, 0x583B, 0x7933, 0x5923, 0xBB2B, 0xDC2B, 
    0x9B2B, 0x9B2B, 0x9B2B, 0x9B2B, 0x7B2B, 0x7B2B, 0x7A2B, 0x7A2B, 0x7A2B, 0x7A2B, 0x7A33, 0x7A2B, 0x7A2B, 0x7A2B, 0x7A2B, 0x7A2B, 
    0x7B2B, 0x7B2B, 0x7A2B, 0x7A2B, 0x792B, 0x792B, 0x592B, 0x5A2B, 0x5A2B, 0x5A2B, 0x5A33, 0x3A33, 0x3A33, 0x3933, 0x3833, 0x3933, 
    0x3A2B, 0x5A2B, 0x5A2B, 0x5A2B, 0x5A2B, 0x5A2B, 0x5923, 0x5923, 0x3923, 0x3923, 0x3A23, 0x3A23, 0x3A23, 0x3B23, 0x3B23, 0x3B23, 
    0x3B23, 0x1B1B, 0x1A23, 0x1A23, 0x1923, 0x1923, 0x1923, 0x1A2B, 0xFA22, 0xFB22, 0xFB22, 0xFB22, 0xFB22, 0xFA22, 0xFA22, 0xFA22, 
    0xFA22, 0xFA22, 0xFA22, 0xFA22, 0xFA22, 0xFA22, 0xFA22, 0xFA22, 0xFA22, 0xFA22, 0xFA22, 0xFA22, 0xFA22, 0xFA22, 0xD922, 0xD922, 
    0xDA1A, 0xFA1A, 0xDA1A, 0xDA1A, 0xDA1A, 0xDA22, 0xDA22, 0xDA22, 0xD922, 0xBA22, 0xBA22, 0xBA22, 0xBA22, 0xBA22, 0xBA22, 0xDA22, 
    0xD922, 0xD922, 0xD922, 0xD922, 0xD922, 0xD922, 0xD922, 0xD922, 0xB922, 0xB922, 0xB922, 0xB922, 0xB922, 0xB922, 0xB922, 0xB922, 
    0xDA1A, 0xDA1A, 0xDA1A, 0xB922, 0xB922, 0xB922, 0xB922, 0xB82A, 0xB82A, 0x9822, 0x9822, 0xD922, 0xD922, 0xD91A, 0xF91A, 0xFA22, 
    0xB91A, 0xB922, 0xB922, 0x981A, 0x9822, 0x9822, 0x9822, 0x771A, 0xB822, 0xB822, 0xB822, 0x9922, 0xB91A, 0xB91A, 0xB91A, 0xB91A, 
    0x991A, 0x991A, 0x991A, 0x991A, 0x991A, 0x991A, 0x991A, 0x991A, 0x991A, 0x991A, 0x991A, 0x991A, 0x991A, 0x991A, 0x991A, 0x981A, 
    0x981A, 0xB71A, 0x981A, 0x981A, 0x981A, 0x991A, 0x791A, 0x791A, 0x7922, 0x791A, 0x7922, 0x981A, 0x9822, 0x971A, 0x9722, 0x981A, 
    0x791A, 0x7A1A, 0x791A, 0x791A, 0x791A, 0x791A, 0x791A, 0x791A, 0x7922, 0x791A, 0x791A, 0x791A, 0x981A, 0x981A, 0x981A, 0x981A, 
    0x8D29, 0xD573, 0x9BAD, 0x7FEF, 0xFFFF, 0xDEF7, 0xDEFF, 0x3BEF, 0x95BD, 0x929C, 0xB3A4, 0x5294, 0x97BD, 0x15AD, 0xB3A4, 0xD4A4, 
    0x4B4A, 0xD283, 0xB9BD, 0x1284, 0x6C52, 0xEA41, 0x17AD, 0xB59C, 0xF6A4, 0x949C, 0x17AD, 0xB9BD, 0xFEE6, 0x99BD, 0xF6A4, 0x17A5, 
    0x38A5, 0x1FDF, 0xFCBD, 0xD373, 0xB794, 0x1163, 0x1263, 0xBFD6, 0x387C, 0xF54A, 0x9853, 0xDA4B, 0xBA3B, 0x3823, 0xDC33, 0x7B23, 
    0x9B2B, 0x9B33, 0x9B33, 0x9B33, 0x7A33, 0x7A33, 0x7A33, 0x7A33, 0x7A33, 0x7A33, 0x7A33, 0x7A33, 0x7A33, 0x7A2B, 0x7A2B, 0x7A2B, 
    0x7B2B, 0x7B2B, 0x7A2B, 0x7A2B, 0x792B, 0x792B, 0x7A2B, 0x5A2B, 0x5A2B, 0x5B2B, 0x5B2B, 0x5A33, 0x3A33, 0x3933, 0x5933, 0x3933, 
    0x5A2B, 0x5A2B, 0x5A2B, 0x5A2B, 0x5A2B, 0x5A2B, 0x592B, 0x5923, 0x3923, 0x3A23, 0x3A23, 0x3A23, 0x3A23, 0x3B23, 0x3B23, 0x3B23, 
    0x1A23, 0x3A23, 0x1A23, 0x192B, 0x1823, 0x182B, 0xF92A, 0xF92A, 0xFA2A, 0xFA2A, 0xFB22, 0xFB22, 0xFB22, 0xFA22, 0x1A23, 0xFA22, 
    0xFA22, 0xFA22, 0xFA22, 0xFA22, 0xFA22, 0xFA22, 0xFA22, 0xFA22, 0xFA22, 0xFA22, 0xFA22, 0xFA22, 0xFA22, 0xFA22, 0xFA22, 0xDA22, 
    0xDA1A, 0xDA1A, 0xDA1A, 0xDA1A, 0xDA1A, 0xDA1A, 0xD922, 0xD922, 0xD922, 0xD922, 0xD922, 0xD922, 0xD922, 0xD91A, 0xD922, 0xD922, 
    0xD922, 0xD822, 0xD822, 0xD822, 0xD822, 0xD822, 0xD822, 0xD822, 0xD822, 0xD822, 0xD822, 0xD822, 0xD822, 0xD822, 0xD822, 0xD822, 
    0xD722, 0xD722, 0xD722, 0xD822, 0xB922, 0xBA22, 0x9A22, 0x9B22, 0x9B22, 0x9B22, 0x9A22, 0xDA22, 0xDA1A, 0xD91A, 0xD81A, 0xD81A, 
    0xDA1A, 0xDA22, 0xDA22, 0xDA22, 0xDA22, 0xB922, 0xB922, 0xD922, 0xB922, 0xB922, 0xB922, 0xB922, 0x991A, 0xB91A, 0xB91A, 0x991A, 
    0x991A, 0x991A, 0x991A, 0x991A, 0x991A, 0x991A, 0x991A, 0x991A, 0x991A, 0x991A, 0x991A, 0x991A, 0x991A, 0x991A, 0x991A, 0x981A, 
    0x981A, 0x981A, 0x981A, 0x981A, 0x981A, 0x981A, 0x991A, 0x991A, 0x791A, 0x991A, 0x981A, 0x981A, 0x981A, 0x981A, 0x981A, 0x981A, 
    0x781A, 0x791A, 0x791A, 0x791A, 0x7922, 0x7822, 0x7822, 0x7822, 0x7822, 0x7822, 0x7822, 0x7822, 0x7922, 0x7922, 0x7922, 0x7922, 
    0xEF31, 0xB98C, 0x5684, 0x38A5, 0x3FE7, 0x9FEF, 0xFFFF, 0xFBE6, 0x75B5, 0xD3A4, 0x7194, 0xF3AC, 0x7ADE, 0x5294, 0x8F7B, 0xB8BD, 
    0xCC62, 0xD17B, 0x36AD, 0x78B5, 0x2A4A, 0x6B52, 0x58B5, 0x949C, 0xD6A4, 0xF6A4, 0x5FF7, 0x3BCE, 0xEE62, 0x6C52, 0x7494, 0x506B, 
    0x6E4A, 0x6E4A, 0x4D42, 0xB373, 0xB373, 0xB794, 0x3AA5, 0x167C, 0xD24A, 0xEF29, 0x9332, 0x163B, 0xDA43, 0x792B, 0xFC33, 0x9B2B, 
    0x9B33, 0x9A33, 0x7A33, 0x7A33, 0x7A33, 0x7A33, 0x7A33, 0x7A33, 0x7A33, 0x7A33, 0x7A33, 0x7A33, 0x7A33, 0x7A33, 0x7A2B, 0x7A2B, 
    0x7B2B, 0x7B2B, 0x7B2B, 0x7A2B, 0x7A2B, 0x7A2B, 0x7A2B, 0x7A2B, 0x5B2B, 0x5B2B, 0x5B2B, 0x5B2B, 0x5A33, 0x5A2B, 0x592B, 0x592B, 
    0x5A2B, 0x5A2B, 0x5A2B, 0x5A2B, 0x5A2B, 0x5A2B, 0x592B, 0x592B, 0x5A23, 0x3A23, 0x3A23, 0x3A23, 0x3A23, 0x3B23, 0x3B23, 0x3B2B, 
    0xFA22, 0x192B, 0x192B, 0x182B, 0x182B, 0x182B, 0xF92A, 0xF92A, 0xFA2A, 0xFA2A, 0xFB22, 0xFB22, 0xFB22, 0xFA22, 0x1A1B, 0x1A23, 
    0xFA22, 0xFA22, 0xFA22, 0xFA22, 0xFA22, 0xFA22, 0xFA22, 0xFA22, 0xFA22, 0xFA22, 0xFA22, 0xFA22, 0xFA22, 0xFA22, 0xFA22, 0xFA22, 
    0xDA22, 0xDA22, 0xDA22, 0xDA22, 0xDA22, 0xDA22, 0xD922, 0xD922, 0xD922, 0xD91A, 0xD91A, 0xD91A, 0xD91A, 0xF91A, 0xD91A, 0xD91A, 
    0xD922, 0xD922, 0xD922, 0xD922, 0xD922, 0xD922, 0xD922, 0xD922, 0xD922, 0xD922, 0xD922, 0xD922, 0xD822, 0xD822, 0xD822, 0xD822, 
    0xD622, 0xF622, 0xD722, 0xD822, 0xB922, 0xBA22, 0xBB22, 0xBC22, 0x9C22, 0x9C22, 0xBB1A, 0xDB1A, 0xDA1A, 0xD91A, 0xD81A, 0xD81A, 
    0xD91A, 0xB91A, 0x991A, 0xB91A, 0xB91A, 0x991A, 0x9912, 0xB91A, 0xB91A, 0xB91A, 0xB91A, 0xB91A, 0xB922, 0xB91A, 0x9922, 0xB91A, 
    0xB91A, 0xB91A, 0xB91A, 0xB91A, 0xB91A, 0xB91A, 0xB91A, 0xB91A, 0xB91A, 0xB91A, 0xB91A, 0xB91A, 0xB91A, 0xB91A, 0xB91A, 0xB91A, 
    0x981A, 0x981A, 0x981A, 0x981A, 0x981A, 0x991A, 0x991A, 0x991A, 0x991A, 0x991A, 0x991A, 0x991A, 0x981A, 0x981A, 0x981A, 0x981A, 
    0x981A, 0x981A, 0x981A, 0x981A, 0x9822, 0x9822, 0x7822, 0x7822, 0x7822, 0x7822, 0x7822, 0x7822, 0x7922, 0x7922, 0x7922, 0x7922, 
    0x1774, 0x9984, 0xD98C, 0x157C, 0x5AA5, 0x9FEF, 0x9FF7, 0x3DEF, 0x34AD, 0x5094, 0xEA62, 0x919C, 0x17CE, 0x4D73, 0x0D6B, 0xB4A4, 
    0x5294, 0xB4A4, 0xD183, 0x5394, 0x8C5A, 0x5394, 0x1EEF, 0x3EEF, 0xDDE6, 0x9DDE, 0x99BD, 0xB59C, 0x58AD, 0x17A5, 0x1384, 0x306B, 
    0x8E4A, 0xAB31, 0x0D42, 0xCB39, 0xAB31, 0x516B, 0x8E4A, 0x7363, 0xCD29, 0xEF29, 0x3122, 0x5322, 0xBA43, 0xBB3B, 0xBB33, 0x9B33, 
    0x9A33, 0x9A33, 0x9A33, 0x7A33, 0x7A33, 0x7A33, 0x7A33, 0x7A33, 0x7A33, 0x7A33, 0x7A33, 0x7A33, 0x7A33, 0x7A33, 0x7A33, 0x7A2B, 
    0x7B2B, 0x7B2B, 0x7B2B, 0x7A2B, 0x7A2B, 0x7A2B, 0x7A2B, 0x7A2B, 0x7B2B, 0x5B2B, 0x5B2B, 0x5B2B, 0x5A2B, 0x5A2B, 0x592B, 0x592B, 
    0x5A2B, 0x5A2B, 0x5A2B, 0x5A2B, 0x5A2B, 0x5A2B, 0x5A2B, 0x5A2B, 0x3A2B, 0x3A2B, 0x3A2B, 0x3A2B, 0x3A2B, 0x3B2B, 0x3B2B, 0x3A2B, 
    0xF92A, 0x1933, 0x1933, 0x182B, 0x1833, 0x3933, 0x1933, 0xD82A, 0xFA2A, 0xFA2A, 0xFB22, 0xFB22, 0x1B23, 0x1A23, 0x1A1B, 0x1A1B, 
    0xFA22, 0xFA22, 0xFA22, 0xFA22, 0xFA22, 0xFA22, 0xFA22, 0xFA22, 0xFA22, 0xFA22, 0xFA22, 0xFA22, 0xFA22, 0xFA22, 0xFA22, 0xFA22, 
    0xDA22, 0xDA22, 0xDA22, 0xDA22, 0xDA22, 0xDA22, 0xD922, 0xF91A, 0xD91A, 0xF91A, 0xF81A, 0xF81A, 0xF81A, 0xF81A, 0xF81A, 0xF81A, 
    0xD922, 0xDA22, 0xDA22, 0xDA22, 0xDA22, 0xDA22, 0xDA22, 0xDA22, 0xBA22, 0xBA22, 0xD922, 0xD922, 0xD922, 0xD922, 0xD922, 0xD922, 
    0xD722, 0xD722, 0xD722, 0xD822, 0xD922, 0xD922, 0xBA22, 0xBA22, 0x9A1A, 0xBB1A, 0xBB1A, 0xDB1A, 0xDB22, 0xDA22, 0xFA22, 0xFA22, 
    0x1A23, 0xD922, 0xD91A, 0xD91A, 0xFA1A, 0xD91A, 0xBA12, 0xBA12, 0xDA1A, 0xDA1A, 0xB91A, 0xB91A, 0xB91A, 0xB822, 0x9822, 0x9822, 
    0xB91A, 0xB91A, 0xB91A, 0xB91A, 0xB91A, 0xB91A, 0xB91A, 0xB91A, 0xB91A, 0xB91A, 0xB91A, 0xB91A, 0xB91A, 0xB91A, 0xB91A, 0xB91A, 
    0x991A, 0x991A, 0x991A, 0x981A, 0x981A, 0x981A, 0x981A, 0x981A, 0x981A, 0x981A, 0x991A, 0x991A, 0x991A, 0x991A, 0x991A, 0x991A, 
    0x981A, 0x981A, 0x981A, 0x981A, 0x981A, 0x981A, 0x9822, 0x9822, 0x7822, 0x7822, 0x7822, 0x7822, 0x7922, 0x7922, 0x7922, 0x7922, 
    0x1A8D, 0x587C, 0xFA94, 0x3B9D, 0x7884, 0xDCB5, 0xFFFF, 0x7FF7, 0x1DE7, 0x58CE, 0x53B5, 0x98DE, 0xF7CD, 0xEF8B, 0x729C, 0x729C, 
    0x0D6B, 0x15AD, 0x739C, 0x949C, 0x1ACE, 0xDDE6, 0xFEEE, 0xDDE6, 0xB59C, 0x338C, 0xF283, 0x58AD, 0xDEDE, 0xF7A4, 0x306B, 0xF37B, 
    0x0D42, 0xAB31, 0x2D4A, 0x4929, 0x3063, 0xFBBD, 0x9AB5, 0x6E4A, 0x4E3A, 0xF24A, 0x712A, 0x3222, 0x3733, 0xBA43, 0x5A2B, 0x7B33, 
    0x9A33, 0x9A3B, 0x7A3B, 0x9A33, 0x7A33, 0x7A33, 0x7A33, 0x7A33, 0x9A33, 0x7A33, 0x7A33, 0x7A33, 0x7A33, 0x7A33, 0x7A33, 0x7A2B, 
    0x7C2B, 0x7B2B, 0x9B2B, 0x9A2B, 0x7A2B, 0x7A2B, 0x7A2B, 0x7A2B, 0x7B2B, 0x5B2B, 0x5B2B, 0x5B2B, 0x5B2B, 0x5A2B, 0x5A2B, 0x5A2B, 
    0x5A2B, 0x5A2B, 0x5A2B, 0x5A2B, 0x5A2B, 0x5A2B, 0x5A2B, 0x5A2B, 0x5A2B, 0x5A2B, 0x3A2B, 0x3A2B, 0x3A2B, 0x3B2B, 0x3B2B, 0x3A2B, 
    0xF92A, 0x1933, 0x1933, 0x1833, 0x3933, 0x7A3B, 0x5933, 0xD922, 0x1A2B, 0xFA2A, 0xFB22, 0x1B23, 0x1A23, 0x1A23, 0x1A23, 0x1A23, 
    0x1A23, 0xFA22, 0xFA22, 0xFA22, 0xFA22, 0xFA22, 0xFA22, 0xFA22, 0xFA22, 0xFA22, 0xFA22, 0xFA22, 0xFA22, 0xFA22, 0xFA22, 0xFA22, 
    0xDA22, 0xDA22, 0xDA22, 0xFA22, 0xFA22, 0xFA22, 0xFA22, 0xFA1A, 0xF91A, 0xF91A, 0xF91A, 0xF91A, 0xF91A, 0xF81A, 0xF81A, 0xF91A, 
    0xDA22, 0xDA22, 0xDB22, 0xDA22, 0xDB22, 0xDA22, 0xDA22, 0xDA22, 0xDA22, 0xDA22, 0xDA22, 0xDA22, 0xDA22, 0xDA22, 0xDA22, 0xD922, 
    0xD822, 0xD822, 0xD822, 0xD822, 0xD922, 0xD922, 0xD91A, 0xDA1A, 0xDA1A, 0xFA22, 0xDA22, 0xB91A, 0x9922, 0xB922, 0xB922, 0xB822, 
    0xB722, 0xB722, 0xD722, 0xB822, 0xD81A, 0xFA22, 0xFA1A, 0xDA1A, 0xDA1A, 0xDA1A, 0xDA1A, 0xB91A, 0xB91A, 0xB822, 0xB822, 0xB822, 
    0xB922, 0xB91A, 0xB91A, 0xB91A, 0xB91A, 0xB91A, 0xB91A, 0xB91A, 0xB91A, 0xB91A, 0xB91A, 0xB91A, 0xB91A, 0xB91A, 0xB91A, 0xB91A, 
    0x9922, 0x9922, 0x991A, 0x991A, 0xB91A, 0xB81A, 0xB81A, 0xB81A, 0xB81A, 0xB81A, 0xB91A, 0xB91A, 0xB91A, 0xB91A, 0xB91A, 0xB91A, 
    0xB81A, 0xB81A, 0x981A, 0x981A, 0x981A, 0x981A, 0x9822, 0x9822, 0x9822, 0x9922, 0x7922, 0x7922, 0x7922, 0x7922, 0x7922, 0x7922, 
    0x5874, 0xB984, 0x587C, 0xFC94, 0xD773, 0xB673, 0x3FE7, 0xDFF7, 0xFFFF, 0xBEFF, 0x1AE7, 0xB8DE, 0x54B5, 0x5194, 0x15B5, 0x36B5, 
    0xD4AC, 0xB7C5, 0x77BD, 0xF4AC, 0xF9CD, 0x97BD, 0x16AD, 0xF6A4, 0x4F73, 0x1284, 0x4F6B, 0xEE62, 0xFBC5, 0xB694, 0x0F63, 0x716B, 
    0xED39, 0xD05A, 0xF062, 0x9694, 0x3FEF, 0xFBBD, 0x3484, 0x0C3A, 0xEC31, 0x4F3A, 0xCE21, 0x5122, 0x531A, 0x993B, 0x7A33, 0x9B3B, 
    0x9A3B, 0x9A3B, 0x9A33, 0x9A33, 0x9A33, 0x9A33, 0x9A33, 0x9A33, 0x9B33, 0x9B33, 0x7B33, 0x7B33, 0x7B33, 0x7A2B, 0x7A2B, 0x7B2B, 
    0x7B2B, 0x9B2B, 0x7B2B, 0x9A2B, 0x9A2B, 0x7A2B, 0x7A2B, 0x7A2B, 0x7B2B, 0x7B2B, 0x5B2B, 0x5B2B, 0x5B2B, 0x5A2B, 0x7A2B, 0x7A2B, 
    0x5A2B, 0x5A2B, 0x5A2B, 0x5A2B, 0x5A2B, 0x5A2B, 0x5A2B, 0x5A2B, 0x5A2B, 0x5A2B, 0x5A2B, 0x3A2B, 0x3A2B, 0x3A2B, 0x3A2B, 0x3A2B, 
    0x1A2B, 0x3A2B, 0x192B, 0x392B, 0x7A3B, 0xDC43, 0x7B3B, 0xF922, 0x1A2B, 0x1A2B, 0x1B23, 0x1A23, 0x1A23, 0x1A23, 0x1923, 0x1923, 
    0x1A23, 0xFA22, 0xFA22, 0xFA22, 0xFA22, 0xFA22, 0xFA22, 0xFA22, 0xFA22, 0xFA22, 0xFA22, 0xFA22, 0xFA22, 0xFA22, 0xFA22, 0xFA22, 
    0xDA22, 0xDA22, 0xDA22, 0xFA22, 0xFA22, 0xFA22, 0xFA1A, 0xFA1A, 0xFA1A, 0xFA1A, 0xF91A, 0xF91A, 0xF91A, 0xF91A, 0xF91A, 0xF91A, 
    0xDA1A, 0xDA22, 0xDA22, 0xDA22, 0xDA22, 0xDA22, 0xDA1A, 0xDA1A, 0xDA1A, 0xDA1A, 0xDA1A, 0xDA1A, 0xDA1A, 0xDA1A, 0xDA1A, 0xDA1A, 
    0xDA22, 0xDA22, 0xDA22, 0xDA22, 0xD91A, 0xF91A, 0xF91A, 0xF91A, 0xF922, 0xF922, 0xF822, 0xB722, 0x972A, 0xB832, 0xD832, 0xB732, 
    0x942A, 0x163B, 0x173B, 0xB62A, 0x751A, 0xB71A, 0xB81A, 0xB812, 0xDA1A, 0xDA1A, 0xDA1A, 0xB91A, 0xB91A, 0xB91A, 0xB822, 0xB822, 
    0xB91A, 0xB91A, 0xB91A, 0xB91A, 0xB91A, 0xB91A, 0xB91A, 0xB91A, 0xB91A, 0xB91A, 0xB91A, 0xB91A, 0xB91A, 0xB91A, 0xB91A, 0xB91A, 
    0x9922, 0x9922, 0x991A, 0x991A, 0xB91A, 0xB81A, 0xB81A, 0xB81A, 0xB81A, 0xB81A, 0xB91A, 0xB91A, 0xB91A, 0xB91A, 0x9A1A, 0x9A1A, 
    0xB91A, 0xB81A, 0xB91A, 0xB91A, 0x991A, 0x991A, 0x991A, 0x991A, 0x991A, 0x991A, 0x9922, 0x7922, 0x7822, 0x7822, 0x7822, 0x7822, 
    0x4F32, 0x376C, 0xDB84, 0x7A7C, 0x9B8C, 0x187C, 0x5884, 0xDFD6, 0x7FEF, 0xFFFF, 0x9CF7, 0x5BEF, 0x7CFF, 0xDBE6, 0xB7C5, 0x7BDE, 
    0x3AD6, 0xF5B4, 0x77BD, 0x97C5, 0x5294, 0xB083, 0xB083, 0xB183, 0xF6A4, 0x4F6B, 0xD27B, 0x506B, 0x9594, 0x1063, 0x516B, 0x6D4A, 
    0xAF52, 0x526B, 0x19A5, 0xF89C, 0x716B, 0xF37B, 0x8D52, 0x4C42, 0x8E42, 0x6F3A, 0x2F2A, 0x1443, 0x121A, 0x7843, 0x7A3B, 0x7A33, 
    0x9A3B, 0x9A33, 0x9A33, 0x9A33, 0x9B33, 0x9B33, 0x9B33, 0x9B2B, 0x9B2B, 0x9B2B, 0x9B2B, 0x9B2B, 0x7B2B, 0x7A2B, 0x7A2B, 0x7B2B, 
    0x7B2B, 0x7B2B, 0x9B2B, 0x7A2B, 0x992B, 0x792B, 0x792B, 0x7A2B, 0x7A2B, 0x5B2B, 0x7B2B, 0x5B2B, 0x7B2B, 0x5B2B, 0x7A2B, 0x7A2B, 
    0x7A2B, 0x5A2B, 0x5A2B, 0x5A2B, 0x5A2B, 0x5A2B, 0x5A2B, 0x5A2B, 0x5A2B, 0x5A2B, 0x5A2B, 0x5A2B, 0x5A2B, 0x3A2B, 0x3A2B, 0x3A2B, 
    0x3B2B, 0x5B2B, 0x3A2B, 0x5A2B, 0xBB3B, 0x1D44, 0xBC3B, 0x1A23, 0x1A23, 0x1B23, 0x1B23, 0x1A23, 0x1A23, 0x1923, 0x1823, 0x1923, 
    0x1A23, 0xFA22, 0xFA22, 0xFA22, 0xFA22, 0xFA22, 0xFA22, 0xFA22, 0xFA22, 0xFA22, 0xFA22, 0xFA22, 0xFA22, 0xFA22, 0xFA22, 0xFA22, 
    0xD922, 0xD922, 0xFA22, 0xFA22, 0xFA22, 0xFA1A, 0xFA1A, 0xFA1A, 0xFA1A, 0xFA1A, 0xFA1A, 0xFA1A, 0xFA1A, 0xFA1A, 0xFA1A, 0xFA1A, 
    0xF91A, 0xF91A, 0xF91A, 0xF91A, 0xF91A, 0xF91A, 0xF91A, 0xF91A, 0xF91A, 0xF91A, 0xF91A, 0xF91A, 0xF91A, 0xF91A, 0xF91A, 0xFA1A, 
    0xDA1A, 0xDA22, 0xDA1A, 0xDA1A, 0xDA1A, 0xFA1A, 0xF91A, 0xF91A, 0xB71A, 0xD722, 0xD72A, 0xD632, 0xF63A, 0x5753, 0x975B, 0x965B, 
    0xF76B, 0xBA84, 0xBB7C, 0xD85B, 0xF63A, 0xF732, 0xF82A, 0xD822, 0xD91A, 0xD91A, 0xDA1A, 0xB91A, 0xB91A, 0xB91A, 0xB91A, 0xB91A, 
    0xB91A, 0xB91A, 0xB91A, 0xB91A, 0xB91A, 0xB91A, 0xB91A, 0xB91A, 0xB91A, 0xB91A, 0xB91A, 0xB91A, 0xB91A, 0xB91A, 0xB91A, 0xB91A, 
    0x9922, 0x9A22, 0x991A, 0x991A, 0xB91A, 0xB81A, 0xB81A, 0xD81A, 0xD81A, 0xB81A, 0xB81A, 0xB91A, 0xB91A, 0xB91A, 0x9A1A, 0x9A1A, 
    0x991A, 0xB91A, 0xB91A, 0x991A, 0x991A, 0x991A, 0x991A, 0x991A, 0x991A, 0x991A, 0x991A, 0x981A, 0x9822, 0x9822, 0x9822, 0x9822, 
    0xCD21, 0x3032, 0x9A7C, 0x3A74, 0xD973, 0x3A7C, 0x9A8C, 0x3684, 0x3BC6, 0xFFFF, 0xBDF7, 0x5BEF, 0xFFFF, 0x7DFF, 0x5ADE, 0x39D6, 
    0x97C5, 0x56BD, 0xB7C5, 0xF5AC, 0x539C, 0x5394, 0xB183, 0x7073, 0x2F6B, 0x7073, 0x7173, 0x2C42, 0xD37B, 0xEF5A, 0x4D42, 0xCC39, 
    0x2E42, 0x0D42, 0xEC41, 0x6E4A, 0x1063, 0x38A5, 0x4C4A, 0x8E4A, 0x8E4A, 0x6F42, 0xF24A, 0x1443, 0xD432, 0x173B, 0x994B, 0x9A3B, 
    0xBB3B, 0x9A33, 0x7A33, 0xBB33, 0xBB33, 0x9B2B, 0x9C2B, 0xDC33, 0xDD33, 0x7B2B, 0x9B2B, 0x7B2B, 0x7B2B, 0x7A2B, 0x7A2B, 0xBC3B, 
    0x3A2B, 0xDB3B, 0x7933, 0x9A33, 0x9933, 0x5833, 0xB93B, 0x5933, 0x5A33, 0x5A33, 0x7B33, 0x7B2B, 0x7B2B, 0x7B2B, 0x7A2B, 0x7A2B, 
    0x7A2B, 0x7A2B, 0x7A2B, 0x7A2B, 0x7A2B, 0x5A2B, 0x5A2B, 0x5A2B, 0x3A2B, 0x5A2B, 0x5A33, 0x5A2B, 0x3A2B, 0x192B, 0x3A2B, 0x7B33, 
    0x3B23, 0x9C2B, 0x3A23, 0x3A23, 0x1D3C, 0x9B2B, 0xBC33, 0x7C33, 0x3B23, 0x1B23, 0x1B23, 0x1A23, 0x1A23, 0x1923, 0x1823, 0x1823, 
    0x1A23, 0x1A23, 0x1A23, 0xFA22, 0xFA22, 0xFA22, 0xFA22, 0xFA22, 0xFA22, 0xFA22, 0xFA22, 0xFA22, 0xFA22, 0xFA22, 0xFA22, 0xFA22, 
    0xF922, 0xF922, 0xF922, 0xFA22, 0xFA22, 0xFA22, 0xFB22, 0xFB1A, 0xFB1A, 0x1B23, 0xFB1A, 0xFB22, 0x1C23, 0xDB1A, 0xBA1A, 0x1B23, 
    0xB81A, 0xF822, 0x5923, 0x5A2B, 0x3923, 0x181B, 0xF81A, 0x191B, 0x3923, 0x181B, 0x191B, 0x3923, 0x191B, 0xF812, 0xF81A, 0x3923, 
    0x1A23, 0xDA1A, 0x1B23, 0x1B23, 0x9A12, 0xBA1A, 0x1B23, 0xBA22, 0xB822, 0xF832, 0xF63A, 0xB33A, 0xD984, 0xDFEF, 0x9FEF, 0x9DCE, 
    0x9694, 0x7AAD, 0xD052, 0x2F3A, 0x923A, 0x9332, 0xD532, 0x1833, 0x192B, 0x981A, 0xB91A, 0xD91A, 0x1A23, 0x9812, 0x1A23, 0xB91A, 
    0xD91A, 0xB922, 0xB922, 0xB922, 0xB922, 0xB922, 0xB922, 0xB922, 0xB91A, 0xB91A, 0xB91A, 0xB91A, 0xB91A, 0xB91A, 0xB91A, 0xB91A, 
    0x9A22, 0x9A22, 0x991A, 0xB91A, 0xB91A, 0xB81A, 0xB81A, 0xB81A, 0xF81A, 0xF91A, 0x9812, 0xF91A, 0x570A, 0x370A, 0x1B2B, 0x991A, 
    0x9A1A, 0x580A, 0xFB22, 0x9A12, 0x590A, 0xDB1A, 0xBA12, 0xDA1A, 0xBA12, 0xB91A, 0xB91A, 0xB81A, 0xB81A, 0xB81A, 0x981A, 0xB71A, 
    0xCD21, 0x2F32, 0x9663, 0x7B7C, 0x1A74, 0x3A7C, 0x397C, 0x788C, 0xDBB5, 0x9FEF, 0x3DE7, 0xFFFF, 0x7DF7, 0xDFFF, 0x77BD, 0x529C, 
    0x4E7B, 0xB083, 0xD18B, 0x4F7B, 0x739C, 0x749C, 0xBDE6, 0x5CD6, 0x79B5, 0x8E52, 0x18A5, 0x9273, 0x758C, 0x4D42, 0x726B, 0xF89C, 
    0xD894, 0x199D, 0x526B, 0x5DCE, 0x79AD, 0xF79C, 0x506B, 0xAE52, 0x6D42, 0x6E3A, 0x9042, 0xB23A, 0xB332, 0xF53A, 0x5843, 0x7943, 
    0x9A3B, 0x9B33, 0x9B33, 0xBC33, 0xBB33, 0x7B2B, 0x7B2B, 0xBC2B, 0x9B2B, 0xBC33, 0x9B2B, 0xBC33, 0x9B33, 0x7A2B, 0x9B33, 0x7A33, 
    0x5933, 0xDB4B, 0x5833, 0x783B, 0xB943, 0x3733, 0x583B, 0x993B, 0x793B, 0x7A33, 0x7A33, 0x7B33, 0x7B2B, 0x7B2B, 0x7A2B, 0x7A2B, 
    0x7A2B, 0x7A2B, 0x7A2B, 0x7A2B, 0x7A2B, 0x7A2B, 0x5A2B, 0x5A2B, 0x3A2B, 0x3A2B, 0x3A2B, 0x5A2B, 0x7B33, 0x9B3B, 0x7A33, 0x3A2B, 
    0x3A23, 0x3A23, 0xBC33, 0xDC33, 0xDC33, 0x191B, 0x7B2B, 0xB812, 0x1B23, 0x1B23, 0x1B23, 0x1A23, 0x1A2B, 0x192B, 0x182B, 0x182B, 
    0x1923, 0x1A23, 0x1A23, 0xFA22, 0xFA22, 0xFA22, 0xFA22, 0xFA22, 0xFA22, 0xFA22, 0xFA22, 0xFA22, 0xFA22, 0xFA22, 0xFA22, 0xFA22, 
    0xF922, 0xF922, 0xF922, 0xF922, 0xFA22, 0xFA22, 0xFB1A, 0xFB1A, 0x1B23, 0xFC22, 0xBB1A, 0xDB1A, 0x3C2B, 0x1C2B, 0xBA22, 0xB91A, 
    0x3A2B, 0x1823, 0xD71A, 0xB712, 0xF81A, 0x3923, 0x3923, 0xD81A, 0xB712, 0xD812, 0x191B, 0x191B, 0x191B, 0xF81A, 0x191B, 0x5A23, 
    0x1A23, 0xF91A, 0xFA22, 0x1B23, 0x1B23, 0x1B2B, 0xFB2A, 0x9822, 0xD832, 0x542A, 0x186C, 0xFEAD, 0xFFD6, 0x7FE7, 0x5EEF, 0xBFFF, 
    0x3DF7, 0xD9CD, 0x7CD6, 0x9694, 0x988C, 0xB242, 0xF121, 0x3322, 0xB62A, 0xB722, 0xD922, 0xD922, 0xD91A, 0xB91A, 0x1A23, 0xB91A, 
    0xB91A, 0xB922, 0xB922, 0xB922, 0xB922, 0xB922, 0xB922, 0xB922, 0xB91A, 0xB91A, 0xB91A, 0xB91A, 0xB91A, 0xB91A, 0xB91A, 0xB91A, 
    0x9922, 0x9A22, 0x991A, 0xB91A, 0xB91A, 0xB91A, 0xB81A, 0xB81A, 0x9712, 0x1923, 0xB812, 0x7712, 0xD922, 0xD922, 0x981A, 0x170A, 
    0xFB2A, 0xDA22, 0x791A, 0x9912, 0x7D33, 0xFB22, 0xD601, 0xDA1A, 0xBA12, 0xB912, 0xB912, 0xB81A, 0xB81A, 0xB81A, 0xB71A, 0xB71A, 
    0xAD19, 0x0F2A, 0x5132, 0x3974, 0x5A7C, 0x3974, 0xD873, 0x998C, 0xF994, 0xBBB5, 0x3FE7, 0x9FF7, 0x39CE, 0x35AD, 0xB07B, 0xAC5A, 
    0xAD62, 0x4F73, 0xB183, 0x128C, 0xB9C5, 0x99BD, 0x1BCE, 0x9594, 0xF37B, 0x1CC6, 0x1CC6, 0x968C, 0x768C, 0x157C, 0x936B, 0x5684, 
    0xB794, 0xBFF7, 0x1FE7, 0x5DCE, 0x59AD, 0xC718, 0xEB39, 0x4D42, 0x2D42, 0x8F42, 0x703A, 0x713A, 0xB33A, 0xD43A, 0x3643, 0xB94B, 
    0x7A3B, 0x9B33, 0xBB33, 0xBC33, 0xBB33, 0x7B2B, 0x7B2B, 0x9C2B, 0x5B23, 0xDC33, 0x7B2B, 0x9B33, 0x9A33, 0x592B, 0xBB3B, 0x3833, 
    0x383B, 0x5843, 0x163B, 0xF953, 0xBC6C, 0xF953, 0x5743, 0x163B, 0x583B, 0x3933, 0x3933, 0x7B33, 0x7B33, 0x7A2B, 0x7A2B, 0x9B2B, 
    0x7A2B, 0x7A2B, 0x7A2B, 0x7A2B, 0x5B2B, 0x5B2B, 0x5B2B, 0x5A2B, 0x5B33, 0x7B33, 0x5A33, 0x3A2B, 0x5A33, 0x7A3B, 0x5A33, 0x192B, 
    0x5A2B, 0x5A2B, 0x3923, 0x3923, 0x9A33, 0xF81A, 0x7A2B, 0x5A2B, 0x3B23, 0x1B23, 0x1B23, 0x1A23, 0x1A2B, 0x192B, 0x182B, 0x182B, 
    0x1923, 0x1A23, 0x1A23, 0x1A23, 0xFA22, 0xFA22, 0xFA22, 0xFA22, 0xFA22, 0xFA22, 0xFA22, 0xFA22, 0xFA22, 0xFA22, 0xFA22, 0xFA22, 
    0xF922, 0xF922, 0xF922, 0xF922, 0xFA22, 0xFA22, 0xFA1A, 0xFB1A, 0xFB1A, 0x1C23, 0xFB22, 0xBA1A, 0xDB22, 0xDB22, 0xDB22, 0x1B2B, 
    0x981A, 0xD822, 0xF92A, 0xF92A, 0x1A2B, 0x5B33, 0x3A2B, 0xB91A, 0x5B2B, 0x1A23, 0xDA1A, 0xDA1A, 0x1B23, 0x3B2B, 0xFA1A, 0x9912, 
    0xFA22, 0xFA22, 0xD91A, 0xB91A, 0xF92A, 0xF92A, 0xD732, 0x173B, 0xF542, 0xD763, 0xBFCE, 0xFFF7, 0x7FEF, 0x3DEF, 0xBDFF, 0xFEFF, 
    0x7DFF, 0xBBEE, 0xDFFF, 0xDFFF, 0x7FF7, 0x9FEF, 0xFB8C, 0xF542, 0xB532, 0xB62A, 0xF82A, 0xF92A, 0xB91A, 0xFA1A, 0xFA1A, 0xB912, 
    0xD91A, 0xB922, 0xB922, 0xB922, 0xB922, 0xB922, 0xB922, 0xB922, 0xB91A, 0xB91A, 0xB91A, 0xB91A, 0xB91A, 0xB91A, 0xB91A, 0xB91A, 
    0x9922, 0x9A22, 0xB922, 0xB91A, 0xB91A, 0xB91A, 0xB91A, 0xD91A, 0xD81A, 0x9712, 0xB81A, 0xB81A, 0xD822, 0xB822, 0x771A, 0xD92A, 
    0x7822, 0x781A, 0xFA2A, 0x791A, 0xF701, 0x9912, 0xFB22, 0x1B23, 0xB912, 0xB912, 0xB912, 0xB812, 0xB812, 0xB812, 0xB81A, 0xB71A, 
    0x0F2A, 0x913A, 0x0F2A, 0xD76B, 0xDC8C, 0x7A7C, 0x5A7C, 0xFB94, 0x7884, 0x125B, 0xCF52, 0x8D4A, 0xB173, 0xD49C, 0x528C, 0x8B5A, 
    0x4B52, 0xCE62, 0x138C, 0x138C, 0xB27B, 0x348C, 0xEF62, 0x7273, 0xF062, 0x6E4A, 0x5584, 0x6E4A, 0x6E42, 0x2E3A, 0xCD31, 0x8C29, 
    0x2D42, 0xD05A, 0xF05A, 0x9273, 0x1063, 0xEF5A, 0xAF52, 0x8B31, 0x0D3A, 0x6F42, 0x503A, 0x5032, 0x923A, 0x933A, 0xF442, 0xF953, 
    0x793B, 0x9A33, 0x9A33, 0x9B33, 0xBB33, 0x9B33, 0xBB33, 0xBC33, 0xBB33, 0x9B33, 0x7A2B, 0x7A33, 0x7A3B, 0x793B, 0x993B, 0x9943, 
    0xFA5B, 0x574B, 0x3964, 0x9E95, 0x7E95, 0xDB7C, 0x9B74, 0x195C, 0x784B, 0x583B, 0x593B, 0x7A3B, 0x9B33, 0x7A2B, 0x7A2B, 0x9B2B, 
    0x7A2B, 0x7A2B, 0x7A2B, 0x7A2B, 0x7B2B, 0x5B2B, 0x5B2B, 0x5B2B, 0x5A2B, 0x9B33, 0x9B3B, 0x5A2B, 0x192B, 0x3933, 0x5A33, 0x5933, 
    0xBA43, 0x372B, 0x3833, 0x7833, 0x993B, 0xF722, 0x7A33, 0x1923, 0x3A2B, 0x3B23, 0x1B23, 0x1B23, 0x1A2B, 0x192B, 0x192B, 0x192B, 
    0x1A23, 0x1A23, 0x1A23, 0x1A23, 0x1A23, 0xFA22, 0xFA22, 0xFA22, 0xFA22, 0xFA22, 0xFA22, 0xFA22, 0xFA22, 0xFA22, 0xFA22, 0xFA22, 
    0xF922, 0xF922, 0xF922, 0xF922, 0xFA22, 0x1A23, 0x1A1B, 0x1B1B, 0xDA1A, 0x1B23, 0x1B23, 0xDA22, 0xFA2A, 0xFA2A, 0xD92A, 0xF932, 
    0x3A3B, 0x393B, 0x1933, 0xD82A, 0x9722, 0x7722, 0xD92A, 0x3B33, 0x781A, 0xFA2A, 0x1B33, 0xFB2A, 0xBA22, 0xDA22, 0x1B2B, 0x3C33, 
    0x981A, 0x1A33, 0x3A33, 0x1833, 0x173B, 0xB42A, 0x522A, 0xD242, 0x3674, 0xFCB5, 0xFFF7, 0x9FEF, 0x5DEF, 0xBEFF, 0xDEFF, 0xDAE6, 
    0x38DE, 0x96C5, 0x18D6, 0x1DEF, 0x1FEF, 0xDFFF, 0x7FC6, 0x9A84, 0x5653, 0xD632, 0xB72A, 0xF82A, 0xB81A, 0x1A23, 0xDA12, 0xDA12, 
    0xD91A, 0xD922, 0xD922, 0xD922, 0xD922, 0xD922, 0xD922, 0xD922, 0xB922, 0xB922, 0xB922, 0xB922, 0xB922, 0xB922, 0xB922, 0xB922, 
    0xB922, 0xB922, 0xB91A, 0xB91A, 0xB91A, 0xB91A, 0xD91A, 0xD91A, 0x3A23, 0x360A, 0xF922, 0xF92A, 0x561A, 0xB722, 0x9722, 0xD732, 
    0xF83A, 0xB311, 0x361A, 0xD82A, 0x771A, 0xB822, 0xFA22, 0x1602, 0xB91A, 0xB912, 0xB912, 0xD912, 0xD912, 0xD81A, 0xB81A, 0xB81A, 
    0x0F32, 0x913A, 0xEF29, 0xB242, 0x9A7C, 0x5974, 0x9A7C, 0xBA84, 0xDB8C, 0x387C, 0xAD29, 0x2921, 0xCB39, 0x78AD, 0xB494, 0x2E6B, 
    0x58B5, 0x18AD, 0xFBC5, 0xFBC5, 0xF7A4, 0x7594, 0x2D4A, 0x726B, 0x1163, 0x4E42, 0x8B29, 0x5263, 0xB473, 0x6B21, 0xF15A, 0x4E42, 
    0xAF52, 0x9273, 0x516B, 0x526B, 0x1584, 0xF483, 0xCC39, 0xB05A, 0x8C29, 0x0E3A, 0x0F3A, 0xEF31, 0x3032, 0x102A, 0x9232, 0xB753, 
    0xB94B, 0x9A3B, 0x9A3B, 0x7A33, 0x9B33, 0xBB3B, 0xBB33, 0x9A33, 0xFC43, 0x392B, 0x793B, 0x9943, 0xBA4B, 0xB94B, 0x5743, 0xD953, 
    0xF863, 0x5132, 0xB663, 0xDA84, 0x334B, 0x134B, 0x386C, 0x1864, 0x774B, 0x784B, 0x7943, 0x9A3B, 0x9A33, 0x7A2B, 0x7A2B, 0x9A2B, 
    0x7A2B, 0x7A2B, 0x7B2B, 0x7A2B, 0x7B2B, 0x7B2B, 0x5B2B, 0x5B2B, 0x3A2B, 0x5A33, 0x7B33, 0x5A33, 0x5A33, 0x5933, 0x7A3B, 0x7943, 
    0x163B, 0x722A, 0x7643, 0xF853, 0x7643, 0x9422, 0x9943, 0xF82A, 0x1A2B, 0x1A2B, 0x1B2B, 0x1B23, 0x1B23, 0x3A23, 0x3923, 0x3923, 
    0x1A23, 0x1A23, 0x1A23, 0x1A23, 0x1A23, 0x1A23, 0xFA22, 0xFA22, 0xFA22, 0xFA22, 0xFA22, 0xFA22, 0xFA22, 0xFA22, 0xFA22, 0xFA22, 
    0xF922, 0xF922, 0xF922, 0xFA22, 0xFA22, 0x1A23, 0x1A1B, 0x1A1B, 0x1A23, 0x1923, 0xF922, 0xF82A, 0x3933, 0x1833, 0x9622, 0x962A, 
    0xB632, 0x5522, 0x552A, 0x183B, 0x7A4B, 0x1943, 0xB832, 0x972A, 0x1A3B, 0xFA3A, 0xD932, 0xB92A, 0xDA32, 0x1B33, 0xFB32, 0xDA2A, 
    0x3A3B, 0x193B, 0x752A, 0x532A, 0x3443, 0x1664, 0x198D, 0x7CBE, 0xFDD6, 0x5EE7, 0x3DE7, 0x9BD6, 0xDFFF, 0xFFFF, 0x7FF7, 0x19CE, 
    0xDBE6, 0x34B5, 0xF4AC, 0x3294, 0x138C, 0x9273, 0xB894, 0xDEB5, 0xF86B, 0xB53A, 0x9532, 0xB72A, 0xD922, 0x1A23, 0xD912, 0xFA1A, 
    0xD91A, 0xD922, 0xD922, 0xD922, 0xD922, 0xD922, 0xD922, 0xD922, 0xB922, 0xB922, 0xB922, 0xB922, 0xB922, 0xB922, 0xB922, 0xB922, 
    0xB922, 0xB922, 0xB91A, 0xB91A, 0xBA1A, 0xBA1A, 0xDA1A, 0xDA1A, 0xD91A, 0xB91A, 0x192B, 0x761A, 0x9622, 0x1733, 0x952A, 0x173B, 
    0xD95B, 0x7C74, 0x7853, 0x742A, 0xB62A, 0xF832, 0xD822, 0xB81A, 0xB91A, 0xB91A, 0xB91A, 0xB91A, 0xB91A, 0xB91A, 0xB91A, 0xB91A, 
    0xEE29, 0x5032, 0xEE29, 0xAD21, 0xD663, 0x3774, 0x797C, 0x3974, 0xF873, 0x9B84, 0x3563, 0x914A, 0xAB31, 0x0F5B, 0x938C, 0x36A5, 
    0x79B5, 0xF483, 0xCF5A, 0xF062, 0xD37B, 0x1063, 0xF05A, 0xD473, 0x526B, 0x115B, 0xCD31, 0x125B, 0xF15A, 0x325B, 0xED31, 0x5263, 
    0x3163, 0x1063, 0xB37B, 0xAF5A, 0x7273, 0x7373, 0xD57B, 0xD15A, 0x8D31, 0xAE31, 0xCE31, 0xEF31, 0xEF29, 0xCF21, 0x302A, 0x1443, 
    0xB94B, 0xBA43, 0xBA43, 0x993B, 0x9A3B, 0xBA3B, 0x9A3B, 0x7933, 0x9A3B, 0x3833, 0x7943, 0xB94B, 0x984B, 0x774B, 0x1643, 0x7653, 
    0x597C, 0xAE29, 0xF252, 0xB56B, 0xEE31, 0x4F3A, 0x955B, 0xF44A, 0x933A, 0x1643, 0x5843, 0x593B, 0x5933, 0x9A33, 0xBB33, 0x9B2B, 
    0x9B2B, 0x7A2B, 0x7B2B, 0x7B2B, 0x7B2B, 0x7B2B, 0x5B2B, 0x5B2B, 0x7B33, 0x3A2B, 0x192B, 0x5A33, 0x7A33, 0x5933, 0x3833, 0x373B, 
    0x144B, 0x1A95, 0x5FB6, 0xFFC6, 0x5FCF, 0x7A6C, 0xF532, 0x383B, 0x1933, 0x1A2B, 0x1B2B, 0x1B23, 0x1B23, 0x3B23, 0x3A23, 0x3A23, 
    0x1A23, 0x1A23, 0x1A23, 0x1A23, 0x1A23, 0x1A23, 0x1A23, 0x1A23, 0x1A23, 0x1A23, 0x1A23, 0x1A23, 0x1A23, 0x1A23, 0x1A23, 0x1A23, 
    0xFA22, 0xFA22, 0xFA22, 0x1A23, 0x1A23, 0x1A23, 0x1A23, 0x1923, 0x1923, 0x392B, 0x182B, 0xF72A, 0xD52A, 0x9422, 0xF532, 0xD853, 
    0x9A74, 0xB75B, 0xF863, 0x9F95, 0xDFBE, 0x3FA6, 0x3A6C, 0x9532, 0x1743, 0xB632, 0x752A, 0x9632, 0xD73A, 0xD832, 0xB732, 0x762A, 
    0x7432, 0xF542, 0xF863, 0x9D9D, 0xFFCE, 0x7FE7, 0x5FE7, 0x5EE7, 0x5DE7, 0xDBDE, 0xD7BD, 0x9294, 0x35AD, 0xF5A4, 0x97B5, 0x15A5, 
    0x76B5, 0x79CE, 0xBBDE, 0xB07B, 0x8931, 0x1484, 0xF57B, 0x7884, 0xD773, 0x933A, 0x1743, 0x962A, 0x192B, 0xF922, 0xD91A, 0xFA1A, 
    0xD91A, 0xD922, 0xD922, 0xD922, 0xD922, 0xD922, 0xD922, 0xD922, 0xD922, 0xD922, 0xD922, 0xD922, 0xD922, 0xD922, 0xD922, 0xD922, 
    0xB922, 0xD922, 0xB922, 0xDA1A, 0xBA1A, 0xBA1A, 0xDA1A, 0xBA1A, 0x7912, 0x3B2B, 0xB822, 0x561A, 0x1833, 0x7422, 0xF532, 0x3FA6, 
    0xB342, 0x1874, 0xD763, 0xF542, 0x532A, 0xD211, 0x551A, 0x182B, 0xB822, 0xB91A, 0xB91A, 0xBA1A, 0xBA1A, 0xBA1A, 0xBA1A, 0xBA1A, 
    0x0F32, 0x503A, 0x2F32, 0xED29, 0x735B, 0xB984, 0x997C, 0x7A7C, 0x7B84, 0xF973, 0x5763, 0x966B, 0x536B, 0xB273, 0xFDDE, 0xBCD6, 
    0x1384, 0xD37B, 0xB373, 0xD47B, 0xF483, 0xD05A, 0x4E42, 0x936B, 0xB894, 0x4F42, 0x2E42, 0x2F42, 0xAC29, 0xAD29, 0x335B, 0xD152, 
    0x8E4A, 0xD273, 0x1063, 0x0D42, 0x316B, 0x7794, 0x1684, 0x578C, 0x0F42, 0xAE31, 0xAE31, 0x0F32, 0xEF29, 0xEE29, 0x0F2A, 0x512A, 
    0x5743, 0x9943, 0xBA4B, 0xBA43, 0x793B, 0x993B, 0x9A3B, 0x993B, 0x3833, 0x1A54, 0x7843, 0x784B, 0x3643, 0xB33A, 0x975B, 0x3553, 
    0x345B, 0x4C21, 0x7042, 0x125B, 0xED31, 0x0E3A, 0x9042, 0x3032, 0x5132, 0x3643, 0x994B, 0x593B, 0x3933, 0x9A33, 0xBB33, 0x9A2B, 
    0x9A2B, 0x9B2B, 0x7B2B, 0x7B2B, 0x7B2B, 0x7B2B, 0x5B2B, 0x5B2B, 0x9C3B, 0x3A2B, 0x3A2B, 0x7A33, 0x5933, 0x182B, 0x9A3B, 0x7B6C, 
    0xDDB5, 0xFFDE, 0x3DC6, 0xDCAD, 0x7FBE, 0xD65B, 0x722A, 0x7843, 0x1833, 0x1A2B, 0x1B2B, 0x1B23, 0x3C23, 0x3B23, 0x3B23, 0x3B23, 
    0x1B23, 0x1A23, 0x1A23, 0x1A23, 0x1A23, 0x1A23, 0x1A23, 0x1A23, 0x1A23, 0x1A23, 0x1A23, 0x1A23, 0x1A23, 0x1A23, 0x1A23, 0x1A23, 
    0xFA22, 0xFA22, 0xFA22, 0x1A23, 0x1A23, 0x1A23, 0x1923, 0x1923, 0x1823, 0x372B, 0x9833, 0x3954, 0x9A64, 0x585C, 0xDA6C, 0xFD9D, 
    0xFFEF, 0xBFE7, 0x3FD7, 0x9FDF, 0xFFEF, 0xFFE7, 0xBFBE, 0x5A8D, 0x4F2A, 0x534B, 0x9874, 0xB974, 0xB65B, 0x3443, 0x1864, 0x7D95, 
    0x5B95, 0x9A9D, 0x7DBE, 0x7FE7, 0xBFF7, 0x3FE7, 0x9CD6, 0xF9C5, 0x1EEF, 0x3ACE, 0x7AD6, 0x76B5, 0x728C, 0x8F73, 0xB8B5, 0xB7AD, 
    0xF073, 0xDCD6, 0x1DDF, 0x57A5, 0x2721, 0x79AD, 0xD47B, 0xAD31, 0xF352, 0x523A, 0xFA63, 0x952A, 0x1833, 0xD822, 0xF922, 0xF91A, 
    0xD922, 0xD922, 0xD922, 0xD922, 0xD922, 0xD922, 0xD922, 0xD922, 0xD922, 0xD922, 0xD922, 0xD922, 0xD922, 0xD922, 0xD922, 0xD922, 
    0xD922, 0xD922, 0xD922, 0xDA1A, 0xDA1A, 0xDB1A, 0xDB1A, 0xDB1A, 0xBA1A, 0xFA22, 0x771A, 0xD72A, 0xD632, 0x742A, 0x7B6C, 0x7FD7, 
    0xF573, 0x3263, 0xF673, 0xBFC6, 0x9FBE, 0xD85B, 0xB532, 0xD72A, 0xB722, 0xB822, 0xB922, 0xBA1A, 0xBA1A, 0x9A1A, 0x9A1A, 0x9A1A, 
    0xAE29, 0xCE29, 0xAD21, 0xCD29, 0xB042, 0xB884, 0x176C, 0x3974, 0x1A74, 0x9C84, 0x7863, 0x7A84, 0x914A, 0x157C, 0xF694, 0x0619, 
    0xEF5A, 0x8F4A, 0x1163, 0x9373, 0x726B, 0x568C, 0x2D42, 0x568C, 0x526B, 0xD05A, 0x3263, 0x2E42, 0xAC31, 0x7884, 0x914A, 0xF152, 
    0x768C, 0x4C4A, 0x7173, 0xAB39, 0x979C, 0x358C, 0x937B, 0x126B, 0x4F52, 0x8D31, 0x8D31, 0xEF39, 0xEE31, 0xEE29, 0x0F2A, 0xAE19, 
    0xB432, 0x5743, 0xD953, 0xB953, 0x7843, 0x7843, 0x984B, 0x984B, 0x3643, 0x1D85, 0x7653, 0x7553, 0xB242, 0x0F32, 0x7884, 0x7463, 
    0x704A, 0x2F42, 0xB473, 0xD473, 0x8F4A, 0x4E42, 0xD152, 0xF673, 0x1353, 0x196C, 0x7B74, 0xD953, 0x583B, 0x9A3B, 0x9A33, 0x3923, 
    0x9A2B, 0x9A2B, 0x7A33, 0x7A33, 0x7A33, 0x7A2B, 0x7A2B, 0x7B2B, 0x7B2B, 0x5B2B, 0x7B33, 0xBB3B, 0x3833, 0x373B, 0xFD74, 0xFFC6, 
    0x1DBE, 0x5494, 0x99B5, 0x1FE7, 0x3DBE, 0xD98C, 0xDB84, 0xB432, 0x183B, 0x1933, 0x1A2B, 0x1B23, 0x3B23, 0x3B1B, 0x3B1B, 0x3A1B, 
    0x3A23, 0x1A23, 0x1A23, 0x1A23, 0x1A2B, 0xFA22, 0xFA22, 0xFA22, 0xFA2A, 0xFA22, 0xFA22, 0x1A23, 0x1A23, 0x1A23, 0x1A23, 0xFA22, 
    0xFA2A, 0xFA2A, 0xFA2A, 0xFA22, 0x1A23, 0x1A23, 0x1A23, 0x1923, 0x582B, 0xF522, 0xB743, 0x1F96, 0xFFD7, 0xDFD7, 0xDFBE, 0x9DBE, 
    0xDDCE, 0x9EE7, 0xBFEF, 0x5EDF, 0x5EDF, 0xBFE7, 0xBFE7, 0x7FDF, 0x5CBE, 0xBDC6, 0x7FDF, 0xDFE7, 0x5FD7, 0x7DB6, 0xBEBE, 0x7FDF, 
    0x9FE7, 0x3FDF, 0x7FE7, 0x5FEF, 0x3AC6, 0x57B5, 0x16AD, 0xF6AC, 0x3BD6, 0x3394, 0xF9C5, 0x3EEF, 0xB8B5, 0xAF73, 0xF9BD, 0xB7AD, 
    0xFCD6, 0x1DD7, 0xDCCE, 0xDFF7, 0x4F6B, 0x306B, 0xB273, 0xCC39, 0xEE39, 0x513A, 0xBC84, 0x9532, 0xF732, 0x971A, 0x1A23, 0xD91A, 
    0xDA22, 0xDA22, 0xDA22, 0xDA22, 0xDA22, 0xDA22, 0xDA22, 0xD922, 0xD922, 0xD922, 0xD922, 0xD922, 0xD922, 0xD922, 0xD922, 0xD922, 
    0xD822, 0xD822, 0xD922, 0xD922, 0xDA1A, 0xDA1A, 0xDB1A, 0xDA1A, 0xDA22, 0x981A, 0xD82A, 0x1733, 0x131A, 0xF85B, 0x3FAE, 0x997C, 
    0xF573, 0x3DC6, 0xBCB5, 0xFEB5, 0x3FD7, 0x9F9D, 0x374B, 0x542A, 0x972A, 0x9822, 0x9922, 0x9A22, 0x9A1A, 0x9A1A, 0xBB1A, 0x9B1A, 
    0x0F3A, 0xAD31, 0xEE31, 0xCD29, 0xCD29, 0x3774, 0x597C, 0x3974, 0x9B7C, 0x5A7C, 0x565B, 0x9A84, 0x3032, 0x9463, 0x4E3A, 0xAB21, 
    0x2D3A, 0xAB29, 0x3163, 0xCF52, 0xD27B, 0x759C, 0xAE62, 0x717B, 0x917B, 0xD383, 0xF062, 0x726B, 0xB152, 0x335B, 0x4C19, 0x577C, 
    0x526B, 0xCF62, 0x8D5A, 0x6D5A, 0x959C, 0xB6A4, 0xF38B, 0x9283, 0xD7A4, 0xD483, 0xCC39, 0x4F42, 0x6F42, 0x2F32, 0x0F2A, 0x302A, 
    0xCF19, 0xF019, 0x564B, 0xF963, 0xD85B, 0xD863, 0x5653, 0x144B, 0xFC94, 0x3FBE, 0x335B, 0x736B, 0x115B, 0x526B, 0xBBBD, 0xB37B, 
    0xD47B, 0x4F4A, 0x9CB5, 0x3684, 0xB052, 0xF15A, 0xB052, 0xF47B, 0x167C, 0x3784, 0xFB94, 0xF44A, 0x774B, 0x383B, 0xDB4B, 0x3933, 
    0x9B33, 0x7A33, 0x7933, 0x7933, 0x7933, 0x792B, 0x7A2B, 0x7A23, 0xDD2B, 0x5B1B, 0x9B2B, 0x9933, 0x353B, 0xF663, 0x7EC6, 0x9AAD, 
    0xF694, 0x9DCE, 0x1FE7, 0xF27B, 0xD273, 0x9FCE, 0x9CA5, 0xF86B, 0x3743, 0x183B, 0x5A33, 0x1923, 0x5A23, 0x9B23, 0x3813, 0x9A23, 
    0x5B23, 0x3B2B, 0x1B23, 0xFB22, 0xFA22, 0xFB2A, 0xFB2A, 0x1B2B, 0xDB2A, 0xDB2A, 0x1B2B, 0xFB2A, 0xDB22, 0x3C2B, 0x5C2B, 0xFA22, 
    0xB82A, 0x5A43, 0xD92A, 0xFA2A, 0xDA22, 0x1B23, 0xFA22, 0x1923, 0x382B, 0x362B, 0x595C, 0x1FBF, 0x9FD7, 0xBFE7, 0xFED6, 0x7BC6, 
    0xFDDE, 0x1EDF, 0xDDDE, 0x5FEF, 0x3EE7, 0x5FE7, 0x1EE7, 0xBFEF, 0xFFFF, 0x1ABE, 0x3ABE, 0x3AC6, 0xBFF7, 0x9BCE, 0x9BCE, 0xFDDE, 
    0x1EE7, 0x7FEF, 0x3EEF, 0xBFFF, 0x36B5, 0x77BD, 0x98BD, 0x3394, 0x949C, 0xB59C, 0x57AD, 0xDDDE, 0x56A5, 0xF17B, 0x97B5, 0x149D, 
    0x39BE, 0x7EE7, 0xDFF7, 0xBFF7, 0xDCDE, 0xD5A4, 0x6C52, 0xEB41, 0x2E4A, 0xB14A, 0xFC8C, 0x3222, 0xD732, 0xD822, 0xD91A, 0x1A1B, 
    0xDA1A, 0xDA1A, 0xDA22, 0xDA1A, 0xDA1A, 0xDA1A, 0xDA1A, 0xDA1A, 0xDA1A, 0xD922, 0xD922, 0xD922, 0xD922, 0xD922, 0xD922, 0xD922, 
    0xD822, 0xB822, 0xF922, 0xB91A, 0x3B2B, 0x9912, 0xDA1A, 0xFA1A, 0xF922, 0xD82A, 0x9622, 0x742A, 0xF542, 0xBFC6, 0xB663, 0x6C21, 
    0xEE39, 0x2F42, 0x3363, 0xB252, 0xD352, 0xD029, 0x1653, 0x5432, 0x752A, 0x972A, 0x1A33, 0x781A, 0xB91A, 0x1C23, 0x790A, 0xBB12, 
    0xCE31, 0x8D29, 0x8D29, 0x8C21, 0xEE31, 0x3353, 0x797C, 0x3974, 0x565B, 0x3A74, 0xD863, 0x765B, 0x2C11, 0x6C19, 0x4B19, 0x0D2A, 
    0x2E32, 0x4E3A, 0xAF4A, 0x3484, 0x7173, 0x7073, 0x749C, 0xB18B, 0x3394, 0xD6AC, 0xD383, 0xF062, 0xB052, 0x0E3A, 0x9563, 0xB98C, 
    0xCF5A, 0x138C, 0xDAC5, 0xD9C5, 0xF6AC, 0xB183, 0x539C, 0xF6AC, 0xD28B, 0xF38B, 0x2D4A, 0xEC39, 0x8C29, 0x2E32, 0x4F32, 0xEF29, 
    0x302A, 0xF021, 0x312A, 0x5132, 0xD34A, 0x3453, 0x7563, 0xDA94, 0x5FCE, 0xDDBD, 0xAF52, 0x8E52, 0xEF62, 0x138C, 0xB9BD, 0x17A5, 
    0x7273, 0x9373, 0x978C, 0xF15A, 0xF05A, 0x3163, 0x1163, 0xD47B, 0xF47B, 0x736B, 0xD994, 0x545B, 0xF442, 0x5B6C, 0xF732, 0xBB43, 
    0x5A33, 0x7A33, 0x7A33, 0x7933, 0x7833, 0x792B, 0x9A2B, 0xBB2B, 0x5A1B, 0xBC23, 0x3923, 0xD943, 0xD232, 0xDCAD, 0x1EE7, 0x7BD6, 
    0x5FE7, 0xD694, 0x137C, 0xEE5A, 0x6C4A, 0xB373, 0x778C, 0x9DA5, 0xD542, 0xF73A, 0x3933, 0xF922, 0x3923, 0x9A2B, 0x381B, 0x591B, 
    0x5A23, 0x3B2B, 0x3A23, 0x1B23, 0x1A2B, 0x1B2B, 0x1B2B, 0x1B33, 0x3C33, 0x3B33, 0x1B2B, 0x1A2B, 0x1A2B, 0x1A2B, 0xF922, 0xD822, 
    0x383B, 0x752A, 0xD832, 0xF932, 0x1E4C, 0xB91A, 0xFA22, 0x5A33, 0x7933, 0xB422, 0x175C, 0x3EA6, 0x3FD7, 0x3FDF, 0x9FEF, 0xDFFF, 
    0x3FEF, 0x7FF7, 0x9FF7, 0x1AC6, 0xB59C, 0x98B5, 0xFDDE, 0x9BD6, 0xFCDE, 0x3DE7, 0x9AD6, 0x39C6, 0x9EF7, 0x1CE7, 0x18C6, 0x3DE7, 
    0x9FF7, 0xFDE6, 0xF9CD, 0xFDEE, 0x56BD, 0x56BD, 0x97BD, 0x98BD, 0x3BCE, 0x7CCE, 0x1BC6, 0xFFFF, 0xDDDE, 0x77AD, 0x9BD6, 0x19C6, 
    0x97AD, 0xBCCE, 0xD8BD, 0x3ACE, 0xBFFF, 0xDFFF, 0x57B5, 0x8939, 0xCB39, 0x9052, 0xFC94, 0xD53A, 0x383B, 0xD822, 0xD91A, 0xDA1A, 
    0xDA1A, 0xDA22, 0xDA22, 0xDA1A, 0xDA1A, 0xDA1A, 0xDA1A, 0xDA1A, 0xDA1A, 0xDA1A, 0xD922, 0xD922, 0xD922, 0xD922, 0xD822, 0xD822, 
    0xF92A, 0x5712, 0x981A, 0xD922, 0x1A23, 0xD91A, 0xF91A, 0x9712, 0x971A, 0x1833, 0x5843, 0x322A, 0x3C8D, 0x9FC6, 0x746B, 0x3363, 
    0x3263, 0x0E3A, 0x1784, 0x5463, 0x5563, 0x966B, 0x1132, 0x785B, 0xF642, 0x9632, 0x972A, 0x9722, 0xD922, 0xB91A, 0xB912, 0x7D2B, 
    0xAD31, 0x8D29, 0x4C21, 0x6C21, 0x0E32, 0x0E2A, 0x3874, 0x5974, 0x3974, 0x3A74, 0x3653, 0x102A, 0xEF29, 0xAE21, 0x6C19, 0xAC21, 
    0xCC29, 0x8B21, 0x315B, 0x968C, 0xB273, 0x3494, 0x507B, 0x0E73, 0x0E73, 0x9183, 0xEF6A, 0x0829, 0xD05A, 0x6F4A, 0x6F42, 0xD894, 
    0xB69C, 0x7073, 0xCE62, 0x907B, 0xF28B, 0xD18B, 0x74A4, 0x2F7B, 0xEA49, 0x917B, 0xF383, 0x726B, 0xED31, 0x8C21, 0xAD21, 0xCE21, 
    0x8E19, 0xF021, 0xEF21, 0xCE21, 0x503A, 0x503A, 0xD14A, 0x5BA5, 0xBFCE, 0xF89C, 0x9273, 0x3063, 0x106B, 0xBABD, 0xFAC5, 0x506B, 
    0x1163, 0xD473, 0x5263, 0x6E42, 0x6E4A, 0x2D42, 0xF05A, 0x3163, 0x3063, 0x105B, 0x115B, 0xD14A, 0x923A, 0x564B, 0x373B, 0x9A43, 
    0x7B33, 0x9C33, 0x9B33, 0x9A33, 0x792B, 0x792B, 0x7A2B, 0x9B2B, 0x3A23, 0x3D44, 0xBA3B, 0xB42A, 0x5C95, 0xBFCE, 0xF9C5, 0x57B5, 
    0xBAB5, 0xD373, 0x9173, 0xAD52, 0xEE5A, 0x37A5, 0x9AAD, 0x1674, 0x5553, 0xF63A, 0x793B, 0x9B3B, 0x5B2B, 0x1A23, 0xF91A, 0xFC3B, 
    0x5A23, 0x5A23, 0x5A23, 0x3A23, 0x3A2B, 0x3A2B, 0x1A2B, 0x1A2B, 0xF92A, 0x192B, 0xD82A, 0xF82A, 0x593B, 0x3833, 0x3733, 0xB94B, 
    0x7743, 0x1A5C, 0x5843, 0x9A4B, 0xF832, 0xBC43, 0xD82A, 0xF72A, 0x3733, 0xF532, 0xB553, 0x5EAE, 0x5FDF, 0x79A5, 0x3BC6, 0xF6A4, 
    0x3BC6, 0x3BCE, 0x1AC6, 0x16A5, 0x36AD, 0xF5A4, 0xD9BD, 0xBBD6, 0x7EEF, 0x9EF7, 0x7EEF, 0xDBDE, 0xD39C, 0x18C6, 0xBAD6, 0x3CE7, 
    0x3DE7, 0x9BD6, 0x35B5, 0x19D6, 0x96C5, 0x97C5, 0x1AD6, 0x9FFF, 0xB9BD, 0xFABD, 0xD27B, 0x5063, 0x3063, 0x9594, 0x3FEF, 0x78B5, 
    0x16A5, 0x169D, 0x7494, 0xFAC5, 0x5BD6, 0x5494, 0x338C, 0x516B, 0xAC39, 0x746B, 0x5D9D, 0xD542, 0xB62A, 0xB722, 0x1A2B, 0x7712, 
    0xD922, 0xD922, 0xD922, 0xD922, 0xD922, 0xDA22, 0xDA22, 0xDA22, 0xDA22, 0xDA22, 0xD922, 0xD922, 0xD922, 0xD822, 0xD822, 0xD822, 
    0x1A2B, 0xDA22, 0x1A23, 0x3B23, 0x7812, 0xF922, 0x3A2B, 0xD822, 0x1833, 0x7422, 0x322A, 0xFC84, 0xDEAD, 0x9CAD, 0x3AA5, 0x0D42, 
    0x9373, 0xF57B, 0x167C, 0x9CAD, 0x1FBE, 0x966B, 0x9242, 0xB442, 0xD963, 0x374B, 0x3422, 0x7522, 0x1833, 0xD822, 0x971A, 0x7712, 
    0xAD31, 0x8C29, 0x6C21, 0x8C21, 0xAD29, 0x8C21, 0x545B, 0x597C, 0xD763, 0xD86B, 0x765B, 0x112A, 0x8E21, 0x2C11, 0x8C21, 0xCD21, 
    0x2A11, 0x0D32, 0x0911, 0xCF52, 0x9273, 0x5494, 0xF38B, 0x9083, 0x95A4, 0x17B5, 0xB183, 0xCB41, 0xAF5A, 0xD373, 0x0919, 0x4D42, 
    0xB27B, 0xB183, 0xEE6A, 0xB083, 0xF193, 0xF193, 0xF5B4, 0xF18B, 0x907B, 0x707B, 0x9273, 0xF47B, 0x115B, 0x0E32, 0xCD29, 0xEF29, 
    0x6D19, 0xAE21, 0xEF29, 0xEE29, 0x2F32, 0x0E32, 0x0E32, 0xB46B, 0x1DBE, 0xB78C, 0x8E52, 0x1063, 0x758C, 0x348C, 0x4C4A, 0xCE5A, 
    0x105B, 0x2D42, 0x2D3A, 0x7263, 0x926B, 0x105B, 0x726B, 0x4D42, 0xB273, 0x3063, 0x8F4A, 0x0E32, 0xB13A, 0x512A, 0x774B, 0x9943, 
    0x9B3B, 0x9C33, 0x9B33, 0x7B2B, 0x7A2B, 0x7A2B, 0x9A2B, 0x9A33, 0x9A3B, 0x1733, 0x3743, 0x7E95, 0x1FDF, 0xDFDE, 0xD5A4, 0x7CD6, 
    0x9694, 0xF05A, 0x4D4A, 0xA931, 0xCD5A, 0x37A5, 0x3CC6, 0xB78C, 0xD242, 0x1543, 0x7943, 0xD82A, 0xD922, 0xBD3B, 0x5C33, 0xD91A, 
    0x5A23, 0x5A23, 0x5A23, 0x5A23, 0x5A23, 0x3A23, 0x3A2B, 0x392B, 0x182B, 0x5933, 0x172B, 0x1633, 0x7743, 0xF532, 0x143B, 0x5864, 
    0x7C8D, 0x5FAE, 0x3FA6, 0xD95B, 0x784B, 0xBA53, 0x9A4B, 0xF632, 0x974B, 0xD33A, 0x9D95, 0xBFC6, 0x1FD7, 0x7DCE, 0xF69C, 0x16A5, 
    0x78B5, 0xF17B, 0xB59C, 0xF9BD, 0x36A5, 0x77B5, 0x1DE7, 0x7EF7, 0xD7BD, 0x5DEF, 0xBEF7, 0x7DEF, 0x59CE, 0xDADE, 0x38C6, 0x7DEF, 
    0x79CE, 0xFCE6, 0x59D6, 0xBADE, 0x38D6, 0x76BD, 0xD4A4, 0xD9C5, 0xBDDE, 0x3484, 0x4D4A, 0x6D4A, 0x8E52, 0x0C42, 0x3CCE, 0x3BCE, 
    0x548C, 0x3384, 0x548C, 0x9594, 0xF7A4, 0xF383, 0x9694, 0xF47B, 0x5363, 0xEF31, 0x3132, 0x943A, 0x784B, 0xB62A, 0xF82A, 0x192B, 
    0xF822, 0xF822, 0xF922, 0xF922, 0xF922, 0xF922, 0xFA22, 0xFA22, 0xFA22, 0xF922, 0xF922, 0xF922, 0xF922, 0xF922, 0xF822, 0xF922, 
    0x9812, 0x3B23, 0xFA22, 0xFA22, 0x7712, 0x1923, 0xD722, 0xD62A, 0x742A, 0xF53A, 0x5FB6, 0xDA8C, 0x3363, 0x1AA5, 0x1163, 0xD05A, 
    0xAB31, 0xD47B, 0x199D, 0x5EC6, 0x5FC6, 0x904A, 0xEE31, 0x9242, 0x5D95, 0x1FAE, 0xFD84, 0xD953, 0xF632, 0x5422, 0xF732, 0xF62A, 
    0xAD31, 0x6C21, 0x8C21, 0xAD29, 0x2B19, 0xAD21, 0x2F32, 0xF76B, 0xB763, 0xB763, 0xB863, 0xD442, 0xEC08, 0x0B09, 0xEE29, 0x0E32, 
    0xAD21, 0x2E32, 0xE910, 0xCB31, 0xCF5A, 0xB6A4, 0x1394, 0xD183, 0x4F7B, 0xF28B, 0x4C5A, 0x2B52, 0xE720, 0xD37B, 0x758C, 0x8E52, 
    0x6C52, 0x3294, 0xD183, 0x3294, 0x739C, 0x1194, 0x93A4, 0x3294, 0x749C, 0x5073, 0x9173, 0x558C, 0xD473, 0x4F42, 0xCD29, 0xEE29, 
    0x3032, 0x8D19, 0x8D21, 0x8C21, 0xCD29, 0x6F3A, 0x4E3A, 0x4D3A, 0x3CBE, 0x179D, 0xEF5A, 0x105B, 0xCE52, 0x4D4A, 0xCF5A, 0x3484, 
    0x147C, 0x968C, 0x3DBE, 0x3FDF, 0x3DBE, 0x7AA5, 0x7AAD, 0xBAAD, 0x1484, 0xAE52, 0x5163, 0x6E3A, 0xB142, 0xF342, 0xB232, 0xB843, 
    0x9B3B, 0x7C33, 0x7B2B, 0x7B2B, 0x9B2B, 0xBB33, 0x9A33, 0x793B, 0x373B, 0xB53A, 0xBFA5, 0x5FC6, 0x1584, 0xD7A4, 0xBDE6, 0x1FEF, 
    0xDCBD, 0x7FCE, 0x1CC6, 0xB69C, 0x77B5, 0xF9BD, 0x57AD, 0xCF4A, 0x945B, 0xD342, 0x3743, 0x3943, 0xFA32, 0x1B3B, 0xFB32, 0x1B33, 
    0x3A23, 0x5923, 0x5A23, 0x5A23, 0x5A23, 0x5A23, 0x3923, 0x392B, 0x182B, 0x5833, 0x573B, 0xF95B, 0xFC7C, 0xBA7C, 0x9974, 0x9C9D, 
    0x5FCF, 0x7FD7, 0x9FDF, 0x9E9D, 0x5A6C, 0x364B, 0x1643, 0xF963, 0x3FAE, 0x1FAE, 0x5FBE, 0x3EBE, 0x968C, 0x137C, 0xF37B, 0x1384, 
    0xAD5A, 0xF59C, 0xB8BD, 0xBCD6, 0x3ACE, 0xBCD6, 0xB7BD, 0xF8BD, 0x9294, 0x34A5, 0x59CE, 0x5DEF, 0xBEF7, 0x5CEF, 0x99D6, 0x5CEF, 
    0x58CE, 0x99D6, 0xF7C5, 0xF7C5, 0xD7C5, 0x55B5, 0x939C, 0x98BD, 0xD27B, 0x6D4A, 0x6E4A, 0xF47B, 0x8F52, 0xCB39, 0x969C, 0x969C, 
    0xD37B, 0x7173, 0x9694, 0x9273, 0xF7A4, 0x39AD, 0x768C, 0x9052, 0x5042, 0x303A, 0x723A, 0xD121, 0x1222, 0xB632, 0x183B, 0x7622, 
    0xD82A, 0xF922, 0xF922, 0xF922, 0xF922, 0xF922, 0xF922, 0xF922, 0xF922, 0xF922, 0xF922, 0xF922, 0xF922, 0xF922, 0xF922, 0xFA22, 
    0xD91A, 0x5C2B, 0xB912, 0x3A23, 0x5A33, 0x3833, 0x7522, 0xB953, 0xD43A, 0x186C, 0x545B, 0xD573, 0x0E42, 0xE818, 0x2D4A, 0x0C4A, 
    0x3063, 0x9173, 0xCB39, 0xAF52, 0xF05A, 0x0D3A, 0xCD31, 0x4F42, 0x335B, 0xD66B, 0x5974, 0x5FAE, 0xFFC6, 0x3D8D, 0x9753, 0x5122, 
    0x8D29, 0x6C21, 0x8D29, 0x8C21, 0xEA10, 0xAD29, 0x6C19, 0x1453, 0x9A7C, 0xD86B, 0x775B, 0x3553, 0x6E19, 0x0F2A, 0x503A, 0xCD21, 
    0x2F32, 0x2A11, 0x4E3A, 0x0D3A, 0xAB31, 0x7594, 0xD283, 0xB183, 0x739C, 0x9083, 0x0E73, 0x6C5A, 0x0729, 0x0F63, 0x38A5, 0x1AC6, 
    0xB49C, 0x15AD, 0x4E73, 0x8F7B, 0x93A4, 0xD4AC, 0xB08B, 0x6B62, 0x707B, 0x8D5A, 0xB27B, 0xF47B, 0x115B, 0xAC29, 0x6B21, 0x6C21, 
    0xCE29, 0x6D19, 0xEE29, 0xAD21, 0x4B19, 0x0D32, 0x6E42, 0x6D3A, 0x2C3A, 0xDECE, 0xBECE, 0xFFD6, 0x7FEF, 0x9ECE, 0xBBB5, 0x9ECE, 
    0xFCBD, 0x5EC6, 0x1DB6, 0x5EBE, 0xDFEF, 0xFFF7, 0x5FE7, 0xBFF7, 0xFFFF, 0x7FEF, 0x9ECE, 0x9FC6, 0xF98C, 0x5874, 0xF33A, 0x363B, 
    0x9A43, 0x9C3B, 0x9B33, 0x9B33, 0x9B2B, 0x9A33, 0x5933, 0x173B, 0x985B, 0xD76B, 0xBFD6, 0x1ECE, 0x9BBD, 0xBEE6, 0x1FEF, 0xEF62, 
    0x1DC6, 0x3AA5, 0xF8A4, 0x3BCE, 0xDFFF, 0xF9C5, 0x57A5, 0x5484, 0x1DB6, 0x965B, 0xB53A, 0x1843, 0x5A4B, 0x7B4B, 0xF93A, 0xB832, 
    0x3933, 0x592B, 0x592B, 0x592B, 0x5A2B, 0x3A2B, 0x392B, 0x392B, 0x793B, 0xB943, 0x1A5C, 0x9F95, 0x1FC7, 0x3FD7, 0xDFCE, 0x1FD7, 
    0x5FD7, 0x9FDF, 0x9FDF, 0xFFCE, 0x587C, 0x9663, 0xB342, 0xBA8C, 0xBFCE, 0x7CA5, 0x5EC6, 0x79A5, 0x5484, 0x1BBE, 0xD594, 0xB9B5, 
    0x1AC6, 0x1DE7, 0xDCDE, 0x1DE7, 0x56AD, 0x1DE7, 0xFCDE, 0x5ACE, 0x9AD6, 0x14A5, 0x9AD6, 0x3CE7, 0x58CE, 0xD6BD, 0xFBDE, 0x7CEF, 
    0xB9D6, 0x95B5, 0x13A5, 0x75BD, 0x18CE, 0x9ADE, 0xBCE6, 0xBFFF, 0x1484, 0x4D4A, 0x8B29, 0xF57B, 0x4E4A, 0x2D4A, 0xCF62, 0xF383, 
    0x927B, 0x6D52, 0x969C, 0xB37B, 0x5694, 0x6F52, 0x8C31, 0xCD31, 0x0F3A, 0xCF31, 0xD34A, 0xF54A, 0x322A, 0x7432, 0x9532, 0xF73A, 
    0xD92A, 0xDA2A, 0xF922, 0xF922, 0xF822, 0x1823, 0x1823, 0x1823, 0x181B, 0x181B, 0x1923, 0xF922, 0xFA22, 0xFA22, 0xDB22, 0xFB22, 
    0x1B23, 0x3A23, 0xB81A, 0x192B, 0x182B, 0x5422, 0x163B, 0xFFA5, 0x9A84, 0x587C, 0xB14A, 0x3AA5, 0x2D42, 0x8F5A, 0xAB39, 0x5594, 
    0x5FEF, 0xDFFF, 0x38A5, 0xD79C, 0xCB39, 0x0D42, 0x4E42, 0x936B, 0x5BA5, 0x9FC6, 0x3B9D, 0xD14A, 0xF24A, 0xB984, 0x1B8D, 0xB55B, 
    0x4B19, 0xAD29, 0x8D29, 0x4B19, 0x6B21, 0x8C21, 0x6D21, 0x3032, 0x3553, 0xB763, 0xF86B, 0x765B, 0xCF21, 0xAE21, 0xCE21, 0xEE29, 
    0x6C19, 0xAD21, 0xC908, 0xAC29, 0x2921, 0x0C42, 0xD6A4, 0x5494, 0x539C, 0xED6A, 0x2E73, 0x2A52, 0x2A4A, 0xEE62, 0x9073, 0xFDE6, 
    0x35AD, 0xB7C5, 0x76BD, 0x76BD, 0x529C, 0xAF83, 0x0D73, 0x4E7B, 0x3294, 0xCA41, 0xEB41, 0xCB39, 0x0D42, 0xED31, 0xCD29, 0x6C21, 
    0x4C19, 0x6D21, 0x0F32, 0xAD29, 0x8B21, 0xAB29, 0xAB29, 0x6D42, 0x2C3A, 0xD373, 0x347C, 0xD794, 0x926B, 0x2E3A, 0xED39, 0x2E42, 
    0x6B29, 0x0E3A, 0x6B21, 0x8C21, 0xD14A, 0xF573, 0x9363, 0xD894, 0x5584, 0xF89C, 0x3163, 0x978C, 0x735B, 0xB142, 0xD23A, 0x922A, 
    0x373B, 0x593B, 0x9A3B, 0x9A3B, 0x9A33, 0x7933, 0x783B, 0x774B, 0x7663, 0x588C, 0x5373, 0xF8AC, 0x3173, 0x348C, 0xB273, 0xB694, 
    0x368C, 0xF583, 0xF383, 0xB59C, 0x3ACE, 0x98BD, 0xFAC5, 0xB273, 0x525B, 0xDA8C, 0x5FB6, 0x9C7C, 0x5432, 0xB53A, 0x5853, 0x374B, 
    0x3843, 0x393B, 0x393B, 0x3933, 0x3A33, 0x3A33, 0x3A33, 0x3933, 0x3D5C, 0x7D64, 0x1E85, 0xFFA5, 0x5FBE, 0x3FBE, 0xDDB5, 0xFCB5, 
    0xBDCE, 0xFED6, 0xFFF7, 0xDBAD, 0xF99C, 0xD573, 0xD67B, 0xB99C, 0x368C, 0x768C, 0x758C, 0x99B5, 0xB9B5, 0xD9BD, 0x7BCE, 0x97AD, 
    0x5ACE, 0x5EEF, 0x19C6, 0x5ACE, 0x39C6, 0x5ACE, 0x14A5, 0x18C6, 0x9EF7, 0x5DEF, 0x9EF7, 0x1CE7, 0x3CE7, 0x58CE, 0x38CE, 0x9DF7, 
    0x3CE7, 0x17C6, 0x99D6, 0xDBE6, 0xFCEE, 0x9FFF, 0xBFFF, 0x7FF7, 0x5FEF, 0xBFD6, 0x5684, 0x6F4A, 0x4E4A, 0x3584, 0xB27B, 0x148C, 
    0x3073, 0x6E5A, 0x358C, 0x116B, 0x768C, 0x0D42, 0xED39, 0x904A, 0x0F3A, 0x8D21, 0x1032, 0xF029, 0x5132, 0xDC84, 0xF963, 0xB63A, 
    0xD92A, 0xDB2A, 0xFA22, 0xF922, 0x1923, 0x1823, 0x371B, 0x371B, 0x371B, 0x381B, 0x191B, 0x191B, 0xFB22, 0xFB22, 0xDC22, 0xDC22, 
    0xD91A, 0xB71A, 0xF82A, 0xD62A, 0x942A, 0xD43A, 0xBB84, 0x9FC6, 0x7884, 0xF573, 0xD052, 0x726B, 0x316B, 0x7FEF, 0xD05A, 0xD79C, 
    0x548C, 0x506B, 0xB69C, 0xF37B, 0xEB41, 0xD37B, 0x4D4A, 0x3163, 0x9BAD, 0x157C, 0xF05A, 0xAF4A, 0x315B, 0x315B, 0xB04A, 0x1153, 
    0x0B19, 0xEE31, 0x8D29, 0x2B19, 0xED31, 0x4B19, 0xEE31, 0x8D21, 0x513A, 0xB763, 0x5A7C, 0x9763, 0xF44A, 0xEF29, 0x8D19, 0xEE21, 
    0x6C19, 0x0E32, 0x4B19, 0x8C29, 0xCC31, 0x6A29, 0xAE5A, 0x707B, 0x0E6B, 0xEE6A, 0x4B5A, 0xAC62, 0x4B52, 0x2E6B, 0xB07B, 0xB07B, 
    0xF083, 0xAF7B, 0x3194, 0x5194, 0x4952, 0xE849, 0x2952, 0x0E73, 0xD183, 0x4731, 0xAA39, 0x0C42, 0x4E4A, 0xCD31, 0xCD31, 0xEE31, 
    0x0F3A, 0xCE29, 0x2C19, 0xEA10, 0xED31, 0xCC29, 0xE810, 0xCB29, 0x6A21, 0xAB29, 0x2919, 0x4A19, 0xE910, 0xAD29, 0xEE31, 0xAD31, 
    0x8C29, 0xAC29, 0x8C21, 0x7042, 0x6C19, 0x0A11, 0x2A19, 0xCD31, 0xED39, 0x6B29, 0xAB29, 0x8B29, 0xAC29, 0xEE29, 0x2F2A, 0xD33A, 
    0x1122, 0x942A, 0x373B, 0x983B, 0x983B, 0xB843, 0xF95B, 0x3974, 0x998C, 0x19AD, 0xF06A, 0xF493, 0xEF6A, 0xF383, 0x926B, 0xF373, 
    0x526B, 0x8E52, 0xEF62, 0x917B, 0xB07B, 0xCD5A, 0x58AD, 0x758C, 0xD152, 0x9563, 0x7FBE, 0xBFE7, 0x5FB6, 0x9A84, 0x9563, 0x5553, 
    0x5653, 0x374B, 0x374B, 0x1843, 0x1843, 0x393B, 0x393B, 0x5943, 0x594B, 0xDA5B, 0x9C7C, 0xDC8C, 0x177C, 0x956B, 0xD57B, 0x558C, 
    0xD9B5, 0x3ABE, 0x9DCE, 0x38A5, 0xB37B, 0xF583, 0x5273, 0x979C, 0xD383, 0x959C, 0x57B5, 0x5BCE, 0x5ACE, 0x76AD, 0x3DE7, 0xDCD6, 
    0xF8BD, 0x1DE7, 0x1DE7, 0x3DE7, 0x9BD6, 0x18C6, 0x55AD, 0x79D6, 0x9EF7, 0x18C6, 0x79CE, 0xBAD6, 0xBADE, 0xBEF7, 0xBEFF, 0xFBE6, 
    0xFFFF, 0x5DEF, 0xDFFF, 0xBBDE, 0xB7C5, 0x3EF7, 0xDFFF, 0x7FF7, 0x9ED6, 0xDBB5, 0x768C, 0x8B29, 0x726B, 0x8E52, 0xEB41, 0x959C, 
    0x5073, 0xAE62, 0xF48B, 0xD37B, 0xBBB5, 0x6E4A, 0xF15A, 0xF673, 0x1253, 0x8D21, 0x3032, 0x503A, 0xAE21, 0x755B, 0xF34A, 0x7853, 
    0xD932, 0xDB2A, 0xFA22, 0xFA22, 0x1923, 0x181B, 0x381B, 0x371B, 0x381B, 0x381B, 0x191B, 0x1A1B, 0xFB22, 0xFC22, 0xDC22, 0xDB22, 
    0x192B, 0xF732, 0xFA53, 0xB853, 0x396C, 0xDFA5, 0x5FDF, 0xDDAD, 0x978C, 0x6A29, 0x5263, 0x768C, 0x1584, 0xD89C, 0xBFD6, 0xDCB5, 
    0x99B5, 0x1384, 0x1384, 0x1063, 0xAE52, 0x8E52, 0xF8A4, 0xB37B, 0x9AB5, 0x7AAD, 0xD79C, 0xF05A, 0x8E52, 0xB373, 0x1484, 0xB694, 
    0x6C21, 0x4B19, 0x8C21, 0x4F3A, 0x6B21, 0x8C21, 0x8C21, 0xAE21, 0xAF29, 0x7663, 0x3974, 0xD86B, 0x765B, 0x713A, 0x8D19, 0xCE21, 
    0x6D19, 0x6C19, 0xAD21, 0xAC29, 0x6B29, 0x4921, 0x6A31, 0xEB41, 0x5494, 0x5073, 0xF28B, 0x707B, 0x8C5A, 0x8C5A, 0xED62, 0xF183, 
    0x39CE, 0x6E7B, 0x929C, 0xD083, 0x6E7B, 0xF08B, 0xE428, 0xCD6A, 0x949C, 0x6839, 0x6D52, 0xAF5A, 0xE818, 0x2D42, 0x0E3A, 0xAD29, 
    0xAE31, 0x103A, 0x0C19, 0x6C21, 0xCD29, 0xAC29, 0xE910, 0xCC29, 0x8B21, 0x6B21, 0xED31, 0xCD29, 0xAD29, 0xAE29, 0x2C19, 0xEF31, 
    0xAD29, 0x2B19, 0x6C21, 0x0F32, 0xCE29, 0x6D21, 0xCE29, 0x7042, 0x904A, 0xEE39, 0xCD31, 0xB04A, 0xEE31, 0x3353, 0x713A, 0x7132, 
    0x923A, 0x8E19, 0xF43A, 0x964B, 0x5643, 0xD753, 0xBFBE, 0x7C9D, 0x9052, 0x158C, 0xB283, 0x517B, 0x106B, 0x758C, 0x9263, 0xF78C, 
    0x7DCE, 0x58AD, 0x57B5, 0x7073, 0x2B52, 0x959C, 0x1CC6, 0x5AAD, 0x125B, 0xCE31, 0x387C, 0x5FDF, 0xDFEF, 0xDFEF, 0x7FE7, 0x3CBE, 
    0xBDAD, 0xFFBD, 0x1C95, 0xF452, 0x1A74, 0x164B, 0xB53A, 0xF642, 0xF642, 0xD863, 0xB342, 0x1453, 0x135B, 0x9473, 0xF9A4, 0x3DCE, 
    0x3384, 0x37A5, 0xF69C, 0x9694, 0x7AB5, 0x9383, 0x2D52, 0x59BD, 0xD6AC, 0x36B5, 0xD8C5, 0x76B5, 0xDBDE, 0xFFFF, 0x9EF7, 0x5DEF, 
    0xDCDE, 0x7EF7, 0xFCE6, 0xD7BD, 0x9294, 0x35A5, 0x55AD, 0xF39C, 0xF39C, 0x99D6, 0xB6B5, 0x99D6, 0xDEFF, 0x9DF7, 0x7DEF, 0xBEFF, 
    0x9FF7, 0x97B5, 0x5394, 0x128C, 0xB5A4, 0x5FF7, 0x1FEF, 0x5CCE, 0x768C, 0xCF52, 0xD794, 0xCB31, 0xEF5A, 0x716B, 0x959C, 0x749C, 
    0x707B, 0xEF6A, 0xB283, 0x8D52, 0x9273, 0x9373, 0xB373, 0xF052, 0x7363, 0xD04A, 0x7363, 0x0E32, 0xEE29, 0xB042, 0x4F3A, 0xDB84, 
    0x972A, 0x1B33, 0x5B33, 0xB91A, 0x7B2B, 0xF81A, 0xF81A, 0x191B, 0x5A23, 0xF912, 0x3A23, 0x7B2B, 0xDA1A, 0xFA22, 0x3C2B, 0xB922, 
    0xB632, 0x9753, 0x1FA6, 0x3874, 0x7C9D, 0x3A9D, 0x7BA5, 0xF89C, 0x5163, 0xB373, 0x3584, 0x3584, 0x5684, 0x4F42, 0x577C, 0x9BAD, 
    0x7DCE, 0x78B5, 0x17A5, 0xD27B, 0xBEDE, 0x969C, 0xFFE6, 0x9FDE, 0x5DCE, 0x9ED6, 0x969C, 0x558C, 0x6D52, 0x306B, 0xB69C, 0x9ABD, 
    0xCE29, 0xAD29, 0xCD29, 0x6F42, 0x8C21, 0xAC29, 0x8C21, 0x8D21, 0x8E29, 0x8F21, 0xF973, 0x3974, 0xF86B, 0x144B, 0xD342, 0x0F2A, 
    0xEF29, 0x8D21, 0x4B19, 0x4B19, 0x4B21, 0x4A21, 0xAB31, 0x0C42, 0x5173, 0x7173, 0xAD5A, 0x0E6B, 0x4B52, 0x0E6B, 0xCD62, 0x8C5A, 
    0x15AD, 0x35B5, 0xCC62, 0xDFFF, 0x35B5, 0xAC62, 0xB083, 0x4B52, 0x0E6B, 0x4831, 0x4C4A, 0x4D4A, 0xAF52, 0x6E4A, 0xED39, 0x8C29, 
    0xEF39, 0x8E29, 0x0C19, 0x4C21, 0x2C19, 0x4B19, 0x2A19, 0x6C21, 0x8C29, 0xEE31, 0x4F3A, 0xAD29, 0x8E29, 0xCF31, 0x2C19, 0x2C19, 
    0x8D29, 0xCD31, 0x303A, 0x1032, 0x6E21, 0x6D19, 0x1032, 0x7142, 0xCE29, 0xCE31, 0x914A, 0xD252, 0x0F32, 0x503A, 0x1032, 0x5032, 
    0x9042, 0x2E3A, 0x745B, 0xF663, 0xF65B, 0xF663, 0xBDA5, 0x988C, 0xB79C, 0x7AB5, 0x18AD, 0x18AD, 0x58AD, 0x1CBE, 0xBAA5, 0x3FD7, 
    0xBFF7, 0xDFFF, 0x5FF7, 0xD9C5, 0x1BCE, 0xDFFF, 0xDCC5, 0x536B, 0x6C29, 0xB24A, 0x503A, 0xD46B, 0xDECE, 0x9FE7, 0x1CDF, 0x59C6, 
    0x58AD, 0x7373, 0xFDC5, 0x1AA5, 0x5BA5, 0x1FD7, 0xDEAD, 0x7D9D, 0xBEA5, 0x9DA5, 0x5884, 0x9CAD, 0x936B, 0x7694, 0x5DCE, 0xBED6, 
    0x1BC6, 0x5CCE, 0x79B5, 0x7DD6, 0x969C, 0x769C, 0x1394, 0xD5AC, 0x94A4, 0xF8CD, 0xF7CD, 0x58D6, 0xFBE6, 0x58CE, 0xD6BD, 0x59CE, 
    0xBBDE, 0x9BD6, 0x97B5, 0xD39C, 0xF49C, 0xDBDE, 0x1CE7, 0xFBDE, 0xDFFF, 0x7DEF, 0x1CE7, 0xDADE, 0x7DF7, 0x1BE7, 0xFFFF, 0x1CE7, 
    0xB49C, 0x4F73, 0x5494, 0x98BD, 0xAE62, 0xAA41, 0xEF62, 0xCB39, 0x726B, 0x5163, 0xAF4A, 0x0C3A, 0x758C, 0xF69C, 0xB8BD, 0x7394, 
    0x5073, 0x7073, 0x138C, 0xAE5A, 0xD37B, 0xAF52, 0x926B, 0x7263, 0xF152, 0xCC29, 0x1153, 0x8B21, 0x8B21, 0x1153, 0x2E32, 0x176C, 
    0xB52A, 0x7A3B, 0xD82A, 0x192B, 0x7812, 0x7B2B, 0xFA1A, 0x3B23, 0x3B23, 0x3B2B, 0x1A23, 0x1A23, 0x192B, 0xF92A, 0xF82A, 0x383B, 
    0x7232, 0x3FB6, 0x7D9D, 0x1253, 0x325B, 0x105B, 0xEB39, 0x9694, 0x506B, 0x0C42, 0x5584, 0xF47B, 0xF473, 0xD04A, 0xCD29, 0x535B, 
    0xD79C, 0xBABD, 0x17A5, 0x516B, 0x5594, 0xFCC5, 0xF8A4, 0x39AD, 0xFCC5, 0xF483, 0x6A31, 0x38AD, 0x106B, 0x5173, 0x138C, 0x5073, 
    0xCE29, 0xCD29, 0xCD29, 0x4F3A, 0x8C21, 0xAC29, 0x6C21, 0x4C19, 0xCF31, 0x9342, 0xF873, 0xB863, 0x196C, 0x965B, 0x5132, 0xAE19, 
    0x8D21, 0xAD21, 0xEE31, 0x0F32, 0xCD31, 0x4A21, 0x0919, 0x2921, 0x6E4A, 0x7173, 0xAE5A, 0xEE62, 0xCD62, 0x2F6B, 0x128C, 0x328C, 
    0xED62, 0xBFFF, 0x939C, 0xFDEE, 0x3AD6, 0x907B, 0xAC62, 0xAD5A, 0x4C52, 0x6D52, 0x8D52, 0x6E4A, 0x5263, 0x0D3A, 0x0919, 0x6C29, 
    0x7142, 0x4D21, 0x4C21, 0x6D21, 0x8D21, 0x8D21, 0xCE29, 0x4C19, 0xAD29, 0xCE31, 0xEE31, 0xAE29, 0xB24A, 0xD76B, 0xF352, 0xEF31, 
    0x8D31, 0x0E3A, 0x7042, 0x303A, 0xCF29, 0x1032, 0x1032, 0x6E21, 0x5142, 0xAE29, 0x303A, 0x0F3A, 0x5042, 0x924A, 0x713A, 0x3032, 
    0x8B29, 0xEC39, 0x5263, 0x1574, 0x1574, 0xF46B, 0x7684, 0x7263, 0xDBBD, 0x5DCE, 0x3DCE, 0xFBC5, 0x9ECE, 0xFFD6, 0x9EBE, 0x7FDF, 
    0xB8B5, 0xD8BD, 0xDDE6, 0xDFFF, 0x1FEF, 0xBEDE, 0x9794, 0x9152, 0x914A, 0x5142, 0x914A, 0x0D32, 0x537C, 0x9EE7, 0x77C6, 0x0E84, 
    0x76BD, 0x3AD6, 0xB083, 0x36AD, 0xB9BD, 0xF79C, 0xBED6, 0x3CBE, 0x7AA5, 0xD373, 0x926B, 0x147C, 0x758C, 0xDAB5, 0xB173, 0x7073, 
    0x748C, 0x5CCE, 0xDEE6, 0xFFEE, 0xB6A4, 0x1394, 0x99C5, 0x16BD, 0x96C5, 0xD3AC, 0x17D6, 0x17CE, 0xD29C, 0x7194, 0x7194, 0x9294, 
    0x34A5, 0x56AD, 0xFCE6, 0xB7BD, 0xBFFF, 0xBFFF, 0x5DEF, 0xF8C5, 0x55AD, 0xD7BD, 0xBADE, 0x3CEF, 0xB6BD, 0x79D6, 0x1CE7, 0x39CE, 
    0x9CDE, 0x79BD, 0xB183, 0xB183, 0x2C52, 0xEF62, 0x2C4A, 0x6929, 0xEC39, 0xD473, 0x5163, 0x8E4A, 0x706B, 0xF27B, 0xF183, 0x939C, 
    0x0E6B, 0x338C, 0xB17B, 0x2B4A, 0x548C, 0x2C42, 0x5063, 0x3484, 0x5584, 0x8F4A, 0x978C, 0x525B, 0xF04A, 0xF46B, 0x8B21, 0x0E2A, 
    0x712A, 0x563B, 0x1633, 0xB622, 0x9B3B, 0x5B33, 0xBA1A, 0xFC22, 0xBB22, 0x1C2B, 0xB922, 0xB722, 0x583B, 0x3633, 0xF432, 0xB653, 
    0x3B9D, 0xFEBD, 0x5363, 0x115B, 0xB373, 0x3CCE, 0x748C, 0x2B4A, 0xEE5A, 0x8929, 0xCB31, 0x8E4A, 0xD04A, 0x2E3A, 0xB142, 0xD46B, 
    0x9273, 0x1BCE, 0xBABD, 0x6D52, 0xD7A4, 0x8E52, 0xCF5A, 0xF062, 0x7694, 0xF483, 0xB79C, 0x7AB5, 0x0C4A, 0x58B5, 0x7DDE, 0x58B5, 
    0xAD21, 0xCD29, 0xAC29, 0xED31, 0x8B21, 0xCD29, 0x6C21, 0x4C21, 0x1453, 0xD86B, 0x1553, 0x5A7C, 0x1974, 0x186C, 0x7132, 0x5132, 
    0x8D21, 0x2C11, 0x0B11, 0x4C21, 0x8C29, 0x6C29, 0x6B21, 0x6A29, 0xCC39, 0x6E4A, 0x1063, 0xAE5A, 0xF383, 0x0F63, 0x9594, 0x57AD, 
    0x98BD, 0x36AD, 0xDFFF, 0xFEE6, 0x5394, 0x2F6B, 0xEA49, 0xEA41, 0xAA39, 0x5173, 0x4D4A, 0xCF5A, 0x8E4A, 0xCC31, 0x2A19, 0x904A, 
    0xB14A, 0xAE29, 0x8D21, 0x4C21, 0xEF31, 0xAE29, 0x8E29, 0xEB10, 0x4C19, 0x4C19, 0x2C19, 0x6D21, 0x513A, 0xB24A, 0x303A, 0xAD29, 
    0x4F4A, 0x904A, 0x704A, 0xEF31, 0x8E21, 0xF029, 0xF029, 0x4D19, 0xCF29, 0xCF31, 0x303A, 0xEF31, 0xAE29, 0x1032, 0x1032, 0x7142, 
    0x0E3A, 0xEC39, 0x3163, 0x926B, 0x5163, 0x926B, 0x768C, 0x926B, 0xB052, 0x736B, 0x9373, 0xB052, 0xD373, 0x3474, 0xF373, 0xB16B, 
    0x2E63, 0x7294, 0x118C, 0x77B5, 0x7CD6, 0x7273, 0x4E4A, 0x3363, 0x5042, 0x0F32, 0xD252, 0x1574, 0x4F63, 0xF49C, 0xDDFF, 0xB4BD, 
    0x3094, 0xBAE6, 0x34B5, 0xD3A4, 0xD8C5, 0x15A5, 0x77B5, 0xF9BD, 0xD59C, 0x5384, 0x906B, 0x706B, 0x78AD, 0x37A5, 0x3384, 0xEE5A, 
    0x7173, 0x3FEF, 0xDAC5, 0x959C, 0x3CD6, 0xD6AC, 0x1294, 0x729C, 0x519C, 0x54BD, 0x74BD, 0x16CE, 0xEF83, 0x8D7B, 0xFCE6, 0x9BD6, 
    0x55AD, 0xDCE6, 0xFFFF, 0xBFFF, 0xFCE6, 0x9EF7, 0x59D6, 0xDBDE, 0x7294, 0x308C, 0x7DF7, 0xF8C5, 0x9AD6, 0x3CEF, 0xB6BD, 0xB7BD, 
    0xD183, 0xCE62, 0xB283, 0x5073, 0x0F73, 0x7594, 0xCF5A, 0xAF52, 0xBBB5, 0x9FEF, 0x357C, 0x7263, 0x716B, 0x2F6B, 0xF5A4, 0xD4A4, 
    0x98BD, 0xFAC5, 0xF6A4, 0x338C, 0xD69C, 0x7073, 0x18A5, 0xB694, 0xD794, 0x6E4A, 0x926B, 0xF052, 0x6F42, 0x725B, 0xED31, 0x0D2A, 
    0x4F2A, 0x0F1A, 0xF432, 0xF632, 0x393B, 0x161A, 0xDA2A, 0x5C3B, 0xFB32, 0x3B3B, 0xF832, 0xD632, 0x7643, 0x3764, 0x9B95, 0x1FCF, 
    0x7FC6, 0xDCBD, 0xAF52, 0x0C42, 0x9173, 0x7CCE, 0xDFFF, 0xBFFF, 0xB9B5, 0x706B, 0xCE52, 0x0C3A, 0x8A29, 0x2E3A, 0xD04A, 0x5684, 
    0x9273, 0x9ABD, 0x5594, 0xFBC5, 0xD383, 0x7694, 0xF483, 0xF05A, 0x19A5, 0xD37B, 0x7AB5, 0xDBBD, 0xB27B, 0xD27B, 0x17AD, 0x3BCE, 
    0x8D21, 0xCD29, 0x8C21, 0xCD29, 0x8C21, 0xED31, 0x8C29, 0xCE29, 0x966B, 0x313A, 0x0D11, 0x7A7C, 0xF96B, 0xF86B, 0xF863, 0xB242, 
    0x9142, 0x0F32, 0xEF31, 0xD14A, 0x7463, 0x1253, 0xEE31, 0x0A19, 0x4B21, 0x2A21, 0x4E4A, 0x0C42, 0xF383, 0x7173, 0x1063, 0xEE62, 
    0xEA41, 0x0F6B, 0xB9BD, 0xCE62, 0xCE62, 0x7073, 0x8D5A, 0x8931, 0x2C4A, 0x9273, 0x6E4A, 0x3163, 0x0D3A, 0xAB31, 0x6B21, 0x4F42, 
    0x6F42, 0x6F42, 0xEE31, 0x2B19, 0xCE31, 0x0C19, 0xEB10, 0x2C19, 0x2D19, 0x4D21, 0xAE29, 0x503A, 0xEF31, 0x0B11, 0x8C21, 0x115B, 
    0x1163, 0xB373, 0x5684, 0xF673, 0xF34A, 0x713A, 0x5132, 0xF029, 0xEF31, 0x513A, 0x5042, 0xB24A, 0x303A, 0xF352, 0x1032, 0x503A, 
    0x0E3A, 0x8B29, 0x726B, 0xD373, 0x3063, 0x516B, 0xF47B, 0x8F4A, 0xCD31, 0x7042, 0xD14A, 0x4F42, 0xB46B, 0x926B, 0xB273, 0x2F63, 
    0x3ACE, 0x39CE, 0x36AD, 0x1ACE, 0x1EEF, 0x38AD, 0x7AAD, 0xD152, 0xDA8C, 0x303A, 0x503A, 0xD152, 0x7163, 0x5384, 0x518C, 0x54B5, 
    0x895A, 0xCF83, 0x9DFF, 0xB6C5, 0xF7C5, 0xDFFF, 0x9EF7, 0x5ACE, 0xF9BD, 0x528C, 0x7BCE, 0x36A5, 0xB9B5, 0x7CCE, 0x748C, 0x9173, 
    0xDABD, 0xFAC5, 0x17AD, 0x1BCE, 0x99BD, 0x5FF7, 0xBCE6, 0x14AD, 0x54B5, 0x58D6, 0xBAE6, 0x38CE, 0x39CE, 0x97BD, 0xB4A4, 0xB8BD, 
    0x1DEF, 0xB7BD, 0x55AD, 0xB39C, 0x9AD6, 0x5DEF, 0xBBDE, 0xB7BD, 0x15AD, 0x59CE, 0xAF7B, 0xFCE6, 0x18CE, 0x59CE, 0xB7BD, 0x0C63, 
    0x128C, 0x99BD, 0x9DDE, 0xCE62, 0xF28B, 0x927B, 0x306B, 0x5584, 0x936B, 0x1153, 0x7363, 0xD052, 0xD373, 0x38AD, 0x959C, 0x128C, 
    0x2F6B, 0xEE62, 0xCE62, 0xD283, 0x2B4A, 0x8D5A, 0x17AD, 0xCE62, 0x9694, 0xCB39, 0xAB31, 0x2D3A, 0xCD29, 0x0E32, 0x2E32, 0x0E2A, 
    0xD142, 0xCD19, 0x9653, 0x3FAE, 0xFA5B, 0x173B, 0xD732, 0xD732, 0xD632, 0x9532, 0xB85B, 0xBE9D, 0xFFCE, 0xBFC6, 0x9584, 0xCA31, 
    0xEC39, 0xEC39, 0xAE52, 0xBAB5, 0xDFFF, 0x3FE7, 0xBFFF, 0x9CD6, 0x3AC6, 0x5FE7, 0x3FE7, 0x1FDF, 0x38A5, 0x926B, 0x3584, 0x3584, 
    0x7173, 0x17AD, 0xDABD, 0xD27B, 0xEF62, 0x1484, 0x3163, 0xCC39, 0xEC39, 0xF89C, 0xF483, 0xB273, 0xB27B, 0x8D52, 0xF283, 0x2B4A, 
    0x8C21, 0xAD21, 0x4B19, 0xAC21, 0x8B21, 0xCC29, 0x8C29, 0x303A, 0x5563, 0x313A, 0x2E19, 0x9342, 0xF96B, 0x396C, 0x7A74, 0xAF21, 
    0xB242, 0x0F32, 0x6D21, 0x4C19, 0x2C19, 0x2B19, 0x2B19, 0x6B21, 0x2B19, 0x4B21, 0x8B31, 0x6A29, 0x4D4A, 0xB373, 0x2D4A, 0x8A31, 
    0x4C4A, 0x0B42, 0xCE5A, 0x306B, 0x5173, 0xCF62, 0xEB41, 0x4929, 0x1063, 0x716B, 0xF05A, 0x3163, 0xAF4A, 0xED31, 0xAC29, 0x0911, 
    0xCC29, 0xB04A, 0x6F42, 0x6C21, 0x8D21, 0xEB10, 0x2C19, 0x924A, 0x8E29, 0x8E21, 0xCF31, 0xF352, 0xB14A, 0x4B19, 0x6F42, 0x978C, 
    0x558C, 0x9694, 0x199D, 0x199D, 0x377C, 0x755B, 0xF34A, 0x9242, 0x713A, 0x713A, 0xAE29, 0x7142, 0xD24A, 0x3874, 0xB242, 0x9142, 
    0x2F3A, 0xEE31, 0x5684, 0x558C, 0x558C, 0xF383, 0x3584, 0x904A, 0xEE31, 0x303A, 0x1453, 0x377C, 0x5BA5, 0x3584, 0x1384, 0xF183, 
    0x57AD, 0xDDE6, 0x5AD6, 0x7BD6, 0xFFFF, 0x7CCE, 0x38A5, 0x4E42, 0xB56B, 0x587C, 0x1353, 0x9463, 0xF99C, 0x9AB5, 0x7CD6, 0xBCDE, 
    0x328C, 0x7294, 0x3DEF, 0xBBDE, 0x7AD6, 0xDCE6, 0xBFFF, 0x77B5, 0x5294, 0x77B5, 0x57AD, 0xD9BD, 0x78AD, 0xF79C, 0xEF5A, 0xAE52, 
    0x16A5, 0xD5A4, 0xB17B, 0x57B5, 0xDDE6, 0xFFFF, 0x3DEF, 0xFBE6, 0x3CEF, 0x1BEF, 0x75B5, 0x38CE, 0x7BDE, 0x37B5, 0x78BD, 0x37B5, 
    0x5294, 0x318C, 0x4E73, 0xF4A4, 0x318C, 0xB7BD, 0x55AD, 0x97BD, 0x939C, 0xCF7B, 0xF8C5, 0xBFFF, 0xFCE6, 0xDBDE, 0x7AD6, 0xB39C, 
    0x328C, 0x328C, 0x949C, 0xD5A4, 0xEE62, 0x6D52, 0x716B, 0xCC31, 0x5363, 0x6F42, 0x4F3A, 0x0D3A, 0x4E4A, 0xF062, 0x3494, 0x0F6B, 
    0x0829, 0xCE62, 0x2B4A, 0x7173, 0xEE62, 0x917B, 0x759C, 0xB283, 0xBAC5, 0x1063, 0xEC39, 0xD052, 0x4F3A, 0xAD21, 0xEE29, 0x8D19, 
    0xEE29, 0x8D21, 0x0F32, 0xDA84, 0x9FBE, 0x5D8D, 0x754B, 0x544B, 0x176C, 0x7C95, 0x7FDF, 0xBFE7, 0xFBB5, 0xB594, 0xD17B, 0x6C4A, 
    0xCB39, 0x0C42, 0xAE52, 0x9AB5, 0xBDD6, 0xFEDE, 0xDFF7, 0xFDDE, 0x98AD, 0xD594, 0x3FE7, 0xFABD, 0x9DD6, 0x9FF7, 0xB69C, 0x58AD, 
    0x7494, 0xD9C5, 0x58B5, 0xD283, 0x506B, 0x758C, 0x768C, 0x526B, 0x105B, 0x3DC6, 0x147C, 0x926B, 0xD27B, 0x0F63, 0x2F63, 0xCD5A, 
    0xAD29, 0xCD29, 0x2A11, 0x8B21, 0x8B21, 0x8B21, 0x6C21, 0x914A, 0x966B, 0x5663, 0x1553, 0x1132, 0xD86B, 0x9A7C, 0x186C, 0x713A, 
    0x2C11, 0x2B19, 0x4C19, 0x4C19, 0x2C11, 0x0B11, 0x6C21, 0x0E32, 0x6C21, 0xED31, 0x8C29, 0x6B29, 0x0921, 0xD05A, 0xAF5A, 0x4D4A, 
    0x4929, 0x2C4A, 0x6D52, 0x8E52, 0xAE5A, 0xD37B, 0x2C4A, 0x6A29, 0xF05A, 0xF05A, 0xAF52, 0x3163, 0xF15A, 0xF152, 0x4F42, 0xAB29, 
    0x8A21, 0x6E3A, 0x6E3A, 0xED31, 0x4C19, 0x2C19, 0x8E21, 0xB24A, 0x8E21, 0x4D21, 0xEB10, 0xEE31, 0x0E32, 0x0911, 0xEC31, 0x305B, 
    0x7073, 0x8D52, 0xEB39, 0x6A21, 0x4B19, 0xAD21, 0xCE21, 0x6D19, 0x8E21, 0x0F32, 0xAE29, 0xAE29, 0xCE29, 0xD24A, 0x3032, 0xD242, 
    0x1032, 0x0F32, 0x736B, 0x0D42, 0x7273, 0xCF5A, 0x1163, 0x904A, 0xEF31, 0x1032, 0xB342, 0x797C, 0x5BA5, 0x558C, 0xB5A4, 0xF5AC, 
    0x37B5, 0xF6A4, 0x9BD6, 0x1DEF, 0x39C6, 0xF9BD, 0x948C, 0x6E42, 0x1253, 0x345B, 0x345B, 0x7242, 0xD67B, 0xFEC5, 0x7BB5, 0x979C, 
    0x1CC6, 0x1BBE, 0x7FEF, 0x3BC6, 0x5BCE, 0x37AD, 0x4F73, 0x707B, 0x0F6B, 0x17AD, 0xF7A4, 0x969C, 0x558C, 0xB37B, 0x4A29, 0x19A5, 
    0x1AC6, 0xD5A4, 0x6F73, 0x77B5, 0xFFFF, 0xDCDE, 0xFCE6, 0xFBDE, 0x7DF7, 0x17C6, 0x7DF7, 0x5EF7, 0x37B5, 0xB6A4, 0x359C, 0xD38B, 
    0xB5A4, 0x8F73, 0x6E73, 0xB39C, 0x56B5, 0x15AD, 0x7AD6, 0x97BD, 0x56B5, 0xD39C, 0x5DEF, 0xFFFF, 0x76B5, 0x7294, 0xD083, 0x5294, 
    0x97BD, 0x35AD, 0xF083, 0xBCE6, 0xB49C, 0x2B4A, 0x0C42, 0x4E42, 0x946B, 0xAD29, 0x4F3A, 0xCD31, 0x4F4A, 0x9373, 0x727B, 0x106B, 
    0x7173, 0xBBBD, 0xF383, 0x7594, 0x99BD, 0x18B5, 0x549C, 0xD7AC, 0x5DD6, 0x5273, 0xEC39, 0x4F42, 0x2F3A, 0xEF29, 0x5132, 0x5132, 
    0x3142, 0x1142, 0x2C21, 0xEE31, 0xFFCE, 0x9FDF, 0x1FCF, 0x9FDF, 0xFFE7, 0xFFF7, 0xFFF7, 0x77AD, 0x0E63, 0x8C5A, 0xEE6A, 0xEF6A, 
    0xCB39, 0xAF52, 0xEB39, 0x3063, 0x179D, 0xF69C, 0x7384, 0x5384, 0xAC52, 0x4F6B, 0xD59C, 0xAD5A, 0x0E6B, 0x917B, 0x749C, 0x3FF7, 
    0xDFFF, 0x98BD, 0xB59C, 0xFAC5, 0x1384, 0xD37B, 0x1CBE, 0x5163, 0xF05A, 0x3163, 0xAE52, 0x6D4A, 0xD273, 0x179D, 0x57A5, 0xD9B5, 
    0x2F32, 0x0E32, 0x4B19, 0xAC29, 0x8C29, 0x6C21, 0x8C29, 0xF352, 0x966B, 0xAE29, 0x355B, 0x565B, 0xB342, 0xF86B, 0x186C, 0x7974, 
    0x713A, 0x8D21, 0x0B11, 0x0B11, 0x8D21, 0xAD21, 0xAD29, 0xCD29, 0x6C21, 0xAD29, 0x4B21, 0x8C29, 0x6B29, 0xAC31, 0xF15A, 0x6E4A, 
    0x8A31, 0xF483, 0x106B, 0x4D52, 0x9273, 0x9273, 0xEB41, 0xAF5A, 0x516B, 0xD37B, 0xAF52, 0x736B, 0x6F4A, 0x726B, 0x0D3A, 0x4E42, 
    0xCB29, 0xEC29, 0xED31, 0x2E32, 0xEA10, 0x2C11, 0x0C19, 0x0C11, 0x2D19, 0x6E21, 0x0B19, 0xAD29, 0xCD29, 0x6A21, 0x4D3A, 0x105B, 
    0xCE5A, 0xAE5A, 0x8E4A, 0x2D42, 0x0D32, 0x703A, 0x9142, 0x2F32, 0x0F32, 0x0F32, 0xEF29, 0x8D21, 0x703A, 0x9142, 0x8D21, 0x4C19, 
    0x2F32, 0x1353, 0x778C, 0x8F52, 0xD8A4, 0x116B, 0x4E4A, 0x0F3A, 0x513A, 0x523A, 0x1132, 0x345B, 0xF57B, 0x7594, 0x1AD6, 0xDDEE, 
    0xBFFF, 0x99BD, 0xD9C5, 0xF5A4, 0x9073, 0xD9B5, 0x7163, 0x8E4A, 0x7042, 0x9142, 0xF031, 0xAF29, 0x8E29, 0x0C21, 0x8D39, 0xD162, 
    0xD89C, 0x5DC6, 0x1CC6, 0xB273, 0xD37B, 0xF383, 0xCB41, 0x6D52, 0xCE62, 0x5173, 0x306B, 0x7694, 0x39AD, 0xB47B, 0xB05A, 0x18A5, 
    0x7494, 0x56AD, 0x8B52, 0x56AD, 0x97B5, 0x6E6B, 0x728C, 0x5CEF, 0x9DF7, 0xB6B5, 0xB29C, 0x8F7B, 0x2F73, 0xB6A4, 0x19B5, 0x769C, 
    0xF9CD, 0xF083, 0x2D6B, 0x76B5, 0x9BDE, 0x39CE, 0x3EF7, 0x56B5, 0xD8C5, 0x318C, 0x35B5, 0x7294, 0xF4A4, 0x4E73, 0xD083, 0xB7C5, 
    0x8E7B, 0xD3A4, 0xF8C5, 0x939C, 0x77B5, 0xF283, 0xF37B, 0x8A29, 0xF15A, 0x6F42, 0xCD29, 0xED31, 0xCD31, 0x8F52, 0xF483, 0x7694, 
    0x969C, 0x7594, 0x7173, 0x348C, 0xD7A4, 0xB6A4, 0x969C, 0xD38B, 0x59B5, 0xAF5A, 0x0D42, 0x4F4A, 0xB14A, 0xD24A, 0x102A, 0xCF29, 
    0xF039, 0x1042, 0xCE31, 0x7042, 0x525B, 0x5CBE, 0x5EDF, 0xDBCE, 0x1CD7, 0x3CDF, 0x34A5, 0x2D63, 0x8F7B, 0xF5AC, 0xB9CD, 0x1CD6, 
    0x7694, 0x6E4A, 0xF47B, 0xBBB5, 0x968C, 0xAF52, 0xB273, 0x3063, 0x8D52, 0xD173, 0x37A5, 0xD17B, 0xD6A4, 0x138C, 0x1494, 0x1BD6, 
    0xB9C5, 0x98BD, 0x5BD6, 0x37AD, 0x58AD, 0x716B, 0x768C, 0x1FDF, 0x399D, 0x389D, 0x1CBE, 0xBAAD, 0x1BBE, 0xB9B5, 0xDFF7, 0xDDD6, 
    0xE910, 0xED31, 0x704A, 0xCD31, 0x6D29, 0x4D21, 0x0C19, 0xAE31, 0x7142, 0xB66B, 0xB66B, 0x787C, 0xEF29, 0xEF29, 0x5553, 0x9A7C, 
    0xD76B, 0x9142, 0x4C19, 0xEF29, 0x0F32, 0x8C21, 0xEE29, 0xAD29, 0xAD29, 0x8C21, 0x6C21, 0x6C21, 0x6C21, 0x8C29, 0xEE31, 0x4F42, 
    0x937B, 0x5273, 0x2D4A, 0x8F5A, 0xAF62, 0x5173, 0x6A31, 0xCF5A, 0xF062, 0x9273, 0x8E52, 0x2D42, 0x6E4A, 0x6E4A, 0x8F4A, 0x0D3A, 
    0xCC29, 0x0D32, 0x0E32, 0xD14A, 0x503A, 0x0B11, 0x2D19, 0x6E21, 0x6E21, 0x0C19, 0xAE29, 0x2C21, 0x2B21, 0xAC31, 0x6A29, 0x6E4A, 
    0x6F4A, 0x115B, 0x6F4A, 0x4E42, 0x4E42, 0xB04A, 0x125B, 0xEE29, 0x6D19, 0x8D19, 0x0F2A, 0xAE21, 0x3032, 0x503A, 0xD252, 0x7042, 
    0x0D32, 0x1DB6, 0x5684, 0x2E4A, 0x4F4A, 0xB05A, 0xCE39, 0xEF39, 0x724A, 0x7142, 0xCF31, 0x3363, 0x978C, 0x348C, 0x1ACE, 0x16AD, 
    0x3494, 0x5073, 0x506B, 0xB27B, 0x8D52, 0xF89C, 0xF573, 0x0E3A, 0x345B, 0x934A, 0x5242, 0x313A, 0x8E29, 0x6D29, 0x5363, 0xDCBD, 
    0xDBBD, 0x9ABD, 0x7AB5, 0x937B, 0x989C, 0x536B, 0x9052, 0x2E4A, 0x7273, 0x306B, 0x7173, 0xF7A4, 0x7594, 0x927B, 0x59B5, 0xDAC5, 
    0xDAC5, 0x3BCE, 0x16A5, 0x1AC6, 0xD8BD, 0x9294, 0x55AD, 0xBFFF, 0x9AD6, 0x18C6, 0x8E73, 0x4E6B, 0x739C, 0x8C5A, 0xD28B, 0xB183, 
    0xF08B, 0x96BD, 0xF7CD, 0xF8C5, 0x9FFF, 0x3DEF, 0xB4A4, 0x3294, 0x739C, 0x5394, 0x2E73, 0x56B5, 0x15AD, 0xB083, 0xB8C5, 0x77BD, 
    0x6F7B, 0xF5AC, 0xD9C5, 0x16AD, 0x37AD, 0xD69C, 0xFBC5, 0x1063, 0x39A5, 0x115B, 0x8F4A, 0x4D42, 0xCC31, 0xCF52, 0xCF5A, 0x9594, 
    0x58B5, 0x1BCE, 0xDBC5, 0xDBBD, 0x9ED6, 0xFCC5, 0x158C, 0xF483, 0x9BBD, 0xEC41, 0x0D42, 0xF15A, 0x4F42, 0xCD29, 0xF24A, 0x2F32, 
    0x3032, 0x7142, 0xCE29, 0xAD21, 0xCD29, 0x4E3A, 0xAE4A, 0x0B3A, 0x2B4A, 0x1184, 0xF5A4, 0xB083, 0x16AD, 0xD5A4, 0x4F6B, 0x7173, 
    0xF47B, 0x968C, 0x5684, 0xB473, 0x2F42, 0x2F42, 0xB573, 0xB05A, 0x2C42, 0x8D52, 0xAD52, 0x6C52, 0x8E5A, 0x4D52, 0xD062, 0xAF62, 
    0x0F6B, 0xEE6A, 0x917B, 0x7494, 0x18A5, 0x137C, 0xAF52, 0x3163, 0xBFCE, 0x5EC6, 0x189D, 0x926B, 0x758C, 0x58AD, 0x79B5, 0xDABD, 
    0x8B29, 0xED31, 0x0E3A, 0x6C29, 0x6D29, 0xAE31, 0x4D21, 0x4C21, 0x8D29, 0xD24A, 0x335B, 0x3774, 0xEE29, 0x6D19, 0x5132, 0xF763, 
    0x7A7C, 0x555B, 0xAE21, 0x8D21, 0x8D21, 0x4C19, 0xEE31, 0x2E3A, 0xED31, 0xAC29, 0x4B21, 0x2B19, 0x4C21, 0x8D21, 0xAD29, 0xAD29, 
    0x7373, 0x4E52, 0x2D4A, 0x2D4A, 0x3173, 0xCB41, 0x8A39, 0xCF62, 0x927B, 0x306B, 0x6E52, 0x8E52, 0x4D4A, 0x8E52, 0x726B, 0xF05A, 
    0xCC29, 0x4E32, 0x4F3A, 0xB142, 0x3032, 0x4C19, 0x6D19, 0x4D19, 0xAF29, 0x0C19, 0x4D21, 0x6C21, 0x8D31, 0xE918, 0x4A29, 0xAC31, 
    0xB052, 0xB152, 0xCD31, 0x8B31, 0xED39, 0xCC31, 0x8C29, 0x4B19, 0xEE29, 0x4C11, 0x2C11, 0x8D19, 0x703A, 0xB14A, 0x3363, 0x736B, 
    0x399D, 0x7DC6, 0x9BB5, 0xB373, 0x1684, 0xB99C, 0x378C, 0xF77B, 0x924A, 0x8D29, 0x2F3A, 0x325B, 0x3163, 0x1484, 0x7494, 0x128C, 
    0x17AD, 0xB69C, 0x9173, 0xBAB5, 0xB794, 0x3A9D, 0x2F3A, 0xB24A, 0x313A, 0xD029, 0xD031, 0x113A, 0x8E29, 0xCE31, 0x5684, 0xD794, 
    0xBABD, 0x38B5, 0x6E52, 0x5273, 0x1AAD, 0xD583, 0x8C31, 0xCD39, 0xF062, 0x558C, 0x506B, 0xD69C, 0xF6A4, 0x338C, 0xB9C5, 0x78BD, 
    0x7494, 0x9494, 0x9073, 0x338C, 0x9CD6, 0x5ACE, 0xDFFF, 0xDBDE, 0x39CE, 0xBEF7, 0x3DEF, 0xBBDE, 0xDCE6, 0x15AD, 0x98BD, 0x15AD, 
    0x55B5, 0x38D6, 0xB6BD, 0x929C, 0x76BD, 0x97BD, 0xD083, 0x6F7B, 0x949C, 0x94A4, 0x57B5, 0xD4A4, 0x15AD, 0xB4A4, 0x97BD, 0x77BD, 
    0x16B5, 0xB4A4, 0x739C, 0xB59C, 0xF7A4, 0x9594, 0xEF62, 0x9694, 0xFCBD, 0x6E4A, 0x926B, 0x4921, 0x4D42, 0x926B, 0x5484, 0xDEDE, 
    0xB9BD, 0xF6A4, 0xB27B, 0xD37B, 0x568C, 0x3263, 0x2E4A, 0x7373, 0x9794, 0xF062, 0x4E52, 0xD05A, 0xD052, 0x2E3A, 0xB14A, 0xB463, 
    0x4F3A, 0xD242, 0x703A, 0xCE29, 0xEE29, 0x0E32, 0x8F4A, 0xCC39, 0xCB39, 0x0F6B, 0xFACD, 0x138C, 0x7073, 0x538C, 0x6C4A, 0xF27B, 
    0x4C42, 0xEB39, 0x4E42, 0xAC31, 0x504A, 0x2F42, 0xD15A, 0x9373, 0x516B, 0xE618, 0x548C, 0x9494, 0xCE5A, 0xEB41, 0x8F5A, 0x5694, 
    0x3494, 0xF6AC, 0x5494, 0xF383, 0x18A5, 0x137C, 0x8E4A, 0x7684, 0x6E4A, 0x105B, 0xF05A, 0x18A5, 0x1063, 0x506B, 0x7173, 0x9594, 
    0x4A21, 0x8B29, 0x2E42, 0x8D29, 0x0B21, 0x8D29, 0x6D29, 0x6D29, 0x0B19, 0xEE31, 0x0E32, 0x535B, 0x0E32, 0x6C19, 0xAE21, 0x5553, 
    0x7A7C, 0xD763, 0x3032, 0x6D19, 0x8D21, 0x8C21, 0xEE29, 0xEE31, 0xEE31, 0xCD29, 0x6C21, 0x2B19, 0x6C21, 0xAD29, 0x8D29, 0x2B21, 
    0x6E52, 0xCB41, 0x4D52, 0x6E52, 0x927B, 0xAA41, 0xAE62, 0x927B, 0x917B, 0xAE5A, 0xAE5A, 0x506B, 0x8E52, 0x8E52, 0x726B, 0xCF52, 
    0x0D32, 0x0E32, 0xEE31, 0x703A, 0x0F32, 0x0B11, 0x0C11, 0x2C19, 0x4D19, 0xEB10, 0x2C21, 0x5042, 0x6B29, 0xCD39, 0xD473, 0x3163, 
    0xED39, 0x8B29, 0xE818, 0xC818, 0xEC39, 0x6E4A, 0x0D3A, 0xAF4A, 0xCD29, 0xAD21, 0xAD21, 0x703A, 0xB142, 0x7042, 0x904A, 0x9373, 
    0x3CC6, 0x189D, 0x9AB5, 0x358C, 0x568C, 0x979C, 0x1684, 0x1263, 0xB152, 0x2F42, 0xD673, 0x3AA5, 0x3584, 0x38A5, 0xB59C, 0x338C, 
    0xDABD, 0x79B5, 0xDFDE, 0xDBB5, 0x5163, 0xCC29, 0x0E32, 0xEE31, 0x7563, 0xB34A, 0xB34A, 0xF452, 0x7042, 0x2F3A, 0xF57B, 0xCB31, 
    0xCE5A, 0xB17B, 0x0F63, 0x358C, 0x7AB5, 0x6F52, 0xCC39, 0x0D42, 0x6931, 0xB69C, 0xD59C, 0xD9BD, 0x77B5, 0xB5A4, 0x5394, 0xF28B, 
    0x959C, 0xF6A4, 0x917B, 0xF6A4, 0xD8BD, 0x19C6, 0x7EF7, 0xFCE6, 0x76B5, 0xBBDE, 0x56B5, 0xBBDE, 0xD8C5, 0x9BDE, 0xB8C5, 0x7BDE, 
    0xD7C5, 0xB2A4, 0xEF8B, 0x729C, 0xD8C5, 0x97BD, 0xF18B, 0xB083, 0x3294, 0x539C, 0x16B5, 0x949C, 0xB8C5, 0x7BDE, 0x97BD, 0xD4A4, 
    0xF6AC, 0x3294, 0x17B5, 0xDAC5, 0x58B5, 0x9694, 0x8A31, 0x2D42, 0x3163, 0x0D3A, 0x3584, 0x3163, 0x6E4A, 0x5163, 0x5DC6, 0x758C, 
    0xD27B, 0x138C, 0xEF5A, 0xCB39, 0x6E52, 0x8F52, 0x4E4A, 0xD05A, 0xB79C, 0x937B, 0x6E52, 0x4D4A, 0x6E4A, 0xB052, 0x8F42, 0x2E32, 
    0x0E32, 0x703A, 0x703A, 0x6C19, 0xAE29, 0xAD29, 0xB14A, 0x2E42, 0x8B31, 0x1484, 0xBEDE, 0x3BCE, 0x7073, 0x4F6B, 0xCE5A, 0xF27B, 
    0x0E5B, 0xEE5A, 0x6D4A, 0x2C42, 0x926B, 0xEC39, 0xCF5A, 0xD694, 0xD9BD, 0xF49C, 0xD8BD, 0x19C6, 0xF8BD, 0xFDE6, 0x1BC6, 0x959C, 
    0xD283, 0x37B5, 0x17AD, 0x9594, 0xF7A4, 0x1484, 0x716B, 0xFBB5, 0xCF52, 0x6D42, 0xEB39, 0xD27B, 0xEA39, 0x58AD, 0xDDDE, 0x9FFF, 
    0xAB29, 0x8A29, 0x4E42, 0x0E3A, 0x4C21, 0x4C21, 0x4C21, 0x4C21, 0x8D29, 0xCD31, 0x6B21, 0x2E3A, 0xEE29, 0xAD21, 0x8D19, 0x9242, 
    0x597C, 0x5974, 0x144B, 0xEF29, 0xAE21, 0x8D21, 0x8D21, 0x8C21, 0xAD21, 0xAD29, 0x6C21, 0x2B19, 0x6C21, 0xCE29, 0xAD29, 0x2B19, 
    0x6A29, 0xAE5A, 0xCF5A, 0x7173, 0x306B, 0x0F6B, 0xD283, 0xF283, 0x9594, 0xD27B, 0xB27B, 0x1384, 0x516B, 0x0F5B, 0xCF52, 0xEC39, 
    0x8B21, 0x6B21, 0x0E32, 0x535B, 0x745B, 0x0F32, 0x0B11, 0xEB10, 0x4C19, 0x2C19, 0x4C21, 0x704A, 0xC810, 0xF05A, 0x9694, 0xAF52, 
    0x6E4A, 0xEC39, 0x4D42, 0x4D4A, 0xCF5A, 0xB273, 0x105B, 0xCF52, 0x315B, 0x525B, 0x114B, 0x9463, 0x1153, 0x8F4A, 0x0D42, 0x1063, 
    0x4C42, 0x6D4A, 0xF383, 0x5173, 0x2C4A, 0x0C42, 0xAF5A, 0xF15A, 0x704A, 0x704A, 0x2E3A, 0xB052, 0x0D3A, 0x8F52, 0x927B, 0x8D5A, 
    0x2C42, 0xF37B, 0x716B, 0xEB39, 0x6A21, 0x2D3A, 0xCD29, 0x2F32, 0x3032, 0xF031, 0x9242, 0x303A, 0xAD29, 0xED31, 0x157C, 0x716B, 
    0x7073, 0x907B, 0x7494, 0xF7A4, 0x969C, 0x6E52, 0xCF5A, 0x4929, 0x548C, 0xFAC5, 0xBCDE, 0x3ACE, 0x15AD, 0x3ACE, 0x94A4, 0x17AD, 
    0x5CD6, 0x79B5, 0x7073, 0xD69C, 0x1AC6, 0x1EE7, 0xDCDE, 0xDBDE, 0xB7BD, 0x318C, 0x6E73, 0x318C, 0x77BD, 0x56B5, 0x77BD, 0x9BDE, 
    0xFCE6, 0xB6C5, 0x96BD, 0xF8C5, 0x19CE, 0x97BD, 0x77BD, 0xBCE6, 0xD9CD, 0xBCE6, 0x98BD, 0xD9C5, 0xD5A4, 0x36B5, 0xB4A4, 0x57B5, 
    0x57B5, 0x78BD, 0x5CDE, 0x99BD, 0xFBC5, 0x9694, 0xF062, 0x2921, 0xEC39, 0x8F52, 0xF15A, 0xCC39, 0x6E4A, 0x189D, 0x147C, 0xB273, 
    0x506B, 0x79B5, 0xB69C, 0x4D4A, 0x8F52, 0x115B, 0xAF52, 0x8B31, 0x927B, 0x6E52, 0x6D52, 0xCF5A, 0x516B, 0xF05A, 0xF052, 0xD04A, 
    0xCD29, 0xEE29, 0x703A, 0xEE29, 0x9142, 0xCE29, 0xB14A, 0x4F42, 0x2E42, 0x9373, 0xD79C, 0x79B5, 0x548C, 0x9173, 0x0F63, 0x2F6B, 
    0x8B4A, 0x2D5B, 0x4721, 0x906B, 0x1BBE, 0x5484, 0x169D, 0xB494, 0xD7B5, 0xFBDE, 0x58C6, 0xF39C, 0x2D63, 0x5ACE, 0xBCDE, 0xB9BD, 
    0x16AD, 0xB5A4, 0x7494, 0x138C, 0x0F63, 0x1063, 0xB273, 0xDBB5, 0x137C, 0xAA31, 0xEF5A, 0xF69C, 0x538C, 0x77B5, 0xB8BD, 0xDDE6, 
    0xF052, 0xCB29, 0xED31, 0x2E3A, 0xAD31, 0x6C29, 0x0B21, 0x0A19, 0x8C29, 0xED31, 0xAC29, 0xCD29, 0xCD29, 0xCD29, 0x2C11, 0xAE21, 
    0xF86B, 0x5A7C, 0x3974, 0xF34A, 0xCF29, 0x4C11, 0x2C11, 0x6C19, 0x2B11, 0x6C19, 0x6C19, 0x4B19, 0x4B19, 0x8D21, 0x8C21, 0x2A19, 
    0x6929, 0x7173, 0x7173, 0xF383, 0xEE62, 0x9173, 0xB17B, 0x4F6B, 0x506B, 0x2F6B, 0xAD5A, 0x6C4A, 0xCE52, 0xAE52, 0xEB39, 0x6921, 
    0xEC31, 0x4A19, 0x0A19, 0x8C21, 0x0F32, 0x2F3A, 0xEF31, 0xEF31, 0x4C21, 0x6C21, 0x2B21, 0x4B21, 0xCC31, 0x5163, 0x516B, 0x0C42, 
    0x2D42, 0x8A29, 0xEF5A, 0x716B, 0x0F63, 0x506B, 0xAD52, 0xEB31, 0x315B, 0xEF4A, 0x0D32, 0x4E3A, 0x2D3A, 0x8E4A, 0xEC41, 0x0C4A, 
    0x6D52, 0x0F63, 0xCE62, 0x2F6B, 0x6C52, 0x8D5A, 0x306B, 0x316B, 0xEC39, 0xD052, 0x6F42, 0x4E42, 0x6F4A, 0x8E52, 0x927B, 0x6E52, 
    0x4D4A, 0x5163, 0x4D42, 0xEB31, 0xAF4A, 0xF14A, 0x0E2A, 0xCE29, 0x9242, 0x3132, 0x9242, 0xCF29, 0xEE31, 0xED31, 0x2D3A, 0x5063, 
    0x56AD, 0x728C, 0x8F73, 0xB17B, 0x2C4A, 0x506B, 0x506B, 0x2F6B, 0x1EE7, 0x3AC6, 0xD8BD, 0x15A5, 0x118C, 0x19CE, 0xF5AC, 0xD6A4, 
    0xB27B, 0x4D52, 0x4D52, 0x2C4A, 0x5BD6, 0xDFFF, 0xFDE6, 0xDCE6, 0xDCE6, 0x15AD, 0xF08B, 0x19CE, 0xF9CD, 0xD8C5, 0xD183, 0xB39C, 
    0x18CE, 0x79DE, 0x5DF7, 0x1DEF, 0x9BDE, 0x5AD6, 0xD8C5, 0xD8C5, 0x3AD6, 0xD9CD, 0x739C, 0x57BD, 0x77BD, 0xF9CD, 0x939C, 0xB4A4, 
    0x78BD, 0xDAC5, 0x99C5, 0xF38B, 0x1CCE, 0x9694, 0xAF5A, 0xAC39, 0x6F4A, 0xB052, 0x0D42, 0x8F4A, 0x4A29, 0x1163, 0x2D42, 0xEF5A, 
    0x4C4A, 0xB69C, 0xD79C, 0xF05A, 0xF05A, 0x4E4A, 0x3163, 0x9273, 0xD7A4, 0xF383, 0x348C, 0x58B5, 0x1FE7, 0x768C, 0x5163, 0x567C, 
    0x0E3A, 0xEE31, 0xB14A, 0x1353, 0xD76B, 0x3032, 0x713A, 0x0F32, 0xF252, 0x2F3A, 0x736B, 0x8E52, 0x1063, 0x9173, 0x4F6B, 0xB8BD, 
    0x3AC6, 0x5DE7, 0x36A5, 0xDDD6, 0x1EDF, 0xFABD, 0xBDD6, 0xD8B5, 0x39C6, 0xAE73, 0x95AD, 0x3084, 0x8631, 0xAF73, 0xB494, 0x57AD, 
    0xB59C, 0xD283, 0xB17B, 0xB59C, 0x548C, 0xB694, 0x189D, 0xFFDE, 0xDFF7, 0xBDD6, 0xDDD6, 0x5FEF, 0xB8B5, 0xD07B, 0x328C, 0x35AD, 
    0xAE4A, 0x8A29, 0xAB29, 0xCC31, 0x8C29, 0x2B21, 0x2A21, 0xCC31, 0xE918, 0x8B29, 0x0D3A, 0x0D32, 0xCC29, 0xAD21, 0x2B11, 0x6D19, 
    0x513A, 0x1453, 0x9A7C, 0x597C, 0xD342, 0xCE21, 0x4C11, 0x4C11, 0x2B11, 0x6C19, 0x8D21, 0x6C19, 0x4B19, 0x6C19, 0x6C19, 0x4A19, 
    0xCB31, 0x3063, 0x9173, 0x7173, 0x506B, 0x0F63, 0xEE62, 0xCE5A, 0x8D52, 0xAD5A, 0x8D52, 0x6C4A, 0x2F63, 0x5063, 0x2B3A, 0xCA31, 
    0x2919, 0x6A21, 0x8C29, 0x4B21, 0xED31, 0x9042, 0x8D29, 0x8908, 0xEA10, 0x8C29, 0x6B29, 0x6708, 0x105B, 0x2C42, 0x4C4A, 0x716B, 
    0x6929, 0x0819, 0x8D4A, 0x2F63, 0x4C4A, 0x6C52, 0xAD5A, 0x8D52, 0x0B3A, 0xEC31, 0x0C3A, 0x6E42, 0x6E4A, 0x726B, 0xF383, 0xD27B, 
    0xD69C, 0xB59C, 0x0F6B, 0xF28B, 0xF28B, 0xF283, 0x5073, 0x4C4A, 0x6E4A, 0x115B, 0xB46B, 0x2E3A, 0x8B29, 0xCC39, 0xD483, 0x9794, 
    0xCC31, 0x0D3A, 0x115B, 0xAF42, 0xD04A, 0x0D2A, 0x134B, 0x3032, 0x723A, 0x3132, 0x523A, 0xEF31, 0x7042, 0x4F42, 0xAB29, 0x5484, 
    0xF8BD, 0x75AD, 0xF083, 0x0E63, 0xCD5A, 0xB17B, 0x548C, 0xDEDE, 0x9CD6, 0xF9C5, 0x9394, 0xD39C, 0x8F7B, 0x328C, 0x3294, 0xEE6A, 
    0x306B, 0x0C4A, 0x316B, 0xAE5A, 0x7494, 0x57B5, 0x2E6B, 0xB49C, 0x528C, 0x939C, 0xDCE6, 0xDCE6, 0x3EEF, 0x97BD, 0x7BDE, 0x7EF7, 
    0xDCE6, 0x18CE, 0xD8C5, 0x76BD, 0x56B5, 0x36B5, 0xD4A4, 0xF5AC, 0x77BD, 0x16AD, 0x3AD6, 0xF5AC, 0x16AD, 0x36B5, 0xF18B, 0x3394, 
    0xFACD, 0x98BD, 0x99BD, 0x148C, 0xD7A4, 0x7AB5, 0xD05A, 0x0D42, 0x0D42, 0x2E42, 0x5263, 0xFCBD, 0xCF52, 0xB373, 0x1CBE, 0x1484, 
    0x548C, 0x548C, 0xAE52, 0xCB31, 0x926B, 0x1163, 0x726B, 0xEF62, 0xF383, 0xCE62, 0x99BD, 0x9FFF, 0xBDDE, 0xBAB5, 0x1CBE, 0xD78C, 
    0xB04A, 0xEE31, 0x2F3A, 0xB24A, 0x755B, 0x1032, 0x513A, 0x5032, 0x2C11, 0xAD21, 0x325B, 0x125B, 0x1584, 0x7173, 0x717B, 0x37AD, 
    0x1284, 0x57AD, 0x77AD, 0x78AD, 0x0E5B, 0x0F63, 0xB173, 0xB594, 0x56A5, 0x4E63, 0xF49C, 0x6F6B, 0x9073, 0x0E63, 0x538C, 0x0F63, 
    0x6D52, 0x7173, 0xB27B, 0xB69C, 0x7594, 0xB273, 0x6D4A, 0xB694, 0x748C, 0xFABD, 0x3384, 0x5BCE, 0x97B5, 0x7294, 0x56B5, 0xB39C, 
    0x8921, 0x6921, 0xAB29, 0x8B29, 0x4B21, 0x4B21, 0x4A21, 0x2E42, 0x0D3A, 0xAB29, 0x2D3A, 0xEC31, 0x8B21, 0xAC29, 0x6C21, 0xAE29, 
    0xEF29, 0x8E21, 0x9663, 0xBB84, 0x186C, 0x3453, 0x0F2A, 0x0B09, 0x4C11, 0x6C19, 0x8D19, 0x8D21, 0x8C19, 0x6C19, 0x6C19, 0x6B21, 
    0x0D3A, 0xAE52, 0x1063, 0x6D4A, 0x506B, 0xCE5A, 0x6D52, 0xCE5A, 0x8D52, 0x0B42, 0x6C4A, 0x8D4A, 0x8D4A, 0x8D4A, 0xAA31, 0x6921, 
    0xF05A, 0x6F4A, 0x2E42, 0x4B21, 0x6C21, 0x2F3A, 0xAD29, 0x4B21, 0x0A19, 0xCD31, 0x2D42, 0xAF52, 0x926B, 0xEB39, 0x6C4A, 0xAD52, 
    0x8A29, 0x716B, 0xF37B, 0x506B, 0x6C52, 0x8C52, 0x0E63, 0xCE5A, 0x4821, 0x4821, 0x6D42, 0x6E4A, 0xEC39, 0xAE5A, 0x148C, 0x138C, 
    0x5073, 0x0F6B, 0x707B, 0x128C, 0x4E73, 0xCD62, 0x0E6B, 0x0F63, 0xCE52, 0xEF52, 0xD473, 0x5684, 0x2E42, 0x8B31, 0x7373, 0xD062, 
    0x6F4A, 0x367C, 0x6F3A, 0xD04A, 0xF14A, 0x5353, 0x3032, 0x923A, 0x5232, 0xF44A, 0x9342, 0x303A, 0x4C21, 0x6B21, 0x2D3A, 0x9DCE, 
    0x3DE7, 0xDBDE, 0xB7BD, 0x36AD, 0xFAC5, 0xF6A4, 0x58AD, 0xBDDE, 0x3ACE, 0x3ACE, 0xD4A4, 0x939C, 0xF183, 0xF183, 0x949C, 0x138C, 
    0xF483, 0x0D4A, 0x106B, 0xD383, 0x917B, 0x17AD, 0x6F73, 0x36B5, 0xF9CD, 0x97BD, 0x56B5, 0x39D6, 0xDCE6, 0x3EF7, 0xDDE6, 0x39CE, 
    0xD8C5, 0x96BD, 0x18CE, 0x39CE, 0x56B5, 0xF18B, 0xB083, 0x57B5, 0x3AD6, 0x16AD, 0xF9CD, 0xD5A4, 0xD9C5, 0x7BDE, 0x1ACE, 0x98BD, 
    0x57BD, 0x16AD, 0x959C, 0x917B, 0xAA39, 0x348C, 0xB37B, 0x316B, 0x3163, 0xD05A, 0x1163, 0x3163, 0x6A29, 0x1063, 0x3063, 0xCF5A, 
    0xEB41, 0x7173, 0x1063, 0x0C3A, 0x3163, 0x2D42, 0x716B, 0x927B, 0x917B, 0xFEEE, 0xFEEE, 0xBDDE, 0xBDDE, 0x58AD, 0xB273, 0x7AAD, 
    0x325B, 0x7042, 0xCE29, 0xEE31, 0x3032, 0xCF21, 0x5132, 0x723A, 0x3132, 0x102A, 0x0B11, 0x8C29, 0xB052, 0x516B, 0xB6A4, 0x759C, 
    0x8D52, 0x1063, 0xB27B, 0x3584, 0xF05A, 0x4E4A, 0x4929, 0xAA31, 0x306B, 0xF7A4, 0x9694, 0xEB41, 0x8E52, 0xAB39, 0x7694, 0x8E52, 
    0xEC41, 0x7273, 0xF383, 0x9694, 0xF37B, 0x9273, 0x6D4A, 0x558C, 0xD27B, 0xB173, 0xC939, 0x36A5, 0x9394, 0x6F73, 0x6E73, 0x2D73, 
    0x6921, 0xCB29, 0xCB31, 0x6B21, 0xCD31, 0x0D3A, 0x4A29, 0x8B29, 0x968C, 0x8E4A, 0x2C3A, 0xAB29, 0x6A21, 0x8B21, 0x8C21, 0xCE29, 
    0x9663, 0x4D19, 0x713A, 0x1874, 0x797C, 0x797C, 0xF34A, 0x2C11, 0x2C11, 0x2B11, 0x4C11, 0x6C19, 0x8C19, 0x6C19, 0x4B19, 0x6B21, 
    0x2D3A, 0xAF52, 0x8E4A, 0xAA31, 0x6D4A, 0xCF5A, 0xCA39, 0x6D52, 0x2C4A, 0xC618, 0xCA39, 0x4C4A, 0x2C42, 0xCE52, 0x3063, 0x5163, 
    0x936B, 0x2E42, 0xCC31, 0x6B21, 0x2A21, 0x4B21, 0x2A19, 0xEE31, 0x4B21, 0x8B29, 0xAF4A, 0xBFD6, 0xD794, 0x958C, 0x9594, 0x0719, 
    0x6508, 0x179D, 0x99B5, 0x9073, 0xEE62, 0xED62, 0xAD5A, 0x8931, 0x506B, 0x2C42, 0xAE52, 0x0C3A, 0x2929, 0x8A31, 0x3173, 0xEF6A, 
    0xB17B, 0xA941, 0x0E6B, 0x6F7B, 0x2E73, 0x2E73, 0xF183, 0x3284, 0x3384, 0xEF52, 0xEC31, 0xBCAD, 0x5684, 0x9373, 0xDCC5, 0xB05A, 
    0x5363, 0xD14A, 0x2F3A, 0xD14A, 0xB142, 0x2F32, 0x713A, 0xCF21, 0x3132, 0x9442, 0xF031, 0x7663, 0x5463, 0x946B, 0xD473, 0x7DCE, 
    0x97B5, 0xBAD6, 0x39CE, 0xDFFF, 0x3BCE, 0x78B5, 0x78B5, 0x78B5, 0x949C, 0xB49C, 0x328C, 0x6F73, 0x5394, 0xD5A4, 0x5494, 0x759C, 
    0xF483, 0x0D4A, 0xF483, 0xEF62, 0x8E5A, 0x749C, 0x98BD, 0xF9CD, 0xF5AC, 0x15AD, 0x36B5, 0xB7C5, 0xB8C5, 0x76B5, 0xD8C5, 0x36AD, 
    0x3294, 0x729C, 0xF4AC, 0xF5AC, 0x15AD, 0xF5AC, 0x36B5, 0xDCE6, 0xF9CD, 0x5BD6, 0x7CDE, 0x9FFF, 0x1EEF, 0x1ACE, 0xFACD, 0x949C, 
    0x94A4, 0x5BD6, 0xD5A4, 0xB59C, 0x0F6B, 0xB27B, 0x79B5, 0xBEDE, 0x59AD, 0xFBBD, 0xD79C, 0xDBBD, 0x0B42, 0x8D52, 0x79AD, 0x1FE7, 
    0x38AD, 0x3CCE, 0xFBBD, 0xFBBD, 0x7FEF, 0x38A5, 0xF79C, 0x548C, 0xFAC5, 0x98BD, 0x907B, 0x36B5, 0x16A5, 0xB59C, 0x0B42, 0xEF5A, 
    0x946B, 0x5463, 0x7042, 0x503A, 0x0F32, 0xEF29, 0x1032, 0xF021, 0x8F19, 0x8E19, 0x923A, 0x2F32, 0x4A21, 0xB373, 0x969C, 0x18AD, 
    0x7273, 0x9373, 0xD062, 0xD47B, 0xD47B, 0x2E4A, 0x0E42, 0x6F52, 0x1ECE, 0x568C, 0x526B, 0xB05A, 0xB47B, 0xF9A4, 0xF9A4, 0xED41, 
    0x5273, 0xF483, 0xB79C, 0x9BB5, 0x558C, 0x768C, 0xCF5A, 0x2C4A, 0x7594, 0xD69C, 0x1BC6, 0xDDDE, 0xB49C, 0x328C, 0xAB62, 0x6A52, 
    0x2819, 0xCB29, 0x4921, 0xCC31, 0x5263, 0x8B29, 0x4A21, 0xEC39, 0x2821, 0xF79C, 0x4C42, 0xC610, 0x8A29, 0xAC29, 0xCD31, 0xEE31, 
    0x0F32, 0x9142, 0x4C19, 0x9242, 0x587C, 0x3874, 0x186C, 0xB242, 0xCA00, 0x4C11, 0x0B09, 0x0B11, 0x8C19, 0x2B11, 0x2B19, 0x8C21, 
    0x6B21, 0xD052, 0x2D42, 0x2D42, 0x8E52, 0x0C42, 0xE720, 0x2C4A, 0x8A31, 0xCB39, 0xCB39, 0xCF5A, 0xF05A, 0x6D4A, 0xF05A, 0xF05A, 
    0x2D42, 0xCC31, 0x8B29, 0xAC29, 0xAC29, 0x6B29, 0x2A19, 0x0A19, 0x8B29, 0xC810, 0x936B, 0x968C, 0xAA31, 0x105B, 0xB694, 0xD27B, 
    0xD694, 0xB27B, 0x506B, 0xCE62, 0xC941, 0xAC5A, 0x8C5A, 0x4C52, 0x6D52, 0x8E52, 0x4D42, 0xCC39, 0x6A29, 0x6A31, 0x6E5A, 0x148C, 
    0x6D5A, 0x2A4A, 0x907B, 0x6F7B, 0x4E73, 0xED6A, 0x4E6B, 0x1284, 0x506B, 0xEF5A, 0x8B29, 0x5163, 0x0D42, 0xFDBD, 0x158C, 0x326B, 
    0xCD31, 0x2F3A, 0xCD29, 0x0E32, 0x9142, 0x3032, 0x5132, 0xD029, 0xB442, 0x3232, 0xB86B, 0x976B, 0x3884, 0x7463, 0xF57B, 0x38A5, 
    0x6F6B, 0x76B5, 0x7FF7, 0xF9C5, 0x2F6B, 0x17AD, 0xFBC5, 0x138C, 0xF283, 0xB17B, 0x3394, 0x128C, 0x5494, 0x959C, 0x559C, 0x9ABD, 
    0x7694, 0xD05A, 0xB37B, 0xF06A, 0x3494, 0xB9C5, 0x37B5, 0x56B5, 0x36B5, 0x97BD, 0xF4AC, 0x5294, 0x7294, 0x939C, 0xB49C, 0x97BD, 
    0xF18B, 0xB4A4, 0xF8CD, 0x5AD6, 0xFDEE, 0x19CE, 0x19CE, 0x5AD6, 0xD9C5, 0x9CE6, 0x9FFF, 0xBDE6, 0x7CDE, 0x1BD6, 0xD6A4, 0xB9C5, 
    0xF9CD, 0x3AD6, 0x16AD, 0x16AD, 0x2B4A, 0x99B5, 0x17A5, 0x7DCE, 0x38A5, 0x3484, 0xB694, 0x9DD6, 0x8C52, 0xB9B5, 0x3FE7, 0x58AD, 
    0x78B5, 0xDABD, 0x58AD, 0x79AD, 0x1063, 0xF37B, 0x7594, 0x1284, 0x128C, 0x907B, 0xF18B, 0x77BD, 0xF283, 0x9494, 0x0B42, 0xCB31, 
    0xD152, 0x5363, 0xF67B, 0x0F3A, 0x0F3A, 0x6D21, 0xD029, 0xD021, 0x8F19, 0x7332, 0xAF19, 0x2C11, 0x4B21, 0xD89C, 0xF8AC, 0x3594, 
    0x8F5A, 0x326B, 0xD162, 0x8F52, 0x6F52, 0x8C39, 0x6B31, 0xD162, 0x168C, 0xF683, 0xF262, 0x5052, 0x7894, 0x7473, 0x336B, 0x4F52, 
    0x7373, 0xD05A, 0xCD39, 0x9373, 0x3263, 0xD05A, 0x526B, 0xAF5A, 0x7173, 0xBEDE, 0x7FF7, 0xD9C5, 0x36AD, 0xF9CD, 0x97BD, 0x2E73, 
    0xCB29, 0x8A21, 0x4A21, 0xEC31, 0x736B, 0x115B, 0x0D3A, 0x6D4A, 0xEB39, 0xD273, 0x3384, 0x716B, 0xAE52, 0x6A29, 0x2A21, 0x4B21, 
    0xEE31, 0x4F3A, 0xCE31, 0x503A, 0xB663, 0x9A84, 0x9A7C, 0x9663, 0xB65B, 0x8E19, 0x0B11, 0xCE29, 0x4C19, 0xEA10, 0x6C19, 0x0A19, 
    0xE910, 0x4E42, 0x4E42, 0x8F4A, 0x6E52, 0x4D4A, 0x8B31, 0x6E52, 0x6E52, 0xAE5A, 0x2C4A, 0xCF5A, 0x2D4A, 0xCB39, 0xEC39, 0x2D42, 
    0xEC39, 0x8B31, 0x8B29, 0xAC31, 0xCC31, 0x8C29, 0x4A21, 0x0A19, 0x2A19, 0x8B21, 0x2919, 0xE818, 0x0819, 0x2C42, 0x8929, 0xD37B, 
    0x5CCE, 0xDFFF, 0xEF62, 0x4731, 0x8C62, 0x0E6B, 0xAD62, 0xEA41, 0x8D5A, 0xEB39, 0x6A29, 0xAC39, 0xCC39, 0x4A29, 0x8B39, 0xAF62, 
    0xCE62, 0xEE62, 0xD183, 0x128C, 0x57B5, 0x36B5, 0x128C, 0xAD52, 0xCE52, 0xAA29, 0x6A21, 0xEC31, 0x2D42, 0x726B, 0x116B, 0x1163, 
    0xEE39, 0xF25A, 0x8D29, 0x904A, 0x8D29, 0xCE29, 0x303A, 0xF029, 0x6F21, 0x523A, 0x5763, 0x966B, 0x966B, 0xCD31, 0x6F4A, 0xFBBD, 
    0xF59C, 0xF07B, 0xF183, 0x338C, 0xAD5A, 0x138C, 0x106B, 0xB283, 0x3394, 0x3394, 0x3394, 0x917B, 0xF38B, 0x96A4, 0xF48B, 0xB383, 
    0x368C, 0xF062, 0x158C, 0xF7A4, 0xFAC5, 0x1BCE, 0x36B5, 0x77BD, 0xD4AC, 0x19D6, 0x15B5, 0xED6A, 0x739C, 0xED6A, 0xF9C5, 0xD8C5, 
    0xF9CD, 0x7FFF, 0xDCE6, 0x77BD, 0x7BDE, 0x9BDE, 0x3AD6, 0x9BDE, 0x3AD6, 0xF9CD, 0x7CDE, 0x98BD, 0x17B5, 0x99C5, 0xF6AC, 0x16AD, 
    0xF9CD, 0xB7BD, 0x15AD, 0x7394, 0x4B52, 0x98B5, 0x548C, 0x1BC6, 0xF37B, 0x0B42, 0xB173, 0x5CCE, 0x8C52, 0x1284, 0x16A5, 0x2B4A, 
    0x2F6B, 0x58B5, 0x9173, 0x6929, 0xCA39, 0x6C4A, 0x7073, 0x98B5, 0x98BD, 0x16AD, 0x3AD6, 0x1ACE, 0x128C, 0xF6A4, 0x6D4A, 0x2D42, 
    0x6F42, 0xF252, 0x4F42, 0x7042, 0x5042, 0xB14A, 0x3032, 0x3132, 0x312A, 0xB019, 0x7232, 0x144B, 0xCE29, 0x536B, 0xDBC5, 0xB69C, 
    0x6E52, 0x7373, 0x316B, 0x0D4A, 0xD062, 0x116B, 0x937B, 0x368C, 0x1AAD, 0xB15A, 0xCE41, 0x7052, 0x7473, 0x2F4A, 0xB15A, 0xED41, 
    0xCD39, 0xD15A, 0xEE41, 0x4F4A, 0x1584, 0xF15A, 0xD05A, 0x316B, 0x2D4A, 0xF383, 0xD6A4, 0x99BD, 0x57B5, 0xF5AC, 0x907B, 0x6F7B, 
    0xAB21, 0x0911, 0x2A19, 0x4A21, 0xED39, 0xB052, 0xEC39, 0xAE52, 0x3484, 0xFFFF, 0x5FE7, 0x37A5, 0xE718, 0x8A29, 0x2D42, 0x6B29, 
    0xAC31, 0xAC29, 0xCD31, 0x6C21, 0x2F32, 0x3874, 0x9A84, 0x5874, 0x5974, 0x965B, 0x3032, 0x0B11, 0x2B11, 0x8C21, 0x6C21, 0x2A19, 
    0x6B29, 0xED39, 0xED39, 0x2D42, 0x8B31, 0x0D42, 0x4D4A, 0x6E52, 0x4D4A, 0x8E5A, 0xEF62, 0x7173, 0x316B, 0x6E4A, 0x8E52, 0xAF52, 
    0x0D3A, 0xAC31, 0x8B29, 0xAC31, 0xCC31, 0xAC29, 0x6B21, 0x4A19, 0xAC29, 0xAC29, 0x0919, 0x6A21, 0xE818, 0xCB31, 0xCF52, 0x6D4A, 
    0x6D4A, 0xF383, 0x959C, 0x949C, 0xB183, 0x0E73, 0xE949, 0xEA49, 0x0F63, 0xAF5A, 0xCC39, 0x4A29, 0xED39, 0x4F4A, 0xCD41, 0x4A31, 
    0xF383, 0x338C, 0xD183, 0x0E6B, 0x0E6B, 0x2B4A, 0xCD5A, 0x506B, 0xAA31, 0x2919, 0x0D3A, 0x2D3A, 0xF05A, 0x6E4A, 0xAF5A, 0x316B, 
    0xED41, 0x4F4A, 0x0E3A, 0x125B, 0x0E3A, 0xB14A, 0x924A, 0x5142, 0x355B, 0x9342, 0x313A, 0xF45A, 0x5463, 0x0E42, 0x6A29, 0xD37B, 
    0x738C, 0x738C, 0x9494, 0xD27B, 0xAE5A, 0x3494, 0xCF62, 0x3494, 0x3494, 0x17B5, 0x1BCE, 0xB9C5, 0x79BD, 0x9AC5, 0xF8AC, 0x979C, 
    0xD37B, 0x516B, 0x39AD, 0x5494, 0x717B, 0xD5A4, 0x3394, 0xF9D5, 0xD8CD, 0xD8CD, 0x56BD, 0xF18B, 0xD8C5, 0x36B5, 0xF5A4, 0x328C, 
    0x9CDE, 0x5EF7, 0xBCE6, 0x7BDE, 0xBCE6, 0x9CDE, 0x77BD, 0x56B5, 0xD9C5, 0x98BD, 0xB9C5, 0x1394, 0x717B, 0xF7AC, 0xF6AC, 0x3394, 
    0x77B5, 0xF4A4, 0x77B5, 0x949C, 0x9073, 0xFAC5, 0xB17B, 0x58AD, 0x2F6B, 0x4C4A, 0xCD5A, 0x338C, 0x8C52, 0x2A4A, 0x1284, 0xD49C, 
    0x7494, 0x5494, 0x0F63, 0x0B42, 0xB59C, 0xDABD, 0x7FEF, 0xBFFF, 0xDFFF, 0xBCE6, 0x7FFF, 0x9CDE, 0x17AD, 0xDABD, 0xCF5A, 0xAB31, 
    0x0E32, 0x9042, 0x7042, 0x904A, 0x736B, 0x0F42, 0x5042, 0x1032, 0x5132, 0xD019, 0x933A, 0xD342, 0x2F3A, 0xB052, 0xFCC5, 0xF383, 
    0x969C, 0x969C, 0xAE5A, 0x0B4A, 0xF6A4, 0x17A5, 0xB69C, 0x1CC6, 0x7AB5, 0x39AD, 0x937B, 0xB05A, 0x1584, 0x0D42, 0xCB39, 0xD05A, 
    0x167C, 0xD15A, 0xB152, 0x3263, 0x3684, 0xD05A, 0x526B, 0xEC41, 0xCB41, 0x148C, 0x5073, 0xB183, 0x749C, 0x9083, 0x57BD, 0xF9CD, 
    0xAC29, 0x8B21, 0x6C21, 0x8C29, 0x2A19, 0x0E42, 0xCC39, 0x4D4A, 0xCA39, 0xFABD, 0xBFF7, 0x37A5, 0x17A5, 0x8929, 0x0821, 0x0C3A, 
    0xAB31, 0x8B29, 0xAC31, 0x2B19, 0x4C19, 0x1353, 0x5874, 0x9A7C, 0xB663, 0xBA84, 0xB663, 0x6D19, 0x0B11, 0x8C21, 0x4B19, 0x4B21, 
    0x4A21, 0x0921, 0x4A29, 0x8B31, 0xE818, 0x2D4A, 0xF062, 0x8E5A, 0x4D4A, 0x6D52, 0x7173, 0x306B, 0x7173, 0x0C42, 0x4D4A, 0x2D4A, 
    0xAF52, 0x2D42, 0xAC31, 0x8B29, 0xAC29, 0xAC29, 0x8C29, 0xAC21, 0x2A19, 0xE910, 0x0D32, 0x4A21, 0x4A21, 0x6A29, 0x8B29, 0x6A29, 
    0x4C4A, 0x9173, 0x0629, 0xB183, 0x5ADE, 0x73A4, 0x6F7B, 0xD18B, 0x5073, 0xCB39, 0xA718, 0x4A29, 0x0D3A, 0x8C31, 0x2A29, 0xAB39, 
    0x4D4A, 0x8D52, 0xCA41, 0x6C52, 0x5394, 0xB17B, 0x306B, 0x4D4A, 0xCB31, 0xEC31, 0xCC31, 0xCC31, 0xCB31, 0x4D4A, 0x306B, 0x7694, 
    0xF8A4, 0xD05A, 0x1163, 0x8F52, 0x4E42, 0x125B, 0xF252, 0x345B, 0x924A, 0xEF31, 0xD352, 0x7042, 0x4B21, 0xF05A, 0x9694, 0x5FEF, 
    0x3EEF, 0xD9BD, 0x37AD, 0x959C, 0x148C, 0xF8AC, 0xB6A4, 0x1CD6, 0x78BD, 0xF6AC, 0x37B5, 0xDACD, 0xFBCD, 0x38B5, 0x3594, 0x937B, 
    0x1484, 0x148C, 0xD7A4, 0xD6A4, 0x959C, 0xFACD, 0x98C5, 0xB8CD, 0x7BE6, 0x15B5, 0xF5AC, 0x15AD, 0x5AD6, 0xFDE6, 0xD8C5, 0xB8BD, 
    0x1ACE, 0xF5AC, 0x949C, 0xF5AC, 0x118C, 0x56B5, 0xD9C5, 0x36B5, 0xB4A4, 0xB8C5, 0x98BD, 0x2F73, 0xCE62, 0xB6A4, 0xB6A4, 0xB183, 
    0x1ACE, 0x56B5, 0x77B5, 0xF183, 0xB17B, 0x58B5, 0xD27B, 0x78AD, 0xCE5A, 0x2B42, 0x0B42, 0xF27B, 0x77AD, 0x6F6B, 0xB07B, 0x36AD, 
    0xD9C5, 0x949C, 0x0E6B, 0x7073, 0x1EE7, 0xBDDE, 0x5BCE, 0xFACD, 0xF5AC, 0xB4A4, 0x3BD6, 0x78BD, 0x338C, 0x148C, 0xCF5A, 0x0D3A, 
    0xED29, 0x9042, 0xD152, 0x3263, 0x9794, 0xED39, 0x2F42, 0xCE29, 0xAF21, 0x5232, 0x112A, 0x6E11, 0x2F32, 0x8C29, 0xF062, 0x8E5A, 
    0x959C, 0x7494, 0x2729, 0xC939, 0x7ACE, 0x19C6, 0x6F6B, 0x16A5, 0x348C, 0xF062, 0xAF5A, 0x1163, 0x7273, 0x4D4A, 0x506B, 0xB694, 
    0x736B, 0x4F42, 0x8C29, 0xF15A, 0xF57B, 0x8F52, 0x6E52, 0xCF62, 0x348C, 0xD283, 0x58B5, 0xAD62, 0x98C5, 0xFACD, 0x94A4, 0x94A4, 
    0x8C21, 0xAD29, 0x2B19, 0xEE31, 0x6C29, 0xED39, 0xEC39, 0x4929, 0x4829, 0xA831, 0xB8B5, 0x57AD, 0x17A5, 0x706B, 0xD37B, 0x768C, 
    0xCB39, 0xCC39, 0xEC39, 0x0E3A, 0xAD29, 0x503A, 0xF76B, 0x9A84, 0x9A84, 0xD76B, 0x797C, 0x9563, 0x6D21, 0xA908, 0xC910, 0x2A19, 
    0x4A21, 0x4A21, 0x0C3A, 0x8E52, 0x6A29, 0x8E52, 0x306B, 0xAE5A, 0xCE5A, 0xCE5A, 0x0F6B, 0xEE62, 0x8D5A, 0x2B4A, 0x2C4A, 0x8E52, 
    0xCF52, 0x4E42, 0xAC31, 0x8B29, 0xAC29, 0xAC29, 0xAC29, 0xAC29, 0xAC29, 0xAC29, 0x6B21, 0xED31, 0x8B29, 0x2A19, 0x8B29, 0xCB31, 
    0x0721, 0x4B4A, 0x6F7B, 0x97BD, 0x6A62, 0xE849, 0x77BD, 0x15AD, 0xB17B, 0xD27B, 0xCF52, 0x8B29, 0x6B29, 0xED39, 0xAC31, 0x2921, 
    0x2821, 0xB273, 0x1384, 0x0F63, 0x7173, 0xAE5A, 0x4D4A, 0xE820, 0x6B29, 0xCD31, 0x2A19, 0x6A21, 0xE818, 0xCA39, 0xAD5A, 0x338C, 
    0xB69C, 0xAE5A, 0x6D52, 0x8D52, 0x2C42, 0x0C3A, 0x2D3A, 0x2E3A, 0x2F42, 0x0E3A, 0x5463, 0x6F4A, 0xD47B, 0x5FEF, 0xDFFF, 0xFFFF, 
    0x9CD6, 0x77AD, 0x538C, 0x17AD, 0x3073, 0x5594, 0xF7AC, 0x59BD, 0x17B5, 0xD5AC, 0x37B5, 0x58BD, 0x138C, 0xEF6A, 0x927B, 0x769C, 
    0xBEDE, 0xBEDE, 0x37AD, 0xFEEE, 0xDDEE, 0x1AD6, 0x3ADE, 0xF5B4, 0x1194, 0x729C, 0x56BD, 0xF9CD, 0x19CE, 0xD5A4, 0xF9C5, 0x16AD, 
    0xD183, 0x5394, 0x77BD, 0x1ACE, 0x56B5, 0xDCE6, 0x9CDE, 0x939C, 0x3394, 0xB9C5, 0xF6AC, 0x0F6B, 0xB183, 0xB6A4, 0x3494, 0x1394, 
    0x949C, 0x739C, 0xD5A4, 0x5394, 0xF6A4, 0x3BCE, 0x9AB5, 0x9ED6, 0x58AD, 0xAE5A, 0x2C4A, 0xB17B, 0x58B5, 0xD183, 0x128C, 0x36AD, 
    0x77BD, 0xF18B, 0xD183, 0xB59C, 0x538C, 0xB07B, 0xF183, 0x0E6B, 0x0A4A, 0xF18B, 0xF6AC, 0x3494, 0x5173, 0x316B, 0x526B, 0x0E3A, 
    0xCE29, 0xB142, 0xCD31, 0xB373, 0x979C, 0x326B, 0x4E4A, 0xEE39, 0x2C19, 0xF44A, 0x596C, 0xBB7C, 0x9984, 0x6F42, 0xAB31, 0xB27B, 
    0xDEDE, 0x5FF7, 0xD49C, 0x56B5, 0x7DEF, 0xDBDE, 0xEC5A, 0xAC5A, 0x548C, 0x306B, 0x4D4A, 0xEC41, 0x7273, 0x9594, 0xD69C, 0x758C, 
    0xAF52, 0x2D3A, 0xCC31, 0xD47B, 0x4D4A, 0x2D42, 0x2C4A, 0x7173, 0x99BD, 0x37AD, 0xFEEE, 0x539C, 0x98C5, 0x15B5, 0x329C, 0x56BD, 
    0x2B19, 0xAD29, 0x0B11, 0x6C21, 0x0A19, 0x2A21, 0x2D42, 0xCB39, 0x4B4A, 0xDDDE, 0x56AD, 0x15A5, 0xD27B, 0x506B, 0x6D52, 0xAE5A, 
    0x8A31, 0xCB39, 0x0C3A, 0xD052, 0x4F42, 0xCE29, 0x3453, 0x587C, 0xDB8C, 0x1874, 0x7984, 0xD66B, 0x914A, 0xAD29, 0xCA10, 0x6B29, 
    0xE818, 0x4929, 0x0B3A, 0x6D4A, 0x6929, 0x2C4A, 0xEE62, 0x0F6B, 0xAD5A, 0x0E6B, 0xCE62, 0x907B, 0x6C52, 0x4F6B, 0x8C52, 0x506B, 
    0x2D42, 0xEC31, 0x8B29, 0xAC29, 0xCC29, 0xCC29, 0x8C21, 0x8C21, 0x8C21, 0xB563, 0xCD29, 0xCD29, 0xB14A, 0x167C, 0x8C29, 0x5263, 
    0xDABD, 0xF5A4, 0x3194, 0x519C, 0x1094, 0x34BD, 0x15B5, 0x739C, 0x5394, 0xD27B, 0x5163, 0xF052, 0x8F4A, 0x8B29, 0x2A21, 0xCC31, 
    0x8A29, 0xCE52, 0xEF5A, 0xEB41, 0x4D4A, 0x0C42, 0x2D42, 0xAC31, 0x6C29, 0x4B21, 0x4A21, 0xAC31, 0x8A31, 0x4829, 0x6C52, 0x4F73, 
    0xB083, 0x128C, 0x0E6B, 0xF5A4, 0x9073, 0xEF5A, 0x105B, 0x8E4A, 0x8C29, 0xF57B, 0x5AA5, 0x926B, 0x5CCE, 0xDDDE, 0x77AD, 0x728C, 
    0x4E6B, 0x6F6B, 0xEE62, 0x78B5, 0x4C52, 0x3494, 0xF7AC, 0x749C, 0x58BD, 0xF6AC, 0xD5AC, 0xD5A4, 0x138C, 0xF28B, 0xB6A4, 0x969C, 
    0x348C, 0x9173, 0x9173, 0x338C, 0xB4A4, 0x98C5, 0x56BD, 0x15B5, 0x97C5, 0x19D6, 0xF8CD, 0x56BD, 0xD4A4, 0x97BD, 0x36AD, 0xB49C, 
    0x128C, 0x16AD, 0x37B5, 0x37B5, 0x57B5, 0xD8C5, 0x36B5, 0xB4A4, 0xD5A4, 0x57BD, 0x1294, 0x917B, 0xF7AC, 0xB6A4, 0x9283, 0x759C, 
    0xF6AC, 0x16AD, 0x99BD, 0xF7A4, 0xF7A4, 0xF7A4, 0x9273, 0x316B, 0xB69C, 0xEF62, 0xAE5A, 0xD27B, 0xFBC5, 0xD69C, 0xCE62, 0x128C, 
    0xF5AC, 0xCC62, 0xF18B, 0x57B5, 0x8C52, 0x2E6B, 0x949C, 0xE941, 0xED6A, 0xD9C5, 0x16B5, 0x917B, 0x316B, 0x526B, 0x946B, 0x6C21, 
    0xEE29, 0x913A, 0x0E3A, 0xF05A, 0x769C, 0x5173, 0xAF5A, 0x9052, 0xD252, 0x102A, 0x5132, 0xF763, 0x1B8D, 0xBCAD, 0x568C, 0x1484, 
    0x9DD6, 0x9CDE, 0x7BD6, 0x9FFF, 0x1CE7, 0xFCE6, 0x76B5, 0xF5A4, 0x548C, 0x348C, 0x8F5A, 0xEC41, 0x9694, 0x59AD, 0xB173, 0x706B, 
    0x105B, 0xAF4A, 0xB26B, 0xDBB5, 0x716B, 0x38A5, 0x1BC6, 0xD9BD, 0xDDE6, 0xBFFF, 0x3AD6, 0x1DF7, 0x9BE6, 0x3AD6, 0x1DF7, 0xF8CD, 
    0x6C21, 0xAD29, 0x8D29, 0x2B19, 0x2B19, 0x4B29, 0x6E4A, 0x1063, 0xAD5A, 0xD59C, 0x0D63, 0xAC52, 0x6C52, 0x0721, 0x8D52, 0x8D52, 
    0x8931, 0x8A31, 0x4D4A, 0x8E4A, 0x2E3A, 0xAD29, 0x303A, 0x1874, 0x797C, 0xFC8C, 0x597C, 0x303A, 0xB24A, 0xB673, 0x5042, 0x2E42, 
    0x0C3A, 0x2C42, 0xCA39, 0x2B42, 0xEA39, 0x8D52, 0xCD5A, 0x2E6B, 0xED62, 0x0E6B, 0x4E73, 0x8F73, 0xAC5A, 0xED62, 0x0A42, 0x8C52, 
    0xCB31, 0x8B29, 0x6B21, 0x8B29, 0xAC29, 0xAC29, 0x8C21, 0x8C21, 0xAD21, 0xC908, 0xF252, 0x0E32, 0xAD29, 0xFA94, 0x6C21, 0x6F4A, 
    0x5BCE, 0x9EFF, 0x719C, 0x13AD, 0x58DE, 0xD2AC, 0x4D7B, 0x8A5A, 0xA839, 0x6C4A, 0x4D42, 0xAB29, 0xCC31, 0x0D3A, 0xCC31, 0x8B29, 
    0x4921, 0x2819, 0x6D4A, 0xF05A, 0x516B, 0x0D42, 0x4B29, 0x4C29, 0x0F3A, 0xAD29, 0x4B21, 0x4A21, 0x4929, 0xA931, 0x9073, 0xF083, 
    0x1194, 0xB3A4, 0xAF83, 0xF08B, 0xCC5A, 0x4F6B, 0x0E5B, 0xEF5A, 0x4D42, 0x978C, 0x3484, 0x6D4A, 0xFABD, 0x6F6B, 0x1084, 0x0C63, 
    0x9394, 0xAC52, 0xAD5A, 0xFAC5, 0x3494, 0xD6A4, 0x38B5, 0x57BD, 0x339C, 0x15AD, 0x57BD, 0xF5AC, 0x6F7B, 0x2F73, 0x7494, 0x338C, 
    0xF27B, 0x0F63, 0x338C, 0xD183, 0x36B5, 0xBCE6, 0x35BD, 0xF093, 0x15B5, 0x56BD, 0x93A4, 0xB083, 0xD4A4, 0xFDE6, 0x6F73, 0xB183, 
    0x98BD, 0x98BD, 0x78BD, 0x77BD, 0xB9C5, 0xF5AC, 0x939C, 0xD5A4, 0x16AD, 0x37B5, 0x539C, 0x959C, 0x59BD, 0x759C, 0x517B, 0xB383, 
    0x79BD, 0x759C, 0x969C, 0x106B, 0x8F5A, 0x937B, 0x2D4A, 0xCC41, 0x5694, 0x6F52, 0x2929, 0x0C4A, 0xDBC5, 0x3CD6, 0xCA41, 0x8D5A, 
    0x5BDE, 0x77BD, 0x739C, 0x16AD, 0x36AD, 0x57B5, 0xD4A4, 0x6F7B, 0x0E73, 0xFAD5, 0x95A4, 0x4D52, 0xAB39, 0x2E42, 0x704A, 0x0F3A, 
    0x0F2A, 0x903A, 0xB04A, 0xEC41, 0x559C, 0xEF72, 0xAF62, 0x8F5A, 0xD573, 0x3453, 0x7132, 0x5132, 0xEF29, 0xF673, 0xBCB5, 0xDBBD, 
    0xF7A4, 0x959C, 0x16AD, 0xB8BD, 0xD8BD, 0xF8C5, 0x1AC6, 0xB9BD, 0xF383, 0xCC39, 0x4F52, 0x168C, 0xD89C, 0x9794, 0x1384, 0x758C, 
    0x347C, 0x389D, 0xD694, 0x758C, 0x99AD, 0x1ABE, 0x98B5, 0x1AC6, 0x19CE, 0xD8C5, 0xF4AC, 0x93A4, 0x0952, 0xF4AC, 0x18D6, 0x39DE, 
    0x8C21, 0x0B11, 0xAE29, 0x0C19, 0xEF39, 0x2F42, 0x0E3A, 0x6E4A, 0x958C, 0xA931, 0x8B52, 0xC839, 0x4729, 0xEE62, 0x6931, 0x2C4A, 
    0x2B4A, 0xCA39, 0xCE5A, 0x0D42, 0xCD31, 0x0E3A, 0xCE31, 0x7884, 0xFA94, 0x9884, 0x577C, 0xED31, 0xED31, 0x978C, 0x1684, 0x8E52, 
    0x7CD6, 0xF9C5, 0x7394, 0x538C, 0x538C, 0xF183, 0x6B52, 0x0A4A, 0x7073, 0xCD5A, 0xD17B, 0x8C52, 0x0E63, 0x6B52, 0x8C52, 0xAD5A, 
    0xEC39, 0x8B29, 0x4A21, 0x4A21, 0x8B29, 0x8C29, 0x8C21, 0xAC21, 0x8C21, 0xEE31, 0xCA10, 0xF252, 0xF673, 0xEA10, 0xEE31, 0xAC31, 
    0xF283, 0x118C, 0x55B5, 0x55BD, 0x8D83, 0xAE83, 0xEB6A, 0xE841, 0x8B52, 0xAD52, 0x6D4A, 0x4D42, 0x6E42, 0x4E42, 0xCC31, 0xAB29, 
    0xAB29, 0x0819, 0x2D42, 0x2D42, 0x6E4A, 0xED39, 0x8C31, 0xAD31, 0x2B19, 0xAD31, 0x4B21, 0x8A29, 0x0719, 0xAD5A, 0x538C, 0xAF7B, 
    0x8F7B, 0x0D6B, 0x118C, 0x084A, 0x6A52, 0x328C, 0xAC5A, 0x0E5B, 0xD273, 0x9594, 0x5063, 0xEE5A, 0x7CCE, 0x8B52, 0x5ACE, 0x14A5, 
    0x528C, 0xD17B, 0x5BD6, 0x3BCE, 0x17AD, 0x749C, 0xD5A4, 0xF28B, 0x3294, 0x739C, 0xB4A4, 0xB4A4, 0xB183, 0xD283, 0x58B5, 0xF6A4, 
    0xD17B, 0xF59C, 0x5394, 0xD9C5, 0x5BD6, 0xB3A4, 0x19D6, 0x529C, 0x97C5, 0x9BE6, 0x739C, 0x4A5A, 0x97BD, 0x36AD, 0x949C, 0xD9C5, 
    0xD5A4, 0xD5AC, 0x1ACE, 0xD9CD, 0xB8C5, 0x77BD, 0x56B5, 0xD08B, 0xB4A4, 0x77BD, 0x57BD, 0x57BD, 0x17B5, 0x3394, 0x307B, 0xAE6A, 
    0xFACD, 0x3494, 0xB6A4, 0xEF62, 0x6E52, 0x7794, 0x8F5A, 0x6E5A, 0x5AB5, 0x8F5A, 0xEC41, 0x6E52, 0x358C, 0x3CD6, 0x4C52, 0x6C5A, 
    0x3AD6, 0xB4AC, 0xAF83, 0x118C, 0x118C, 0x907B, 0xD083, 0x6F7B, 0x16B5, 0xFACD, 0x717B, 0x8A39, 0xEC41, 0x6F52, 0xEE39, 0xB14A, 
    0x2F32, 0x9042, 0xCC31, 0xEC41, 0xF38B, 0x3494, 0x4D5A, 0x0D4A, 0x5363, 0x1253, 0x0F32, 0x913A, 0xEE29, 0x4B19, 0x6F42, 0xCC39, 
    0x6A31, 0x8E5A, 0x8D5A, 0x4731, 0x7394, 0x77B5, 0x36AD, 0xF283, 0x0C42, 0xAF5A, 0x2E4A, 0x0A21, 0xED39, 0xF05A, 0xCB39, 0xEB39, 
    0xCF52, 0xCF52, 0x7263, 0x0B3A, 0xD273, 0x0F63, 0xF27B, 0x7494, 0xF183, 0xED6A, 0x8C62, 0xD08B, 0x6A5A, 0xF4B4, 0x39DE, 0xD3AC, 
    0x8B21, 0x8C21, 0x8D21, 0x0B19, 0x766B, 0x934A, 0x0C19, 0x0A19, 0x0819, 0x0A3A, 0xCC52, 0x093A, 0xED5A, 0x4721, 0xAE52, 0xEF5A, 
    0x8931, 0xC939, 0x6929, 0x0C42, 0x8B31, 0x6F4A, 0xAC31, 0x147C, 0x9FEF, 0x5FE7, 0xF9B5, 0x369D, 0xAD52, 0xD173, 0x958C, 0xF17B, 
    0xAF83, 0x14B5, 0xD3AC, 0x1194, 0xB3A4, 0xE949, 0x4B52, 0xEA41, 0x6C4A, 0x9173, 0x716B, 0x306B, 0x506B, 0xAE5A, 0x4D4A, 0xCB39, 
    0xAB39, 0x6A29, 0xAB31, 0xCC31, 0x4B21, 0x8C29, 0xED31, 0x8C29, 0x2B19, 0x2E3A, 0x4B21, 0xE910, 0x3263, 0x8C29, 0xAC31, 0x4E4A, 
    0xEC49, 0x4410, 0x907B, 0x118C, 0xE949, 0x8B5A, 0x4A52, 0xC841, 0x7073, 0x2B4A, 0x0B42, 0x8E52, 0x6E4A, 0x2D42, 0x0C3A, 0xCC31, 
    0x4A29, 0x4A21, 0x4A21, 0x2D42, 0x8F4A, 0xCC31, 0x8B29, 0xAB31, 0x6A21, 0x0C3A, 0x2921, 0x8610, 0x306B, 0x7494, 0x0E6B, 0xB07B, 
    0x128C, 0xF183, 0xD4A4, 0x1184, 0x328C, 0x4E6B, 0xD07B, 0x0D63, 0xD07B, 0xB07B, 0x9494, 0xEE62, 0xB17B, 0x4F6B, 0x16AD, 0x37AD, 
    0x749C, 0xF18B, 0x6F73, 0x5394, 0x949C, 0x36B5, 0xB4A4, 0x739C, 0x5394, 0x16AD, 0xD5A4, 0xF28B, 0xD283, 0x306B, 0xB69C, 0x38AD, 
    0xB17B, 0x7394, 0x98BD, 0x98BD, 0xD4A4, 0x8F7B, 0x529C, 0x4E73, 0x56BD, 0x56B5, 0xD4AC, 0x97BD, 0x56B5, 0x35B5, 0xF9CD, 0x15AD, 
    0x57B5, 0x16AD, 0x57B5, 0xD9C5, 0x57BD, 0x97BD, 0x739C, 0xF4AC, 0x76BD, 0xD4AC, 0xB7CD, 0x15B5, 0x73A4, 0xB4AC, 0x529C, 0x15B5, 
    0x97CD, 0xB4A4, 0x959C, 0x9273, 0x8A31, 0xB37B, 0xCF62, 0x2C5A, 0xBACD, 0x1494, 0x0829, 0x2D4A, 0xB69C, 0x99BD, 0x4F7B, 0x6741, 
    0x16B5, 0x56BD, 0x6F7B, 0x2E73, 0x93A4, 0x6B5A, 0x93A4, 0x3294, 0x1AD6, 0xF18B, 0x5073, 0xEF62, 0x8B31, 0xAC31, 0x904A, 0x2F3A, 
    0x8C29, 0xF25A, 0x2E42, 0xED41, 0xB7A4, 0x927B, 0x2C4A, 0xAF5A, 0xF062, 0x4E4A, 0x2E42, 0x7042, 0x2F3A, 0xAD29, 0xCE31, 0xEE39, 
    0x4B31, 0x6F5A, 0x106B, 0x5073, 0x128C, 0xB8BD, 0xB49C, 0xB49C, 0x2B4A, 0xEB41, 0x7273, 0x516B, 0xF05A, 0xF47B, 0x2D42, 0x2E42, 
    0x0E3A, 0x8D29, 0x904A, 0xB04A, 0xAF52, 0x2D42, 0xCF5A, 0xCF5A, 0x8E52, 0x0F6B, 0x2C52, 0xEE6A, 0xF18B, 0x93A4, 0x92A4, 0x38DE, 
    0x6919, 0xEC29, 0xA908, 0x345B, 0x197C, 0x8B08, 0xB352, 0xF67B, 0xF05A, 0xEA39, 0xE939, 0x8F6B, 0xE939, 0x6829, 0x0C42, 0xCF5A, 
    0x4F63, 0xCD5A, 0x0B42, 0x4D4A, 0x8B31, 0x6B31, 0x6A29, 0xB273, 0xBCD6, 0xBFF7, 0xFFFF, 0xFFFF, 0x5DE7, 0x5DE7, 0xB8B5, 0xE941, 
    0x0C73, 0x8D8B, 0xB2AC, 0x1094, 0x6A5A, 0x6B5A, 0xE620, 0x8C52, 0xEB41, 0x4D4A, 0x4D4A, 0xCF5A, 0xCF5A, 0xCC39, 0xAB39, 0xCB39, 
    0x0D42, 0x0C42, 0x0C42, 0xAB31, 0x4A29, 0x6B29, 0xAC31, 0x8C29, 0x2F3A, 0x4B21, 0x4B21, 0xAC29, 0xCC31, 0xAC31, 0x4A29, 0xE818, 
    0x0929, 0xEC49, 0xF7AC, 0xB183, 0x9CDE, 0x5294, 0xC841, 0x4F73, 0x7073, 0x6D52, 0xEC41, 0x8E52, 0x8E52, 0xEC39, 0xCC39, 0x8B31, 
    0xCC39, 0x4B21, 0xCD31, 0x115B, 0xED39, 0x2919, 0x4921, 0xAB31, 0xCB31, 0x8929, 0xCA39, 0x4C4A, 0xB17B, 0x959C, 0x37B5, 0x7494, 
    0x1284, 0x1184, 0x1184, 0x2E6B, 0x328C, 0x4E6B, 0x8F73, 0x1184, 0x2D6B, 0x8B52, 0xED62, 0x2B4A, 0x8939, 0x0B42, 0x7494, 0x17AD, 
    0x57B5, 0x16AD, 0x16AD, 0x1ACE, 0x9BDE, 0xF5AC, 0x77BD, 0xD4A4, 0x36AD, 0x36AD, 0x77B5, 0x5494, 0x0F6B, 0x0F6B, 0x17AD, 0x7594, 
    0x3394, 0xF5AC, 0x16AD, 0xF5AC, 0x19CE, 0x35B5, 0xF4AC, 0xD4A4, 0x59D6, 0xDCE6, 0x19D6, 0x39D6, 0x739C, 0xF08B, 0x3294, 0x3294, 
    0xD5AC, 0x949C, 0x949C, 0x3294, 0x118C, 0xD4AC, 0xF4B4, 0xD8CD, 0xF4B4, 0x72A4, 0x34BD, 0x1094, 0x93AC, 0x55C5, 0x76C5, 0x15BD, 
    0x76C5, 0x529C, 0x17AD, 0x1484, 0x4D4A, 0xCF62, 0x3073, 0x139C, 0xD6B4, 0x8D62, 0xE720, 0xAA31, 0xF79C, 0x959C, 0x0D73, 0x6741, 
    0xF193, 0x1AD6, 0x6F7B, 0x4A5A, 0xB3A4, 0x2539, 0xB08B, 0xCC6A, 0x16B5, 0x907B, 0x917B, 0x1063, 0x6A29, 0xED39, 0x125B, 0x2F3A, 
    0xAD31, 0xEE41, 0xAC39, 0x6E52, 0xD8A4, 0x5273, 0x8E5A, 0xF7A4, 0x39AD, 0xD05A, 0x8B31, 0x0E42, 0x4F42, 0xAD29, 0x6D21, 0xAD29, 
    0xEE41, 0x8C39, 0xAF62, 0x4C52, 0xB59C, 0x16AD, 0x36AD, 0xB49C, 0xCA41, 0xAA39, 0x1063, 0xCF5A, 0x4E4A, 0xB373, 0x8F4A, 0x115B, 
    0xB14A, 0xAE31, 0xCE31, 0xCD31, 0x4F42, 0x8F4A, 0x726B, 0x3163, 0x0D4A, 0xF062, 0x8E62, 0xCE6A, 0x9083, 0x129C, 0x72A4, 0xD7D5, 
    0xAA21, 0xC808, 0xCD29, 0x7563, 0x0C19, 0x2D21, 0x2C21, 0xFFDE, 0x5584, 0x906B, 0x2D63, 0x4629, 0xE839, 0xC939, 0xCA39, 0x6931, 
    0xCD52, 0xCD52, 0xEB39, 0x6A31, 0x6A31, 0x4E4A, 0x9273, 0x3484, 0xB494, 0x5AC6, 0xFFFF, 0xBEF7, 0xBFF7, 0x7EEF, 0xBFF7, 0x76AD, 
    0x1094, 0x13BD, 0x51A4, 0xD3AC, 0x0C73, 0x0D6B, 0x094A, 0xA839, 0x4C52, 0x4C4A, 0x0B42, 0x8D52, 0x2C4A, 0x4929, 0x6A29, 0xAB31, 
    0xCB39, 0x4D4A, 0x2D42, 0xAB31, 0x8B29, 0xAC31, 0xAC31, 0xAC31, 0xCD31, 0x6C21, 0xAC31, 0xED31, 0xE918, 0xCC31, 0x0921, 0x0D42, 
    0x158C, 0x59B5, 0xD283, 0x0729, 0x6F73, 0xBCDE, 0xF083, 0xD183, 0xB17B, 0x306B, 0xEC41, 0x4E4A, 0x6E52, 0x8B31, 0x8B31, 0x8B31, 
    0x8B31, 0xCC31, 0x6F4A, 0xAF52, 0x6A29, 0x4E42, 0xAF4A, 0x8A29, 0x2821, 0x2C42, 0xCE5A, 0xF283, 0x7494, 0xB17B, 0x707B, 0xA941, 
    0xAD5A, 0x2E6B, 0xED62, 0x8C52, 0x7394, 0x0D63, 0xAC52, 0xD07B, 0x6B4A, 0x0942, 0xCD5A, 0x4F6B, 0x4829, 0xA931, 0x0F63, 0x9173, 
    0xB59C, 0x5394, 0xB9C5, 0xB8BD, 0x77BD, 0xCD62, 0x094A, 0x57B5, 0x57B5, 0x5BD6, 0xD9C5, 0x2F73, 0x2B4A, 0x138C, 0xDEE6, 0x3CD6, 
    0x7FFF, 0xB8C5, 0x7BDE, 0x1EF7, 0x7BDE, 0x3AD6, 0x7ADE, 0xF8CD, 0x35B5, 0x76BD, 0x35B5, 0xD3A4, 0xB4A4, 0x1194, 0x739C, 0x93A4, 
    0xF5AC, 0x4F7B, 0x6F7B, 0x739C, 0x56BD, 0x729C, 0x2D73, 0x0D73, 0xB3AC, 0x519C, 0x14B5, 0x92A4, 0xD4AC, 0xD093, 0xF4B4, 0xB7CD, 
    0x56C5, 0xD18B, 0x0F6B, 0xB273, 0x8A31, 0x4D4A, 0xCB49, 0x7183, 0x1BD6, 0xEF6A, 0xEC41, 0xAB31, 0x79AD, 0xD6A4, 0x93A4, 0xD08B, 
    0x5BDE, 0xD5A4, 0x539C, 0x6739, 0x36BD, 0xAF83, 0xF9CD, 0x2E7B, 0xB4A4, 0x3394, 0x306B, 0x4D4A, 0xEC39, 0xCC31, 0x2F3A, 0xF252, 
    0x0E3A, 0xCD39, 0xAC39, 0x0D42, 0x7694, 0xD37B, 0x2D4A, 0x927B, 0x0C42, 0x0D42, 0x2E42, 0x0E3A, 0x0E3A, 0x7042, 0x303A, 0x4C21, 
    0xAD31, 0xCD41, 0xF483, 0x516B, 0x16A5, 0x9494, 0x7394, 0xCD5A, 0x6C52, 0x2C4A, 0x1063, 0xF05A, 0x4E4A, 0x5263, 0x6E42, 0x904A, 
    0x704A, 0x0F3A, 0x4F42, 0x2E42, 0x8F4A, 0xAF4A, 0xAF52, 0x0D42, 0xAB39, 0xD062, 0x8E5A, 0x0B52, 0x9183, 0xB4AC, 0xB3AC, 0x51A4, 
    0x0C32, 0x6A19, 0xED31, 0x4C21, 0x6D29, 0x4D21, 0xCA10, 0xB052, 0xFBBD, 0x538C, 0xCB5A, 0x6A52, 0xCC5A, 0x8B5A, 0x4731, 0x8D5A, 
    0x7073, 0xD17B, 0x0F63, 0x2C42, 0x6E52, 0xD37B, 0xFFE6, 0xBFF7, 0xFFFF, 0xBFF7, 0xDFFF, 0x9DEF, 0xFFFF, 0xDFF7, 0xFFFF, 0xBBDE, 
    0x8E83, 0x6D7B, 0x6D83, 0x0852, 0xAA62, 0xF08B, 0xF08B, 0x93A4, 0x3294, 0x5394, 0xF283, 0x7073, 0x6D52, 0xCA39, 0xEB39, 0xAB39, 
    0x4A29, 0x4E4A, 0x4E4A, 0xCC31, 0xCC31, 0xCC31, 0x8C29, 0xAC29, 0x8B29, 0xAC29, 0x4B21, 0x6B21, 0xED39, 0x3AA5, 0x199D, 0x3584, 
    0x9794, 0x4D52, 0xEB49, 0x4B52, 0xA839, 0xE941, 0xEC62, 0x328C, 0x338C, 0xB27B, 0xCB41, 0xEC41, 0x2D42, 0x4921, 0x8B29, 0xCC39, 
    0x6B29, 0x2E42, 0xF15A, 0xCC31, 0x4921, 0x2D42, 0x6D4A, 0x2821, 0xF37B, 0xB694, 0x1384, 0x2F6B, 0x0629, 0xE628, 0x8839, 0x8839, 
    0x0A4A, 0x2A4A, 0xE941, 0x0942, 0x4F6B, 0xA839, 0xC418, 0xA831, 0x6B4A, 0x8C52, 0x4F6B, 0x9173, 0x8931, 0x0821, 0x4929, 0x8A31, 
    0x8D5A, 0x8C5A, 0x949C, 0x77B5, 0xB49C, 0x328C, 0x8F7B, 0x1DEF, 0x36AD, 0x9BDE, 0xDDE6, 0x7CDE, 0x5BD6, 0x37B5, 0x17AD, 0xFACD, 
    0x57B5, 0x1AD6, 0xD9CD, 0x939C, 0x6E7B, 0xB3A4, 0x3194, 0xB3A4, 0x108C, 0x929C, 0x39D6, 0x529C, 0x76BD, 0x8F83, 0xB4A4, 0x15B5, 
    0x6F7B, 0x2E73, 0x73A4, 0x36BD, 0x97C5, 0x1194, 0x3194, 0xD4AC, 0x519C, 0x6E83, 0x6E83, 0x72A4, 0x56BD, 0x1194, 0x329C, 0x93AC, 
    0xF193, 0xB083, 0x0F63, 0xB273, 0xAB31, 0x8E52, 0x0F6B, 0x38BD, 0xDACD, 0x3073, 0xEC41, 0x0819, 0xF37B, 0x959C, 0xD5AC, 0x93A4, 
    0xD5A4, 0x0E6B, 0xD18B, 0xF5B4, 0xD08B, 0x8F83, 0xD18B, 0x77BD, 0x37B5, 0x0E6B, 0x8D5A, 0x1063, 0x2D42, 0xCD31, 0x4F42, 0x704A, 
    0x4F42, 0xCD31, 0xAD31, 0x8B31, 0x526B, 0xB37B, 0xAB39, 0xEC41, 0x0D42, 0x2D42, 0xB052, 0xB052, 0xEE39, 0xAD29, 0x303A, 0xB24A, 
    0x0F42, 0xAE39, 0xF162, 0xB79C, 0x17A5, 0xD69C, 0xF283, 0x7073, 0xEF62, 0x6D52, 0x6E52, 0x8F52, 0x6E4A, 0x5263, 0x6E4A, 0x2E42, 
    0x704A, 0x914A, 0x904A, 0x2E3A, 0x2D3A, 0xAF52, 0x5163, 0x726B, 0x8F52, 0xF062, 0xF06A, 0xAE62, 0x74A4, 0xD5AC, 0x73A4, 0xAF8B, 
    0xAA21, 0xF052, 0xC910, 0x4B19, 0x0B19, 0xAE31, 0x4B29, 0xCC39, 0xD27B, 0xCD5A, 0xCF7B, 0x4D6B, 0x8E73, 0x729C, 0xD5AC, 0x749C, 
    0xD07B, 0x2F6B, 0xAD5A, 0x0B42, 0xAA39, 0x8A31, 0x58AD, 0xBFFF, 0x9FF7, 0xDFFF, 0x9EF7, 0xDFF7, 0xFFFF, 0x9EF7, 0xBFFF, 0xDFFF, 
    0xBADE, 0x95BD, 0xEF8B, 0xEB6A, 0x13B5, 0x91A4, 0x3094, 0x3094, 0xF093, 0x93A4, 0x5294, 0xB07B, 0xCE5A, 0xEA39, 0xCA39, 0x8A31, 
    0xCB39, 0x8F52, 0x6E4A, 0xCC39, 0xCC31, 0x8B29, 0x4A21, 0x6B21, 0x6B21, 0xAC29, 0xED31, 0x8B29, 0x4A21, 0x199D, 0x1FDF, 0xB373, 
    0x8B39, 0xE820, 0x4831, 0xEA41, 0xC839, 0x4629, 0x8F73, 0xED62, 0x128C, 0x7173, 0xAA39, 0xAB31, 0xEC39, 0x4A21, 0x8B29, 0xED39, 
    0x8B29, 0x8B31, 0xB05A, 0x4D42, 0xAF52, 0x4921, 0xAA31, 0x516B, 0x9594, 0x6C52, 0xA939, 0x4B52, 0x8418, 0x907B, 0xEE6A, 0xA520, 
    0xC941, 0x4731, 0x8839, 0x2A4A, 0x0D63, 0x6B52, 0x8C52, 0x2E6B, 0xF17B, 0x3384, 0xD27B, 0x8D4A, 0xEB39, 0x6A29, 0xAB31, 0x2D42, 
    0xA939, 0xEE62, 0xB17B, 0xDDE6, 0x7FF7, 0xDFFF, 0xDFFF, 0x19CE, 0x15AD, 0x1ACE, 0xD8C5, 0xD5A4, 0x16B5, 0x98BD, 0x94A4, 0xD18B, 
    0x4E73, 0x93A4, 0xF5AC, 0xF5AC, 0x6F7B, 0x56BD, 0x56BD, 0x3DF7, 0x56BD, 0x14B5, 0x5ADE, 0xF08B, 0xB7C5, 0x93A4, 0xF5AC, 0x93A4, 
    0xF193, 0x77C5, 0x7BE6, 0x36BD, 0x93A4, 0x72A4, 0x76C5, 0x96C5, 0x3194, 0x519C, 0xCF8B, 0xF4AC, 0x56BD, 0xF5B4, 0xD08B, 0x4F83, 
    0xB08B, 0x0E73, 0x5173, 0x8E4A, 0x5163, 0xEC39, 0x148C, 0x99C5, 0x549C, 0x717B, 0xEC39, 0x6A29, 0xAE52, 0x969C, 0x749C, 0xB08B, 
    0x8C62, 0x949C, 0x3394, 0xB5A4, 0xAC62, 0xA841, 0x0E73, 0x57BD, 0x128C, 0xEE62, 0xAA39, 0x8E52, 0xF57B, 0xF15A, 0xAD31, 0x4F42, 
    0x0F3A, 0x6C21, 0x8C31, 0x8C29, 0x6F4A, 0x526B, 0x2D4A, 0x1063, 0xD05A, 0x4E4A, 0x2E42, 0x2F3A, 0x2F3A, 0x303A, 0x3032, 0xCE29, 
    0x766B, 0x714A, 0xEA18, 0xED39, 0xAF52, 0x38A5, 0x758C, 0xAE52, 0xAF5A, 0xAF52, 0xB052, 0x3263, 0xD052, 0xF15A, 0x0D3A, 0x6B29, 
    0x6C29, 0x2E42, 0x4F42, 0x2D3A, 0x0C3A, 0x6E4A, 0xAF52, 0xAF5A, 0x8F52, 0xEC41, 0x4E52, 0x517B, 0xB6AC, 0x1294, 0x329C, 0xF5B4, 
    0x0F53, 0x6D42, 0x7263, 0x0919, 0x4B21, 0xC910, 0x0D42, 0xF79C, 0xEE62, 0xAC5A, 0x929C, 0x0C6B, 0x719C, 0x6E7B, 0x93A4, 0xF18B, 
    0x8C52, 0xC939, 0x6831, 0x4829, 0xAA39, 0x4829, 0xEE62, 0x338C, 0x5EEF, 0xFFFF, 0x9EF7, 0x9EF7, 0xDFFF, 0xFFFF, 0xFFFF, 0x9EF7, 
    0x7DF7, 0x7DF7, 0x919C, 0xD6C5, 0xBAE6, 0x2F94, 0xAE8B, 0xCA6A, 0xC749, 0xAB6A, 0xCB62, 0x0D6B, 0x2E6B, 0x0A42, 0xA931, 0x2C42, 
    0x0C42, 0x6E4A, 0x4E4A, 0xEC39, 0xAC31, 0x8B29, 0x6B29, 0xAB29, 0x4A21, 0x8B21, 0xED31, 0xED31, 0x2A21, 0x6B29, 0x936B, 0x8F4A, 
    0xA718, 0x2929, 0x2C4A, 0x0F63, 0x2A4A, 0x0529, 0xAF7B, 0xCC62, 0x907B, 0x6D52, 0x8A31, 0x8B31, 0xCC39, 0x8B31, 0x6A29, 0xEC31, 
    0x8B29, 0xE818, 0xEC39, 0x0D42, 0x9273, 0xEB39, 0xCA39, 0x3484, 0x506B, 0x2B4A, 0x4831, 0xC941, 0x8420, 0xD183, 0x0E73, 0x6B5A, 
    0x3294, 0x6F7B, 0xB083, 0xD183, 0x4F73, 0xED62, 0x2F6B, 0xEE62, 0x8D52, 0x0F63, 0xAE52, 0x0819, 0xCB31, 0x0919, 0x4A21, 0x8B31, 
    0xEE5A, 0x4F6B, 0x8831, 0x2A4A, 0x97B5, 0xB8BD, 0xD8BD, 0x15AD, 0xD4A4, 0x6B5A, 0x6B5A, 0xF18B, 0x118C, 0xB4A4, 0xF293, 0xAC62, 
    0xAC62, 0x2E73, 0xF5AC, 0x9BE6, 0x93A4, 0x76BD, 0xD7CD, 0x39D6, 0x7ADE, 0xD3AC, 0xCF83, 0x0952, 0xB083, 0xD9CD, 0x77BD, 0x15B5, 
    0x3ADE, 0x7AE6, 0xF8D5, 0x97C5, 0x18D6, 0x5AE6, 0xBBEE, 0xD7CD, 0xB3A4, 0xD4AC, 0x529C, 0x97C5, 0x35B5, 0xB4A4, 0x0E73, 0xB083, 
    0x16B5, 0xF28B, 0x1063, 0x6E4A, 0xD473, 0xEC39, 0xB27B, 0xB6A4, 0x138C, 0x148C, 0x4D42, 0x4E42, 0x8F4A, 0xB694, 0xB5A4, 0xB083, 
    0x5494, 0x3394, 0x95A4, 0x6839, 0x0E73, 0xEE6A, 0xF6AC, 0xB183, 0x3394, 0x4C52, 0xAA39, 0x6E52, 0x115B, 0x5363, 0xD252, 0x8C29, 
    0xAE31, 0xAD29, 0xCE31, 0x8C29, 0x2E42, 0x1584, 0x726B, 0xB052, 0xAF52, 0xD052, 0xF152, 0x335B, 0x1774, 0xDA8C, 0xB663, 0x8E21, 
    0x355B, 0x5984, 0x756B, 0x0E3A, 0x2A19, 0x8F4A, 0xB373, 0x5163, 0x726B, 0x736B, 0xF15A, 0x1263, 0x2F42, 0x6F4A, 0x115B, 0x3263, 
    0x5363, 0x5263, 0x4E42, 0x0C3A, 0x8E4A, 0x3584, 0x38A5, 0xFCC5, 0x9794, 0xF483, 0x937B, 0xB383, 0x759C, 0x339C, 0x129C, 0x329C, 
    0x547C, 0x305B, 0x8E4A, 0xF052, 0xAC31, 0x6A29, 0xAF52, 0xB27B, 0xC939, 0x118C, 0x4D73, 0x695A, 0x4D73, 0x14B5, 0xB3A4, 0xB083, 
    0xC941, 0x4729, 0x0721, 0x0729, 0x6D52, 0xAD5A, 0xCA41, 0x6831, 0xED62, 0xFCE6, 0xFFFF, 0xFFFF, 0x7DF7, 0x9EF7, 0xBEFF, 0xFFFF, 
    0xFFFF, 0xBEFF, 0xFFFF, 0x99DE, 0x4F94, 0xEE93, 0x2B7B, 0x50A4, 0xA549, 0xEA72, 0x8A62, 0xCB62, 0xB07B, 0x0E63, 0x6C4A, 0xEF5A, 
    0xCB39, 0xCB31, 0x0D3A, 0x2D42, 0xEC39, 0xAB31, 0xAB31, 0xAB29, 0xAB29, 0x6A21, 0x2919, 0x8B29, 0x6F4A, 0x8B29, 0x6B29, 0x4E42, 
    0x3584, 0x2D4A, 0x4D52, 0xA518, 0xC941, 0x8739, 0x5294, 0xAC5A, 0x917B, 0xCA41, 0x8A31, 0x8A31, 0xAB31, 0xEC39, 0x4A21, 0xCC31, 
    0xAB31, 0x4A29, 0x6A29, 0x2921, 0x0C42, 0xAE5A, 0x6829, 0xCA39, 0x2729, 0xC941, 0x4731, 0x6B52, 0x6F7B, 0xD5AC, 0x1294, 0x94A4, 
    0xD083, 0xD183, 0x5394, 0x3294, 0x2E6B, 0xCD62, 0xAD5A, 0x0B42, 0xCA39, 0x0C42, 0x6E4A, 0xAB31, 0x4E42, 0x6A21, 0x4B21, 0x0919, 
    0x2B42, 0x0E63, 0xAD52, 0x6731, 0xB494, 0x16A5, 0xF183, 0xF9C5, 0x56B5, 0x4A52, 0x6B5A, 0x1194, 0xF18B, 0x77BD, 0xF5AC, 0x4E7B, 
    0x73A4, 0xFCEE, 0x3EFF, 0xF8CD, 0xF8CD, 0xB7C5, 0x55BD, 0x92A4, 0x97C5, 0x93A4, 0xD08B, 0xA741, 0x8741, 0xF5AC, 0x36B5, 0xD9CD, 
    0x9BEE, 0x97CD, 0x52A4, 0xB3AC, 0x319C, 0xAF8B, 0x519C, 0x15B5, 0xD8CD, 0x529C, 0x4E7B, 0x5294, 0xD5A4, 0x739C, 0x8C5A, 0xB083, 
    0x2F7B, 0xF28B, 0x6D52, 0x2D42, 0x2D3A, 0x4921, 0xEF62, 0xB5A4, 0xB183, 0x5173, 0xAB31, 0xCC31, 0x8E4A, 0xEF5A, 0x5394, 0x4F7B, 
    0xF38B, 0xCE62, 0xB183, 0xCE62, 0x6C5A, 0xF28B, 0xF28B, 0xB183, 0x7494, 0x106B, 0x8A39, 0x6A31, 0x6F4A, 0xD152, 0x5042, 0x0F3A, 
    0x8D29, 0x2F3A, 0x0E32, 0xCD31, 0x2E42, 0x9894, 0x157C, 0xCC31, 0x1163, 0x2E42, 0x2E3A, 0x335B, 0x7463, 0x1353, 0x713A, 0x1032, 
    0xD44A, 0x1132, 0x2C19, 0x0F32, 0x4F3A, 0x4B21, 0x6B21, 0xED31, 0x167C, 0xB573, 0x0E3A, 0xCD31, 0x0A19, 0x2E42, 0x978C, 0xDCB5, 
    0x778C, 0x5684, 0x1163, 0xF05A, 0x3063, 0xF37B, 0xD37B, 0x3484, 0xAF5A, 0x8F5A, 0x2E52, 0x8F5A, 0x727B, 0x75A4, 0x539C, 0xD18B, 
    0xB16B, 0x0B3A, 0xEB31, 0x6D42, 0x2921, 0xAA31, 0x548C, 0x7073, 0x5AD6, 0x7294, 0x0B6B, 0x8E83, 0x519C, 0xF093, 0x52A4, 0x4E7B, 
    0xB07B, 0xCD5A, 0x4C52, 0x6C52, 0x5073, 0xEE62, 0x8831, 0x2B4A, 0x4729, 0x97B5, 0x9FF7, 0xBFFF, 0xFFFF, 0xFFFF, 0xDEFF, 0xBEF7, 
    0xBEF7, 0x7DEF, 0x9DF7, 0x95B5, 0x6C7B, 0x90A4, 0x53C5, 0x8C8B, 0xEA72, 0x70A4, 0x2C73, 0x2952, 0x4E73, 0x4E6B, 0x6C4A, 0x4C4A, 
    0x8A29, 0x4921, 0xEC39, 0x8F52, 0x2D42, 0xCB31, 0x8B29, 0x4921, 0x8B29, 0x0C3A, 0xD052, 0x8B29, 0x0919, 0x0D3A, 0xAC31, 0x0A19, 
    0x1163, 0x358C, 0xF383, 0x7073, 0xAC5A, 0x1184, 0xCC62, 0xED62, 0x128C, 0xA939, 0xCB39, 0x6A29, 0x6A29, 0x0D3A, 0x4A21, 0xCC31, 
    0x6A29, 0x8B31, 0x8B31, 0x6A29, 0x0821, 0x506B, 0xCA39, 0x4829, 0x6731, 0x2B52, 0x2E73, 0x739C, 0x128C, 0x0E73, 0x9083, 0x4F7B, 
    0x6F7B, 0x1294, 0x5394, 0xB183, 0xCD62, 0x6C52, 0x0B4A, 0x8A31, 0x6D52, 0xCB39, 0x0D42, 0xEC39, 0xAC31, 0x0919, 0x4B21, 0x0919, 
    0x0B3A, 0x9073, 0x2F63, 0xC939, 0x6831, 0xD59C, 0xBCDE, 0xDDE6, 0x77B5, 0x4A52, 0x8B5A, 0x77BD, 0xD8CD, 0x97C5, 0xD4AC, 0xF8D5, 
    0x19D6, 0xD4AC, 0x56BD, 0x15B5, 0x56BD, 0x4E7B, 0xB7CD, 0x18D6, 0xD4AC, 0x529C, 0xD4AC, 0x8B62, 0x4A5A, 0x16B5, 0x57BD, 0x57BD, 
    0x53A4, 0x52A4, 0x8F8B, 0xB3AC, 0xF093, 0x8F8B, 0x92A4, 0xD8CD, 0x7EFF, 0x7ADE, 0x97BD, 0xF18B, 0xD183, 0x907B, 0x2B52, 0x4F7B, 
    0x9083, 0x959C, 0x1063, 0x8A29, 0xF052, 0x4D42, 0x5594, 0x959C, 0x9183, 0x8E5A, 0xAB31, 0xCC31, 0x7263, 0xCB39, 0x3394, 0x2F73, 
    0x8D5A, 0x5CD6, 0xD6A4, 0xEE6A, 0xEA49, 0xF28B, 0xF6AC, 0x7494, 0x959C, 0x6D52, 0xAB39, 0x0D42, 0xED39, 0x0E3A, 0x704A, 0x5042, 
    0xCE29, 0xEF31, 0xAD29, 0x4F3A, 0x0E3A, 0xD573, 0x5684, 0x115B, 0x2E42, 0x2E3A, 0x2E3A, 0xEE31, 0xAE29, 0xEF29, 0xEF29, 0x6E19, 
    0x1132, 0x1553, 0xD029, 0xCE29, 0x8D21, 0xCD29, 0xCD29, 0xAC29, 0x335B, 0x5463, 0x5042, 0x9152, 0xCD31, 0xEE39, 0x125B, 0x3263, 
    0x6E4A, 0xAF52, 0xEC39, 0x4D4A, 0xCE52, 0xB273, 0x716B, 0x1484, 0x316B, 0x8F5A, 0x8F5A, 0x158C, 0xF48B, 0xB283, 0x507B, 0x339C, 
    0x8829, 0x0A3A, 0xEA39, 0xCA31, 0x0F63, 0x78B5, 0xB9BD, 0xDDE6, 0xDFFF, 0xB7BD, 0xB3A4, 0x5194, 0x3094, 0x8E83, 0xCF8B, 0x6F7B, 
    0x0E6B, 0x548C, 0xF283, 0xEE62, 0x6831, 0x8831, 0x6831, 0x0A42, 0x0A42, 0x4F6B, 0xDFFF, 0x3DEF, 0xDFFF, 0xFFFF, 0x7DEF, 0xFFFF, 
    0xDFF7, 0xDFF7, 0xDEFF, 0x9CF7, 0x58D6, 0xF2AC, 0x90A4, 0x12BD, 0x53C5, 0x74C5, 0x75C5, 0x14AD, 0xEC62, 0xCD5A, 0xAC52, 0x0B42, 
    0x4929, 0xAF52, 0x8F52, 0x0C3A, 0x0C3A, 0xCB39, 0x6929, 0xE710, 0x6D4A, 0x2D42, 0xCF52, 0x3163, 0x4A21, 0xED39, 0x6B29, 0x0D3A, 
    0x0921, 0x2929, 0x7073, 0x16A5, 0x77B5, 0xF8C5, 0xF4AC, 0x0D6B, 0x4A52, 0x8D5A, 0xCA39, 0x4A29, 0xAB31, 0x2921, 0x6F42, 0xCC31, 
    0x4A21, 0xCB39, 0x8A31, 0x8A31, 0xAA39, 0xCA39, 0xAD5A, 0x7073, 0x8839, 0x6B5A, 0x0E6B, 0x118C, 0xF18B, 0x6F7B, 0x6B5A, 0xB083, 
    0x4F7B, 0x8F7B, 0x3294, 0x4B52, 0x2B52, 0x2F6B, 0xE720, 0xEF62, 0x4D4A, 0x4E4A, 0xCC31, 0xAC31, 0x8C29, 0x4B21, 0x6B21, 0x2919, 
    0xEF5A, 0xB173, 0xCD5A, 0xA939, 0x0621, 0x7073, 0x7CD6, 0x949C, 0xB083, 0xED6A, 0x15AD, 0x4E7B, 0x8F83, 0x2E7B, 0xD08B, 0x2D7B, 
    0xF193, 0xD08B, 0xD4AC, 0xF8CD, 0xD7CD, 0x14B5, 0xD4AC, 0x14B5, 0xD3A4, 0xD08B, 0x8F83, 0x94A4, 0x4F73, 0xD18B, 0xD5AC, 0xD18B, 
    0x73A4, 0x52A4, 0xD4B4, 0x15BD, 0x15BD, 0xB4AC, 0xD4AC, 0xF9D5, 0xF9CD, 0x36B5, 0xBCE6, 0xB4A4, 0x7073, 0x138C, 0x2C52, 0x707B, 
    0x94A4, 0x959C, 0x3163, 0x8B29, 0xB46B, 0x115B, 0x306B, 0x7494, 0x917B, 0x6931, 0xEC39, 0x115B, 0x157C, 0xAB31, 0x707B, 0x3394, 
    0x2731, 0xF7AC, 0x9DDE, 0x0B4A, 0x4831, 0x917B, 0xB5A4, 0x2C52, 0x348C, 0x516B, 0x6A31, 0xEC39, 0x8C31, 0x2F42, 0xD152, 0xB252, 
    0xEB10, 0x0F32, 0x6C21, 0x4F3A, 0x5042, 0x125B, 0xBCB5, 0xB894, 0x4B21, 0x8C29, 0x2F42, 0x5042, 0x8D21, 0x8E21, 0x3032, 0x8E19, 
    0x8F21, 0x6F19, 0x112A, 0xAE21, 0xCE29, 0x6C19, 0xCE29, 0x8D21, 0xEE31, 0x303A, 0x303A, 0x3463, 0x8D29, 0x4B29, 0xB052, 0x8F4A, 
    0xCF5A, 0x2C42, 0xB273, 0x4C4A, 0xCE52, 0x3484, 0x2C42, 0x716B, 0x6E52, 0xEC41, 0x8F5A, 0x8F5A, 0x9283, 0x1494, 0x3073, 0x9183, 
    0x2A4A, 0x8831, 0x8831, 0xE620, 0x338C, 0xFFFF, 0x36AD, 0xDCE6, 0x9FFF, 0xB7BD, 0xB39C, 0x3194, 0x939C, 0x3194, 0x529C, 0xF18B, 
    0x0B4A, 0x2C4A, 0xAD5A, 0x8931, 0xAD5A, 0xEA41, 0xEA41, 0x0621, 0x8831, 0x8C52, 0x3EEF, 0xFFFF, 0xDFFF, 0x9EF7, 0xFFFF, 0xDEF7, 
    0xDFF7, 0x9EEF, 0xFFFF, 0x9DF7, 0xD6C5, 0xD1A4, 0xD1AC, 0xD1B4, 0x90A4, 0x0F94, 0xB2A4, 0xB3A4, 0x6E73, 0x4B4A, 0x8C52, 0xAD52, 
    0xAE52, 0x2921, 0x6E4A, 0xCB39, 0xC718, 0x4821, 0xE718, 0x2C42, 0x2C42, 0xAE52, 0x0F5B, 0xF05A, 0x4A21, 0xCC31, 0x8B29, 0xCC31, 
    0xAB31, 0xCB39, 0x0200, 0xCD5A, 0xB7BD, 0x939C, 0xD3A4, 0xD083, 0xF18B, 0x7073, 0x6931, 0xEB41, 0x8B31, 0xAB29, 0xEC31, 0xAB29, 
    0x2921, 0x4929, 0x4929, 0x4929, 0x0721, 0x2B4A, 0x4C52, 0xD183, 0x907B, 0x6B52, 0x56B5, 0x739C, 0x1194, 0x6B5A, 0x4B5A, 0xC949, 
    0xAC62, 0x6F7B, 0x0E6B, 0x4B52, 0x8D5A, 0x5073, 0x2829, 0x9694, 0x8F52, 0x8F52, 0x0D3A, 0xCD31, 0x8C29, 0x2B19, 0x6B21, 0x2A19, 
    0xAE52, 0x2F63, 0xEE5A, 0x2B42, 0x0621, 0x8C52, 0xD5A4, 0xD183, 0x907B, 0x4B52, 0x1294, 0x8F83, 0x73A4, 0x73A4, 0x329C, 0x2E7B, 
    0x97C5, 0xF4B4, 0xD4AC, 0xF4AC, 0x72A4, 0x3194, 0x729C, 0xF4AC, 0x1194, 0xB4A4, 0xF5AC, 0x6F7B, 0xA941, 0x2B52, 0x749C, 0xD18B, 
    0x53A4, 0x53A4, 0xF5B4, 0x1194, 0xB8CD, 0x15B5, 0x77BD, 0x729C, 0x3AD6, 0x36B5, 0xF5A4, 0x128C, 0xF283, 0x548C, 0xB27B, 0xD283, 
    0x9183, 0xF28B, 0x516B, 0xAB29, 0xD052, 0x0C3A, 0x0F63, 0xF6A4, 0x338C, 0x8D52, 0xAB31, 0x1574, 0xAF4A, 0x4D4A, 0x5073, 0xD28B, 
    0xAA41, 0x7594, 0x338C, 0xAE5A, 0xEA41, 0x338C, 0xD27B, 0xCE62, 0x558C, 0x9273, 0x4E4A, 0xEC39, 0xED39, 0xCD39, 0x704A, 0x2F3A, 
    0x2C19, 0xEF29, 0xCE29, 0x0F32, 0x0E32, 0x0E3A, 0xB473, 0x7BAD, 0x8F4A, 0xF152, 0x2F3A, 0xAD29, 0xCE29, 0x8E21, 0x6D19, 0xCF21, 
    0xF129, 0x8F19, 0xAF21, 0x6D19, 0xAE21, 0xCE21, 0xD242, 0xF24A, 0xD24A, 0x345B, 0xBEAD, 0xB24A, 0xCE31, 0x8C29, 0xAC31, 0xD05A, 
    0x1063, 0xAA31, 0xEF5A, 0xCE5A, 0xEE5A, 0x4829, 0xCE5A, 0xB273, 0xD05A, 0xAB39, 0x8B39, 0x116B, 0x4D52, 0x2D52, 0x5494, 0xB183, 
    0x4E73, 0xC841, 0xA839, 0x8B5A, 0x118C, 0x7EF7, 0x3ACE, 0xBBDE, 0x318C, 0xAF7B, 0x2E73, 0x8B5A, 0xCD62, 0x4A52, 0x8C5A, 0xEE6A, 
    0x4C4A, 0x2D4A, 0x306B, 0x4C4A, 0x7494, 0xB17B, 0xD17B, 0x6C52, 0xCA39, 0x8931, 0xF283, 0x1EE7, 0xFFFF, 0x9FF7, 0xDFFF, 0xBEF7, 
    0xFFFF, 0x7DEF, 0xFFFF, 0x9DF7, 0xD6C5, 0x54B5, 0x74BD, 0x91A4, 0xD2AC, 0x3094, 0x92A4, 0xF08B, 0xB07B, 0xED62, 0xED5A, 0xCA31, 
    0x6929, 0x4929, 0xCB39, 0x8A31, 0x6929, 0x8D52, 0x0F63, 0x4C4A, 0x2B42, 0xCE5A, 0x6D4A, 0x0C42, 0x6A29, 0xAB31, 0xCC31, 0x8B29, 
    0xEC41, 0xCB39, 0x4C4A, 0x0629, 0xCC62, 0x55B5, 0x5194, 0x14AD, 0xAF83, 0x0E6B, 0x2829, 0xAA39, 0x8A31, 0x8B29, 0x8B29, 0x2919, 
    0x4A29, 0x0921, 0x8A31, 0x8E52, 0xCE5A, 0xF283, 0x8839, 0xC941, 0x0E6B, 0xED6A, 0x739C, 0x3294, 0xE949, 0x4F73, 0x4B5A, 0x2E73, 
    0xED6A, 0xCC62, 0xED6A, 0xD183, 0x0B4A, 0xAE5A, 0xE720, 0x6A31, 0x6E52, 0x8F4A, 0x0D3A, 0xCD31, 0x6B29, 0x0A19, 0x4B21, 0x4A21, 
    0xCE52, 0xEE5A, 0x8C52, 0x0A42, 0x2729, 0x6C4A, 0xB59C, 0xB59C, 0xB183, 0x0E6B, 0xB5AC, 0xD5AC, 0xF5AC, 0x93A4, 0x93A4, 0x93A4, 
    0x529C, 0xF193, 0x3194, 0x729C, 0x729C, 0x93A4, 0x15B5, 0x76BD, 0x4E73, 0x8F7B, 0xD5AC, 0x8C5A, 0x4F73, 0x4C52, 0x17AD, 0xB5A4, 
    0xB18B, 0x73A4, 0x9083, 0x2E7B, 0xD08B, 0x3294, 0x949C, 0xD083, 0xD5A4, 0x128C, 0x138C, 0xB17B, 0x5073, 0x506B, 0x9273, 0x138C, 
    0x17B5, 0x3494, 0x1063, 0xEC31, 0x115B, 0xD052, 0xD27B, 0xB5A4, 0xB183, 0x4C4A, 0x2D42, 0x157C, 0xEC31, 0xAB31, 0xB283, 0x707B, 
    0xEB49, 0x348C, 0x2C4A, 0x6D52, 0xEF62, 0xD69C, 0xD69C, 0x7173, 0x9694, 0x758C, 0xD47B, 0xD05A, 0x3263, 0x6F4A, 0xB152, 0xEE39, 
    0x2C19, 0xEF29, 0x303A, 0xAD29, 0xCE31, 0x8C29, 0xED39, 0x7BA5, 0xD573, 0xF152, 0x4F42, 0xEE31, 0x6D21, 0x8D21, 0xCF21, 0x8E19, 
    0xD021, 0x6F19, 0xAF21, 0x8E19, 0xAE21, 0xCE21, 0x713A, 0x513A, 0xF031, 0xF031, 0xF873, 0xD352, 0xB56B, 0xCD31, 0xED39, 0xD47B, 
    0x18A5, 0x516B, 0x3CCE, 0x7CCE, 0x1BC6, 0x78AD, 0x9FF7, 0x3CC6, 0xF47B, 0x568C, 0x7794, 0x9FDE, 0xFCC5, 0x5594, 0x759C, 0xCE62, 
    0xB3A4, 0x5294, 0x5294, 0xD3A4, 0xD3A4, 0xDFFF, 0x19CE, 0x6A52, 0x8731, 0xC941, 0x0942, 0x6731, 0x8939, 0xE620, 0x2729, 0xCA41, 
    0x4929, 0x8A31, 0x8A31, 0xAA39, 0xCE5A, 0x4F6B, 0xCE5A, 0x2B42, 0xAA39, 0x8A31, 0x0829, 0x7073, 0xDDDE, 0xFFFF, 0x9EF7, 0xFFFF, 
    0xBEF7, 0xDFFF, 0xFFFF, 0x3CEF, 0x75B5, 0x929C, 0x5194, 0xAE83, 0xAF83, 0x6E7B, 0xAF7B, 0x2E6B, 0x907B, 0xD17B, 0xD27B, 0xCE5A, 
    0xEC41, 0x0821, 0xE720, 0x4C4A, 0x8D52, 0x2F6B, 0x338C, 0x4F6B, 0xED5A, 0x0E63, 0xCA39, 0x8931, 0xAB31, 0x8A29, 0xCC39, 0x4A29, 
    0x8B31, 0x4929, 0x8D5A, 0xF5A4, 0x6A5A, 0x084A, 0xB6C5, 0xEF8B, 0x93A4, 0xD083, 0x8D5A, 0x8931, 0xAA31, 0x0819, 0xAB31, 0x4A21, 
    0x2919, 0xCC39, 0x3163, 0x768C, 0x348C, 0x338C, 0xEA41, 0x0A4A, 0x5394, 0x907B, 0x2E73, 0xA841, 0x739C, 0x118C, 0x6B5A, 0x8C5A, 
    0x4B52, 0x0A4A, 0xCD62, 0xB183, 0x4831, 0x4C4A, 0x6E52, 0x2929, 0xCC39, 0x0D3A, 0xCC31, 0xCC31, 0x6B21, 0x0A19, 0x4B21, 0x6A21, 
    0xEF5A, 0xB173, 0x6C4A, 0xEA39, 0x6831, 0x4C52, 0xF6A4, 0x7494, 0xB183, 0x8D62, 0x2F73, 0xD18B, 0xF193, 0xF193, 0xB08B, 0xF193, 
    0x319C, 0x3194, 0x93A4, 0xB3A4, 0x529C, 0x118C, 0xF08B, 0x8F7B, 0x3294, 0x4F73, 0x2F73, 0x6C5A, 0xCE62, 0x6931, 0x5073, 0x38AD, 
    0x0F73, 0x1294, 0x0E73, 0x539C, 0x3394, 0xF18B, 0xF18B, 0xB07B, 0x0A4A, 0xA839, 0xD27B, 0x7073, 0xCE5A, 0x0F63, 0x516B, 0xD7A4, 
    0x3394, 0xD28B, 0x726B, 0xAB31, 0x4A21, 0x8A29, 0x7173, 0x949C, 0x5073, 0x8931, 0x6E4A, 0x357C, 0xAF4A, 0x2D4A, 0x759C, 0x0F73, 
    0xCE62, 0x9594, 0x8D52, 0x7594, 0x7594, 0xD69C, 0xB694, 0x2C42, 0xD37B, 0x558C, 0x3584, 0x1163, 0xD473, 0xF15A, 0x704A, 0xAD31, 
    0x0C11, 0xCE21, 0x3032, 0x8D21, 0xEE31, 0xCD31, 0xED31, 0x7784, 0x7363, 0x6F4A, 0xB04A, 0x4F3A, 0x4C19, 0xEF29, 0x3032, 0x6E19, 
    0x8F21, 0x6F19, 0xCF21, 0xEF29, 0xCE21, 0xAE21, 0xAE21, 0x4D11, 0x8E21, 0x3132, 0xF031, 0xF031, 0x303A, 0xCD31, 0x4B21, 0xCC31, 
    0xAF5A, 0xB69C, 0x1384, 0xD69C, 0x57AD, 0x3384, 0xDABD, 0xB273, 0x726B, 0xB37B, 0xF483, 0x358C, 0x927B, 0x148C, 0xD283, 0xEE6A, 
    0x92A4, 0xF093, 0xD3AC, 0x3094, 0xB2A4, 0x5DF7, 0x4D73, 0x4531, 0xC841, 0xA839, 0x6831, 0x0721, 0xCA39, 0x6929, 0x4829, 0x4929, 
    0x8B31, 0x8B31, 0xC818, 0x4929, 0x2C4A, 0x2F63, 0x6C4A, 0xCA39, 0x0821, 0xEB39, 0x4929, 0x0821, 0xD27B, 0x1DDF, 0xBFF7, 0xDFFF, 
    0x7DF7, 0xFFFF, 0x9EF7, 0xD7BD, 0x308C, 0x8A5A, 0x0842, 0x8B5A, 0x4A4A, 0x2A4A, 0x4B4A, 0xEE62, 0x6C52, 0x8C52, 0x0E63, 0xF27B, 
    0xEC41, 0x6E52, 0x4929, 0x2729, 0x98B5, 0xB8BD, 0x6731, 0x4B52, 0x8B52, 0x4B4A, 0x4729, 0x8931, 0x0C42, 0xAB31, 0x0D42, 0xEC39, 
    0x6A31, 0x0C4A, 0xAD5A, 0x2E73, 0x108C, 0x3094, 0xEF93, 0xB2AC, 0x319C, 0x4E7B, 0xCE6A, 0x8D5A, 0xAF5A, 0x6A29, 0x8A29, 0x6A21, 
    0x2A21, 0xE918, 0xC710, 0xCB39, 0xEF5A, 0xEE62, 0xEA41, 0x6731, 0x0A4A, 0xED62, 0x0D6B, 0x0529, 0x97BD, 0x2E6B, 0xCD62, 0x6B52, 
    0x094A, 0xCC62, 0x0E6B, 0xEE62, 0xAA39, 0x4931, 0x2D4A, 0xAB31, 0x6A29, 0xAC31, 0xAC31, 0xED39, 0xAC29, 0x2A19, 0x6B21, 0x8A29, 
    0x0B42, 0x748C, 0xAD52, 0x2B4A, 0x8931, 0x8939, 0xF383, 0x6D52, 0x5073, 0x8D62, 0xCE6A, 0x9183, 0x9083, 0xD18B, 0xF193, 0xD4AC, 
    0x56BD, 0x35B5, 0x36B5, 0x15B5, 0x93A4, 0x5294, 0x118C, 0xB07B, 0x2E6B, 0x3394, 0xB17B, 0x98B5, 0xEF62, 0x6D52, 0x0821, 0xD37B, 
    0x138C, 0xD283, 0x0E6B, 0x707B, 0x5394, 0xAD5A, 0x0E6B, 0x6B52, 0x9073, 0x8D52, 0x338C, 0xB17B, 0x0F63, 0x8E52, 0xEF62, 0xB27B, 
    0x0F73, 0x9183, 0xF37B, 0x4D42, 0x0919, 0xCB31, 0x138C, 0xF6AC, 0x128C, 0xA939, 0x6D4A, 0xB78C, 0x3163, 0x7273, 0x749C, 0xCE6A, 
    0x917B, 0xCE5A, 0xCE5A, 0xD69C, 0xD27B, 0x1384, 0x3063, 0x4C4A, 0x4D4A, 0x3063, 0xCF52, 0x0C3A, 0xF15A, 0xB052, 0xCC31, 0x8C29, 
    0x4C19, 0x8D19, 0xCE29, 0x0F32, 0xAD29, 0x8C29, 0xB04A, 0xB473, 0xED39, 0xD052, 0xF152, 0xCD29, 0xAD29, 0x3032, 0xAE21, 0xCF29, 
    0xAF21, 0x6E21, 0x8E21, 0xCF21, 0x8E19, 0xCE21, 0xAE21, 0x8D19, 0xCF21, 0x8E21, 0xCF29, 0x7142, 0x8D29, 0xF252, 0x904A, 0x1584, 
    0x0C42, 0xCB41, 0xEF62, 0xEE62, 0x8C52, 0x2B4A, 0x6C4A, 0x0C42, 0x8E52, 0x0D42, 0x526B, 0xB37B, 0xCB41, 0x7173, 0x338C, 0xAD5A, 
    0xD3B4, 0x109C, 0x51A4, 0x71A4, 0x719C, 0x17CE, 0xF3AC, 0x0C6B, 0x8B52, 0xEA41, 0x8931, 0x2821, 0xAA31, 0x2821, 0x4921, 0x6A29, 
    0x2A21, 0x4B29, 0x4A29, 0x0821, 0xEB39, 0x0B42, 0x0B42, 0xCB39, 0xAB31, 0x2929, 0xAB31, 0x8A31, 0x6D4A, 0x159D, 0x7EEF, 0xBEF7, 
    0xDFFF, 0x5DF7, 0x55B5, 0xCF83, 0x6E73, 0x0942, 0x0521, 0xC939, 0x6B4A, 0x6C52, 0xEA41, 0x0B42, 0x2729, 0x6831, 0x6831, 0x0B42, 
    0x7173, 0x8E52, 0x2C4A, 0x6831, 0x0B4A, 0xF28B, 0x118C, 0x8F7B, 0x8B5A, 0x4A4A, 0xA839, 0xEA41, 0x8931, 0x2821, 0x4929, 0xAB31, 
    0x0D42, 0x6931, 0xEA41, 0x318C, 0xB6C5, 0x13B5, 0x509C, 0x719C, 0x4E83, 0x2A52, 0x8841, 0x0F6B, 0xAE5A, 0xCB39, 0xE818, 0x8B29, 
    0x4A21, 0x8B29, 0x4A21, 0xAA31, 0xCB39, 0x0721, 0x6831, 0xC941, 0x4B52, 0x3294, 0x2A52, 0x2629, 0x0A4A, 0x128C, 0x4F73, 0x0629, 
    0x2E6B, 0x4A4A, 0x8C5A, 0x0E63, 0x6D52, 0xAA39, 0x8E52, 0x8A31, 0x8B31, 0xCC39, 0xCC39, 0x2E42, 0xED39, 0x4A21, 0x8B29, 0x8A29, 
    0xE618, 0xD17B, 0x6C52, 0x0B42, 0xAA39, 0x6931, 0xB283, 0xCE62, 0x3073, 0x917B, 0xF38B, 0x549C, 0x1394, 0x3394, 0xD5AC, 0xF9CD, 
    0xD4AC, 0x93A4, 0xD4AC, 0xF4AC, 0xB3A4, 0xB4A4, 0xB4A4, 0x939C, 0x2B52, 0x2F6B, 0xCE5A, 0x506B, 0xAE5A, 0x1063, 0x6A31, 0x2D4A, 
    0xD383, 0x138C, 0xEE62, 0xCE62, 0xCE62, 0xAD5A, 0x2F6B, 0x4F6B, 0xF283, 0x9073, 0x9173, 0xD27B, 0x7173, 0x6D52, 0xB694, 0x348C, 
    0xF28B, 0xB283, 0xB37B, 0x115B, 0x105B, 0x3484, 0x16AD, 0x739C, 0xD183, 0xA939, 0x9273, 0xD473, 0x115B, 0x6D52, 0x717B, 0x8D62, 
    0x2F6B, 0x4829, 0x9594, 0xCE5A, 0x9173, 0x9173, 0x3063, 0xAE52, 0x0C3A, 0xEF5A, 0x4D42, 0x6A29, 0xAF52, 0xD05A, 0xCD39, 0x4F42, 
    0xAE29, 0x6D19, 0x6D19, 0x7042, 0x6C21, 0xC910, 0xF15A, 0x936B, 0xAC31, 0x4E42, 0x325B, 0x0E32, 0x4C21, 0xEF31, 0xAE29, 0xEF29, 
    0x8E21, 0x6E19, 0x4D19, 0xCE21, 0x8D19, 0xCE21, 0xAE21, 0x6D19, 0xD029, 0x0D11, 0x2D11, 0x9242, 0xCE29, 0x0A19, 0xCC31, 0x726B, 
    0x558C, 0x5073, 0xEB41, 0xAA39, 0x2B4A, 0xA939, 0x9594, 0x1384, 0x1063, 0x8F52, 0xCC39, 0xD05A, 0xEC41, 0x306B, 0xD283, 0x8C5A, 
    0x51A4, 0xB2B4, 0x109C, 0x309C, 0x509C, 0xB5C5, 0xBAE6, 0x6639, 0x8C5A, 0xC939, 0xCA39, 0x8A29, 0x8A29, 0xE810, 0x6A21, 0xAC29, 
    0xA910, 0x0A21, 0xCC39, 0xE818, 0xAA31, 0x2821, 0xCB39, 0xEB39, 0x2D42, 0x0921, 0x2A29, 0x0D42, 0x8D52, 0x4F6B, 0x3DDF, 0xDFF7, 
    0xDFFF, 0x96BD, 0x0C6B, 0xAB5A, 0x2D6B, 0x4A4A, 0x4729, 0x8831, 0x4C42, 0x6D4A, 0xEB39, 0x4829, 0x6931, 0xEB41, 0xAA39, 0x2829, 
    0xCB39, 0xEB41, 0x506B, 0x7494, 0x0A4A, 0xE528, 0x3294, 0x5AD6, 0x118C, 0x0D6B, 0x6B52, 0x6C52, 0x4829, 0xEB39, 0xAB31, 0xCC39, 
    0x1063, 0x969C, 0xEE62, 0xE949, 0xCB6A, 0xCE8B, 0x13B5, 0xD2B4, 0x35BD, 0x8F83, 0x2B52, 0x4C52, 0x8A31, 0x6929, 0x4921, 0x8E4A, 
    0xCC31, 0x6B21, 0x0919, 0x8A29, 0xCA39, 0xCA39, 0x0621, 0x6731, 0x6B52, 0xD083, 0x8F7B, 0xA839, 0x8418, 0xED62, 0xB59C, 0xB07B, 
    0xB8BD, 0x6F73, 0xCD5A, 0xEE62, 0xAA39, 0x8931, 0x4D4A, 0xC818, 0xAB39, 0xEC39, 0xCC39, 0x4E42, 0x0D3A, 0x4A21, 0x6A21, 0x6A29, 
    0x6931, 0xCE62, 0xEA41, 0xCA39, 0x0B4A, 0x0B4A, 0x927B, 0x3494, 0x5173, 0x1073, 0xCE6A, 0x0F6B, 0x1394, 0x749C, 0x94A4, 0x3394, 
    0x529C, 0x118C, 0x3294, 0x729C, 0xF18B, 0x8F7B, 0x2E73, 0xED62, 0xCD62, 0x0F6B, 0xF383, 0x7173, 0x9694, 0xB37B, 0x8F52, 0x4D4A, 
    0x1063, 0x548C, 0xD27B, 0x959C, 0x7173, 0x9594, 0x1384, 0xF69C, 0x3384, 0xD27B, 0xB27B, 0xD27B, 0x3063, 0xCB39, 0x558C, 0x7173, 
    0x2F73, 0x0F73, 0x316B, 0x3163, 0x105B, 0xB273, 0x138C, 0xD183, 0xED6A, 0x6839, 0xD694, 0xF052, 0x3163, 0x0C42, 0x0F73, 0xEE6A, 
    0xEE62, 0x9173, 0xFABD, 0xCE5A, 0x9594, 0xB273, 0xB273, 0x6929, 0x8E52, 0x5163, 0x105B, 0x8B29, 0x726B, 0xF15A, 0x2E42, 0x325B, 
    0xAE21, 0x8D19, 0x6D21, 0x2F3A, 0x4C21, 0x2A19, 0x115B, 0x3263, 0xED39, 0x6B29, 0x125B, 0xB04A, 0x4C21, 0xEF31, 0x0F32, 0xCF29, 
    0xCF29, 0xCF29, 0xAE29, 0x703A, 0x0F2A, 0x5032, 0xAE21, 0x4D11, 0x2D11, 0x1132, 0x6E19, 0xEF31, 0x303A, 0xAC29, 0x8F4A, 0x3163, 
    0xD37B, 0x9ABD, 0xF383, 0xEF62, 0x57AD, 0x7494, 0xCE5A, 0x1063, 0xEC39, 0xAF5A, 0x4E4A, 0x516B, 0xB37B, 0xF7A4, 0xD17B, 0x2F6B, 
    0x30A4, 0xCE93, 0x0F9C, 0x70A4, 0x13B5, 0x71A4, 0x54BD, 0xD3A4, 0x6A52, 0x0621, 0x2729, 0x6929, 0xCB31, 0x2921, 0x6A21, 0x2919, 
    0x2B21, 0x2B29, 0x2A21, 0xC718, 0x8A31, 0x8A31, 0xEB39, 0xCB39, 0x0921, 0x2D42, 0x4A29, 0x4929, 0x4C4A, 0xAD52, 0x5EEF, 0xFFFF, 
    0xBADE, 0x308C, 0x6A5A, 0x8B52, 0x4A52, 0x6731, 0x0721, 0x6831, 0x0B42, 0xCA39, 0xEB39, 0xCB39, 0x8D52, 0xEB41, 0x0B4A, 0x6C52, 
    0xAA39, 0x8A31, 0x7173, 0xF283, 0x7073, 0x2E6B, 0x0D6B, 0x15AD, 0x108C, 0xAB5A, 0x094A, 0x8B5A, 0x4B52, 0xD6A4, 0xF6A4, 0x17AD, 
    0xD283, 0x57B5, 0x77BD, 0x729C, 0x8D83, 0xEA72, 0x2C7B, 0x309C, 0xB2AC, 0x319C, 0x1194, 0x6B5A, 0xEA41, 0xA939, 0x4C4A, 0x8D52, 
    0xCC39, 0x2921, 0x0921, 0x6A29, 0x2829, 0xAD5A, 0x0A42, 0xD17B, 0xD183, 0x6B52, 0x6F73, 0x0D6B, 0x2A4A, 0x2629, 0x2A4A, 0x8F7B, 
    0x4A52, 0xED62, 0x6B52, 0x2B4A, 0x8939, 0xAA39, 0x4929, 0x2921, 0xCC31, 0xCD39, 0xAC31, 0x0D3A, 0xCC39, 0x2921, 0x4921, 0x4921, 
    0x506B, 0xAD5A, 0xEA41, 0xCA41, 0x6D5A, 0x2C4A, 0x0C4A, 0x927B, 0x0F6B, 0x5073, 0x0F6B, 0xCD62, 0xF18B, 0x3294, 0x94A4, 0x3294, 
    0xD183, 0x8F7B, 0xD183, 0x5394, 0x3294, 0xD183, 0xB183, 0xB17B, 0x506B, 0xF383, 0xF7A4, 0x39AD, 0xB37B, 0xCF5A, 0xD05A, 0xFCC5, 
    0xB69C, 0x9594, 0x348C, 0x9173, 0x7173, 0x306B, 0xAE52, 0xEF5A, 0x9173, 0x8D52, 0x9273, 0x3063, 0xEF62, 0x4D4A, 0x716B, 0xAE5A, 
    0x0F6B, 0xAD62, 0xCF5A, 0x3163, 0x3063, 0x516B, 0xD283, 0x128C, 0xCD62, 0x0A4A, 0x758C, 0x716B, 0x9273, 0x969C, 0xB183, 0xB183, 
    0xEE62, 0x1AC6, 0xAD5A, 0xEE62, 0xCE5A, 0xEF5A, 0x716B, 0x0C3A, 0x6D4A, 0x3063, 0x926B, 0x8A29, 0xD473, 0x6F4A, 0xED39, 0xD152, 
    0x4C19, 0xCE29, 0xCE29, 0x8D21, 0x8C21, 0x4F42, 0x3263, 0x8F4A, 0xAC31, 0x8B29, 0x904A, 0x6F42, 0x7042, 0x4F42, 0x6C21, 0x7042, 
    0xB24A, 0x9242, 0x513A, 0xF34A, 0x913A, 0xF34A, 0x913A, 0x3032, 0x102A, 0x8E19, 0xCF29, 0xAF29, 0x3032, 0x9142, 0xAD29, 0xDCB5, 
    0xD89C, 0xDBBD, 0x7594, 0x1BC6, 0x3384, 0x1384, 0x9594, 0xAE52, 0x0C42, 0x1063, 0x1CC6, 0xBBBD, 0x5594, 0xDEDE, 0x16A5, 0xB59C, 
    0x509C, 0x70A4, 0x70A4, 0x70A4, 0x91AC, 0xF2B4, 0x13BD, 0xD2AC, 0x39DE, 0x4E7B, 0xE628, 0xE620, 0xEB41, 0xEB41, 0x4929, 0xA710, 
    0x2921, 0x4A29, 0xC818, 0x2929, 0x0821, 0xCB39, 0x0C42, 0x8D52, 0x4929, 0xAA39, 0x8931, 0x6C52, 0x2F6B, 0x57AD, 0xDFFF, 0x7EF7, 
    0x7EF7, 0x5194, 0x8B5A, 0xCC62, 0x2A52, 0x2A52, 0x2731, 0xCA41, 0xEB49, 0xCA41, 0xCE62, 0x3073, 0xEF6A, 0x2729, 0x0729, 0xA939, 
    0x6931, 0x2C42, 0x2C4A, 0xCE5A, 0xD283, 0xD17B, 0x8F73, 0x318C, 0xB29C, 0x919C, 0x2F94, 0x91A4, 0x0B73, 0x309C, 0x96CD, 0xD3B4, 
    0x14C5, 0xF3BC, 0x92B4, 0xB2B4, 0x54C5, 0x95CD, 0xF3B4, 0x0F9C, 0xB2AC, 0x72A4, 0xF4AC, 0xD08B, 0x8741, 0x294A, 0x2E73, 0x2A4A, 
    0x2829, 0x6A39, 0x2829, 0xC620, 0x0729, 0x4831, 0x7073, 0xF183, 0xC941, 0x0E6B, 0x2A52, 0x2631, 0x8739, 0xAB62, 0xAB62, 0x5294, 
    0xAB62, 0xEB62, 0xEC6A, 0x4731, 0xCA41, 0x4929, 0x6B31, 0xA810, 0x4B29, 0xCD39, 0xAD31, 0x4F4A, 0xEC39, 0xAB39, 0x2929, 0xEF62, 
    0x138C, 0x2B4A, 0xCA41, 0xAA39, 0xCE62, 0x4C52, 0xAA41, 0x2B52, 0x4F73, 0x2A4A, 0x4E73, 0x118C, 0x7294, 0x8F7B, 0x118C, 0x939C, 
    0xD5A4, 0x58B5, 0x749C, 0x2F73, 0x138C, 0x306B, 0xAE62, 0x5173, 0x7173, 0xCF5A, 0x2D4A, 0x0C42, 0xF062, 0x9373, 0xAF5A, 0x18A5, 
    0x1384, 0x3384, 0xCD5A, 0x2C4A, 0xAE5A, 0x6D52, 0xCF5A, 0x726B, 0x726B, 0x8E52, 0x1484, 0x7173, 0xCF5A, 0xEF62, 0xD27B, 0xD27B, 
    0x0F6B, 0x2F6B, 0xB17B, 0xF383, 0x4C4A, 0x306B, 0x338C, 0xB17B, 0xEE62, 0x8C52, 0x1284, 0xCD5A, 0xB17B, 0xF283, 0xF183, 0x4F73, 
    0xD9C5, 0x37AD, 0xB27B, 0x348C, 0x1484, 0x9273, 0x9273, 0x8D52, 0x5063, 0x0F5B, 0x916B, 0xEF5A, 0xB373, 0xB052, 0xAC31, 0x704A, 
    0x8D29, 0x8D21, 0xEE31, 0x8D21, 0x6C21, 0xCE31, 0xCD31, 0x0E3A, 0xCD31, 0x0D3A, 0xD052, 0x904A, 0xB04A, 0xB04A, 0xCD31, 0x2F3A, 
    0x3C95, 0x144B, 0x923A, 0x5132, 0x8E19, 0xCF21, 0x8E19, 0x5132, 0x3132, 0x7132, 0xCF21, 0x8E19, 0x102A, 0x3032, 0x713A, 0x545B, 
    0xF57B, 0x3584, 0x4E4A, 0xD37B, 0x0F5B, 0xEF5A, 0x716B, 0xEF5A, 0x6931, 0x106B, 0xB59C, 0x348C, 0x348C, 0xCE62, 0x2F6B, 0xD183, 
    0xB1A4, 0x90A4, 0x70A4, 0x70A4, 0xB1AC, 0xD2B4, 0xB1B4, 0x71AC, 0xF3B4, 0x55BD, 0x329C, 0xC949, 0x6418, 0xC618, 0x4931, 0x4929, 
    0x4929, 0xA718, 0xC718, 0x8A31, 0xCB39, 0x0C42, 0x2829, 0x2B4A, 0xAD5A, 0xEA41, 0xA839, 0xCD62, 0xD183, 0x9BDE, 0xDFFF, 0xDFFF, 
    0x9EF7, 0x38CE, 0x14AD, 0x4E73, 0x094A, 0x6839, 0x8841, 0xCA49, 0x0F73, 0x507B, 0x717B, 0x917B, 0xEE6A, 0x4C52, 0xEA41, 0xEA41, 
    0xEB41, 0xCA39, 0x0821, 0x8931, 0x4C4A, 0x0E63, 0xED62, 0x8E7B, 0xCE83, 0xEE8B, 0xED8B, 0x90AC, 0x6B83, 0xCD93, 0xF2BC, 0xB2BC, 
    0xF2C4, 0xD2BC, 0xB2BC, 0xD2BC, 0xD2BC, 0xF2BC, 0xF3BC, 0x13BD, 0x13BD, 0xB2AC, 0x91A4, 0xF3AC, 0xB2A4, 0x2C73, 0x2852, 0x4A52, 
    0x0A52, 0xAD62, 0x6839, 0x0B4A, 0x6C52, 0x6F73, 0x8C5A, 0x8B52, 0x0D6B, 0xE941, 0xA739, 0x4631, 0x2952, 0xEC6A, 0x4D73, 0x92A4, 
    0x92A4, 0x0F8C, 0xF083, 0x907B, 0x506B, 0x2D4A, 0x4A29, 0x8810, 0x8C31, 0xAD31, 0x6B31, 0x6B31, 0xCB39, 0x4931, 0x0729, 0xD27B, 
    0x4F73, 0x8839, 0x6831, 0x6831, 0x2C4A, 0xCA41, 0x6931, 0x8839, 0xED62, 0x939C, 0xFCE6, 0x1BE7, 0xD7BD, 0x35AD, 0x59D6, 0x7EF7, 
    0xDFFF, 0x9CDE, 0x917B, 0xCE62, 0xCE62, 0xD383, 0x8A39, 0x2C4A, 0x8A39, 0x4D4A, 0x8E5A, 0x8E5A, 0xAF5A, 0x316B, 0x516B, 0x1384, 
    0x9173, 0xF6A4, 0x1384, 0xEE5A, 0x1063, 0x9273, 0xB373, 0x726B, 0x936B, 0x8E52, 0x726B, 0x516B, 0x0F63, 0x0F63, 0xB27B, 0x506B, 
    0x506B, 0x5073, 0x5073, 0xF283, 0x0B4A, 0x7073, 0xB27B, 0xEE62, 0xCE62, 0x4B4A, 0xF283, 0xB17B, 0xCD5A, 0xCC5A, 0x328C, 0x0D63, 
    0xD17B, 0xF283, 0xAD5A, 0x8D52, 0x8E52, 0x2D4A, 0x4D4A, 0xEB41, 0x516B, 0x5063, 0x716B, 0xEF5A, 0x726B, 0x2E42, 0x6C29, 0xEE39, 
    0x0F3A, 0x8D29, 0xAD29, 0x8D29, 0x8D29, 0xCE31, 0xEE39, 0xB14A, 0x125B, 0xF152, 0x125B, 0xF152, 0xB052, 0x8F4A, 0x0D3A, 0xED31, 
    0x797C, 0xFC8C, 0x3132, 0xAE19, 0x6E19, 0x302A, 0x8E19, 0x3032, 0xAE21, 0xCF21, 0x5132, 0x5132, 0xCF21, 0xAE19, 0xCF21, 0x0F2A, 
    0x1253, 0xED39, 0xAC31, 0xCF52, 0x3163, 0xD37B, 0x8E52, 0xEB39, 0x0B42, 0x506B, 0xCD5A, 0x7073, 0x707B, 0x2B4A, 0x5073, 0x3394, 
    0xD2AC, 0x90A4, 0x4F9C, 0x90A4, 0xB1AC, 0xB1B4, 0x70AC, 0x50A4, 0x309C, 0x72A4, 0xF4B4, 0xD4AC, 0x907B, 0xCA41, 0xC618, 0x8510, 
    0x8510, 0xE720, 0xCA39, 0x4831, 0xCA39, 0x2F6B, 0xAD5A, 0xF283, 0x6F73, 0x0E6B, 0xAC5A, 0xED62, 0x1184, 0xFFFF, 0x7EF7, 0x5EEF, 
    0xDFFF, 0x7DF7, 0xB29C, 0xE849, 0xCC62, 0x4A52, 0xE949, 0x4739, 0x0631, 0xA941, 0xC941, 0x8C5A, 0x4B52, 0xCD62, 0x8C5A, 0xCD5A, 
    0xCA39, 0x8931, 0xE720, 0x4929, 0x6931, 0xEB41, 0xE941, 0x294A, 0xEF83, 0x4F94, 0x2F94, 0xB0A4, 0x4FA4, 0xF2BC, 0x34CD, 0xB2BC, 
    0xF2C4, 0xD2BC, 0xD1BC, 0xD2BC, 0xB1B4, 0x91AC, 0xF3BC, 0x95CD, 0x54C5, 0x75BD, 0xD2AC, 0xB2A4, 0xF3AC, 0xCF83, 0x0852, 0x6639, 
    0xA841, 0xF18B, 0xB8C5, 0x3294, 0xD4A4, 0x328C, 0xAF7B, 0xCC5A, 0x2D6B, 0x8B5A, 0xB083, 0x4E73, 0x3194, 0xD08B, 0xD08B, 0x96BD, 
    0x929C, 0x8E7B, 0x8E7B, 0x328C, 0xD17B, 0x1063, 0x0C42, 0x2921, 0x2A21, 0xCC31, 0x2D42, 0xAB39, 0x2D4A, 0x2829, 0x6831, 0x949C, 
    0x2E6B, 0xC941, 0xEA49, 0xEB49, 0x2C52, 0x2C4A, 0x0B4A, 0xA939, 0x36AD, 0x1DEF, 0xFFFF, 0xBEFF, 0xFBE6, 0x9DF7, 0x5DEF, 0xBBDE, 
    0x36AD, 0xF183, 0x2F6B, 0x8C5A, 0xCE62, 0x138C, 0x306B, 0x148C, 0x148C, 0x106B, 0xCF62, 0x927B, 0x1384, 0xB27B, 0xF383, 0x0F63, 
    0xF283, 0x1284, 0x0E63, 0x0F63, 0x716B, 0xEF5A, 0xAF52, 0xD05A, 0x726B, 0xD05A, 0x3163, 0x726B, 0x1063, 0xEE5A, 0x9173, 0xCE62, 
    0x9173, 0x7173, 0x0F63, 0xB17B, 0x0B42, 0xF383, 0x9173, 0x8D5A, 0x5073, 0xB27B, 0x7073, 0xB17B, 0x2F6B, 0xAC5A, 0x8F73, 0xCD5A, 
    0x9494, 0x538C, 0x506B, 0xCF5A, 0xEF62, 0x6E52, 0x6E52, 0x8E52, 0x506B, 0x716B, 0x105B, 0xEF5A, 0x3163, 0xED39, 0x8C31, 0xAD31, 
    0x0F3A, 0x8D21, 0xCE31, 0x0F3A, 0x2F3A, 0x2F3A, 0x0E32, 0xB04A, 0xAD31, 0x8C29, 0x8C29, 0x0E3A, 0xED31, 0xED31, 0x0D3A, 0x4B19, 
    0x713A, 0x1B8D, 0x5974, 0x513A, 0xAE21, 0x6C19, 0xF34A, 0x8D19, 0xCE21, 0x8D19, 0x713A, 0xF24A, 0x0F2A, 0xCE29, 0x0F2A, 0x8D21, 
    0xF152, 0x0E3A, 0x2A21, 0x726B, 0xD47B, 0xF05A, 0x6D4A, 0x6929, 0xAA39, 0x9594, 0x338C, 0xCD62, 0xB17B, 0x8D5A, 0x4C52, 0xB5A4, 
    0xD2AC, 0x70A4, 0x4F9C, 0xB1AC, 0xD1B4, 0x91AC, 0x70AC, 0x70AC, 0x71AC, 0x50A4, 0x519C, 0xB3A4, 0xF5AC, 0x5394, 0xCD62, 0x8831, 
    0x8839, 0x8839, 0x4729, 0x0629, 0x0E63, 0x15A5, 0x9394, 0x7394, 0x528C, 0xD07B, 0xAB5A, 0x8A52, 0x318C, 0xDFFF, 0x9EFF, 0xFFFF, 
    0x3CEF, 0xBDF7, 0xD6BD, 0x6D73, 0xAA5A, 0x4952, 0x2D73, 0xEC6A, 0x2A52, 0x6B5A, 0x8C62, 0x2E73, 0xAC5A, 0x4A52, 0x0942, 0x6B52, 
    0x8831, 0x8931, 0xEB39, 0xCB39, 0x8A31, 0x4829, 0x8831, 0x6731, 0xEC62, 0x5094, 0x709C, 0xEE93, 0x4F9C, 0x53C5, 0x34C5, 0x50AC, 
    0x13C5, 0xD2BC, 0xB1BC, 0xF2BC, 0xF2BC, 0xF2BC, 0xD2BC, 0xF3BC, 0xD2B4, 0x34BD, 0x75BD, 0xD2AC, 0x719C, 0xD3AC, 0x719C, 0xEB6A, 
    0x4639, 0x8318, 0x4E73, 0x97BD, 0x939C, 0xB39C, 0x2D6B, 0x2529, 0x0D6B, 0x4D6B, 0xF083, 0x0D6B, 0x3194, 0xF08B, 0xE949, 0x2952, 
    0x719C, 0xCB62, 0x0942, 0x8831, 0x6729, 0xEB39, 0x8D4A, 0xEC39, 0x0819, 0xAB31, 0x4D4A, 0x0B42, 0x4C52, 0xE620, 0x8C5A, 0xD183, 
    0xED62, 0xE941, 0x0B4A, 0x0B4A, 0xCA41, 0x0B4A, 0x2B52, 0x6839, 0xF9C5, 0xBFFF, 0x1CE7, 0xBAD6, 0xB6BD, 0x58CE, 0x14A5, 0xD07B, 
    0xCC5A, 0x2E6B, 0x328C, 0x6F73, 0x0E6B, 0xF283, 0xF7A4, 0x3BCE, 0x38AD, 0x7173, 0x8D52, 0x0B42, 0xAE5A, 0xEE62, 0x9173, 0x0F63, 
    0x8C52, 0x2F6B, 0x8D52, 0x4C4A, 0x8E52, 0xCF5A, 0x3163, 0xF05A, 0x3163, 0x516B, 0x726B, 0xD37B, 0x306B, 0xAE5A, 0xB27B, 0x306B, 
    0xD27B, 0x7173, 0x506B, 0x7173, 0x8D5A, 0x5594, 0xF383, 0xCF62, 0x0F63, 0x1384, 0x2F6B, 0x9173, 0x9073, 0x9073, 0xD17B, 0xB07B, 
    0x37AD, 0x7073, 0x0F63, 0xEF62, 0xEF62, 0x8E52, 0xAF5A, 0xAE52, 0xEF5A, 0x3063, 0xAE52, 0xCF52, 0xF05A, 0xCD31, 0xCD31, 0xAD31, 
    0xEF39, 0x8D29, 0xCE31, 0x0F32, 0x2F3A, 0x4F3A, 0xEE31, 0x2F3A, 0x0F3A, 0xEE31, 0x0E3A, 0xD14A, 0x6F42, 0x0E3A, 0x6F42, 0x2B19, 
    0x8D21, 0xBA84, 0xBA8C, 0x1B95, 0x2F32, 0xAD21, 0x2F32, 0xCE29, 0x0E32, 0x8C21, 0xAD21, 0x0F32, 0x0E32, 0x0E32, 0x2F32, 0xAD29, 
    0x6F42, 0x2F42, 0x2A21, 0x978C, 0x3584, 0xAE52, 0x716B, 0xB273, 0x3BCE, 0x1BCE, 0x1ACE, 0xBDDE, 0x328C, 0x8839, 0xD9C5, 0x5BD6, 
    0xB1AC, 0x90A4, 0x90A4, 0xB1AC, 0xB1AC, 0x90AC, 0x70AC, 0xB1B4, 0xB1B4, 0xB2AC, 0x92AC, 0x71A4, 0x529C, 0x729C, 0x729C, 0x7294, 
    0xAF7B, 0x6E7B, 0xAB62, 0xD083, 0x56B5, 0x35AD, 0xF4A4, 0x318C, 0x2D6B, 0x8A52, 0x294A, 0xB294, 0x7DEF, 0xDFFF, 0x7DF7, 0xBEF7, 
    0x98D6, 0x1ADF, 0x3BEF, 0x99D6, 0xAA5A, 0x8639, 0x0C6B, 0x0C6B, 0x6E7B, 0xAF83, 0x118C, 0x8F7B, 0x0D6B, 0x294A, 0x494A, 0x6A4A, 
    0xA839, 0x8831, 0x4C4A, 0x8931, 0xAA39, 0x0821, 0xEB41, 0xC939, 0x6731, 0x0C6B, 0xEF8B, 0x8D83, 0x2F9C, 0xF2B4, 0xF2B4, 0x91AC, 
    0xF2BC, 0xF2C4, 0xD2BC, 0xD1BC, 0xF2BC, 0x33C5, 0x13BD, 0xB2B4, 0xB2B4, 0xB2AC, 0x54C5, 0x96CD, 0x34BD, 0x13B5, 0xF3B4, 0x919C, 
    0x2C73, 0x4852, 0x6539, 0xAA62, 0x14AD, 0x55AD, 0xCB62, 0x6E73, 0x318C, 0x318C, 0xB39C, 0x318C, 0x118C, 0x15AD, 0x6E7B, 0xCC62, 
    0x118C, 0xAB5A, 0xCC5A, 0x0A42, 0x0A42, 0x6829, 0xCA39, 0xC610, 0xAA31, 0xCA39, 0xEB39, 0x0A42, 0xEA41, 0x0629, 0xF28B, 0xCD62, 
    0xAC62, 0x0A4A, 0xEA49, 0xEA49, 0x6939, 0xCA49, 0x2B52, 0x4731, 0xB07B, 0x56AD, 0xB294, 0x17C6, 0xBADE, 0x5CEF, 0x34A5, 0x8E73, 
    0xCF7B, 0x7394, 0x4E73, 0xB07B, 0xCD5A, 0x9494, 0x37AD, 0xD6A4, 0xB17B, 0xB59C, 0x99B5, 0xEE62, 0x6C52, 0xCE5A, 0xAD5A, 0xCD5A, 
    0xAD5A, 0xB17B, 0xD27B, 0x9173, 0xAE52, 0x4D4A, 0x516B, 0x3584, 0xF05A, 0x3163, 0x1063, 0xD37B, 0x516B, 0x0F63, 0xD27B, 0x7173, 
    0xB27B, 0x506B, 0xD283, 0x7173, 0x5173, 0x5594, 0xD383, 0x8E5A, 0xAE5A, 0x306B, 0xF383, 0x348C, 0xAD5A, 0x9073, 0xD283, 0x4F6B, 
    0x7494, 0x2B4A, 0xEE62, 0x6D52, 0x0C4A, 0xAF5A, 0x516B, 0x6D4A, 0xAE52, 0xEF5A, 0x4C42, 0xAE52, 0x6E4A, 0xAC31, 0xCD39, 0x8D31, 
    0x0F3A, 0xCE31, 0xAD29, 0x2B19, 0x4C21, 0xEE31, 0xCE31, 0xCD31, 0xCD29, 0xCD29, 0xED31, 0xB04A, 0x0E32, 0xAC29, 0x4F3A, 0x2B19, 
    0xD14A, 0xF673, 0xDA94, 0x587C, 0x1B95, 0x2F3A, 0x6C21, 0xCE29, 0x0F32, 0x0E32, 0x8C21, 0xAD29, 0x2F3A, 0x2F3A, 0xCD29, 0x0E32, 
    0x4F3A, 0xAD29, 0xCD31, 0xF57B, 0x3263, 0x926B, 0x3063, 0x9594, 0x5FEF, 0x98BD, 0x77B5, 0x949C, 0x6B5A, 0x16AD, 0x5AD6, 0x8F7B, 
    0xD1AC, 0xB1AC, 0xB1AC, 0xB1AC, 0x90AC, 0x70A4, 0x70AC, 0x90AC, 0x2FA4, 0x70A4, 0xD2B4, 0xF3B4, 0xD3AC, 0x719C, 0x3194, 0x3194, 
    0x1094, 0x14B5, 0x14AD, 0x96BD, 0x75BD, 0x308C, 0xD3A4, 0x108C, 0x6D73, 0x8A52, 0x8631, 0xB29C, 0xDFFF, 0x9EF7, 0xFFFF, 0xFFFF, 
    0x5BEF, 0xFEFF, 0xDDFF, 0xFEFF, 0xF7C5, 0xCF83, 0x6A5A, 0xAB62, 0xAB62, 0x8F7B, 0x318C, 0xAB5A, 0x8B52, 0x8A52, 0x2D63, 0xAB52, 
    0x0942, 0xEA39, 0x4B4A, 0x6929, 0xCB39, 0x2829, 0x8A39, 0x6831, 0x4731, 0x6639, 0x8A5A, 0x4C73, 0xD2AC, 0x33BD, 0xD2B4, 0xD2B4, 
    0xB1B4, 0x13C5, 0x13C5, 0xB1B4, 0x91B4, 0xF2BC, 0x33C5, 0x13C5, 0x13BD, 0x34BD, 0xD2B4, 0xF3B4, 0x75C5, 0xD2AC, 0x309C, 0xB2AC, 
    0x8D83, 0x509C, 0x13AD, 0xC641, 0x6531, 0xAE7B, 0x14AD, 0x6952, 0xEF83, 0x4D73, 0x729C, 0x35AD, 0x4E73, 0x739C, 0xB4A4, 0xF18B, 
    0x328C, 0x6B52, 0x4B4A, 0xA831, 0x0A3A, 0x0619, 0x0A3A, 0x2B42, 0xEA39, 0x6C4A, 0x4F6B, 0x7073, 0x2B4A, 0x6731, 0xD5AC, 0xCD62, 
    0xCC62, 0xAC62, 0x0A4A, 0x2B52, 0xAA41, 0x2C52, 0x6D5A, 0xC941, 0x0D63, 0x9AD6, 0x1CE7, 0xFFFF, 0x9DF7, 0x58CE, 0x0F7C, 0x2C63, 
    0x4E73, 0x6F73, 0x2A4A, 0x2E6B, 0x9494, 0x77B5, 0x98BD, 0x0F6B, 0x2B4A, 0x2F6B, 0xB59C, 0x2F6B, 0x2F6B, 0x9173, 0xAD5A, 0x2F6B, 
    0x0E63, 0x0E6B, 0x4F6B, 0xD27B, 0xEF5A, 0xAA31, 0x6D4A, 0x9273, 0x8E52, 0x8E52, 0x4D4A, 0x306B, 0x306B, 0x7173, 0x7073, 0x0F6B, 
    0x506B, 0xCE5A, 0xF383, 0x5173, 0x927B, 0xB27B, 0xCF62, 0xAA39, 0x8E5A, 0x306B, 0x9173, 0xD283, 0x506B, 0xD17B, 0x2F6B, 0xCE5A, 
    0x7494, 0xAD5A, 0x338C, 0x8E52, 0xAB39, 0xF062, 0x9273, 0x0C42, 0x0F63, 0x0F63, 0x8D4A, 0xCF52, 0x4D42, 0xED39, 0xCD31, 0xAD31, 
    0xEF39, 0xEF31, 0xEF39, 0x4C21, 0x6D21, 0x0F3A, 0xCD29, 0x8C21, 0x6C21, 0x8C21, 0xCD29, 0x4F3A, 0x0E32, 0x0E32, 0xB14A, 0x7042, 
    0x4F3A, 0x345B, 0x7984, 0x998C, 0x5884, 0xDA94, 0x914A, 0xAD29, 0x6C21, 0x0E32, 0xCD29, 0xAD29, 0x2F3A, 0xEE31, 0x8C29, 0x5042, 
    0x9042, 0x904A, 0x8C29, 0xD152, 0x8F4A, 0x5163, 0x3063, 0xCE5A, 0xB59C, 0x3BCE, 0x2E6B, 0x3294, 0x8F7B, 0x19CE, 0x36B5, 0xD083, 
    0xD2AC, 0xD2AC, 0xB1AC, 0x90A4, 0x70A4, 0x70AC, 0x70AC, 0x6FAC, 0xEE9B, 0xD1B4, 0xD1B4, 0xEE93, 0x509C, 0x34BD, 0xD2AC, 0x6C7B, 
    0xEF93, 0x509C, 0xD2A4, 0x719C, 0xCE8B, 0x0C6B, 0x8E7B, 0x084A, 0x284A, 0x6952, 0x284A, 0xD7BD, 0xFFFF, 0xDFFF, 0xFFFF, 0x7DEF, 
    0xFEFF, 0x9CEF, 0x1AE7, 0xBDFF, 0xFFFF, 0x3CEF, 0x5194, 0x8E7B, 0xAF7B, 0x7294, 0x5294, 0xCC62, 0x4A52, 0xAB5A, 0x8B52, 0xC739, 
    0xE939, 0x8B4A, 0x4B4A, 0xEB39, 0xAA39, 0x6A31, 0x0829, 0x6931, 0x0A4A, 0xE528, 0xC741, 0x8A62, 0x2F94, 0x509C, 0x509C, 0x91AC, 
    0xF2BC, 0x12BD, 0x13C5, 0xD2BC, 0xB1B4, 0xB1BC, 0x13C5, 0x54C5, 0xF3BC, 0x34C5, 0xF3BC, 0x91AC, 0xF3B4, 0x74C5, 0x54BD, 0x33BD, 
    0x13B5, 0x6C7B, 0x4C73, 0x95BD, 0x8D7B, 0x6952, 0x0742, 0x284A, 0x8E73, 0xEC62, 0xCC62, 0x6F73, 0x0E6B, 0x2E6B, 0x4F7B, 0x2B52, 
    0x4C52, 0x8931, 0x8931, 0x6829, 0xEA39, 0x6829, 0xEA39, 0x4B42, 0xC931, 0x4B42, 0xF27B, 0xF17B, 0x4B52, 0xC941, 0x128C, 0xAD62, 
    0x4A52, 0x8B5A, 0x8841, 0xEA49, 0xA941, 0x0B4A, 0x2B52, 0xC941, 0x0D63, 0x3CE7, 0x5DEF, 0xFFFF, 0xFFFF, 0x1BE7, 0xD29C, 0x6D6B, 
    0x8E73, 0xED62, 0x0D6B, 0x0E6B, 0xD9C5, 0x37AD, 0x98BD, 0x4F73, 0x37AD, 0xB17B, 0x2F6B, 0x0F6B, 0xAD5A, 0xCE62, 0x6C52, 0xED5A, 
    0x2F6B, 0xF283, 0xD17B, 0x7073, 0x9173, 0x548C, 0xB69C, 0xB273, 0x8E52, 0x6D4A, 0x8E52, 0x506B, 0x506B, 0xB27B, 0xEE62, 0xCE62, 
    0x306B, 0x8D5A, 0x917B, 0x5173, 0x5173, 0x927B, 0x6D52, 0xAA39, 0x6E5A, 0x3173, 0x0B4A, 0xEF62, 0x348C, 0xD283, 0x5073, 0x917B, 
    0x338C, 0xAD5A, 0x1384, 0x2C4A, 0x2D4A, 0xF062, 0xCF5A, 0x0C42, 0x916B, 0x3063, 0xEF5A, 0xEF5A, 0x0D3A, 0x2E42, 0xAD31, 0xCE31, 
    0xAE31, 0xCE31, 0x3042, 0x0F3A, 0x2F3A, 0x7042, 0xCE31, 0x8D29, 0x0F32, 0x0E32, 0x4F3A, 0x0E32, 0xEE31, 0x0E32, 0xEE31, 0x2F3A, 
    0x8D29, 0x8D21, 0xBA8C, 0xF773, 0x1774, 0x1B95, 0x1B9D, 0xB14A, 0xAD29, 0xCE29, 0xAD29, 0x6C21, 0x6C21, 0x6C21, 0xAD29, 0x2F3A, 
    0x0F3A, 0xB14A, 0x6C21, 0x4F42, 0xB052, 0x4E42, 0x3484, 0xEF5A, 0xB073, 0x3ACE, 0xFDE6, 0xB7C5, 0x6A5A, 0x97C5, 0xD3A4, 0xF4AC, 
    0xD2AC, 0xD2AC, 0x91AC, 0x509C, 0x50A4, 0x91AC, 0x90AC, 0x4FA4, 0x6FAC, 0x4FA4, 0x90A4, 0xB1AC, 0x90A4, 0x4F9C, 0xB1A4, 0x33B5, 
    0xEF93, 0x6D83, 0xF3B4, 0xD2AC, 0x0B73, 0x2431, 0x8639, 0x4531, 0x8539, 0xE741, 0x8A52, 0x3CEF, 0xFFFF, 0x7EEF, 0x7EEF, 0xFFFF, 
    0x1BE7, 0x884A, 0xEA5A, 0xB19C, 0x99D6, 0xFFFF, 0x59D6, 0x8639, 0xAB5A, 0x0D6B, 0x8B5A, 0x6A52, 0x0942, 0x8B52, 0xE841, 0x6629, 
    0xA731, 0x0D5B, 0x2B42, 0x2B42, 0x2829, 0xAB39, 0x4931, 0xAE5A, 0xCE62, 0x2A52, 0x2D73, 0xAA62, 0xEA6A, 0x0B73, 0x0F94, 0x13B5, 
    0x53C5, 0xF2BC, 0xF2BC, 0x12BD, 0x12BD, 0xD1BC, 0xB2BC, 0xF2BC, 0x54CD, 0x91AC, 0x54C5, 0x95CD, 0x70A4, 0xD2B4, 0x75C5, 0x709C, 
    0x33B5, 0xB1A4, 0xAD83, 0x4B73, 0x2F8C, 0x919C, 0x508C, 0x6531, 0x8631, 0x4E6B, 0x2A4A, 0x4731, 0xAC62, 0xA941, 0x2B52, 0xCE62, 
    0xEF62, 0x1063, 0x4D4A, 0xAA31, 0xCA31, 0x4C42, 0x6C42, 0x8C4A, 0xEA39, 0x0721, 0x4C4A, 0x0B42, 0xA939, 0xEA49, 0x8D62, 0xC941, 
    0xE949, 0x6B5A, 0x4739, 0xC941, 0xAA41, 0x0B4A, 0x0B4A, 0xC939, 0x4A4A, 0x7EEF, 0xFFFF, 0x9DF7, 0xBDF7, 0xDEFF, 0x3CE7, 0x9AD6, 
    0xD4A4, 0x907B, 0xCD62, 0x6B52, 0xF283, 0x338C, 0x949C, 0x7494, 0xCE62, 0x4C52, 0xCE62, 0x138C, 0xCE5A, 0x0F6B, 0xB17B, 0x506B, 
    0x4F73, 0x6F73, 0xEE62, 0xCD5A, 0xCE5A, 0x506B, 0xB273, 0xCE5A, 0x0F63, 0x0F63, 0xB27B, 0x1384, 0xB17B, 0xF383, 0xCE62, 0x2F6B, 
    0xB27B, 0xEE62, 0x5073, 0x7173, 0x5173, 0x348C, 0xCF62, 0x8E5A, 0xD383, 0x727B, 0x0B4A, 0x7173, 0x5073, 0x2B4A, 0x917B, 0x5073, 
    0x548C, 0x4C52, 0x7073, 0x8D52, 0x1484, 0x358C, 0x516B, 0xD37B, 0x916B, 0xEF5A, 0x0F5B, 0xCF52, 0xCC31, 0x2E42, 0x6C29, 0xAD31, 
    0xCE39, 0x8D29, 0xEF39, 0x0F3A, 0x0F3A, 0x2F3A, 0xCE31, 0x0F3A, 0xB14A, 0x9042, 0xF252, 0x9042, 0x9042, 0x9042, 0xED31, 0x4F3A, 
    0x503A, 0x2C19, 0xB24A, 0xB66B, 0x5984, 0x7984, 0xBA8C, 0x5C9D, 0xB66B, 0x9142, 0x0F32, 0xCE29, 0x2C19, 0xAE29, 0x7142, 0x7042, 
    0x5042, 0xCE31, 0xB152, 0x2E42, 0xAF4A, 0xCB31, 0xB273, 0x9594, 0x3AC6, 0x3EEF, 0x9FFF, 0x5EF7, 0xDBE6, 0x18CE, 0x2D73, 0xEB6A, 
    0xD2AC, 0x13B5, 0x13B5, 0xB1AC, 0x70A4, 0x70A4, 0x90AC, 0x70AC, 0x4FA4, 0x70AC, 0x90AC, 0x90AC, 0x70A4, 0x90A4, 0xD1AC, 0x12B5, 
    0xB1AC, 0x50A4, 0xEF93, 0x91A4, 0xB2AC, 0x0C73, 0x6539, 0x2431, 0x6531, 0xCF83, 0xFCE6, 0xBFFF, 0xDCDE, 0xDCDE, 0xBFFF, 0xFFFF, 
    0x7DEF, 0xF39C, 0x6952, 0x284A, 0x8E7B, 0x55B5, 0xDFFF, 0xB7C5, 0x118C, 0x2E73, 0x6631, 0x4631, 0x0A4A, 0xA839, 0x6731, 0xC939, 
    0x4A4A, 0x4E63, 0x2F6B, 0xEA39, 0xAA39, 0x2929, 0xE720, 0x7073, 0x6C5A, 0x0529, 0x0C6B, 0xD2A4, 0xAD83, 0xEA6A, 0x6C7B, 0x709C, 
    0x12B5, 0xD1AC, 0x33C5, 0xF1B4, 0x53C5, 0xD1B4, 0xB1B4, 0x33C5, 0xF2BC, 0x33C5, 0x33C5, 0x13BD, 0x13BD, 0x33BD, 0x33BD, 0xF2B4, 
    0x12B5, 0x74BD, 0x13AD, 0xAD83, 0xCA62, 0x0C6B, 0xAE7B, 0xCF83, 0x6210, 0x4631, 0x6731, 0x2629, 0x8D5A, 0xCA41, 0xCA41, 0x0F6B, 
    0x4D52, 0x8A31, 0x8B31, 0xAA31, 0x4D4A, 0xCF52, 0xCA31, 0x4821, 0x4921, 0x2C42, 0xC618, 0xCA39, 0xEF62, 0xC628, 0xCA41, 0xA941, 
    0xCD6A, 0x4B5A, 0x6839, 0x4B52, 0x0B4A, 0xEB41, 0xCA39, 0xEA41, 0x2A4A, 0xDCDE, 0x9EF7, 0xBDF7, 0x7CEF, 0xDEFF, 0xFFFF, 0xDEFF, 
    0xBFFF, 0xB083, 0x907B, 0x2E73, 0xB17B, 0x707B, 0xCE62, 0x2F6B, 0x148C, 0x6D5A, 0x5173, 0x6D5A, 0xCE62, 0x0F6B, 0x6C52, 0x8D5A, 
    0x8C5A, 0x2E6B, 0x9494, 0x9073, 0x2F6B, 0xD17B, 0xAD52, 0x4B4A, 0x9173, 0xAD52, 0x17A5, 0x506B, 0x5073, 0xB17B, 0x917B, 0x128C, 
    0x917B, 0x7073, 0xAE62, 0xB27B, 0x138C, 0x717B, 0xEB41, 0xEB49, 0xF38B, 0xB283, 0x927B, 0x58B5, 0x2C52, 0x4C52, 0x5073, 0x138C, 
    0xF6A4, 0x8D5A, 0x9173, 0x5173, 0x7173, 0x7273, 0xCF5A, 0xCF5A, 0xCF5A, 0xEF5A, 0x4C42, 0x4D4A, 0xAF52, 0xED39, 0x8D31, 0x8D31, 
    0xEE39, 0x2F42, 0xEE39, 0x0F3A, 0x6C21, 0x4F42, 0x0B19, 0x4F42, 0x2F3A, 0x8C29, 0xCD31, 0xB04A, 0x9042, 0xAC29, 0xAC29, 0x4F3A, 
    0x0F32, 0x513A, 0x4D21, 0x7242, 0x597C, 0x765B, 0x345B, 0x1C95, 0x9A84, 0x1C95, 0x1C9D, 0xB663, 0xCF29, 0xAE29, 0x9242, 0xD24A, 
    0x2F3A, 0x2E3A, 0xD573, 0x3684, 0xAF4A, 0x5163, 0xFABD, 0x1EDF, 0xBFF7, 0xDFFF, 0x9AD6, 0x18CE, 0x59D6, 0x18CE, 0x38D6, 0xDBE6, 
    0x0F94, 0x70A4, 0x34BD, 0x34BD, 0xB1AC, 0xF2B4, 0x33BD, 0x6FA4, 0x90AC, 0x90AC, 0xB0AC, 0xB0AC, 0xB0AC, 0xB0AC, 0x90A4, 0x70A4, 
    0x54C5, 0x13BD, 0xEF93, 0x8D8B, 0x71A4, 0xB2AC, 0xAE83, 0xAA62, 0xF4AC, 0xF8CD, 0x5EF7, 0x7EF7, 0x3ACE, 0xF8BD, 0x9BD6, 0xFCDE, 
    0xFFFF, 0xDFFF, 0xF3A4, 0x4D6B, 0xC741, 0x8A5A, 0xB7C5, 0x1DEF, 0x19CE, 0xD083, 0xC841, 0x0A4A, 0xE941, 0x0629, 0xA839, 0x8C52, 
    0xCC5A, 0xA831, 0x4729, 0x6831, 0xAA39, 0x3073, 0x959C, 0xF283, 0xC941, 0x6631, 0xAE7B, 0x74B5, 0xF2A4, 0x4F94, 0xCD83, 0xAD83, 
    0x6F9C, 0x6F9C, 0x32BD, 0xD1B4, 0x33BD, 0x12BD, 0xF2BC, 0xF2BC, 0x12BD, 0x33C5, 0x33C5, 0x13BD, 0x13BD, 0x33BD, 0x33BD, 0x12B5, 
    0x33BD, 0xD2AC, 0xF2AC, 0x33B5, 0x308C, 0xAA5A, 0x6952, 0x4D73, 0x6E73, 0xAC5A, 0x2629, 0xE520, 0x4731, 0xA520, 0x4410, 0x8939, 
    0xAA39, 0x0821, 0x6A31, 0xAB31, 0x8A29, 0x4921, 0xC710, 0x6A29, 0x0819, 0x0819, 0x4D4A, 0x0C42, 0x4D52, 0x4D52, 0x8A39, 0x4C52, 
    0xF18B, 0xED6A, 0xEA49, 0xCA41, 0xCA41, 0xAA39, 0x0B42, 0x8931, 0xE939, 0xDCDE, 0xFFFF, 0x9DF7, 0x5CEF, 0x7DF7, 0x9DF7, 0xDFFF, 
    0xDCE6, 0xD5A4, 0x907B, 0xED6A, 0xF283, 0x17AD, 0xD283, 0x3073, 0x306B, 0x6D52, 0x7173, 0xB283, 0xF383, 0x99B5, 0x58B5, 0xD59C, 
    0xF5A4, 0x36AD, 0x36AD, 0x2E6B, 0x6F6B, 0x77B5, 0xD59C, 0xB073, 0x2F63, 0x4F6B, 0xF69C, 0xB17B, 0x1284, 0x8C52, 0x0A4A, 0x7494, 
    0xF283, 0x907B, 0x0A4A, 0x0F6B, 0xF38B, 0x5073, 0x8A39, 0x8E5A, 0x5494, 0x138C, 0xB283, 0x3CCE, 0xEE6A, 0x0B4A, 0x917B, 0x7494, 
    0x959C, 0x8D52, 0xEF62, 0xAE5A, 0xAF5A, 0xEF62, 0xCF5A, 0xCF5A, 0x8E52, 0xCE5A, 0x2C42, 0x6D4A, 0x8E4A, 0x8C31, 0x6C29, 0xEE39, 
    0x8D29, 0x8D29, 0xCE31, 0xD152, 0xCD31, 0x4B21, 0x0E3A, 0xE910, 0xAC31, 0x0A19, 0x8C29, 0xED31, 0x6B21, 0x4E42, 0xF152, 0xAD29, 
    0xEF31, 0x1032, 0xAF29, 0xB34A, 0xBB8C, 0x387C, 0xD76B, 0x9663, 0x9A8C, 0xF76B, 0xDB8C, 0x3C95, 0x9663, 0x345B, 0x7563, 0x303A, 
    0xB04A, 0x367C, 0x199D, 0x968C, 0xB694, 0x3CC6, 0x5BC6, 0xD594, 0x7BCE, 0x39CE, 0x14A5, 0xAE7B, 0xAE7B, 0xD7C5, 0x7DF7, 0x38CE, 
    0x58DE, 0xB2AC, 0xB2A4, 0x34BD, 0xB2AC, 0x70A4, 0xB1AC, 0x70A4, 0x91AC, 0x90AC, 0x90A4, 0x90AC, 0xB0AC, 0x90AC, 0x6FA4, 0x2FA4, 
    0x91AC, 0xD2B4, 0x13BD, 0x34BD, 0x92AC, 0xCF8B, 0x72A4, 0x18D6, 0x18CE, 0x18CE, 0x9BDE, 0xBBE6, 0xF9C5, 0x97B5, 0xB8BD, 0xD8C5, 
    0xFFFF, 0xFCE6, 0xFFFF, 0xDBE6, 0x308C, 0xF08B, 0x4631, 0x9BE6, 0x97C5, 0x3AD6, 0x939C, 0xED62, 0x4B52, 0x6731, 0x6831, 0x4C52, 
    0xC939, 0x8831, 0xCA41, 0x2B4A, 0xC720, 0xA939, 0xF6AC, 0x36B5, 0xE849, 0x2C6B, 0x33AD, 0x53B5, 0x2E8C, 0xAC7B, 0x8C7B, 0xED83, 
    0xCD83, 0x0E94, 0x32BD, 0xD1AC, 0x12B5, 0x32BD, 0x33C5, 0xD1B4, 0x12BD, 0x33C5, 0x33C5, 0x32BD, 0x12BD, 0x32BD, 0x33BD, 0x33BD, 
    0x53BD, 0x13B5, 0x13B5, 0x54B5, 0x34AD, 0x308C, 0x0C6B, 0x494A, 0xEC62, 0x1184, 0x7394, 0xF5A4, 0x907B, 0x4B52, 0x2731, 0xCA41, 
    0xAE5A, 0xEB41, 0xAB39, 0x4929, 0x2921, 0x4A21, 0x2919, 0x6A29, 0x8B29, 0x4E42, 0x2921, 0x4929, 0x8F5A, 0x2D4A, 0x0829, 0x6D5A, 
    0xF18B, 0x094A, 0x4731, 0xA941, 0x4D52, 0xCB39, 0x6D52, 0x0B42, 0x0621, 0x15A5, 0xDFFF, 0x5DEF, 0xDEFF, 0xFFFF, 0x9DFF, 0x9EFF, 
    0xFCEE, 0xB083, 0xCD62, 0xF5AC, 0xB183, 0x6C5A, 0x0B4A, 0xCE62, 0xB283, 0x5073, 0x917B, 0x338C, 0x306B, 0x338C, 0x7494, 0x128C, 
    0x98BD, 0x7394, 0x1184, 0x1184, 0xB8B5, 0x7FF7, 0xDCDE, 0x19C6, 0x5ACE, 0x9073, 0xF17B, 0xB073, 0x6F73, 0xCD62, 0x907B, 0xD183, 
    0xD183, 0xF183, 0x0E6B, 0xCD62, 0x338C, 0xCE62, 0x2B4A, 0xB17B, 0xD283, 0x917B, 0xCE62, 0x37AD, 0x6C5A, 0x2B4A, 0x338C, 0x5394, 
    0x907B, 0x4B4A, 0x2C4A, 0x0C4A, 0x6D52, 0x8E52, 0x1063, 0xAE52, 0xCA39, 0x8D4A, 0x8E4A, 0x3063, 0x115B, 0xCD31, 0x6C29, 0xEE39, 
    0xCE31, 0x6C21, 0x0E3A, 0x904A, 0xD152, 0x4F42, 0x367C, 0x5263, 0x6B29, 0xF15A, 0x115B, 0xF05A, 0x157C, 0xD373, 0x4E42, 0x0D3A, 
    0x503A, 0xCF29, 0x7142, 0xFB94, 0x587C, 0x9984, 0x9984, 0xD66B, 0xF773, 0x7984, 0xB56B, 0x377C, 0x5C9D, 0x7463, 0x0F32, 0x377C, 
    0x5AA5, 0xD794, 0x5584, 0xD794, 0x179D, 0xB173, 0x9073, 0x76AD, 0x518C, 0x8A52, 0x8A52, 0x7194, 0x508C, 0x8D7B, 0x919C, 0x55B5, 
    0x7DFF, 0x99DE, 0x96C5, 0xF3AC, 0xB2A4, 0x13B5, 0x34BD, 0x13B5, 0xF2B4, 0xB1AC, 0x90AC, 0x70A4, 0x90AC, 0x90AC, 0x70A4, 0x4FA4, 
    0xB1AC, 0xF2B4, 0xD2B4, 0x91AC, 0x34BD, 0xF7D5, 0xF7D5, 0x75C5, 0x76BD, 0x76BD, 0xB7C5, 0xD8C5, 0xD8C5, 0xB7BD, 0x77B5, 0x56B5, 
    0x39CE, 0xFFFF, 0x79D6, 0x9EFF, 0x38D6, 0x55B5, 0x18CE, 0x9AE6, 0x35B5, 0xD4AC, 0xD4AC, 0x939C, 0x0A52, 0x6318, 0xE628, 0x0629, 
    0x6C52, 0xC939, 0xC620, 0x4831, 0x4831, 0xC520, 0xEA49, 0x8E7B, 0x919C, 0x33B5, 0x73B5, 0xB09C, 0x0D84, 0xED83, 0xAC7B, 0xCD83, 
    0xAC7B, 0xED8B, 0x53B5, 0x12B5, 0xF1B4, 0xD1B4, 0x12BD, 0xD1BC, 0xF2BC, 0x12BD, 0x33C5, 0x32BD, 0x12BD, 0x32B5, 0x53BD, 0x53BD, 
    0x13B5, 0x74C5, 0x54BD, 0xF2AC, 0x54B5, 0xD6C5, 0xD2A4, 0x2C6B, 0x0842, 0x6952, 0x6E73, 0x55AD, 0x76B5, 0xD4A4, 0x4E73, 0x8C5A, 
    0xEE62, 0x2C4A, 0xAA39, 0x4929, 0xE818, 0xC818, 0x0919, 0x8B29, 0x8B29, 0xEC39, 0xAB31, 0x0921, 0xD05A, 0xD483, 0x8618, 0x8939, 
    0x2F73, 0x0A4A, 0xC941, 0x2B4A, 0xEB41, 0x2829, 0xAA39, 0x4829, 0xA939, 0x4F6B, 0x7ACE, 0x18C6, 0x58D6, 0x1CEF, 0x7DFF, 0xDFFF, 
    0x5EF7, 0x3DF7, 0xB49C, 0xB083, 0x6F73, 0x2E6B, 0xEE6A, 0x4F73, 0x138C, 0x917B, 0xCE62, 0xD283, 0x907B, 0xCE62, 0xEE62, 0x2E6B, 
    0xB07B, 0x0D63, 0x318C, 0x39CE, 0xFFFF, 0xFFFF, 0x7EEF, 0xBFF7, 0xBFF7, 0x3AC6, 0x328C, 0xED62, 0xD07B, 0x907B, 0xF183, 0xF183, 
    0x118C, 0xF083, 0xF183, 0x8C5A, 0x5294, 0xED62, 0x907B, 0x5394, 0xD183, 0xB183, 0x2F6B, 0xF283, 0x0A4A, 0x6F73, 0x5394, 0x2E6B, 
    0x0F6B, 0x8D5A, 0x4C4A, 0x4D52, 0xCF5A, 0x8E52, 0x516B, 0x8E52, 0x0C42, 0x3063, 0x716B, 0xB273, 0x926B, 0x4F42, 0xCD39, 0xEE39, 
    0xEE31, 0x8C29, 0x704A, 0x0E3A, 0x367C, 0x3AA5, 0x5EC6, 0xBFF7, 0xBBB5, 0xFCBD, 0xFCBD, 0x38A5, 0xB273, 0x6D4A, 0x4C42, 0xCF5A, 
    0xB04A, 0x2F3A, 0xCD31, 0x535B, 0x5784, 0xD994, 0xD994, 0x5784, 0x167C, 0x377C, 0xF573, 0x7784, 0x3A9D, 0xB88C, 0xB88C, 0x1DBE, 
    0x7FE7, 0xDFF7, 0x9DCE, 0xB9AD, 0x1EDF, 0xBFF7, 0xB7B5, 0x4D63, 0x083A, 0x8E73, 0x34A5, 0xFBDE, 0x38CE, 0xAE7B, 0x508C, 0xFBE6, 
    0x3CF7, 0x5DF7, 0xBAE6, 0x59D6, 0xF7CD, 0xD3AC, 0x509C, 0x34B5, 0xF3B4, 0xF2B4, 0xD2B4, 0xB1AC, 0x91AC, 0x90AC, 0x70AC, 0x70AC, 
    0x2FA4, 0x12BD, 0x54C5, 0xD2B4, 0x71A4, 0x54BD, 0x38DE, 0x99E6, 0xF7CD, 0x18D6, 0xD7CD, 0x96BD, 0x96BD, 0xB7C5, 0x76B5, 0x14AD, 
    0xF3A4, 0xBADE, 0x59D6, 0x3CF7, 0x79DE, 0x38D6, 0x59DE, 0x96C5, 0xD7CD, 0x39D6, 0x55B5, 0xF5AC, 0xB4A4, 0x2E73, 0x6B5A, 0xCD62, 
    0x8D5A, 0xEA41, 0x0729, 0xE628, 0xA941, 0x4739, 0x6739, 0x3094, 0x12AD, 0x73BD, 0x11AD, 0x8E94, 0x2D8C, 0xCC7B, 0x8C73, 0xAC7B, 
    0xCC7B, 0xED83, 0x52B5, 0x12B5, 0xF1B4, 0x70A4, 0xB1B4, 0x33C5, 0xF2BC, 0x12BD, 0x12BD, 0x32BD, 0x12B5, 0xF1B4, 0x12B5, 0x32B5, 
    0x12B5, 0x33B5, 0x53BD, 0x53BD, 0x33B5, 0x53B5, 0x54B5, 0x74B5, 0xAD73, 0x484A, 0xAA5A, 0xEF83, 0x13A5, 0xB29C, 0x14A5, 0x14AD, 
    0x1184, 0x2A4A, 0xC518, 0x2729, 0x8A31, 0x2921, 0xE818, 0x0919, 0x6B21, 0x6B29, 0xED39, 0xAB31, 0x6A29, 0xF483, 0x927B, 0x4C4A, 
    0xE941, 0x2A4A, 0xA939, 0xCA41, 0x2829, 0x8A31, 0x2D42, 0xEB39, 0x0B42, 0x4B4A, 0x19C6, 0x39CE, 0x35B5, 0x75BD, 0x59DE, 0xDBEE, 
    0xDFFF, 0x5DF7, 0x1CEF, 0xFCEE, 0xD4A4, 0x4A52, 0x6F7B, 0xF183, 0x6F73, 0x6F73, 0x4B52, 0x2E6B, 0xD49C, 0x6F73, 0x2E6B, 0x4E73, 
    0x2D6B, 0xF4A4, 0x1CE7, 0xDFFF, 0xDFFF, 0xFFFF, 0xBFF7, 0xBFF7, 0xBFF7, 0xFFFF, 0x9AD6, 0x1184, 0xCC5A, 0x4A4A, 0xD083, 0xF5A4, 
    0x35B5, 0x8E7B, 0x4E73, 0x2D6B, 0xD083, 0x0D6B, 0x4F73, 0xAC62, 0xD183, 0x707B, 0x6F73, 0x6B5A, 0x6739, 0x5394, 0x939C, 0xB07B, 
    0xD183, 0x9073, 0xAE5A, 0x8E52, 0xF062, 0xAE5A, 0x9273, 0xEF5A, 0x8D4A, 0x716B, 0x0F5B, 0xAE52, 0x8F4A, 0xCD39, 0x8D31, 0x8D29, 
    0x2F42, 0x0E3A, 0x4F42, 0xAC29, 0x8F4A, 0x726B, 0x726B, 0x568C, 0x1FE7, 0xBAB5, 0xB273, 0x4C4A, 0x2B4A, 0x2C4A, 0xA939, 0xE720, 
    0xCB31, 0xAF4A, 0xEC39, 0x6A21, 0x9BAD, 0x7AAD, 0xBAB5, 0x1CBE, 0x7AAD, 0x189D, 0x926B, 0x6D4A, 0x916B, 0x79AD, 0xDAB5, 0xF79C, 
    0xFABD, 0x3FE7, 0xFFFF, 0xFFFF, 0x9FEF, 0xFFFF, 0xFFFF, 0x3DE7, 0xBAD6, 0xDEF7, 0x9EF7, 0xDEFF, 0xFFFF, 0xDEFF, 0x9DF7, 0xBEF7, 
    0x38D6, 0x3CEF, 0x5DF7, 0x3CF7, 0x3CF7, 0x18CE, 0xD3A4, 0xB2A4, 0xB2A4, 0xB2AC, 0xB2AC, 0xB2AC, 0xB1AC, 0xB1AC, 0xB1B4, 0xB1B4, 
    0xB1B4, 0x2FA4, 0x70A4, 0xF2B4, 0xD2B4, 0xF2B4, 0xB5CD, 0x58DE, 0x54BD, 0xF7CD, 0xF7CD, 0x96C5, 0xD7CD, 0x18CE, 0x96BD, 0x14AD, 
    0x18CE, 0x34AD, 0x54B5, 0x37D6, 0x95BD, 0xB2A4, 0xF3B4, 0x34BD, 0x54BD, 0x75BD, 0xB7C5, 0x97C5, 0x93A4, 0xD4AC, 0x16B5, 0x4F73, 
    0xCA41, 0x2831, 0xAA41, 0x4831, 0x4739, 0x6B5A, 0xAE83, 0x17D6, 0x8F9C, 0x31B5, 0xEFA4, 0x8E9C, 0xEC83, 0x296B, 0x6B73, 0xCD7B, 
    0xAC7B, 0x0D84, 0x11A5, 0xD1A4, 0x12B5, 0x6FA4, 0x6FA4, 0x73C5, 0xF2BC, 0x12BD, 0x12BD, 0x32BD, 0xF1B4, 0xB0AC, 0xD0A4, 0xF1AC, 
    0xD1AC, 0xD1AC, 0xD1AC, 0xF1AC, 0xF1AC, 0xF1A4, 0x32AD, 0xB5BD, 0xB4B5, 0xED7B, 0x8852, 0xA539, 0x2B63, 0x4F8C, 0x53AD, 0x9194, 
    0x34AD, 0x108C, 0x2942, 0x2621, 0x2721, 0x6A29, 0x8B29, 0xC810, 0x6B21, 0x0E3A, 0x0919, 0xCC31, 0x0821, 0x6929, 0x9594, 0xB594, 
    0x9394, 0x6F73, 0x4829, 0x8931, 0x4929, 0x8A31, 0x4929, 0x4929, 0x8931, 0x6729, 0xF49C, 0x39D6, 0xD7C5, 0xB7C5, 0x76C5, 0x75BD, 
    0xB6BD, 0x7DF7, 0xFFFF, 0xDEFF, 0x7EF7, 0x5294, 0x8F7B, 0xD083, 0x0D6B, 0x118C, 0x2E6B, 0x8B5A, 0x1084, 0x2D6B, 0x8F73, 0x1184, 
    0xD7BD, 0x3DEF, 0xFFFF, 0xDFFF, 0x7DEF, 0xDFFF, 0xFFFF, 0xDEF7, 0xFFFF, 0xDFFF, 0xDFFF, 0x9AD6, 0xD07B, 0xEC62, 0x7294, 0xD4A4, 
    0x14AD, 0xCF83, 0x108C, 0x7AD6, 0x35B5, 0x15AD, 0x328C, 0xB083, 0x0E6B, 0xED62, 0xD183, 0x2D6B, 0xCC62, 0x15AD, 0xB083, 0x6F73, 
    0x338C, 0xB17B, 0xAD5A, 0x4C4A, 0xAF5A, 0x8E52, 0xB37B, 0xB273, 0x2C42, 0x0F63, 0xAE52, 0x6D4A, 0x8E4A, 0x0E3A, 0xCD31, 0xAD31, 
    0xCD31, 0xED31, 0xAC29, 0x6F42, 0xEC39, 0x115B, 0x558C, 0x516B, 0x9694, 0x5CCE, 0x17A5, 0x4B4A, 0xEA41, 0x2B4A, 0xEA41, 0x2A4A, 
    0xEA41, 0x8829, 0xA931, 0xF69C, 0x3FE7, 0x7FEF, 0xFEDE, 0xFEDE, 0xDDDE, 0x9CD6, 0x3FE7, 0x3BC6, 0xD17B, 0x738C, 0xBCD6, 0xDDDE, 
    0x938C, 0xF59C, 0xBBD6, 0xDFFF, 0x9EEF, 0xDFF7, 0xFFFF, 0x7DEF, 0xFFFF, 0xBEF7, 0xDEFF, 0xFFFF, 0x5CEF, 0x5CEF, 0xFFFF, 0xBEF7, 
    0x8A5A, 0x55B5, 0x1CEF, 0x9ADE, 0x59D6, 0x9EFF, 0x5DF7, 0x75BD, 0x75BD, 0x34B5, 0xD2AC, 0xB2AC, 0xB2AC, 0xD2B4, 0xD2B4, 0xD2B4, 
    0x4F9C, 0x90AC, 0xD1B4, 0x90AC, 0x70A4, 0x73C5, 0xD5CD, 0x12B5, 0x12B5, 0x95C5, 0x95C5, 0x95C5, 0x17D6, 0x17D6, 0xB6C5, 0xB6BD, 
    0x95BD, 0xB5C5, 0x74BD, 0x95C5, 0x94BD, 0xF6CD, 0x37D6, 0x34BD, 0xD2AC, 0x13B5, 0xF3B4, 0x96C5, 0x76BD, 0x93A4, 0x93A4, 0xB4A4, 
    0x917B, 0x6939, 0xA620, 0x6839, 0xAC62, 0x1194, 0x719C, 0x0E94, 0x72BD, 0x30B5, 0x4C94, 0x6D94, 0x4D94, 0xEC83, 0x0D84, 0x8B73, 
    0x8B73, 0x2E8C, 0xD09C, 0x4E94, 0x32B5, 0xB0A4, 0x4E9C, 0x32BD, 0x12BD, 0x12BD, 0x32BD, 0x32BD, 0xD0AC, 0x6F9C, 0x4E9C, 0x6F9C, 
    0x4F9C, 0x90A4, 0x6F9C, 0x0E94, 0x4E94, 0x11A5, 0x31AD, 0xD09C, 0xB3B5, 0xF5BD, 0x31A5, 0x095B, 0x0542, 0xC85A, 0x4E8C, 0x11A5, 
    0x7094, 0x74B5, 0xB29C, 0xEC5A, 0x2621, 0xA610, 0x6A29, 0x4A21, 0x2A21, 0x2A19, 0xCC31, 0xAB31, 0xEB39, 0x4829, 0x6829, 0x1284, 
    0xB49C, 0xD183, 0x8939, 0x2829, 0xEC39, 0xEC39, 0x8B31, 0xAB31, 0xEB39, 0x8831, 0x2A4A, 0x4E73, 0x93A4, 0xB7CD, 0x15BD, 0x96C5, 
    0xB5C5, 0xF6C5, 0x17CE, 0xDAE6, 0xBEFF, 0xBEFF, 0x1BEF, 0xB6BD, 0xD7C5, 0xBBDE, 0x7AD6, 0xF7C5, 0x18C6, 0x59CE, 0x3CEF, 0xBEFF, 
    0xDFFF, 0x9EFF, 0x7DF7, 0x9EF7, 0xDEFF, 0xDEFF, 0xFFFF, 0xFFFF, 0x5DEF, 0xFFFF, 0xBFFF, 0xBFFF, 0xFFFF, 0x9AD6, 0xD4A4, 0x35B5, 
    0x14AD, 0x75B5, 0xBADE, 0xFFFF, 0xBFFF, 0xDFFF, 0x5EF7, 0x1DEF, 0xB8C5, 0x939C, 0x6F73, 0x094A, 0x8B5A, 0xB39C, 0xD083, 0x5294, 
    0xF183, 0x7073, 0xEE62, 0x8D52, 0x106B, 0xCF5A, 0x7173, 0xB273, 0x8D4A, 0x0F63, 0xCF52, 0x5163, 0x936B, 0x9052, 0x2F42, 0x4F42, 
    0x0D3A, 0x2E3A, 0xCC31, 0x6E42, 0x4D42, 0x3584, 0xFCBD, 0xF79C, 0x0F63, 0x1384, 0x5BCE, 0x3FEF, 0x9CDE, 0x1DEF, 0x9CDE, 0x7394, 
    0x7294, 0x6A52, 0xCC5A, 0xBFFF, 0x9FF7, 0xFFFF, 0x3DEF, 0x39CE, 0xBBD6, 0xDCDE, 0x9BD6, 0x5DEF, 0xFFFF, 0x1CE7, 0x39CE, 0x7DEF, 
    0xFFFF, 0xFCDE, 0xBBD6, 0x7EEF, 0x7DEF, 0x7DEF, 0xFFFF, 0xFFFF, 0x5CE7, 0x9DEF, 0xDEF7, 0xFFFF, 0xBEF7, 0xFFFF, 0xFFFF, 0x7DEF, 
    0x0000, 0x2529, 0xF4A4, 0x1CE7, 0x34AD, 0x7194, 0xD6C5, 0x99DE, 0x5CF7, 0x99E6, 0x75C5, 0xD2B4, 0xB2AC, 0xB2AC, 0xB2B4, 0xD2B4, 
    0x12BD, 0x90A4, 0xD1AC, 0x12BD, 0xB1AC, 0xD1AC, 0x54BD, 0xB5C5, 0x99E6, 0x78DE, 0xB5C5, 0x54BD, 0xB5C5, 0x95C5, 0x74BD, 0x17CE, 
    0xB5C5, 0xF6CD, 0x54BD, 0xD5C5, 0x95C5, 0xB5C5, 0x74BD, 0x94C5, 0x94C5, 0x54BD, 0xF3AC, 0xD3AC, 0x92A4, 0x14B5, 0x76BD, 0x1194, 
    0xD6A4, 0x3394, 0x507B, 0x1294, 0x1194, 0xEC72, 0x4C7B, 0xAC8B, 0x4D9C, 0xAEA4, 0x6D94, 0x6D94, 0xCA7B, 0x496B, 0xCC7B, 0x8B73, 
    0x6A6B, 0x6E8C, 0xAF9C, 0xCC83, 0x12B5, 0xD1AC, 0x0E94, 0xB0AC, 0x32BD, 0x33BD, 0x32BD, 0x32BD, 0xB0AC, 0x2E94, 0xED8B, 0x0D94, 
    0xED8B, 0x4E94, 0x6E9C, 0x2D8C, 0x0D8C, 0x6E94, 0xD09C, 0xF09C, 0x10A5, 0x51A5, 0x72AD, 0xF4BD, 0x4E8C, 0xA752, 0x0442, 0x6B73, 
    0xF1A4, 0xB19C, 0x7194, 0x76AD, 0x9394, 0xEA39, 0x4821, 0x4921, 0x4A21, 0xAC31, 0x8B29, 0x2921, 0xAA31, 0x4821, 0xCA31, 0x2721, 
    0xAC5A, 0x35AD, 0x5294, 0x0629, 0x0821, 0x6A31, 0xEC41, 0x2921, 0xAA39, 0x0B42, 0xE620, 0x2729, 0x0E6B, 0x739C, 0xD08B, 0x15B5, 
    0x91A4, 0xB5BD, 0x74BD, 0xD6C5, 0x37CE, 0xB9DE, 0x78D6, 0x5CF7, 0x3BEF, 0x99DE, 0xBADE, 0xBEFF, 0x7DF7, 0xFFFF, 0xFFFF, 0xBDF7, 
    0xBEFF, 0xDEFF, 0xBEFF, 0xFFFF, 0xDEFF, 0x7DEF, 0x9DF7, 0xDEFF, 0xFFFF, 0x7DEF, 0xDEFF, 0xDFFF, 0x9EF7, 0xFFFF, 0xBFFF, 0x7EF7, 
    0xFBE6, 0x9EFF, 0xFFFF, 0x5DF7, 0x9EFF, 0x9EFF, 0xBFFF, 0xBBDE, 0x318C, 0xAF7B, 0x6A52, 0x294A, 0xF083, 0x97BD, 0xF08B, 0x2D6B, 
    0xF183, 0xB07B, 0xB17B, 0x7073, 0xF383, 0x106B, 0xEF62, 0x0F63, 0xEF5A, 0xCE5A, 0x4D4A, 0xEF5A, 0x105B, 0xAC31, 0x4B29, 0xEE39, 
    0xCC31, 0x4D42, 0xAF4A, 0x0C3A, 0xD373, 0xBED6, 0x7FEF, 0xFFFF, 0xDFFF, 0x36AD, 0xB07B, 0xD4A4, 0x3AD6, 0x7AD6, 0x39D6, 0x7AD6, 
    0xF8C5, 0x5DF7, 0xFFFF, 0x3DEF, 0x1CEF, 0x96B5, 0xDBE6, 0x7DF7, 0x3CEF, 0x59CE, 0x18C6, 0x58CE, 0x58CE, 0xDADE, 0x1BE7, 0xBADE, 
    0x7DEF, 0xBEF7, 0xDEFF, 0xDEF7, 0xFEFF, 0xFEFF, 0xFEFF, 0x9CEF, 0x9CEF, 0xFEFF, 0xBDEF, 0xBCEF, 0x3BDF, 0xD5B5, 0xF6B5, 0x1BDF, 
    0x8408, 0x6300, 0xAB52, 0xFCDE, 0x5CEF, 0x9194, 0xED83, 0xED8B, 0xF1AC, 0xD9EE, 0xD9EE, 0x33BD, 0xB2AC, 0xD3B4, 0xB3AC, 0xB3AC, 
    0xD2B4, 0xF2B4, 0xF2B4, 0xF2B4, 0xF2B4, 0xF2B4, 0x13B5, 0x54BD, 0x99E6, 0x7CFF, 0x58DE, 0x33BD, 0xB5CD, 0x95C5, 0x33B5, 0x17D6, 
    0x74BD, 0x74BD, 0x75BD, 0x95C5, 0xB5CD, 0xB5CD, 0x95C5, 0x74BD, 0xB5CD, 0xB6CD, 0xB5C5, 0x54BD, 0xF3B4, 0xB2A4, 0x92A4, 0x92A4, 
    0xB083, 0x739C, 0xD4AC, 0x529C, 0xF093, 0x319C, 0xD2B4, 0x13BD, 0x32BD, 0x11B5, 0xCFAC, 0x6D94, 0x0B84, 0xAA7B, 0xAA73, 0xCA73, 
    0xAA7B, 0x6D94, 0x8E9C, 0x2D8C, 0x11AD, 0x11B5, 0xAC83, 0x2E9C, 0xD1B4, 0xB4CD, 0x33BD, 0xD1AC, 0x32BD, 0x6FA4, 0x8C83, 0xED8B, 
    0x0C84, 0x2C84, 0x4D8C, 0x2D84, 0x0C84, 0x2C84, 0x8E8C, 0xCF94, 0x8E8C, 0xCF94, 0x30A5, 0x72AD, 0x92B5, 0xEFA4, 0x296B, 0x8331, 
    0xC85A, 0x6F8C, 0x9194, 0x7194, 0x56B5, 0xF49C, 0x4C4A, 0x8510, 0x6931, 0x2821, 0xEC39, 0x0D3A, 0x2921, 0x6921, 0x0B32, 0x8829, 
    0xC320, 0x0F94, 0xF7CD, 0x3294, 0x6839, 0xC720, 0x4A31, 0x6A31, 0xAB39, 0x4A29, 0x0921, 0x6A29, 0xAA31, 0xEB39, 0x3063, 0xD59C, 
    0x76BD, 0x13B5, 0x13B5, 0x74BD, 0x33B5, 0x94C5, 0xB8E6, 0x56D6, 0xB8DE, 0x77D6, 0x16C6, 0xF6C5, 0xF6C5, 0x38CE, 0xFBDE, 0x9DF7, 
    0xFEFF, 0x9CF7, 0x9CF7, 0x9CF7, 0x5CEF, 0x7CF7, 0xBDFF, 0xBDF7, 0xDEFF, 0xFFFF, 0x9DF7, 0xBEF7, 0xBFFF, 0xBEF7, 0xFFFF, 0xBFFF, 
    0xDFFF, 0xBFFF, 0x9EFF, 0xBFFF, 0xDFFF, 0xBFFF, 0xBFFF, 0xBEFF, 0x3CEF, 0x518C, 0xC739, 0x8E73, 0xD7BD, 0xD6BD, 0x17C6, 0x38CE, 
    0x96BD, 0xD083, 0x8B5A, 0x0D6B, 0x98BD, 0x7073, 0x6C52, 0x4C4A, 0xCA39, 0x8D52, 0xAE52, 0x2D42, 0xCC39, 0x8B31, 0xAC31, 0x0D3A, 
    0x0C3A, 0x6D4A, 0xEB39, 0x0F5B, 0x7BCE, 0xFFFF, 0x9FF7, 0x9FF7, 0x9BD6, 0x7AD6, 0x59D6, 0xF8CD, 0xF7CD, 0xD7C5, 0x5194, 0x0C73, 
    0x0D6B, 0xAC62, 0x4E73, 0x4E73, 0xD8C5, 0x5AD6, 0xDFFF, 0xFFFF, 0x7EF7, 0x1CE7, 0x9AD6, 0x79CE, 0x38C6, 0x38C6, 0x99CE, 0x1BDF, 
    0xF9DE, 0xDDF7, 0x98CE, 0xD8D6, 0xD4B5, 0x72A5, 0x519D, 0x4D7C, 0x0C74, 0xAE8C, 0x0C74, 0xEB6B, 0xE84A, 0x663A, 0x8642, 0x0953, 
    0xC608, 0x8408, 0x0200, 0xE831, 0x38C6, 0xBDFF, 0xD9E6, 0x73BD, 0x4F9C, 0x90A4, 0x74C5, 0x95C5, 0x92AC, 0x72AC, 0x15BD, 0xD4B4, 
    0xF3B4, 0x13B5, 0x13B5, 0x13B5, 0xF3B4, 0x13B5, 0x33BD, 0x54BD, 0xB6CD, 0x99E6, 0xF6CD, 0x33B5, 0x95C5, 0x94C5, 0x53BD, 0xD6CD, 
    0x74C5, 0x74BD, 0x74BD, 0x75C5, 0x95C5, 0x95C5, 0x95C5, 0x75C5, 0x95C5, 0x95C5, 0xB5C5, 0xB5C5, 0x95C5, 0x54BD, 0xF2AC, 0xB2A4, 
    0x93A4, 0xF08B, 0xCF8B, 0x519C, 0xD3B4, 0xD3B4, 0xB2B4, 0xF2BC, 0x53C5, 0xF1B4, 0x4E9C, 0xEC8B, 0xCA7B, 0xCA7B, 0xCA7B, 0xCA7B, 
    0xEB83, 0xCA7B, 0xCB83, 0x6E94, 0x8F9C, 0x93BD, 0x4E9C, 0x0E94, 0x0E94, 0x33BD, 0x53BD, 0xF2B4, 0x33BD, 0xF1AC, 0x0E94, 0xCC83, 
    0x2D84, 0x4D84, 0x2C84, 0x0C7C, 0x2C7C, 0x4D84, 0x2C7C, 0xEB73, 0x8E8C, 0x8E8C, 0x8E8C, 0xCF94, 0x10A5, 0x31AD, 0xCF9C, 0x6E8C, 
    0x464A, 0x2642, 0x2F84, 0x33A5, 0xEF83, 0x9294, 0x36AD, 0x6F73, 0xE620, 0x8931, 0x4829, 0x6929, 0x0C3A, 0xCA31, 0x6921, 0xEA39, 
    0x0F94, 0x90AC, 0xF3B4, 0x75BD, 0x56BD, 0x907B, 0x8939, 0xC720, 0xCC39, 0x2A21, 0x2A21, 0x8B29, 0x6A29, 0xCB31, 0x6D4A, 0xAD52, 
    0x5294, 0x39D6, 0x18D6, 0xD6CD, 0x17CE, 0xF5CD, 0x77DE, 0xB8DE, 0xD8E6, 0xD8E6, 0xB8DE, 0x98D6, 0x78D6, 0x78D6, 0x58CE, 0x17CE, 
    0x57CE, 0x77CE, 0x78D6, 0x98D6, 0xD9DE, 0x9CF7, 0xDEFF, 0x3BEF, 0x9DF7, 0xDEFF, 0x9DF7, 0xDEFF, 0xDFFF, 0x9EF7, 0xDFFF, 0xBEF7, 
    0xBFFF, 0xFFFF, 0xFFFF, 0xFFFF, 0xBFFF, 0x9EF7, 0x9EF7, 0x9EF7, 0x5CEF, 0x7DEF, 0xFBE6, 0x1CE7, 0xBEFF, 0xFEFF, 0xFFFF, 0xDEFF, 
    0xFFFF, 0x9ADE, 0x929C, 0x5294, 0x97BD, 0xF5A4, 0x6F73, 0x7073, 0xCE5A, 0x0F63, 0xAE5A, 0x2C42, 0x6D4A, 0x8E52, 0x2D42, 0xAB39, 
    0x6D4A, 0x4B4A, 0x0E63, 0x77AD, 0xDFFF, 0xFFFF, 0x7EF7, 0xFBE6, 0x99DE, 0xF7C5, 0x17CE, 0x58D6, 0x78DE, 0x38D6, 0x95BD, 0x95C5, 
    0x729C, 0x8F7B, 0x3194, 0xB7C5, 0xDFFF, 0x9EFF, 0x7EF7, 0x7DF7, 0xDEFF, 0x9DF7, 0x9DF7, 0xFBDE, 0x9DEF, 0x3BE7, 0x1ADF, 0x37C6, 
    0xD4B5, 0xB3AD, 0xCB6B, 0x8A6B, 0xC752, 0xA642, 0xA64A, 0xE229, 0xE229, 0x643A, 0x443A, 0x6432, 0x853A, 0x2432, 0x853A, 0xA642, 
    0x0300, 0x0719, 0x0619, 0xA410, 0xC839, 0xB394, 0x3CEF, 0x5CF7, 0xF6CD, 0x709C, 0x509C, 0x33BD, 0x34BD, 0x34BD, 0x34BD, 0xB2AC, 
    0xF3B4, 0x13BD, 0x13BD, 0x13B5, 0x13B5, 0x13B5, 0x33B5, 0x54BD, 0x13B5, 0x95C5, 0x95C5, 0x53BD, 0x74BD, 0x74BD, 0x73BD, 0x74C5, 
    0x95C5, 0x95C5, 0x74BD, 0x54BD, 0x54BD, 0x54BD, 0x74BD, 0x95C5, 0x74C5, 0x74C5, 0x95C5, 0xD6CD, 0xD6CD, 0xD6CD, 0x74BD, 0x34B5, 
    0xD3AC, 0xB3A4, 0x3194, 0xCF8B, 0xF093, 0x91AC, 0xF3BC, 0xF2BC, 0x33BD, 0xB0AC, 0x2D94, 0xEC8B, 0xEB83, 0xEB83, 0xCA7B, 0x8973, 
    0x4C8C, 0x8973, 0xAA7B, 0xCF9C, 0xEC83, 0x31AD, 0x6F9C, 0xAC83, 0xAC83, 0xF1AC, 0xB4C5, 0x52BD, 0x52B5, 0x93BD, 0xF1AC, 0x0D8C, 
    0xEC7B, 0x2C7C, 0x2C7C, 0xEC73, 0xEC73, 0x0C7C, 0xEB73, 0x8A63, 0xEB73, 0xEB73, 0x0C7C, 0x6D84, 0xAF94, 0xF09C, 0x31A5, 0x92AD, 
    0x109D, 0x295B, 0x8329, 0x2A63, 0xB4B5, 0xD29C, 0xEF7B, 0x76B5, 0x7394, 0x6B52, 0xA839, 0x6731, 0xA510, 0x6729, 0xB073, 0x35AD, 
    0xF3AC, 0xD1AC, 0x13B5, 0x14B5, 0x35B5, 0xF9CD, 0xF6A4, 0x2C4A, 0x6610, 0x6929, 0x2921, 0x0819, 0xAA31, 0x8A29, 0x2821, 0x6929, 
    0x0A42, 0x15AD, 0xD7BD, 0x18CE, 0x58D6, 0xD6C5, 0x57D6, 0x16CE, 0x56D6, 0x97DE, 0x97DE, 0x77D6, 0x98DE, 0xD9E6, 0xDAEE, 0xB9DE, 
    0xD9E6, 0x98DE, 0x78D6, 0x98D6, 0xB9DE, 0x1BEF, 0xFAE6, 0x58CE, 0xFAE6, 0xFBE6, 0xBADE, 0x3CEF, 0xBEFF, 0xFFFF, 0xFFFF, 0xBEF7, 
    0xBEF7, 0x9EEF, 0x3DE7, 0x5CE7, 0xBEF7, 0xFFFF, 0xBEF7, 0x3CE7, 0xBADE, 0xDEFF, 0xFFFF, 0x1BE7, 0x1BE7, 0xBEFF, 0x9DF7, 0x7DF7, 
    0x7DF7, 0xFFFF, 0x9EF7, 0xDADE, 0xD39C, 0xAF7B, 0x294A, 0x1184, 0x2E6B, 0x4B52, 0xEA41, 0x8D5A, 0x306B, 0x8E5A, 0xEB41, 0x0B4A, 
    0x8D5A, 0x9073, 0x1AC6, 0xFFFF, 0x9FF7, 0xBBDE, 0xBBDE, 0xFBE6, 0x99DE, 0xF7C5, 0xF7CD, 0x17CE, 0x37D6, 0x58DE, 0x58DE, 0xDAEE, 
    0xDEFF, 0xBEFF, 0x7DF7, 0x1CEF, 0x3BEF, 0xFBE6, 0x3BE7, 0x9DF7, 0xBDF7, 0xDEFF, 0xFEFF, 0xFADE, 0x5BE7, 0xF5B5, 0x129D, 0x0A5B, 
    0x095B, 0x095B, 0xE431, 0x453A, 0x2432, 0x243A, 0x8542, 0x4332, 0x643A, 0xC542, 0x8542, 0x4332, 0xC642, 0x6432, 0x853A, 0x032A, 
    0xA708, 0x2400, 0x4400, 0x8508, 0xA518, 0x6B52, 0xF4A4, 0xB7C5, 0x59DE, 0x17D6, 0x33B5, 0xB1A4, 0x13B5, 0xF2AC, 0xD2AC, 0x95C5, 
    0xF3BC, 0x13BD, 0x13BD, 0x13B5, 0xF3B4, 0xF3B4, 0x13B5, 0x33BD, 0x33BD, 0x54BD, 0x74C5, 0x74BD, 0x33BD, 0x73BD, 0x74BD, 0x53BD, 
    0x94C5, 0x95C5, 0x95C5, 0x74BD, 0x54BD, 0x53BD, 0x74BD, 0x94C5, 0x95C5, 0x94C5, 0x74C5, 0x94C5, 0xB5C5, 0xD5CD, 0xD6CD, 0xD6CD, 
    0x34B5, 0x96C5, 0x55BD, 0x519C, 0xCE8B, 0x309C, 0xB2AC, 0xB1B4, 0x12BD, 0xD1AC, 0x6F9C, 0x0D8C, 0xEC83, 0xEB83, 0xCA7B, 0xAA73, 
    0x2C84, 0xAA73, 0x2C84, 0xCF9C, 0xEC83, 0x8E94, 0x4E94, 0xAB7B, 0xED8B, 0xD0A4, 0x93BD, 0x52B5, 0xF1AC, 0x72BD, 0x72BD, 0x8E9C, 
    0xCB7B, 0xEB73, 0x0C7C, 0xEB73, 0xCB73, 0xAA6B, 0xCA6B, 0xEB6B, 0x8A63, 0x8A63, 0xCB6B, 0x2C7C, 0x4D84, 0x2D7C, 0x6D84, 0xCF94, 
    0xEF8C, 0x3095, 0xCB6B, 0x053A, 0xC852, 0xB094, 0x33A5, 0x9194, 0x13A5, 0xF3A4, 0x2D6B, 0x294A, 0xAF7B, 0x14A5, 0xB394, 0x518C, 
    0x909C, 0xB1AC, 0x2F94, 0x3094, 0x14AD, 0x14AD, 0x35AD, 0x5BCE, 0xD17B, 0x0721, 0x6508, 0x8931, 0x6929, 0x0721, 0x8929, 0xCA39, 
    0x0721, 0x8C52, 0xD07B, 0x56AD, 0x34A5, 0x13A5, 0xDADE, 0x57CE, 0x57D6, 0x77DE, 0x57DE, 0x36D6, 0x36D6, 0x77DE, 0xB9EE, 0xF9EE, 
    0x7CFF, 0x78D6, 0x37D6, 0xD9E6, 0xFAE6, 0xB9E6, 0xBAE6, 0xDAE6, 0x99D6, 0xB9DE, 0x79D6, 0xDADE, 0x1CE7, 0x3CEF, 0x9EFF, 0x9DF7, 
    0x5CEF, 0xFBDE, 0x79CE, 0x79CE, 0x1BDF, 0xBDF7, 0x7DEF, 0xDADE, 0x58CE, 0x99D6, 0x5CEF, 0x1BE7, 0x5CEF, 0x7DEF, 0x79CE, 0x99D6, 
    0xB9D6, 0xBAD6, 0x1BE7, 0x3CE7, 0x95B5, 0x7194, 0x284A, 0xF083, 0x8B5A, 0x2952, 0x8B5A, 0xF18B, 0xB5A4, 0x1294, 0xD18B, 0xB5A4, 
    0x36AD, 0xD8C5, 0xFDE6, 0x9FFF, 0x3DEF, 0xDBE6, 0xBADE, 0x58D6, 0xB9E6, 0x78D6, 0x58D6, 0x95BD, 0x95BD, 0x17D6, 0xF7CD, 0x37D6, 
    0x16CE, 0xB8DE, 0x78D6, 0xB8D6, 0xB9DE, 0x1AE7, 0x57CE, 0x15BE, 0x73AD, 0x72AD, 0x329D, 0x4A63, 0x095B, 0xA74A, 0x295B, 0xA74A, 
    0xE431, 0x453A, 0x243A, 0xA642, 0x8542, 0x2432, 0x8542, 0x8542, 0x843A, 0x064B, 0x853A, 0x6432, 0xC642, 0xC642, 0xA53A, 0x032A, 
    0x2500, 0x6600, 0x2500, 0x6508, 0x2821, 0x2729, 0xC939, 0xB083, 0xD4A4, 0x39D6, 0xF7CD, 0xD2A4, 0xB1A4, 0xD2AC, 0xF2AC, 0x53BD, 
    0x13BD, 0xF3BC, 0x13BD, 0x13BD, 0xF3BC, 0x13B5, 0x13BD, 0x13BD, 0x74C5, 0x53BD, 0x74C5, 0x74BD, 0x33B5, 0x53BD, 0x94C5, 0x73BD, 
    0x94C5, 0xB4C5, 0xB5C5, 0x94C5, 0x74BD, 0x73BD, 0x74BD, 0x94C5, 0x95C5, 0x94C5, 0x94C5, 0x74BD, 0x74BD, 0xB4C5, 0xD6CD, 0x17D6, 
    0x17D6, 0x96C5, 0x75BD, 0x95C5, 0x75C5, 0xD2B4, 0x50A4, 0x2F9C, 0xF2B4, 0xD1B4, 0x90A4, 0x2E94, 0xCC83, 0xCB7B, 0xEC83, 0x2C84, 
    0xCB73, 0xCB73, 0x2C84, 0x4D8C, 0xCF9C, 0x6E94, 0x8F94, 0x2D8C, 0x0D84, 0x2D8C, 0xF0AC, 0x31B5, 0xCFA4, 0x30AD, 0x71BD, 0xEFA4, 
    0x8E94, 0x0C7C, 0xAB73, 0xEC73, 0xEB73, 0x8A6B, 0xAA6B, 0x0C74, 0xCB6B, 0x8A63, 0x8A63, 0xCB6B, 0xCB6B, 0xCB6B, 0x0C7C, 0x8E84, 
    0x3095, 0x4C74, 0xCE8C, 0xCE8C, 0xA74A, 0x053A, 0xAC73, 0x8F94, 0x0E84, 0x33AD, 0xF2A4, 0xB19C, 0x33AD, 0xD1A4, 0x0E84, 0x2F8C, 
    0x6F9C, 0x2E94, 0xB1A4, 0xB1A4, 0xCE83, 0x5094, 0x75B5, 0x96B5, 0xD7BD, 0xB7B5, 0x0E63, 0xA410, 0x0621, 0x0B42, 0xCA39, 0x4829, 
    0x4821, 0x0719, 0x2721, 0xCD52, 0xAB52, 0xCB5A, 0x95B5, 0xB9DE, 0x78D6, 0x36D6, 0x16D6, 0x36DE, 0x57DE, 0x36DE, 0x36E6, 0x57E6, 
    0xD9EE, 0xF6C5, 0xB5C5, 0x37D6, 0x57D6, 0x37CE, 0x79DE, 0xDAE6, 0xB9DE, 0x3BEF, 0x1BEF, 0xFBE6, 0x99DE, 0x38CE, 0xBADE, 0xFBE6, 
    0xB9D6, 0xFADE, 0xFADE, 0xB9D6, 0x99D6, 0xDAD6, 0xFADE, 0xDADE, 0xBAD6, 0x78CE, 0x1BE7, 0x3BE7, 0x1BE7, 0xDADE, 0x38C6, 0x5CEF, 
    0x7CEF, 0x58C6, 0x78CE, 0xDADE, 0x9DF7, 0x9DF7, 0xD6BD, 0x79D6, 0x18CE, 0xBAE6, 0xDBEE, 0x9AE6, 0x7AE6, 0x5AE6, 0x19DE, 0x18D6, 
    0x7ADE, 0x7ADE, 0x18CE, 0x18CE, 0xFBE6, 0x3BEF, 0xB9DE, 0x78D6, 0x37CE, 0x57D6, 0xB9E6, 0x37CE, 0xD5C5, 0x17CE, 0x57D6, 0xD9E6, 
    0xF8DE, 0x18DF, 0xD8DE, 0x9AEF, 0x76CE, 0x109D, 0x085B, 0xC752, 0x243A, 0x8642, 0xE74A, 0x8542, 0x2432, 0xE329, 0x443A, 0x8542, 
    0x653A, 0x8642, 0x863A, 0x8542, 0x653A, 0x032A, 0x643A, 0x853A, 0x232A, 0xE642, 0x022A, 0x843A, 0x232A, 0xE642, 0x8532, 0x4432, 
    0xA608, 0x8608, 0x6608, 0x0400, 0xA610, 0x4929, 0x0729, 0x2729, 0x2F73, 0x36B5, 0x3DF7, 0xBAE6, 0xD2A4, 0xB1A4, 0x32B5, 0xB1A4, 
    0x13BD, 0x13BD, 0x13BD, 0x13BD, 0x33BD, 0x33BD, 0x33BD, 0x33BD, 0x94CD, 0x53C5, 0x54BD, 0x53BD, 0x33BD, 0x73BD, 0x94C5, 0x94C5, 
    0x94C5, 0xB4C5, 0xB5C5, 0xB5C5, 0x94C5, 0x94C5, 0x74BD, 0x74BD, 0x74BD, 0x94C5, 0xB4C5, 0x94C5, 0x94C5, 0x94C5, 0xB5C5, 0xD6CD, 
    0xF6CD, 0xD6C5, 0x95C5, 0xB6CD, 0xD6CD, 0x95CD, 0xF3BC, 0x70A4, 0x4FA4, 0x90A4, 0xB0AC, 0xB0A4, 0x6F9C, 0x2E8C, 0x0D8C, 0x2D8C, 
    0x0C84, 0x0C84, 0x0C84, 0xEC7B, 0xB3B5, 0xB09C, 0xAF9C, 0x2D8C, 0xEC83, 0xAB7B, 0x6E9C, 0x31B5, 0x10AD, 0x10AD, 0x31B5, 0x10AD, 
    0x93BD, 0x8F94, 0xCC7B, 0xEC7B, 0x2D84, 0xEC7B, 0xAB6B, 0xCB6B, 0x0C74, 0xCB6B, 0xCB6B, 0xCB6B, 0xEC73, 0xEB73, 0xEC73, 0x0C74, 
    0xAD84, 0xEE8C, 0x8D84, 0x6D7C, 0xAE8C, 0x8A6B, 0x664A, 0xA752, 0x11A5, 0x0D84, 0x4E94, 0xD0A4, 0x6F94, 0x6F94, 0xAF9C, 0x2E8C, 
    0x2E94, 0x2E94, 0x0E8C, 0xB09C, 0xD1A4, 0x8C7B, 0x6C73, 0x12A5, 0x75B5, 0xB6B5, 0x9AD6, 0x97B5, 0x4B52, 0x6410, 0xE628, 0xC939, 
    0xCB31, 0xAA29, 0xE710, 0x8829, 0xE939, 0x8731, 0x2C63, 0xF7C5, 0x99DE, 0x37D6, 0xF6D5, 0x16D6, 0x57E6, 0x57E6, 0x57E6, 0x36DE, 
    0x37DE, 0x16CE, 0xD6CD, 0x74BD, 0x54B5, 0xB5C5, 0x17D6, 0xF7CD, 0x99DE, 0xBAE6, 0x79DE, 0xBAE6, 0xDAE6, 0xBADE, 0xDBE6, 0x9ADE, 
    0x99D6, 0xFADE, 0x3BE7, 0x5CEF, 0x5BEF, 0x3BE7, 0x3BE7, 0x3BE7, 0x3BE7, 0xDADE, 0x79D6, 0x38C6, 0x38CE, 0x58CE, 0x79CE, 0x5CEF, 
    0xB9D6, 0x37C6, 0x78CE, 0xD5BD, 0xD9DE, 0x5BEF, 0xFAE6, 0xFAE6, 0x78DE, 0xBAE6, 0x79E6, 0x37D6, 0x58E6, 0x99EE, 0x79EE, 0x99E6, 
    0xF7CD, 0x79D6, 0x79DE, 0x99DE, 0xB9E6, 0x98DE, 0xB9DE, 0xBCFF, 0x19E7, 0xF9E6, 0x7BF7, 0x19E7, 0xF5C5, 0x12AD, 0x33AD, 0x97D6, 
    0xCF94, 0x50A5, 0xCF94, 0x6D8C, 0x085B, 0x6542, 0xC229, 0x443A, 0xC64A, 0xA542, 0x843A, 0xA542, 0x443A, 0x6332, 0x843A, 0x074B, 
    0x853A, 0x4432, 0x4432, 0x4432, 0xC642, 0xC642, 0xE64A, 0xA53A, 0x4332, 0x274B, 0x0222, 0xE642, 0x032A, 0x0643, 0x6432, 0x853A, 
    0x4400, 0x0300, 0xC610, 0x4508, 0x0300, 0xE720, 0x8A31, 0x2929, 0x6931, 0x5073, 0x9CDE, 0x9FFF, 0xD7C5, 0x7194, 0xD1A4, 0x54B5, 
    0x13B5, 0x13BD, 0x14BD, 0x13BD, 0x34C5, 0x34C5, 0x33C5, 0x33BD, 0x54C5, 0x53C5, 0x53BD, 0x73BD, 0x74C5, 0x74C5, 0x74BD, 0x94C5, 
    0xB4C5, 0x94C5, 0x94C5, 0x94C5, 0xB4C5, 0x94C5, 0x94C5, 0x74BD, 0x74BD, 0x94C5, 0x94C5, 0xB4C5, 0x94C5, 0x94C5, 0x94C5, 0x94C5, 
    0x95BD, 0x17D6, 0x17D6, 0x54BD, 0x34BD, 0xB5CD, 0xB5CD, 0x33BD, 0x50A4, 0x70A4, 0x90A4, 0xD1AC, 0xF1AC, 0xD1A4, 0x4F94, 0x0E8C, 
    0x6F94, 0x4F8C, 0xED83, 0x2E84, 0x53AD, 0x9094, 0x9094, 0xED83, 0xCD83, 0xAC7B, 0x2E94, 0xF0AC, 0x11B5, 0x11B5, 0x31B5, 0x11B5, 
    0x93C5, 0x12B5, 0x8F9C, 0x2E94, 0x2E8C, 0x2E8C, 0xED83, 0xAB73, 0xED7B, 0x2D7C, 0x2D7C, 0x2D7C, 0x2D84, 0x2D84, 0x0D7C, 0xCB73, 
    0xCA6B, 0x2C7C, 0x6D84, 0x6D84, 0x8D8C, 0xAE94, 0x0C84, 0x2863, 0x0442, 0x6E94, 0x30AD, 0x8E94, 0xEFA4, 0x30AD, 0x6D94, 0x0C84, 
    0xAC7B, 0xED8B, 0x4E94, 0xAC7B, 0x2A6B, 0x0D84, 0x6F94, 0xAC7B, 0x73AD, 0x53AD, 0xF2A4, 0x55B5, 0x39CE, 0x36B5, 0xAD62, 0x2729, 
    0x8931, 0x6821, 0x2721, 0xE618, 0x2621, 0xE418, 0xE318, 0x8952, 0x54B5, 0x17D6, 0x78DE, 0xF6D5, 0xB5CD, 0xF6D5, 0x16DE, 0xB5CD, 
    0xB5CD, 0xD6CD, 0xD6CD, 0x74BD, 0x54BD, 0xD6CD, 0x37D6, 0xD6C5, 0x17CE, 0xD6CD, 0x55BD, 0xD6C5, 0x79DE, 0xBAE6, 0x1BEF, 0xBAE6, 
    0x99DE, 0x98D6, 0xB9DE, 0x3BEF, 0x7CF7, 0x5BEF, 0x3BEF, 0x5BEF, 0x1BE7, 0x5CF7, 0xFBE6, 0x1BE7, 0x5CEF, 0x1BE7, 0xDADE, 0x79D6, 
    0xFBE6, 0xBADE, 0xB9DE, 0x37CE, 0xDAE6, 0x1BEF, 0xFAE6, 0x58D6, 0x3BF7, 0xB9E6, 0x37D6, 0x57DE, 0x98E6, 0x36D6, 0xF6D5, 0x98E6, 
    0x99DE, 0xB9DE, 0xD9E6, 0xD9DE, 0x97D6, 0x97D6, 0xB7D6, 0x76CE, 0x19E7, 0x56CE, 0x35C6, 0x72AD, 0x2D84, 0x095B, 0xA852, 0x8B6B, 
    0x443A, 0xC54A, 0x233A, 0xE229, 0x2332, 0xE652, 0xC54A, 0x8442, 0x2332, 0x2332, 0xC542, 0xE54A, 0x2653, 0x843A, 0x6332, 0x4332, 
    0x6432, 0x232A, 0x4432, 0xE221, 0x853A, 0x853A, 0x6432, 0xC121, 0xE221, 0x843A, 0xA119, 0xA53A, 0x432A, 0xE642, 0xA43A, 0xE642, 
    0xC408, 0x6300, 0x6400, 0x0300, 0x6508, 0x8610, 0x4508, 0x6A31, 0x0829, 0xC720, 0x0B4A, 0x77B5, 0xBFFF, 0x59D6, 0x929C, 0xF3AC, 
    0xF3B4, 0xF3B4, 0xF3BC, 0x13BD, 0x14BD, 0x34C5, 0x33C5, 0x33BD, 0x33BD, 0x53C5, 0x53C5, 0x74C5, 0xB5CD, 0x94C5, 0x53BD, 0x73BD, 
    0xB4C5, 0x94C5, 0x94C5, 0x94C5, 0x94C5, 0xB4C5, 0x94C5, 0x74BD, 0xB4C5, 0x94C5, 0x74BD, 0x74BD, 0x94C5, 0xB4C5, 0xB4C5, 0x94C5, 
    0xF6CD, 0xD6C5, 0xD6CD, 0x17D6, 0xF6D5, 0xB5CD, 0x95CD, 0xB5CD, 0x74C5, 0xD2AC, 0x2F9C, 0x2F94, 0x91A4, 0xF2AC, 0xD2AC, 0x909C, 
    0x2F94, 0x2F94, 0xEE83, 0x709C, 0x919C, 0x0F8C, 0x709C, 0x0E8C, 0xCD83, 0xAD83, 0xED8B, 0x4F9C, 0xB0A4, 0xD0B4, 0xF1B4, 0xF1B4, 
    0xD1B4, 0x53C5, 0x53C5, 0x70A4, 0x0E94, 0x4E94, 0x4F94, 0x0E8C, 0x0E8C, 0x4E8C, 0x2E8C, 0x0D84, 0x2E84, 0x8F94, 0x8F94, 0x8F94, 
    0x4D84, 0x2C7C, 0x4D84, 0x6D8C, 0x2D84, 0x0C7C, 0x6D8C, 0xEF9C, 0xAA73, 0x2442, 0xE75A, 0xCE9C, 0xEF9C, 0x8D94, 0xEE9C, 0xEFA4, 
    0xB09C, 0xAC7B, 0x096B, 0x6A73, 0x0C84, 0xAB7B, 0x8A73, 0xEC83, 0xF09C, 0x32AD, 0x94BD, 0x95BD, 0x96BD, 0xF8CD, 0xF9D5, 0x98BD, 
    0x4F6B, 0x2B42, 0xAD52, 0x2A42, 0xC839, 0x8A52, 0xC741, 0x4531, 0xC641, 0x719C, 0x58DE, 0x17D6, 0x75C5, 0xF6D5, 0x38DE, 0xF7D5, 
    0x17D6, 0xB5CD, 0xB5CD, 0xB5CD, 0x95C5, 0x74BD, 0x74BD, 0x34B5, 0x75BD, 0xD6CD, 0x75BD, 0x55BD, 0x13B5, 0x34B5, 0x58D6, 0xDAEE, 
    0x37D6, 0x37D6, 0x98DE, 0xB9E6, 0x78DE, 0x16CE, 0x78D6, 0x3BEF, 0xFAE6, 0x9DFF, 0xFAE6, 0x1BEF, 0x1BEF, 0x99DE, 0xDAE6, 0x99DE, 
    0x38CE, 0x59D6, 0x79DE, 0xBADE, 0x58D6, 0xF6C5, 0x78DE, 0xFAE6, 0x78DE, 0xB8E6, 0x98DE, 0x56D6, 0x77DE, 0x77DE, 0x56D6, 0x77D6, 
    0x77D6, 0x76CE, 0xB7D6, 0xD4B5, 0x6E8C, 0xF09C, 0x309D, 0x6963, 0x8A6B, 0xE752, 0x8642, 0x0432, 0x053A, 0x6642, 0x253A, 0x253A, 
    0x443A, 0x8442, 0xA442, 0xA542, 0xA442, 0x4332, 0x643A, 0x2653, 0xE542, 0xA43A, 0x064B, 0x222A, 0xA43A, 0xE121, 0xA43A, 0xC53A, 
    0x6432, 0x4432, 0x853A, 0xA119, 0x0222, 0x032A, 0x4332, 0x022A, 0x432A, 0xA53A, 0xE221, 0x843A, 0x8432, 0x8432, 0x6332, 0x8432, 
    0xE310, 0x0411, 0x6200, 0x4200, 0x6400, 0x4400, 0xC718, 0x2921, 0x6A31, 0x4929, 0x0721, 0x6831, 0x2E6B, 0x35AD, 0xB7BD, 0xF4AC, 
    0x35B5, 0xB3AC, 0xB3B4, 0x34BD, 0x54C5, 0xF3B4, 0xF3BC, 0x54C5, 0x12BD, 0x33BD, 0x53C5, 0x94C5, 0x94C5, 0x94C5, 0x94C5, 0x74BD, 
    0x73BD, 0x94C5, 0x94C5, 0x94C5, 0x94C5, 0x73BD, 0x94C5, 0x94C5, 0x73BD, 0x73BD, 0x94C5, 0xB4C5, 0xB5C5, 0xB4C5, 0xB4C5, 0x94C5, 
    0xB5C5, 0xB5C5, 0xD5CD, 0xF6CD, 0xF6D5, 0xF6D5, 0xD6CD, 0xB5CD, 0xD6D5, 0x74C5, 0x13B5, 0xD1AC, 0x509C, 0x4F9C, 0x509C, 0x2F94, 
    0xCF8B, 0x1094, 0x3094, 0x1094, 0x3194, 0x719C, 0x5194, 0xCF8B, 0x0F94, 0x0F94, 0xEF93, 0x90A4, 0x2F9C, 0xF2B4, 0xF2BC, 0xF1BC, 
    0xF2BC, 0xF2C4, 0xF3C4, 0xD1BC, 0x70AC, 0x4FA4, 0x50A4, 0x70A4, 0x4F9C, 0xED8B, 0x2F94, 0x6F9C, 0xEE8B, 0xED8B, 0x4F94, 0x6F94, 
    0xB09C, 0x6F94, 0x2E8C, 0x2E8C, 0x4E8C, 0x4E8C, 0x2D84, 0x0C7C, 0x2C84, 0xEB7B, 0x4963, 0x2863, 0x0B7C, 0xCE94, 0xEE9C, 0xAE94, 
    0xF1A4, 0x4F94, 0x6B73, 0x296B, 0x6973, 0x696B, 0x6973, 0xEB83, 0x8E94, 0x51AD, 0x53B5, 0x33B5, 0x75BD, 0x14B5, 0x15B5, 0xF8CD, 
    0x7BDE, 0x5AD6, 0x3ACE, 0x5AD6, 0x9BDE, 0x7AD6, 0x39D6, 0x18CE, 0xF4AC, 0x719C, 0xB6C5, 0x96BD, 0xD7CD, 0xD7CD, 0x18D6, 0x79DE, 
    0x17D6, 0xD6CD, 0xB5CD, 0xF6D5, 0xD6CD, 0x74C5, 0xB5C5, 0x38DE, 0x95C5, 0xB6C5, 0xD6CD, 0xB6C5, 0x54BD, 0x13B5, 0x54B5, 0xB5C5, 
    0xB4C5, 0xF9EE, 0x37D6, 0x77DE, 0x3BF7, 0x98DE, 0x57D6, 0xD9E6, 0xFAEE, 0x99E6, 0x78DE, 0x99DE, 0x99DE, 0x78D6, 0x58D6, 0x58D6, 
    0x7ADE, 0x39DE, 0x39DE, 0x38D6, 0x9AE6, 0xD7CD, 0xB9E6, 0xFAE6, 0x1AEF, 0xD8DE, 0xB8DE, 0x56CE, 0xD8DE, 0xF4BD, 0xD3B5, 0xF4BD, 
    0xCB73, 0xCB73, 0x0853, 0xC74A, 0x243A, 0xA642, 0x653A, 0x8542, 0x2432, 0x853A, 0x4432, 0xC642, 0x653A, 0x853A, 0x042A, 0x853A, 
    0x843A, 0x6332, 0x064B, 0xC542, 0x843A, 0x264B, 0xC542, 0x843A, 0xA43A, 0x843A, 0x4332, 0xE542, 0x4332, 0xC43A, 0xA43A, 0xE542, 
    0x6011, 0x432A, 0x232A, 0x8019, 0x6332, 0x4332, 0xA53A, 0x6432, 0x6432, 0xC542, 0x0643, 0x6332, 0xE542, 0x432A, 0x432A, 0x8432, 
    0x8421, 0x4319, 0xA208, 0xC310, 0xC410, 0x4300, 0x8608, 0x0821, 0x0821, 0x6929, 0x8A31, 0x4829, 0x4829, 0x2B4A, 0x8F73, 0x9394, 
    0xB3A4, 0xF4B4, 0x14B5, 0xF3B4, 0xF3B4, 0x34BD, 0x34C5, 0xF2BC, 0xF2B4, 0xF2BC, 0x12BD, 0x53BD, 0x74C5, 0x94C5, 0x95C5, 0xB5C5, 
    0xB5C5, 0xD5CD, 0xD5CD, 0xD5CD, 0x94C5, 0x94C5, 0x74BD, 0x74BD, 0x73BD, 0x74BD, 0x94C5, 0x94C5, 0x94C5, 0x94C5, 0x94C5, 0x94C5, 
    0x95C5, 0x95C5, 0xB5C5, 0xD6CD, 0xF6CD, 0xF6D5, 0xB5CD, 0xB5CD, 0x17DE, 0xB5CD, 0x95C5, 0x54BD, 0xD2AC, 0xD2AC, 0xD2AC, 0x91A4, 
    0x51A4, 0x119C, 0xF093, 0xD093, 0xD08B, 0xF093, 0x3194, 0x729C, 0x719C, 0x309C, 0xEF93, 0x71A4, 0x70A4, 0x54C5, 0x33C5, 0xF2BC, 
    0xD2C4, 0xD2C4, 0xF3C4, 0x13C5, 0x13C5, 0x33C5, 0x33BD, 0x33BD, 0x33B5, 0xB1A4, 0xD2AC, 0x33B5, 0xB1A4, 0x709C, 0x509C, 0x2F94, 
    0xCD83, 0x2E8C, 0x909C, 0xB09C, 0x6F94, 0x4E8C, 0x6E8C, 0xAF94, 0x8E8C, 0x8E8C, 0x0C7C, 0x8A6B, 0x696B, 0x8A6B, 0x2C84, 0x109D, 
    0x4F94, 0x32AD, 0xF1A4, 0xCC83, 0x6A73, 0x8A73, 0xAA7B, 0x8973, 0x6973, 0x6E94, 0x52B5, 0x73BD, 0x33B5, 0x75C5, 0x96C5, 0x35BD, 
    0x76C5, 0xF8CD, 0xD8CD, 0xB7C5, 0x18D6, 0x38D6, 0x39D6, 0xDBE6, 0x9ADE, 0xF7C5, 0xF8CD, 0x35AD, 0x55B5, 0xD8C5, 0x97BD, 0x14AD, 
    0x79E6, 0x78E6, 0x58DE, 0x17D6, 0x95C5, 0x74C5, 0xB5C5, 0xF7D5, 0x58DE, 0x17D6, 0xD6CD, 0xF7CD, 0x17D6, 0x17D6, 0x17D6, 0x17D6, 
    0x16D6, 0x98E6, 0x57DE, 0xD9EE, 0xD9EE, 0x36D6, 0x57DE, 0x98E6, 0xD9E6, 0xD9E6, 0xB9E6, 0x58D6, 0x17CE, 0x37CE, 0x78D6, 0x99DE, 
    0x18D6, 0x18D6, 0xBBEE, 0x9AE6, 0x79DE, 0x1BEF, 0x37CE, 0x57D6, 0x16C6, 0xF4BD, 0xF5BD, 0x92AD, 0x519D, 0xCB6B, 0xE74A, 0x6542, 
    0x653A, 0x653A, 0x653A, 0x2432, 0x4432, 0x6432, 0x843A, 0x6432, 0x6432, 0xC53A, 0x6432, 0x432A, 0x442A, 0xA532, 0x6532, 0x8532, 
    0xC542, 0x8432, 0x064B, 0xC53A, 0x643A, 0xA53A, 0x6332, 0x843A, 0x8432, 0x843A, 0x222A, 0x843A, 0x432A, 0xA43A, 0x432A, 0x6332, 
    0xE121, 0x232A, 0x432A, 0x222A, 0xC53A, 0x8432, 0xC542, 0xC542, 0x843A, 0xC53A, 0x0643, 0x432A, 0x8432, 0x222A, 0x843A, 0xE542, 
    0xE429, 0x8321, 0xC108, 0x4419, 0x4519, 0x6300, 0x8408, 0x0719, 0x0719, 0x2821, 0x8929, 0x8929, 0x2721, 0xE618, 0xA839, 0xCC5A, 
    0xB8C5, 0x15AD, 0xD4AC, 0x34B5, 0x34BD, 0xD3B4, 0xF3B4, 0x54C5, 0x12BD, 0xF2BC, 0xF2B4, 0x12BD, 0x33BD, 0x74BD, 0x95C5, 0xB5CD, 
    0xF6CD, 0xF6CD, 0xF6CD, 0xF6CD, 0xD5CD, 0xB5C5, 0x94C5, 0x94C5, 0x94C5, 0x94C5, 0xB4C5, 0xB4C5, 0xB5C5, 0xB5C5, 0xB5C5, 0xB5C5, 
    0x95C5, 0x95C5, 0xB5C5, 0xD5CD, 0xF6CD, 0xF6D5, 0xD6CD, 0xD6CD, 0x17D6, 0xD6D5, 0xB6CD, 0x95CD, 0x34BD, 0x13BD, 0x13BD, 0xD2B4, 
    0x93B4, 0x32A4, 0xF19B, 0xF093, 0xB08B, 0x8F83, 0xF08B, 0x92A4, 0xF4AC, 0x34B5, 0x55BD, 0x75BD, 0xB2AC, 0xF3B4, 0xF3BC, 0xF3BC, 
    0x34CD, 0xF3C4, 0xB2BC, 0x91B4, 0xB2B4, 0xF2B4, 0xD2B4, 0xD2AC, 0x74C5, 0xF2AC, 0xF2AC, 0x54BD, 0x54B5, 0x33B5, 0x13AD, 0xB1A4, 
    0x4F94, 0x5094, 0x7094, 0x9094, 0x6F94, 0x6F8C, 0x6E8C, 0x6E8C, 0x8E8C, 0x8E8C, 0x6E8C, 0x4D84, 0xEC7B, 0x4A63, 0x4A63, 0xED7B, 
    0xD1A4, 0xB0A4, 0xB0A4, 0x32AD, 0x10AD, 0x0C84, 0x8A73, 0x0C8C, 0x0C8C, 0xAB83, 0x2E94, 0xB0A4, 0xB1A4, 0x75C5, 0xF7D5, 0x34BD, 
    0xD7D5, 0x14BD, 0xD6CD, 0x38DE, 0xD6CD, 0x99E6, 0x1CF7, 0xF7CD, 0x14AD, 0x96BD, 0xF8CD, 0xF4AC, 0xF083, 0xB39C, 0x77B5, 0x39CE, 
    0x54BD, 0xF7D5, 0x79E6, 0x58DE, 0x17D6, 0xF6CD, 0xD6CD, 0xB5CD, 0x17D6, 0xD6CD, 0x95C5, 0xD6CD, 0x37D6, 0x37D6, 0x17D6, 0xF6CD, 
    0xF6D5, 0xF5CD, 0x57DE, 0x1AF7, 0xB8E6, 0x36D6, 0x98E6, 0x78DE, 0x57D6, 0x98DE, 0x98DE, 0x98DE, 0x78D6, 0x98DE, 0xB8DE, 0x99DE, 
    0x1BF7, 0x38DE, 0x1CF7, 0x9AE6, 0xF7CD, 0x99DE, 0x0F84, 0x9094, 0xED7B, 0x6A63, 0x295B, 0x8642, 0xA642, 0x042A, 0x4432, 0x853A, 
    0x4432, 0x4432, 0xA53A, 0x432A, 0xC53A, 0x6332, 0xC53A, 0x8432, 0x8432, 0xE53A, 0xA432, 0x0222, 0x642A, 0xA532, 0xC532, 0x8432, 
    0xC53A, 0x8432, 0xC542, 0xA43A, 0x6332, 0x6332, 0x432A, 0xA43A, 0x6432, 0xC53A, 0x432A, 0x6432, 0xA53A, 0xC53A, 0x232A, 0x432A, 
    0x8432, 0x222A, 0x8432, 0x8432, 0xE642, 0x843A, 0xC53A, 0xE642, 0x432A, 0x6432, 0xE642, 0xC53A, 0x843A, 0x422A, 0xA43A, 0xA43A, 
    0x8321, 0x6221, 0xE110, 0x4419, 0x6521, 0xA308, 0xC408, 0x0619, 0x4719, 0x0719, 0x2719, 0x8829, 0xC931, 0x8829, 0x8729, 0xA831, 
    0xF183, 0x36AD, 0x97BD, 0xD3A4, 0x92A4, 0x34BD, 0x54C5, 0xD2B4, 0x34C5, 0x33C5, 0x13BD, 0x13BD, 0x33BD, 0x34BD, 0x74C5, 0x95C5, 
    0xD5CD, 0xD5CD, 0xF6CD, 0xF6CD, 0xF6CD, 0xF5CD, 0xD6CD, 0xD5CD, 0xB5C5, 0xB5C5, 0xB5C5, 0xB5C5, 0xB5C5, 0xD5CD, 0xD6CD, 0xF6CD, 
    0xB5CD, 0xB5C5, 0xB5CD, 0xD5CD, 0xD6CD, 0xF6D5, 0xF6D5, 0xF6D5, 0xD6D5, 0xB5CD, 0xB6CD, 0xB6CD, 0x54C5, 0x13BD, 0x13BD, 0xB2B4, 
    0x72AC, 0xF19B, 0x6E8B, 0x0D7B, 0xCC6A, 0xAB6A, 0x0C73, 0x8E7B, 0xCF83, 0x7194, 0x34B5, 0x75BD, 0xF3AC, 0x13B5, 0x33BD, 0x33BD, 
    0x75CD, 0x54C5, 0x34C5, 0x34C5, 0x54BD, 0x33BD, 0xF2AC, 0xB1A4, 0x919C, 0x2F8C, 0x2F8C, 0x909C, 0xF2A4, 0x53B5, 0x94BD, 0x94BD, 
    0x13AD, 0xF2A4, 0xB194, 0x9094, 0x8F8C, 0x8F8C, 0xAF8C, 0x8F8C, 0xB094, 0xAF94, 0x8F8C, 0xD094, 0x119D, 0x6F8C, 0x8B6B, 0x2A63, 
    0xCD83, 0x4F9C, 0xB0A4, 0xD0A4, 0x11AD, 0x11AD, 0x6E94, 0x0C84, 0x8B7B, 0x6A7B, 0x4E9C, 0x53BD, 0xF2B4, 0x91AC, 0xF3B4, 0x74C5, 
    0x54C5, 0xD6D5, 0x17DE, 0x58E6, 0xDAEE, 0xDAF6, 0x38DE, 0x96C5, 0x18D6, 0xB3A4, 0xD3A4, 0x9ADE, 0x76B5, 0x4E73, 0xA739, 0x094A, 
    0x71A4, 0x33BD, 0xF6D5, 0x37DE, 0x37D6, 0x17D6, 0xF6D5, 0xD6CD, 0xF6CD, 0x17D6, 0x38D6, 0x58DE, 0x38D6, 0x17D6, 0x17D6, 0x57DE, 
    0x57DE, 0x36D6, 0x98E6, 0xD9EE, 0x57DE, 0x16D6, 0x77DE, 0x77DE, 0xF9E6, 0x77D6, 0x36CE, 0x77D6, 0xF9E6, 0x3AEF, 0x5AEF, 0x5BF7, 
    0xF6CD, 0x5094, 0xF2A4, 0xB19C, 0x0E84, 0xCD7B, 0xA431, 0xC852, 0x8742, 0x463A, 0xA642, 0x6532, 0xA63A, 0x442A, 0xC63A, 0xE63A, 
    0x8432, 0x6432, 0x8432, 0x232A, 0x6432, 0x222A, 0x632A, 0x632A, 0x832A, 0xC43A, 0x053B, 0x4222, 0xC532, 0xA42A, 0xC532, 0xA432, 
    0x6332, 0xA43A, 0xC43A, 0x8432, 0x8432, 0x8432, 0x8432, 0xE542, 0x432A, 0xE542, 0x8432, 0x6432, 0xE642, 0xC542, 0x232A, 0x8432, 
    0xE53A, 0x432A, 0xA43A, 0x632A, 0xA53A, 0x6432, 0x8432, 0x843A, 0x232A, 0x022A, 0xA43A, 0xE542, 0x833A, 0x6232, 0xC442, 0x833A, 
    0xE110, 0x6319, 0x0211, 0x2319, 0x6419, 0x0411, 0x2511, 0x2511, 0x8721, 0x6719, 0x4619, 0x2619, 0x6621, 0xA731, 0x083A, 0x2942, 
    0x0519, 0xED5A, 0x9394, 0xF4A4, 0xF4AC, 0x34B5, 0x34BD, 0xD2B4, 0x33BD, 0x33C5, 0x33BD, 0x13BD, 0x13BD, 0x34BD, 0x34BD, 0x34BD, 
    0x95C5, 0xB5C5, 0xD6CD, 0xF6CD, 0xF6CD, 0xF6D5, 0xF6CD, 0xF6CD, 0xB5C5, 0xB5C5, 0xB5C5, 0x95C5, 0x95C5, 0xB5C5, 0xB5CD, 0xD6CD, 
    0xD6CD, 0xB6CD, 0xB5C5, 0x95C5, 0xB5CD, 0xD6CD, 0xF6D5, 0xF7D5, 0xD6CD, 0xB5CD, 0xD6D5, 0xB6CD, 0x54C5, 0x13BD, 0x13BD, 0xD2B4, 
    0xD3B4, 0x52AC, 0xAE8B, 0xCB72, 0x8A62, 0xEB6A, 0x2C6B, 0x2C6B, 0xAE7B, 0xAD7B, 0x2F8C, 0xB19C, 0x33AD, 0x53B5, 0x53B5, 0xB1A4, 
    0xB1A4, 0xF2AC, 0x54B5, 0x33B5, 0xD19C, 0xEE83, 0x2B63, 0xA952, 0x4742, 0x263A, 0x063A, 0x263A, 0x884A, 0xE95A, 0x2B63, 0x8C6B, 
    0x8C6B, 0xCD73, 0x0D74, 0xCC6B, 0x8B63, 0x8B63, 0x0D74, 0x8F84, 0x319D, 0x32A5, 0xF19C, 0xF19C, 0x73AD, 0x54B5, 0xB1A4, 0x2F94, 
    0xAD8B, 0x91A4, 0x12B5, 0x12B5, 0x32B5, 0x32B5, 0x12AD, 0x12AD, 0x0D8C, 0xCD8B, 0xCD8B, 0xB0A4, 0x74C5, 0xF2B4, 0x91AC, 0x13BD, 
    0x33C5, 0xF2BC, 0x98EE, 0xFAF6, 0x75C5, 0xB6CD, 0x79E6, 0x55BD, 0x92A4, 0x34B5, 0x14B5, 0x76BD, 0xB6C5, 0x7ADE, 0x929C, 0xE849, 
    0x95C5, 0x75C5, 0x95C5, 0xB6CD, 0xB6CD, 0xB5CD, 0xD6CD, 0x17D6, 0xF6CD, 0x17D6, 0x58D6, 0x58D6, 0x16CE, 0xF6CD, 0x37D6, 0x98DE, 
    0x57D6, 0xB8DE, 0x98DE, 0x56D6, 0x97DE, 0xD8E6, 0xD8DE, 0x19E7, 0x39E7, 0x97D6, 0x76CE, 0xF8DE, 0xD8D6, 0xF4BD, 0x119D, 0xD094, 
    0x2A63, 0x0642, 0x874A, 0xA752, 0xE852, 0x253A, 0x0532, 0xE74A, 0x4532, 0x2432, 0xE742, 0xE742, 0xE642, 0x642A, 0xA532, 0x442A, 
    0x232A, 0x442A, 0x232A, 0x8432, 0x432A, 0xA432, 0x8332, 0xA432, 0x8332, 0xA432, 0x053B, 0x832A, 0xE53A, 0x4222, 0xA432, 0xE53A, 
    0x2122, 0xE43A, 0xC43A, 0x8332, 0xA43A, 0xC43A, 0xC43A, 0x0543, 0x432A, 0xE542, 0xA43A, 0x6332, 0xE542, 0x8432, 0x222A, 0xA43A, 
    0xC43A, 0x8332, 0xE542, 0x0122, 0x6332, 0x8432, 0x6432, 0x8432, 0xA53A, 0x022A, 0x022A, 0x4332, 0x012A, 0x633A, 0xE44A, 0xE442, 
    0xA008, 0x4319, 0x0211, 0x2311, 0x4419, 0x2411, 0x6519, 0x4511, 0xC729, 0xC729, 0x8621, 0x2419, 0x6521, 0x0832, 0x283A, 0xE731, 
    0x8729, 0xE510, 0xC831, 0x318C, 0x76B5, 0x14AD, 0xD3AC, 0x54C5, 0xD2B4, 0xF2BC, 0xF3BC, 0x13BD, 0x14BD, 0x14BD, 0x14B5, 0x14B5, 
    0x75C5, 0x95C5, 0xB5C5, 0xD6CD, 0xF6CD, 0xF6CD, 0xD6CD, 0xD6CD, 0xF6CD, 0xD6CD, 0xD6CD, 0xB5CD, 0xB5C5, 0xB5C5, 0xB5CD, 0xB5CD, 
    0xF6D5, 0xD6CD, 0xB5C5, 0x95C5, 0xB5C5, 0xB6CD, 0xD6CD, 0xD6CD, 0xD6CD, 0xB6CD, 0xD6D5, 0xD6D5, 0x54C5, 0x34C5, 0x34C5, 0x13BD, 
    0xF3BC, 0x13BD, 0xB2AC, 0x309C, 0xEF8B, 0x0F84, 0xAD7B, 0x2B63, 0x8C6B, 0x4B63, 0xAC6B, 0x8C6B, 0xED7B, 0x0D7C, 0x4E8C, 0xCC7B, 
    0x4F84, 0x708C, 0x708C, 0x2E7C, 0x6C63, 0xC94A, 0x463A, 0x0632, 0x4632, 0x673A, 0x4632, 0x2632, 0x4632, 0x2632, 0x0532, 0x463A, 
    0x0632, 0x4632, 0x873A, 0xA742, 0xA742, 0xC742, 0xE84A, 0x0953, 0x2D7C, 0xF19C, 0x32AD, 0xF2A4, 0x13AD, 0x34B5, 0x34BD, 0x54BD, 
    0x91A4, 0x2F9C, 0x2F9C, 0xD2AC, 0x13B5, 0x91A4, 0x709C, 0x33B5, 0x13B5, 0x33BD, 0x709C, 0x4F9C, 0x94C5, 0xF6D5, 0x33BD, 0x12BD, 
    0x74C5, 0xF6D5, 0xF6D5, 0x95CD, 0x74C5, 0x34BD, 0x34BD, 0xB6CD, 0xB6CD, 0xD7CD, 0x95C5, 0xB6CD, 0x75BD, 0xD6CD, 0x59DE, 0x18D6, 
    0x38DE, 0xF6D5, 0xD6CD, 0xD6CD, 0xD6CD, 0xB5C5, 0xB5C5, 0xF6CD, 0x17CE, 0xD6CD, 0xB5C5, 0x95C5, 0xB5C5, 0xD5C5, 0x16CE, 0x57D6, 
    0x77D6, 0xD8DE, 0xD8DE, 0x97D6, 0xF9DE, 0xB8D6, 0xB3B5, 0xB3B5, 0xAF94, 0x8E8C, 0xEF94, 0x519D, 0xAE8C, 0x485B, 0x453A, 0x2432, 
    0x253A, 0x653A, 0x8642, 0x653A, 0xE74A, 0x4432, 0x2853, 0xE742, 0x853A, 0x0322, 0x8532, 0x442A, 0x232A, 0x0322, 0xA53A, 0x442A, 
    0x432A, 0x6432, 0x642A, 0x0643, 0xA53A, 0x0643, 0xA43A, 0xE542, 0xA43A, 0xA43A, 0xC432, 0x8332, 0xA432, 0x422A, 0x8332, 0x2543, 
    0x622A, 0x2543, 0xC33A, 0x8332, 0xC43A, 0xA332, 0xA33A, 0xE442, 0xC43A, 0xE43A, 0xC53A, 0x8432, 0xE542, 0x222A, 0x222A, 0xA43A, 
    0xA332, 0xA43A, 0xE542, 0xC119, 0x8432, 0xA43A, 0x232A, 0xC53A, 0x6432, 0xE221, 0xA021, 0x4232, 0x4232, 0xA342, 0xA342, 0xA342, 
    0x6000, 0x0211, 0xE210, 0x0311, 0x2311, 0xE208, 0x2411, 0x6519, 0xC621, 0xC621, 0xA521, 0xA521, 0x0632, 0x473A, 0xC529, 0x2319, 
    0xE931, 0xA829, 0x4621, 0xC839, 0x0D6B, 0x729C, 0x14B5, 0x14BD, 0xB2AC, 0xD2B4, 0xF3BC, 0x13BD, 0x14BD, 0x14BD, 0x14B5, 0x14B5, 
    0x54BD, 0x74BD, 0x95C5, 0xB5C5, 0xD6CD, 0xF6CD, 0xD6CD, 0xB6CD, 0xF6CD, 0xF6CD, 0xF6CD, 0xF6CD, 0xF6CD, 0xF6CD, 0xF6CD, 0xF6CD, 
    0xF7D5, 0xF6D5, 0xD6CD, 0xD6CD, 0xD6CD, 0xD6CD, 0xB6CD, 0xB5C5, 0xB5CD, 0x95C5, 0x95CD, 0x75CD, 0x13BD, 0x13BD, 0x34C5, 0x34C5, 
    0xD2B4, 0xF2B4, 0xF2B4, 0xD2AC, 0x7094, 0xEE83, 0x4B63, 0xE952, 0xC84A, 0xA84A, 0x2A53, 0xA74A, 0xA74A, 0x8742, 0x295B, 0x095B, 
    0x263A, 0x473A, 0x473A, 0x2632, 0x052A, 0x0522, 0x462A, 0x8732, 0x672A, 0xC83A, 0x8732, 0x672A, 0x8732, 0x462A, 0xE519, 0x0522, 
    0xA732, 0x8632, 0x662A, 0x8632, 0xE742, 0xE842, 0xC742, 0x663A, 0xC852, 0x6B6B, 0x0E84, 0x709C, 0xD2AC, 0xD3BC, 0xD3BC, 0x14BD, 
    0x34BD, 0xB5CD, 0x54BD, 0xF2AC, 0x74BD, 0x37D6, 0x17D6, 0x95C5, 0x34B5, 0x58DE, 0xDAEE, 0x78DE, 0xD6D5, 0x74C5, 0x32BD, 0xF2B4, 
    0x16D6, 0x74BD, 0x74C5, 0xB6CD, 0x54BD, 0x34BD, 0x75C5, 0x54BD, 0x54BD, 0x75C5, 0x34BD, 0x13BD, 0x13BD, 0x13BD, 0xD6D5, 0x34BD, 
    0xB6CD, 0xD6CD, 0xF6CD, 0xD6CD, 0xB5CD, 0xB5C5, 0xB5C5, 0xB5C5, 0x58DE, 0x17D6, 0xF6CD, 0x16CE, 0x37D6, 0x37D6, 0x37CE, 0x57CE, 
    0x77D6, 0x52AD, 0x93AD, 0x73AD, 0x119D, 0x4E84, 0x0853, 0x8642, 0x653A, 0x653A, 0x653A, 0x4432, 0x2432, 0x2432, 0x853A, 0xE642, 
    0x642A, 0xE63A, 0xA53A, 0x8432, 0x6432, 0x2322, 0xA532, 0x232A, 0xC53A, 0x432A, 0xE642, 0xC53A, 0x8432, 0x432A, 0x8432, 0xC119, 
    0x6432, 0x6432, 0x6432, 0xA53A, 0x843A, 0x8432, 0x6332, 0x8332, 0xC43A, 0xE442, 0xA33A, 0x8332, 0x8332, 0xC43A, 0xA33A, 0xE442, 
    0xC33A, 0x2443, 0x612A, 0xA232, 0x0443, 0x212A, 0x412A, 0xE442, 0x254B, 0x8332, 0x833A, 0x8332, 0xA43A, 0xC019, 0x222A, 0xC43A, 
    0x422A, 0x8332, 0xC53A, 0xA019, 0xA43A, 0x6332, 0x8019, 0xE642, 0xC121, 0xE121, 0xA021, 0x633A, 0x8342, 0xC442, 0x2132, 0x623A, 
    0x2000, 0x8108, 0x8100, 0xE210, 0x0311, 0x8000, 0x0209, 0x8519, 0x6419, 0xA521, 0xE521, 0xE529, 0xE529, 0xC429, 0x6321, 0x2219, 
    0x4519, 0xC829, 0xC831, 0x4621, 0xE520, 0x0842, 0x118C, 0xB7C5, 0xD3AC, 0xD3B4, 0xF3B4, 0x14BD, 0x14BD, 0x14BD, 0x14BD, 0xF4BC, 
    0x34BD, 0x53B5, 0x74BD, 0xB5C5, 0xD6CD, 0xF6CD, 0xD6CD, 0xB6CD, 0x95C5, 0x95C5, 0xB5CD, 0xD6CD, 0xF6CD, 0xF6CD, 0x17D6, 0x17D6, 
    0x17D6, 0x17D6, 0x37D6, 0x37D6, 0x37D6, 0xF7D5, 0xD6CD, 0x95C5, 0x54BD, 0x33BD, 0x34BD, 0x13BD, 0xB2AC, 0xD2B4, 0x13BD, 0x13BD, 
    0x95C5, 0x33BD, 0xF2AC, 0xB1A4, 0x0E8C, 0x6B6B, 0x2A63, 0x6B63, 0x2E7C, 0xAC6B, 0xCB6B, 0x0853, 0x0853, 0xA642, 0xC742, 0x2532, 
    0x052A, 0x4632, 0x8732, 0x8732, 0x662A, 0x462A, 0x4622, 0x4622, 0x4622, 0xA732, 0x662A, 0x4622, 0xC832, 0xC832, 0x662A, 0xA732, 
    0xC732, 0xC732, 0xC732, 0xA632, 0x862A, 0x8632, 0xA63A, 0xC742, 0x8742, 0x4642, 0x474A, 0x6C73, 0xD2AC, 0x34BD, 0xD3B4, 0xB2AC, 
    0xB1AC, 0xF2B4, 0x12B5, 0x33B5, 0x54B5, 0x33B5, 0xB5C5, 0x99DE, 0x9DFF, 0x99E6, 0x78E6, 0x99E6, 0x16D6, 0xD5CD, 0x32BD, 0x0E94, 
    0xD1AC, 0x33B5, 0x74C5, 0xF6CD, 0x17D6, 0x54BD, 0x33B5, 0xD6CD, 0xB1AC, 0x509C, 0x70A4, 0xF2B4, 0x33BD, 0x90A4, 0xB5CD, 0xD5CD, 
    0x54BD, 0xD5C5, 0xB5C5, 0x33B5, 0x12AD, 0x74BD, 0xD5C5, 0xB4C5, 0x16CE, 0x37D6, 0x98DE, 0xB8DE, 0x97D6, 0x16CE, 0xD5C5, 0xF5BD, 
    0xF19C, 0x453A, 0x453A, 0xA74A, 0x2532, 0x2532, 0x0532, 0x0432, 0x663A, 0xC742, 0xE742, 0xA63A, 0xC63A, 0x0743, 0xA53A, 0x232A, 
    0x2322, 0x432A, 0xE219, 0xA532, 0x2322, 0x4322, 0x2322, 0x8432, 0x432A, 0xC119, 0x6332, 0x4332, 0x232A, 0x222A, 0x843A, 0xC119, 
    0xC53A, 0x6432, 0x843A, 0x432A, 0xA43A, 0x422A, 0xA43A, 0xC43A, 0x833A, 0x264B, 0xC43A, 0xC43A, 0xC43A, 0x6753, 0xC43A, 0x8332, 
    0x2543, 0x0443, 0xE021, 0xA332, 0x2543, 0xC019, 0xE021, 0x0543, 0x254B, 0xE121, 0x012A, 0x222A, 0x6332, 0x8019, 0x022A, 0x843A, 
    0x222A, 0x4332, 0xA43A, 0xA019, 0xC542, 0x022A, 0xE000, 0xC642, 0xC221, 0x022A, 0x8019, 0x2332, 0x433A, 0x8342, 0x012A, 0xC442, 
    0xC118, 0x6008, 0x4008, 0xA110, 0xE210, 0xE208, 0x0311, 0x8419, 0x0209, 0x2211, 0x2211, 0xA421, 0x663A, 0x2532, 0xA221, 0xC429, 
    0x8421, 0x8521, 0x8629, 0xC831, 0xA831, 0x2721, 0xC939, 0x2F6B, 0x77B5, 0x36B5, 0xD4AC, 0x34BD, 0x35BD, 0x14C5, 0xF4BC, 0xF3BC, 
    0xF2AC, 0x53B5, 0x73B5, 0x12B5, 0xD1AC, 0x94C5, 0x57DE, 0x94C5, 0xB5CD, 0x95CD, 0x94C5, 0xB5C5, 0xF6CD, 0x17D6, 0x17D6, 0x16CE, 
    0x37D6, 0x37D6, 0x37D6, 0x58DE, 0x58DE, 0x37D6, 0x17D6, 0x17D6, 0xB6CD, 0x95C5, 0x14B5, 0xB2A4, 0x509C, 0xEF93, 0xCF8B, 0xCF8B, 
    0x5194, 0x919C, 0xB2A4, 0x13AD, 0x34B5, 0x12AD, 0x33AD, 0xF5C5, 0x52AD, 0x4A63, 0x6A63, 0x8A63, 0x6953, 0xC742, 0xC63A, 0x8632, 
    0xA73A, 0xC73A, 0xC73A, 0xC73A, 0xC73A, 0xC73A, 0xA732, 0xA732, 0xA632, 0xC73A, 0x652A, 0x862A, 0x2422, 0xC732, 0x652A, 0x4522, 
    0x652A, 0x8632, 0x862A, 0x2522, 0x2522, 0x662A, 0x662A, 0x462A, 0xA83A, 0x6732, 0x4632, 0x6742, 0x4B63, 0x6F8C, 0x33A5, 0x73B5, 
    0x12AD, 0x32AD, 0xF1AC, 0xD1A4, 0x12AD, 0x12AD, 0xD1A4, 0xF1AC, 0xF5CD, 0x57D6, 0x57D6, 0x16CE, 0x98DE, 0x3AF7, 0x98DE, 0x53BD, 
    0x4F9C, 0x4F9C, 0x12B5, 0xD1AC, 0xB1A4, 0x53B5, 0x53B5, 0x36D6, 0xF5CD, 0x53B5, 0xB0A4, 0x53B5, 0x53B5, 0xD5C5, 0x94BD, 0xD5C5, 
    0xF5CD, 0x36D6, 0x16CE, 0x57D6, 0xF5CD, 0x72B5, 0xF4C5, 0x36CE, 0x56CE, 0x51AD, 0xB3B5, 0x51AD, 0x2D84, 0x6A6B, 0xA752, 0xA64A, 
    0x2432, 0x653A, 0xA63A, 0xA63A, 0x863A, 0x6632, 0x6632, 0x863A, 0x8632, 0x8632, 0x8632, 0xC73A, 0x8532, 0x2322, 0x8532, 0x642A, 
    0xC319, 0xC321, 0xC321, 0xA63A, 0x863A, 0xA63A, 0xE321, 0xE221, 0x232A, 0x032A, 0x232A, 0x232A, 0xA43A, 0x843A, 0x474B, 0x8432, 
    0xA43A, 0xA43A, 0xC442, 0xA33A, 0x0443, 0xC33A, 0x4653, 0x833A, 0xC442, 0xE542, 0xA53A, 0x6332, 0xC542, 0x833A, 0x054B, 0x8332, 
    0x432A, 0xC53A, 0xC119, 0x6332, 0x222A, 0x8432, 0xA019, 0xC542, 0xE542, 0x022A, 0x843A, 0x4332, 0x843A, 0x6019, 0x843A, 0x0232, 
    0xE221, 0xE221, 0x853A, 0xC221, 0x2332, 0xA121, 0x8119, 0x853A, 0xE329, 0x0011, 0xE229, 0x443A, 0x643A, 0xC121, 0x843A, 0xC542, 
    0x6431, 0xC118, 0x4008, 0x6008, 0x8108, 0xA108, 0xE210, 0x6419, 0x6000, 0xC108, 0x0109, 0x8319, 0x2532, 0x0432, 0x8121, 0xC329, 
    0xA429, 0x073A, 0xA729, 0x6621, 0xA929, 0xEA39, 0xAA31, 0x6829, 0xEE5A, 0xD49C, 0xF4AC, 0xF4B4, 0x92AC, 0x34C5, 0x75CD, 0xD2B4, 
    0x11AD, 0x93B5, 0xB4BD, 0xB0A4, 0x4752, 0xF5CD, 0x73BD, 0x1AFF, 0xD5D5, 0xD5D5, 0xD5D5, 0xD6CD, 0xD5CD, 0xD5CD, 0xD5CD, 0xD5C5, 
    0x16CE, 0x17CE, 0x17D6, 0x58D6, 0x78DE, 0x58DE, 0x58DE, 0x79DE, 0x18D6, 0xF7CD, 0xB6C5, 0x34B5, 0xB2A4, 0x1094, 0xAE83, 0x6D7B, 
    0xAF83, 0x108C, 0x3094, 0xEF8B, 0x1094, 0x91A4, 0x74BD, 0x36CE, 0x6F94, 0x8B6B, 0x2D7C, 0xAA63, 0x284B, 0x0743, 0x684B, 0x073B, 
    0x8632, 0x8632, 0xA63A, 0xA73A, 0xC73A, 0xC73A, 0xC73A, 0xC732, 0x8632, 0xC73A, 0xA732, 0xC732, 0x8632, 0xC732, 0xA632, 0x8632, 
    0x8632, 0xC732, 0xA632, 0x2522, 0x051A, 0x2522, 0x051A, 0xC411, 0x8732, 0xA832, 0xC83A, 0x873A, 0x4632, 0x873A, 0xAB63, 0xD094, 
    0x6F8C, 0xF0A4, 0xF1A4, 0xB09C, 0xF1A4, 0x52AD, 0x52B5, 0x52AD, 0x53B5, 0xF1A4, 0x32AD, 0xF5C5, 0x77D6, 0x36CE, 0xF5C5, 0xF5C5, 
    0x36CE, 0xB4BD, 0xD5C5, 0xF5C5, 0x16CE, 0xB4BD, 0x12AD, 0x12AD, 0x93B5, 0x32AD, 0x11A5, 0xF5C5, 0x73AD, 0x11A5, 0x11A5, 0x36CE, 
    0xB3BD, 0x15C6, 0xF4C5, 0xF4C5, 0x52AD, 0x6E94, 0x6E94, 0x6E8C, 0xAB73, 0xA752, 0xC752, 0x854A, 0x033A, 0x443A, 0x443A, 0xA642, 
    0x853A, 0xA53A, 0xA63A, 0xC63A, 0xC63A, 0xA63A, 0x6532, 0x452A, 0x6632, 0x8632, 0x8632, 0xC632, 0x642A, 0x031A, 0x642A, 0x2322, 
    0x6532, 0x4532, 0x4532, 0xA73A, 0x863A, 0x4432, 0xE321, 0x032A, 0x843A, 0x843A, 0xC542, 0xC53A, 0x064B, 0xA43A, 0x264B, 0x6332, 
    0x833A, 0xA33A, 0xA33A, 0xC33A, 0xE342, 0xE342, 0x6553, 0xA33A, 0x6332, 0x843A, 0x6432, 0x232A, 0xA53A, 0x6332, 0xE542, 0x6332, 
    0xC119, 0x6432, 0x8111, 0x032A, 0xE221, 0x4432, 0xA119, 0xC542, 0xE642, 0xE229, 0x4432, 0x2332, 0x443A, 0x4011, 0x443A, 0xE229, 
    0x8121, 0xE229, 0xA642, 0x032A, 0x443A, 0x8221, 0x4111, 0x0432, 0x0332, 0x2011, 0x032A, 0x2432, 0x643A, 0xA121, 0x643A, 0x843A, 
    0x0642, 0x0221, 0x2000, 0x2000, 0x6000, 0x8000, 0xA108, 0x0211, 0xC108, 0x2311, 0x6319, 0xA321, 0xC329, 0x6119, 0xE008, 0xE010, 
    0x8321, 0x063A, 0x283A, 0xE831, 0x8829, 0x2719, 0x2721, 0xA931, 0x2621, 0x0D63, 0xAF7B, 0x75BD, 0x75C5, 0x92AC, 0xF3BC, 0x13BD, 
    0x52B5, 0xF4C5, 0x6A73, 0xA85A, 0xA441, 0x6F9C, 0xB5CD, 0x54BD, 0x74C5, 0x95CD, 0xD6D5, 0xF6D5, 0xD5CD, 0xD5CD, 0xD5CD, 0xD6CD, 
    0xD6CD, 0xB5C5, 0xB6C5, 0xF6CD, 0xF7D5, 0xF7D5, 0xF7D5, 0x17D6, 0x17D6, 0xF7D5, 0xD7CD, 0xB6CD, 0x55BD, 0x13B5, 0xB2AC, 0x72A4, 
    0x92A4, 0x72A4, 0x51A4, 0x509C, 0xB1A4, 0x33B5, 0xB4C5, 0xF5C5, 0x10A5, 0x2C7C, 0x8D84, 0x695B, 0xA53A, 0x4422, 0x852A, 0x6422, 
    0x652A, 0x6632, 0x8632, 0x8632, 0xA732, 0xA732, 0xA632, 0xA632, 0xA632, 0xA632, 0xE73A, 0xC732, 0xC732, 0x862A, 0xC732, 0xE73A, 
    0x8632, 0xA732, 0xA732, 0x662A, 0x4622, 0x662A, 0x4622, 0x051A, 0x462A, 0x2622, 0x662A, 0xA73A, 0x6632, 0x052A, 0x463A, 0x0953, 
    0xA74A, 0x6A6B, 0x6B6B, 0x095B, 0x2A63, 0xAB73, 0xAC73, 0x8B6B, 0x2A63, 0x2A63, 0x4B6B, 0xAC73, 0xCD73, 0xCC73, 0xAC73, 0xCC73, 
    0x12A5, 0x9094, 0x2F8C, 0xF1A4, 0x32A5, 0x4E8C, 0xAC73, 0x6B6B, 0x2E84, 0x8B6B, 0xC852, 0xC852, 0x4642, 0x253A, 0x4642, 0x4A63, 
    0x4A63, 0xCC7B, 0xCC7B, 0xAB73, 0x2963, 0x664A, 0x6642, 0x043A, 0x864A, 0x0432, 0x443A, 0x2432, 0x0332, 0x8542, 0xA642, 0xC642, 
    0xC642, 0xC63A, 0xC63A, 0xC63A, 0xE742, 0xA63A, 0x6532, 0x2422, 0x452A, 0x652A, 0x442A, 0x8532, 0x0322, 0xE219, 0x642A, 0x642A, 
    0x8532, 0x6532, 0xA53A, 0x853A, 0xA53A, 0x432A, 0x8432, 0xC53A, 0x843A, 0xA43A, 0xC542, 0xC43A, 0xE542, 0x8332, 0x0543, 0x6232, 
    0x222A, 0x8332, 0x4232, 0xC342, 0xC33A, 0x0443, 0x254B, 0x6232, 0x4332, 0x6332, 0x4332, 0xE229, 0x843A, 0x4332, 0xC542, 0x4332, 
    0x4011, 0x232A, 0x6011, 0xA221, 0xA221, 0x032A, 0x6119, 0x653A, 0xE64A, 0xA221, 0xE329, 0x2432, 0x2432, 0x2011, 0x2432, 0xC229, 
    0x4019, 0xE329, 0xA642, 0x2432, 0x2432, 0x8119, 0x2011, 0xE329, 0x8121, 0xC000, 0xC229, 0xC229, 0x443A, 0x8121, 0x843A, 0x643A, 
    0x0642, 0xE218, 0x0000, 0x0000, 0x4000, 0x4000, 0x4000, 0x6000, 0x6000, 0xE208, 0x4319, 0x8321, 0xA321, 0x6221, 0x4119, 0x2119, 
    0xA329, 0x8429, 0x6421, 0x6521, 0xA729, 0x8829, 0x8829, 0xC931, 0x6721, 0x8731, 0xC739, 0x919C, 0xF7CD, 0x8D83, 0x71A4, 0x53BD, 
    0x73B5, 0x8E94, 0xA75A, 0x4231, 0x2652, 0xB0A4, 0xB5CD, 0x33BD, 0x53BD, 0x74C5, 0x95CD, 0xB5CD, 0xB5CD, 0xB5CD, 0xD5CD, 0xF6D5, 
    0xF6CD, 0xB6CD, 0xB6CD, 0xD6CD, 0xF6CD, 0xD6CD, 0xF6D5, 0x17D6, 0xF7D5, 0xF7D5, 0xF7D5, 0xD7CD, 0xD6CD, 0xB6CD, 0xB6CD, 0x96CD, 
    0x96CD, 0x13BD, 0xF3BC, 0x33BD, 0x74C5, 0x94C5, 0xB4BD, 0xD3BD, 0x8E8C, 0x0753, 0xE74A, 0x8532, 0x8432, 0x021A, 0x4422, 0x852A, 
    0x662A, 0x6632, 0x6632, 0x6632, 0x662A, 0x652A, 0x452A, 0x452A, 0xC73A, 0x652A, 0xA632, 0x452A, 0xA632, 0x4522, 0xC732, 0x083B, 
    0xA632, 0xC73A, 0xE73A, 0xC732, 0xC732, 0xE83A, 0xE83A, 0xA732, 0x8732, 0x2622, 0x0522, 0xA73A, 0xE942, 0xA73A, 0x2532, 0xE429, 
    0x0532, 0xA742, 0x8742, 0x453A, 0x463A, 0x8742, 0x6742, 0x6742, 0x6742, 0xA842, 0xA84A, 0x473A, 0x463A, 0x6742, 0x4742, 0x0632, 
    0xE531, 0x063A, 0xA531, 0x684A, 0x884A, 0xC531, 0x263A, 0xE531, 0x6742, 0xA74A, 0x8742, 0x663A, 0x463A, 0xA742, 0x8642, 0x253A, 
    0xE431, 0x874A, 0x8642, 0x4642, 0x2432, 0x0432, 0x453A, 0xE329, 0xA642, 0xA642, 0xC642, 0xA642, 0xC642, 0x074B, 0xC642, 0x6432, 
    0xC642, 0xC63A, 0xC63A, 0xC63A, 0xA63A, 0x863A, 0x6532, 0x242A, 0x442A, 0x442A, 0x0322, 0x432A, 0xE221, 0xE219, 0xC53A, 0xE542, 
    0x6432, 0x4332, 0xC53A, 0x8432, 0xC542, 0x6332, 0xE542, 0x0543, 0xA33A, 0x8332, 0x8332, 0x6232, 0x6232, 0x0122, 0xC33A, 0x6232, 
    0x4232, 0xA43A, 0x4232, 0x0443, 0xA23A, 0x244B, 0xE442, 0x4232, 0x843A, 0x643A, 0x232A, 0xA221, 0x4432, 0x4332, 0xC542, 0x222A, 
    0x6119, 0x042A, 0x6119, 0x8219, 0xC221, 0x042A, 0x6119, 0x0432, 0xC74A, 0x6119, 0xC229, 0x443A, 0x0332, 0x2011, 0x0332, 0xA221, 
    0x2011, 0x0332, 0x653A, 0x0332, 0xE329, 0x6119, 0x6119, 0x0432, 0x0011, 0x8000, 0xC221, 0xA121, 0x443A, 0xA121, 0xA442, 0x2332, 
    0xE639, 0xC118, 0x0000, 0x0000, 0x2000, 0x2000, 0x2000, 0x2000, 0x8100, 0xE210, 0x4319, 0x6321, 0x6321, 0x8321, 0x8221, 0x4119, 
    0xC008, 0xA329, 0x8421, 0xA108, 0xE410, 0xE829, 0x0932, 0xC829, 0xE831, 0xC629, 0x4421, 0x474A, 0xB19C, 0xEA62, 0xF2A4, 0x53B5, 
    0x31A5, 0x30A5, 0x454A, 0x0442, 0xC441, 0x6B73, 0x53BD, 0xF6CD, 0xB5CD, 0x95CD, 0x95CD, 0x95CD, 0x95CD, 0xB5CD, 0xB5CD, 0xD5CD, 
    0xB5CD, 0x95CD, 0x95CD, 0xB5CD, 0xB6CD, 0xB6CD, 0xD6CD, 0xF7D5, 0x38DE, 0x17DE, 0xF7D5, 0xD6CD, 0x96CD, 0x75C5, 0x54C5, 0x34C5, 
    0xF3C4, 0xF2C4, 0x13C5, 0x12BD, 0xF1B4, 0x52B5, 0x72B5, 0xCF94, 0x285B, 0x032A, 0x232A, 0x0322, 0x852A, 0x6422, 0x852A, 0xE632, 
    0x662A, 0x6632, 0x662A, 0x462A, 0x462A, 0x2522, 0x2522, 0x2422, 0xE73A, 0x652A, 0x862A, 0x4522, 0xC632, 0x4522, 0xA62A, 0xC632, 
    0xE73A, 0x073B, 0x083B, 0x073B, 0xE83A, 0xE83A, 0xE83A, 0xA732, 0xE83A, 0xC83A, 0xA73A, 0x6732, 0x6632, 0x6632, 0x6632, 0x4632, 
    0x873A, 0x873A, 0x673A, 0xA73A, 0xE842, 0xC842, 0xA73A, 0xE842, 0xC842, 0x873A, 0x4632, 0x873A, 0xA842, 0x673A, 0x6732, 0x883A, 
    0x2732, 0xC94A, 0x683A, 0xC94A, 0xA842, 0x473A, 0xC842, 0x673A, 0xA321, 0x4632, 0xA73A, 0x4632, 0x2532, 0x6632, 0xA63A, 0x6632, 
    0x653A, 0x084B, 0xC742, 0xA63A, 0x863A, 0x863A, 0xE742, 0x8532, 0xC63A, 0xE642, 0x8532, 0x442A, 0x8532, 0xC63A, 0xC63A, 0x8532, 
    0xC63A, 0xC63A, 0xC53A, 0xA532, 0x6432, 0x442A, 0x442A, 0x6432, 0x442A, 0x432A, 0x232A, 0x8432, 0x432A, 0x432A, 0x0643, 0x0543, 
    0xC43A, 0xA33A, 0x0543, 0xC43A, 0x0543, 0x8332, 0xC33A, 0xA33A, 0x0443, 0xC33A, 0xA33A, 0x6132, 0x6132, 0xE021, 0xA23A, 0x412A, 
    0xA43A, 0xE542, 0x833A, 0x254B, 0xC33A, 0x244B, 0xE442, 0x212A, 0x843A, 0x6432, 0xE229, 0x6019, 0x032A, 0x2332, 0xC542, 0x222A, 
    0xA221, 0xE429, 0x2111, 0x6119, 0xE429, 0x0432, 0x6119, 0xC329, 0x8642, 0x4119, 0xA221, 0x653A, 0xC329, 0x2011, 0x043A, 0x8221, 
    0x0011, 0x4432, 0x443A, 0x0332, 0xC229, 0x8119, 0x6119, 0x0332, 0x2011, 0xE008, 0x0332, 0x032A, 0x643A, 0xE229, 0x843A, 0xC121, 
    0xE641, 0xE220, 0x2000, 0x0000, 0x0000, 0x0000, 0x0000, 0x4000, 0xA208, 0xE210, 0x4319, 0x4319, 0x4219, 0x8321, 0x8321, 0x0011, 
    0xC008, 0xC329, 0x0532, 0x6319, 0x0311, 0x4519, 0xA729, 0x2932, 0xC729, 0x0732, 0xE631, 0xE531, 0x2E84, 0x674A, 0x6F8C, 0x11A5, 
    0xD3B5, 0x92AD, 0x4129, 0x6231, 0x4652, 0xE541, 0xB5C5, 0x94C5, 0xB5CD, 0xB5CD, 0x95CD, 0x95CD, 0xB5CD, 0xD6D5, 0xF6D5, 0xF6D5, 
    0xF6D5, 0xB6D5, 0xB5CD, 0xB5CD, 0x95CD, 0x95C5, 0x95C5, 0x95CD, 0xD6CD, 0xD6D5, 0xD6D5, 0xD6D5, 0xB6CD, 0x75C5, 0x34BD, 0xF3BC, 
    0x91B4, 0xD2BC, 0x33C5, 0x12BD, 0x11B5, 0xB3BD, 0xAF94, 0x6542, 0x653A, 0x6432, 0xE63A, 0x4422, 0xA52A, 0xA52A, 0x852A, 0x852A, 
    0x662A, 0x462A, 0x462A, 0x462A, 0x462A, 0x2522, 0x4522, 0x2522, 0xA732, 0x862A, 0x862A, 0xA62A, 0xE73A, 0xA632, 0xA62A, 0x852A, 
    0xA632, 0xC632, 0xC632, 0xA632, 0xA732, 0xA732, 0xA732, 0x872A, 0x672A, 0xC83A, 0xA83A, 0x6632, 0x262A, 0x4632, 0x6732, 0x6732, 
    0xA73A, 0x8632, 0x462A, 0x8732, 0xE842, 0xA732, 0x462A, 0xA732, 0x6632, 0x462A, 0x262A, 0x262A, 0x462A, 0x8732, 0x6732, 0x262A, 
    0x272A, 0x883A, 0x6832, 0x4732, 0x4732, 0x4732, 0x2632, 0x8319, 0xE942, 0x4632, 0x252A, 0x0422, 0x452A, 0x0422, 0x6632, 0xC73A, 
    0x4532, 0xE742, 0xA63A, 0xA63A, 0x863A, 0x8632, 0xC63A, 0x642A, 0xC63A, 0x2743, 0xA532, 0x852A, 0xC632, 0xC632, 0xE63A, 0xC532, 
    0xC53A, 0xC53A, 0xA53A, 0x8432, 0x432A, 0x232A, 0x442A, 0x8432, 0x642A, 0x6332, 0x6432, 0xE542, 0xE542, 0xA43A, 0x0543, 0xA43A, 
    0xE442, 0xE442, 0x254B, 0x0443, 0x0443, 0xA33A, 0xC33A, 0xA23A, 0xE342, 0xA23A, 0xA23A, 0xA23A, 0xA23A, 0x202A, 0xC23A, 0x412A, 
    0xC442, 0xE542, 0x8332, 0xC442, 0xA33A, 0xC342, 0xC442, 0xE121, 0x4332, 0x232A, 0xA119, 0x2009, 0xE221, 0x2332, 0xE542, 0x032A, 
    0x4119, 0x4219, 0xA000, 0xE008, 0xE429, 0xC329, 0x0011, 0x6219, 0x0432, 0x0011, 0x8221, 0x6542, 0x8221, 0x2011, 0x243A, 0x6121, 
    0xE008, 0x643A, 0x2432, 0x0332, 0xA221, 0x8119, 0x6119, 0xA221, 0x0011, 0x0011, 0x032A, 0x2332, 0x4332, 0x4332, 0x643A, 0xA121, 
    0xE641, 0x2329, 0xA110, 0x8110, 0x6108, 0x0000, 0x0000, 0x2000, 0x0000, 0x2000, 0xA108, 0x0211, 0x4319, 0x0532, 0x0532, 0x2119, 
    0x2432, 0xA221, 0x4119, 0x8321, 0xE629, 0xA621, 0x6519, 0xC621, 0x6519, 0xE629, 0x0632, 0x8742, 0xCC6B, 0x053A, 0xE952, 0x6E8C, 
    0xF3B5, 0xAA73, 0x2442, 0x8010, 0x8752, 0x6B73, 0x12AD, 0x37D6, 0x95C5, 0x95C5, 0xB6CD, 0xD6CD, 0xB5CD, 0xB6D5, 0xD6D5, 0xF6DD, 
    0x17DE, 0xF6DD, 0xF6D5, 0xF6DD, 0xD6D5, 0xB6D5, 0xB6D5, 0xD6D5, 0x74C5, 0x95CD, 0xB5CD, 0xB6CD, 0xB6CD, 0x95CD, 0x54C5, 0x34C5, 
    0xF2BC, 0xF2BC, 0x53C5, 0x73BD, 0x11A5, 0xD094, 0xAA63, 0x6119, 0x0322, 0x642A, 0x073B, 0x652A, 0xC632, 0xC632, 0xA632, 0xA732, 
    0x662A, 0x672A, 0x472A, 0x662A, 0x662A, 0x662A, 0x662A, 0x662A, 0x862A, 0xA632, 0x862A, 0xA62A, 0x852A, 0xC632, 0xA62A, 0x852A, 
    0x852A, 0x652A, 0x652A, 0x852A, 0x862A, 0x862A, 0x8732, 0xA732, 0x0522, 0x2522, 0x262A, 0x462A, 0x4732, 0x4632, 0x4632, 0x4632, 
    0x8732, 0xA732, 0x8732, 0x662A, 0x8732, 0x462A, 0x0522, 0x2622, 0x462A, 0x8732, 0x662A, 0x0522, 0x0622, 0x8732, 0x472A, 0xC519, 
    0xE629, 0xC621, 0x072A, 0xE621, 0xE621, 0x0622, 0x8411, 0x4209, 0x262A, 0xA311, 0xE421, 0x6632, 0x494B, 0xC73A, 0xA632, 0x8632, 
    0x452A, 0xA63A, 0x8632, 0xA632, 0xA63A, 0x8632, 0xC73A, 0x852A, 0x652A, 0x2743, 0xA532, 0xC632, 0x073B, 0xA52A, 0xA52A, 0x842A, 
    0xA532, 0x8532, 0x8432, 0x6432, 0x6432, 0x8432, 0xA53A, 0xC53A, 0xA43A, 0x843A, 0x843A, 0x264B, 0x264B, 0xE442, 0x054B, 0x8232, 
    0xA33A, 0xE442, 0x0443, 0x0443, 0xA23A, 0xA23A, 0xA33A, 0xE342, 0xC33A, 0x6132, 0x6132, 0x8232, 0xC33A, 0x4132, 0x0443, 0x833A, 
    0xC442, 0x843A, 0x6332, 0x4232, 0x833A, 0x823A, 0xC442, 0xE121, 0x032A, 0x032A, 0x8119, 0x0009, 0xC221, 0x2332, 0xC542, 0xE229, 
    0x2111, 0xE110, 0x6000, 0xC008, 0xE431, 0x8321, 0xC008, 0x6221, 0x4219, 0xA008, 0x6221, 0x453A, 0x0019, 0x0011, 0x043A, 0x2119, 
    0xE008, 0x643A, 0xE229, 0xC229, 0x6119, 0x6119, 0x8119, 0xA221, 0xE008, 0x2011, 0xC221, 0x4432, 0xE229, 0x843A, 0x643A, 0xC121, 
    0xE641, 0x6431, 0x2321, 0x2421, 0xC218, 0x2000, 0x0000, 0x0000, 0x4000, 0x2000, 0xA108, 0x0211, 0x4319, 0xE531, 0xC429, 0xA008, 
    0xA121, 0x0332, 0xC221, 0x2111, 0x2211, 0x6419, 0x8519, 0xA621, 0x4411, 0x062A, 0xA421, 0x052A, 0x8642, 0xE429, 0xE431, 0xAB6B, 
    0x4D84, 0x4C84, 0x654A, 0x043A, 0x0121, 0x264A, 0x4B73, 0x74BD, 0x95BD, 0xD6CD, 0xF7D5, 0xF6D5, 0x95CD, 0x54C5, 0x74C5, 0x95CD, 
    0xF2BC, 0xF2B4, 0x12BD, 0x53C5, 0x94CD, 0x95CD, 0xB5CD, 0xF6D5, 0x17D6, 0xF6D5, 0xB5CD, 0x95C5, 0x74C5, 0x34BD, 0x33BD, 0x13B5, 
    0x33B5, 0xB1A4, 0x73B5, 0x93B5, 0xCC73, 0x8642, 0x863A, 0xA73A, 0xE73A, 0x652A, 0xA62A, 0x6522, 0xC73A, 0x462A, 0x0522, 0x8732, 
    0x8732, 0x8732, 0x6732, 0x672A, 0x672A, 0x672A, 0x672A, 0x862A, 0x662A, 0xA732, 0x4522, 0x4522, 0xC311, 0x862A, 0x862A, 0xC732, 
    0xC632, 0xA632, 0x8632, 0x8632, 0x8632, 0x8632, 0x8732, 0x8732, 0x662A, 0x0522, 0x0622, 0x2622, 0xC521, 0x8419, 0x052A, 0xC83A, 
    0x2522, 0xA732, 0x8732, 0x462A, 0x462A, 0x462A, 0x2522, 0x2622, 0xA732, 0xE519, 0xE519, 0xA832, 0xA832, 0xE521, 0xE519, 0x6732, 
    0xE621, 0x8519, 0xE729, 0xA521, 0x8419, 0x8419, 0x2209, 0xA419, 0x262A, 0x462A, 0xE83A, 0x8632, 0xE73A, 0x652A, 0xA63A, 0xA632, 
    0x8632, 0xC73A, 0x6532, 0xA632, 0xA632, 0x8632, 0xE73A, 0xC632, 0x652A, 0x0743, 0x642A, 0xA52A, 0xE63A, 0x642A, 0xA532, 0xC632, 
    0x642A, 0x432A, 0x432A, 0x6432, 0xC53A, 0xE642, 0x0643, 0x0643, 0xE542, 0xA43A, 0x6332, 0x054B, 0x054B, 0xE442, 0x254B, 0xA33A, 
    0xA33A, 0x244B, 0xE442, 0xE442, 0x012A, 0x6232, 0x6232, 0xE442, 0x254B, 0xA23A, 0x6132, 0x4132, 0xA23A, 0x412A, 0x044B, 0xA33A, 
    0xC542, 0x843A, 0x633A, 0x4232, 0xA342, 0x833A, 0x054B, 0x222A, 0x232A, 0x032A, 0x8219, 0x0011, 0xE329, 0x2432, 0xA542, 0xA121, 
    0x6221, 0x2219, 0xC008, 0x2219, 0x463A, 0x8321, 0x0111, 0xC429, 0xE010, 0x6000, 0x4221, 0x253A, 0xC010, 0xE010, 0x0432, 0x0011, 
    0x0011, 0x643A, 0x8119, 0x6119, 0x0011, 0x6119, 0xA221, 0x0332, 0x4019, 0xA221, 0xE229, 0x643A, 0xA121, 0x8442, 0x4332, 0xA021, 
    0xE639, 0x474A, 0xEA5A, 0x6952, 0x4429, 0x0321, 0xE318, 0x4108, 0x0000, 0x0000, 0x6000, 0x0219, 0x6421, 0x8429, 0x6321, 0xE008, 
    0x0011, 0x4332, 0x032A, 0x0009, 0x8419, 0x4419, 0xA621, 0x4411, 0x2311, 0x8419, 0xA319, 0x4211, 0x2532, 0x8219, 0xA321, 0x8642, 
    0x0332, 0xA54A, 0x854A, 0xC331, 0x8329, 0x874A, 0x8852, 0x53AD, 0xB19C, 0xB6C5, 0xF7CD, 0xF6CD, 0xB6CD, 0xD6CD, 0xB5CD, 0xD1B4, 
    0x74C5, 0x73C5, 0xFAF6, 0x16DE, 0x74C5, 0x94C5, 0xF5D5, 0xB5CD, 0x58DE, 0x74C5, 0x33BD, 0x53BD, 0xB1A4, 0x53BD, 0xF2AC, 0xD2A4, 
    0x2F8C, 0x8C6B, 0x0A53, 0x0953, 0x052A, 0x6632, 0x8632, 0x4522, 0xA732, 0x251A, 0x6622, 0x8732, 0x2622, 0x0622, 0x062A, 0xC521, 
    0x262A, 0x062A, 0xA83A, 0x472A, 0x262A, 0xE521, 0x662A, 0xA311, 0x8311, 0x462A, 0x0522, 0x2522, 0x041A, 0xC732, 0x662A, 0x862A, 
    0x862A, 0xE73A, 0xA732, 0xC83A, 0x462A, 0x8732, 0x462A, 0x462A, 0x6732, 0xA83A, 0x8832, 0x8411, 0xC100, 0x0522, 0x2A4B, 0x252A, 
    0x8732, 0x462A, 0x6732, 0x8732, 0x2622, 0x462A, 0x8732, 0x462A, 0x6732, 0x0522, 0x262A, 0x472A, 0x0622, 0x0622, 0x262A, 0xA519, 
    0x6519, 0x4411, 0x6519, 0xE208, 0x2732, 0x0209, 0x6411, 0x4732, 0x0522, 0xE942, 0xA73A, 0x6632, 0x8632, 0x652A, 0x6632, 0x8632, 
    0x6532, 0x6632, 0x8632, 0x8632, 0x6532, 0x6532, 0x8632, 0xC63A, 0x0422, 0xE73A, 0x652A, 0xA532, 0xC63A, 0x652A, 0x852A, 0x0222, 
    0x432A, 0xA53A, 0x8432, 0xC53A, 0xC53A, 0xE542, 0x8753, 0xC43A, 0xE542, 0xE442, 0xC442, 0xC342, 0x4653, 0xC342, 0x044B, 0x4232, 
    0x222A, 0x254B, 0x833A, 0x833A, 0x222A, 0x012A, 0xE542, 0x833A, 0x0543, 0x0122, 0xC442, 0x833A, 0x212A, 0xE442, 0xC43A, 0x6332, 
    0x843A, 0xA542, 0xE129, 0xC021, 0x633A, 0xC442, 0x633A, 0x8019, 0x2332, 0x6119, 0xA321, 0xA000, 0x8221, 0xA642, 0x853A, 0x8121, 
    0xA429, 0x2219, 0x2000, 0x2219, 0x4321, 0xC010, 0xC429, 0x6321, 0x6000, 0xC008, 0xA329, 0x663A, 0x6221, 0x4119, 0x453A, 0x2011, 
    0xC229, 0xC542, 0x6019, 0xA221, 0xA221, 0xA221, 0x8121, 0x0332, 0xA221, 0x4432, 0x4432, 0xA542, 0x443A, 0xE54A, 0xA542, 0x022A, 
    0xC539, 0xA539, 0x684A, 0x0B63, 0x6952, 0x4429, 0xE320, 0x4529, 0x4108, 0x6108, 0x4000, 0x2000, 0x8008, 0xA429, 0xC429, 0x0011, 
    0x8019, 0x4332, 0xA221, 0xE008, 0xA421, 0xA521, 0xA521, 0xC200, 0x4319, 0xC421, 0x052A, 0xE429, 0xA742, 0xC321, 0xA221, 0x4432, 
    0x0232, 0xE652, 0x8542, 0xC229, 0xE431, 0xA010, 0x884A, 0xB194, 0xAD7B, 0xEE83, 0x919C, 0xB1A4, 0x33B5, 0x74C5, 0xF6D5, 0x37DE, 
    0xD5CD, 0xD4CD, 0x16D6, 0xF5CD, 0x16D6, 0xD5CD, 0x94C5, 0xD5CD, 0xD5CD, 0x94BD, 0xD5C5, 0xF5CD, 0x12AD, 0x73B5, 0x909C, 0x0E84, 
    0x273A, 0x883A, 0x262A, 0x262A, 0xA311, 0x051A, 0xE419, 0x862A, 0x251A, 0x251A, 0x462A, 0x0622, 0xA519, 0xE621, 0xE629, 0x2311, 
    0xE521, 0xE521, 0x4732, 0x0522, 0x0522, 0xA419, 0xC419, 0x4209, 0xA419, 0x2522, 0x2522, 0x462A, 0x662A, 0xC83A, 0xA732, 0x8732, 
    0x662A, 0xA732, 0x6632, 0xA73A, 0x462A, 0x8732, 0x262A, 0x062A, 0x883A, 0xE621, 0x062A, 0x8832, 0xA83A, 0x8832, 0x462A, 0x4732, 
    0x052A, 0x052A, 0x4632, 0x4632, 0x052A, 0x262A, 0x6732, 0x6732, 0x262A, 0x4732, 0x262A, 0xC521, 0x8419, 0xE521, 0xC521, 0x2309, 
    0x2411, 0xA621, 0xE729, 0x4419, 0x883A, 0x272A, 0x6732, 0xC942, 0x052A, 0x873A, 0x462A, 0x462A, 0x6632, 0x452A, 0x8632, 0x6532, 
    0x4532, 0x6532, 0x6532, 0x6532, 0x6532, 0x6532, 0x8632, 0xA63A, 0x8632, 0xA63A, 0xC63A, 0x8532, 0x8532, 0x442A, 0x2322, 0xA532, 
    0x8532, 0xC542, 0xA53A, 0xE542, 0xE542, 0xE542, 0x6753, 0xC43A, 0x0543, 0xC33A, 0xA33A, 0xC442, 0x4553, 0x833A, 0xC442, 0x2132, 
    0x4232, 0xA43A, 0x643A, 0x6332, 0x022A, 0x022A, 0xA43A, 0xA43A, 0xA43A, 0xC121, 0xA43A, 0x6332, 0xE121, 0xA43A, 0x833A, 0x4332, 
    0x443A, 0xC542, 0xE229, 0xC021, 0x843A, 0x843A, 0x8442, 0x8121, 0x2432, 0x8219, 0x8321, 0xC008, 0x2011, 0x032A, 0x443A, 0x4019, 
    0xC429, 0x2219, 0x4000, 0xC008, 0x6321, 0xA008, 0x2219, 0x2119, 0x4000, 0x8000, 0xA329, 0x0432, 0xC008, 0x0011, 0x0432, 0x4019, 
    0xC229, 0x8542, 0x8119, 0xC221, 0xC229, 0xC229, 0xC221, 0x443A, 0x8119, 0x2432, 0x643A, 0xC64A, 0x433A, 0xA542, 0x2232, 0x6019, 
    0x6329, 0x0642, 0x474A, 0x8852, 0xEB62, 0xEB62, 0xE741, 0xE320, 0x8631, 0xE318, 0x4008, 0x4008, 0x4321, 0x6742, 0x263A, 0xC008, 
    0xE008, 0x022A, 0xC221, 0xC008, 0x4319, 0x2311, 0x6419, 0xE208, 0x2311, 0x6319, 0xC421, 0xC321, 0x863A, 0xA221, 0x8119, 0xE329, 
    0x2332, 0x2753, 0x8542, 0xA229, 0x0432, 0xE010, 0xC531, 0x2742, 0xE639, 0x0742, 0x8D73, 0x4C73, 0x5094, 0xD1A4, 0x12AD, 0x32B5, 
    0x93BD, 0x93BD, 0xB0A4, 0x52B5, 0x15CE, 0xB4BD, 0x32AD, 0xF5C5, 0xB4BD, 0x77D6, 0x15C6, 0x2E8C, 0x4B6B, 0x12A5, 0x2E8C, 0x674A, 
    0x8419, 0x672A, 0xE519, 0xE519, 0x2622, 0x4622, 0xC411, 0xA72A, 0xE419, 0x2622, 0x2622, 0x6411, 0x2309, 0xC621, 0xE729, 0x2311, 
    0xE629, 0xE521, 0x052A, 0xC419, 0x262A, 0xA419, 0xC421, 0xC521, 0x262A, 0x262A, 0x462A, 0x262A, 0x6732, 0x462A, 0x462A, 0x262A, 
    0x462A, 0x8732, 0x462A, 0x8832, 0x262A, 0x6832, 0x062A, 0xE621, 0x883A, 0x062A, 0x062A, 0x272A, 0x4B53, 0x6B53, 0x0522, 0x6732, 
    0x8319, 0x052A, 0x4632, 0x4632, 0x2632, 0x052A, 0x062A, 0x6732, 0xE529, 0x262A, 0x062A, 0xC521, 0xE521, 0xE529, 0xC521, 0xA521, 
    0x4411, 0x2832, 0x4832, 0xA521, 0x4732, 0x883A, 0x683A, 0x4732, 0x2632, 0x252A, 0xE421, 0x6632, 0x6632, 0x4632, 0xA73A, 0x6632, 
    0x4532, 0x4532, 0x4532, 0x6532, 0x6532, 0x6632, 0x863A, 0x863A, 0x863A, 0x8632, 0xE742, 0x042A, 0xE321, 0x4432, 0xE321, 0xC63A, 
    0xA53A, 0xE642, 0xC53A, 0x0643, 0xE542, 0x054B, 0x4653, 0xC442, 0xE44A, 0x833A, 0x823A, 0xE442, 0x054B, 0x4232, 0x833A, 0x2132, 
    0x843A, 0x2332, 0x853A, 0x2332, 0xA121, 0xA121, 0xE229, 0x643A, 0x2332, 0xA121, 0xA43A, 0x4332, 0xE121, 0x643A, 0x4332, 0x4332, 
    0x0332, 0xA542, 0xC229, 0x8019, 0xC442, 0x2232, 0xC542, 0xA121, 0x4432, 0x4119, 0xE008, 0xC008, 0x2111, 0xA221, 0x653A, 0x0011, 
    0x4219, 0xE110, 0x8008, 0xE110, 0x0532, 0x0111, 0x6000, 0xC008, 0x6000, 0x8000, 0x2432, 0x443A, 0xC008, 0x2011, 0x0332, 0xC221, 
    0x0332, 0x8542, 0xA121, 0xC221, 0xE229, 0xE229, 0xE329, 0x653A, 0x032A, 0x853A, 0xA542, 0xA542, 0x0232, 0xA442, 0x4332, 0xC021, 
    0xE118, 0xE539, 0xC95A, 0x6C73, 0x2B6B, 0xE741, 0xC639, 0xEB62, 0x4531, 0x0321, 0x2421, 0x4321, 0xC110, 0xC110, 0x2219, 0x4119, 
    0xA000, 0xE229, 0xC329, 0xC008, 0x0311, 0xA208, 0x0311, 0xC208, 0x2319, 0x0211, 0x4219, 0x6219, 0x2432, 0x6119, 0x8219, 0x032A, 
    0xA442, 0x2653, 0x8442, 0x8121, 0xA000, 0xE010, 0x6000, 0xA529, 0x4421, 0x0319, 0x684A, 0x0321, 0xEA62, 0xB09C, 0x32AD, 0x11AD, 
    0x15C6, 0xF4C5, 0xAF9C, 0xB3BD, 0xD4BD, 0x93B5, 0x52AD, 0xB3B5, 0x2D84, 0x52AD, 0xF09C, 0x095B, 0x874A, 0x8F8C, 0x6B6B, 0x4219, 
    0xA519, 0x0622, 0x6309, 0xA411, 0xA411, 0xC419, 0x2201, 0x6309, 0xE519, 0x262A, 0xC521, 0x0209, 0xE208, 0xC621, 0x0732, 0x8521, 
    0xC521, 0xA421, 0x8419, 0x6311, 0x262A, 0xC421, 0x052A, 0x873A, 0x873A, 0x062A, 0x4732, 0xE521, 0x0622, 0xA419, 0x262A, 0x262A, 
    0x6732, 0x6832, 0x272A, 0x4732, 0xC621, 0x062A, 0xA521, 0xA621, 0x483A, 0x483A, 0x4832, 0xC521, 0x4B53, 0xCD63, 0xC521, 0x6732, 
    0x8319, 0x4632, 0x873A, 0x6732, 0x673A, 0x052A, 0xE521, 0x673A, 0x4632, 0x052A, 0xA421, 0x062A, 0x6732, 0xC521, 0x8419, 0x673A, 
    0xE629, 0xA942, 0x8942, 0x0632, 0x2732, 0xA83A, 0x4732, 0xE529, 0x262A, 0xC421, 0xA419, 0x6632, 0x252A, 0x052A, 0xA73A, 0x4632, 
    0x452A, 0x4532, 0x4532, 0x4532, 0x6632, 0x863A, 0x863A, 0x863A, 0x4532, 0x863A, 0x6532, 0x8219, 0xC221, 0x6532, 0x4532, 0x853A, 
    0x843A, 0xA43A, 0x843A, 0xE54A, 0xA43A, 0x254B, 0x254B, 0xC442, 0x054B, 0x6232, 0x4132, 0xC442, 0xC442, 0x2232, 0x833A, 0x4232, 
    0x853A, 0x8219, 0x653A, 0x2432, 0x6119, 0xA119, 0x6119, 0x4432, 0x032A, 0xC221, 0xC542, 0x643A, 0xE229, 0x843A, 0x4332, 0x6432, 
    0xC221, 0x8542, 0xA121, 0x4011, 0xC542, 0xE129, 0xC64A, 0xE329, 0x653A, 0x2111, 0x6000, 0xC008, 0x6219, 0xC329, 0xA642, 0xC008, 
    0xA329, 0x6321, 0x4000, 0x4000, 0x4219, 0x4219, 0xC008, 0x453A, 0xA000, 0xA000, 0xA642, 0xA542, 0x4019, 0xC221, 0x2332, 0xE229, 
    0x643A, 0x843A, 0xC229, 0x8121, 0xA121, 0xA221, 0xC229, 0x443A, 0xA221, 0x0332, 0x443A, 0x433A, 0xC121, 0x843A, 0x2232, 0xC121, 
    0x8331, 0xC439, 0x0642, 0xEA62, 0x8D7B, 0xEA62, 0x6952, 0x0B6B, 0x4D73, 0x284A, 0x6529, 0x8431, 0xC531, 0xE531, 0xC429, 0x6221, 
    0x4019, 0xE329, 0x6221, 0xA008, 0x4421, 0x0411, 0x0419, 0x6200, 0x2419, 0x0211, 0x6321, 0xC429, 0x653A, 0xA221, 0xA221, 0x032A, 
    0x2753, 0xC442, 0xE229, 0x0332, 0xE329, 0x0532, 0x2219, 0xC529, 0x4419, 0xE210, 0x273A, 0x2321, 0x8C73, 0x94B5, 0xD5BD, 0x73AD, 
    0xD3BD, 0x92B5, 0x6E8C, 0x8E8C, 0x4963, 0xE85A, 0xE85A, 0x4542, 0x6542, 0x864A, 0x453A, 0x0432, 0xC329, 0xA74A, 0x463A, 0x8742, 
    0x4732, 0xE621, 0x8419, 0xA519, 0xE100, 0x6319, 0x8419, 0x8319, 0xE529, 0xE529, 0x8419, 0x0211, 0x2311, 0x8419, 0xC521, 0xA521, 
    0xC421, 0xC421, 0xC421, 0xA419, 0x673A, 0x052A, 0x4732, 0xE942, 0x062A, 0xA521, 0x272A, 0xE521, 0xC521, 0x8419, 0x6732, 0x6832, 
    0xE629, 0x072A, 0xC621, 0xC629, 0x2411, 0x4519, 0x2419, 0x8621, 0xE731, 0x0732, 0x683A, 0x2732, 0x6C5B, 0x6B53, 0xA419, 0xA83A, 
    0x052A, 0xA73A, 0x873A, 0x4632, 0x4632, 0x052A, 0xE529, 0x873A, 0x873A, 0x2632, 0xC521, 0x062A, 0x4732, 0xA419, 0x6319, 0x673A, 
    0x062A, 0x4732, 0x2632, 0xE629, 0x062A, 0x4732, 0x062A, 0xC421, 0xE521, 0xA319, 0xA419, 0x462A, 0xE421, 0xA319, 0x6632, 0x252A, 
    0x0422, 0x252A, 0x4532, 0x452A, 0x4532, 0x8632, 0x863A, 0x8632, 0x4532, 0x4532, 0x8211, 0xC321, 0x6532, 0x6532, 0xA63A, 0x853A, 
    0x853A, 0x843A, 0x843A, 0x054B, 0x833A, 0x2653, 0xE44A, 0xC442, 0x254B, 0x4232, 0x012A, 0xC442, 0x6232, 0x222A, 0xA43A, 0x643A, 
    0x4432, 0x0009, 0x453A, 0x4432, 0x8119, 0xC221, 0x8119, 0x643A, 0xE229, 0x032A, 0x064B, 0x843A, 0x2332, 0xA43A, 0x2332, 0x643A, 
    0xA221, 0x653A, 0xA121, 0x0011, 0xC542, 0xE229, 0xC64A, 0x443A, 0x453A, 0x6221, 0xC008, 0x0111, 0x8321, 0xA321, 0x453A, 0xA000, 
    0x4219, 0xA329, 0x4000, 0x8000, 0x2119, 0xE329, 0x0011, 0xE74A, 0x2011, 0x2009, 0xA542, 0x843A, 0xA121, 0x2332, 0x4332, 0x022A, 
    0xA43A, 0x4332, 0xE229, 0x4019, 0x6019, 0x8119, 0xC229, 0x443A, 0x6019, 0xA121, 0x643A, 0xC542, 0x4332, 0xC54A, 0x022A, 0xC021, 
    0x2221, 0x664A, 0xE962, 0xC95A, 0x895A, 0xA95A, 0xCA62, 0xEB6A, 0x895A, 0x8952, 0x6852, 0x063A, 0xA431, 0xC431, 0xA429, 0x0111, 
    0xC008, 0xA321, 0x6319, 0xA108, 0x4521, 0x0419, 0x4621, 0x0419, 0xE318, 0xC110, 0xA429, 0x463A, 0xA74A, 0xA229, 0xA221, 0xC229, 
    0xA021, 0x8442, 0x4011, 0xC000, 0xA221, 0x6219, 0xC842, 0x6319, 0x2311, 0x8000, 0x8421, 0x8429, 0x2A5B, 0x8C6B, 0x0A63, 0xA752, 
    0x085B, 0x085B, 0x285B, 0x285B, 0x253A, 0xA64A, 0x495B, 0x8642, 0xE74A, 0x0853, 0xC742, 0x653A, 0xC321, 0x653A, 0xC742, 0x6E74, 
    0xA421, 0x4311, 0x4311, 0x4319, 0x2000, 0xE108, 0xA429, 0xC529, 0x0632, 0x0532, 0xA429, 0x8421, 0xC421, 0xA419, 0x8419, 0xC421, 
    0xC421, 0xE429, 0x2632, 0x052A, 0x673A, 0xE529, 0x0632, 0x2632, 0x8419, 0x6419, 0xE629, 0xE629, 0x8519, 0x6419, 0xE729, 0xA621, 
    0x4511, 0x6519, 0x2411, 0x4519, 0x8200, 0xA308, 0xA308, 0x4519, 0x2419, 0xE731, 0x283A, 0x4419, 0x0732, 0x2A4B, 0x6732, 0x873A, 
    0x873A, 0xA742, 0x673A, 0x252A, 0x052A, 0xE529, 0x252A, 0x873A, 0x4632, 0x6732, 0x262A, 0xE529, 0x052A, 0x062A, 0x062A, 0x6732, 
    0x262A, 0x052A, 0xE529, 0xC421, 0x052A, 0xE521, 0xE521, 0xA419, 0xA419, 0xE521, 0x0522, 0x462A, 0x0422, 0xC319, 0x662A, 0x662A, 
    0xC319, 0x0422, 0x452A, 0x242A, 0x242A, 0x652A, 0x8632, 0x6632, 0x6532, 0xC319, 0xC000, 0x442A, 0x0843, 0x242A, 0x6532, 0xA63A, 
    0xA542, 0x8442, 0x8442, 0x0653, 0x633A, 0x4653, 0xA342, 0xC442, 0x254B, 0x6232, 0x012A, 0xE442, 0x222A, 0x222A, 0xC542, 0x6432, 
    0x2432, 0x0009, 0x653A, 0x653A, 0xA221, 0xC221, 0xA121, 0x4432, 0xC121, 0x032A, 0x064B, 0x843A, 0x4332, 0xA43A, 0x022A, 0x4332, 
    0xE329, 0x653A, 0xA121, 0xE008, 0x8442, 0x433A, 0x8542, 0xA642, 0xA221, 0x8321, 0x6321, 0x2111, 0xA321, 0xA329, 0x2432, 0x4119, 
    0x8000, 0xA329, 0xC008, 0x6219, 0x0432, 0x653A, 0x4011, 0x2432, 0xC221, 0xE229, 0x6432, 0x232A, 0x022A, 0x6332, 0x6332, 0x6332, 
    0xE542, 0x4332, 0x2332, 0x6019, 0x8119, 0xA221, 0x0332, 0x853A, 0xE229, 0xA121, 0x443A, 0xC542, 0x4332, 0xE54A, 0xE129, 0x012A, 
    0xE439, 0x8331, 0xE541, 0xE962, 0xEA62, 0x6852, 0x695A, 0xCA62, 0xEB62, 0xAA5A, 0xA95A, 0xA952, 0xA952, 0xC84A, 0xE531, 0xA008, 
    0x8000, 0xA329, 0xA429, 0xC210, 0x0419, 0xA310, 0x4621, 0x6629, 0x4421, 0xC210, 0xA429, 0x253A, 0x6642, 0xA229, 0x0432, 0x653A, 
    0x4332, 0xE96B, 0xA542, 0x2011, 0x8000, 0x6000, 0x8B5B, 0x8C5B, 0x8C5B, 0xCA4A, 0xA942, 0x6842, 0xC94A, 0xA84A, 0xA852, 0xC852, 
    0x085B, 0x0753, 0x4963, 0xA64A, 0x6542, 0x8542, 0x653A, 0x0432, 0x653A, 0x4953, 0x4953, 0xC642, 0x4532, 0xC73A, 0x452A, 0xC742, 
    0xE952, 0xEA52, 0xC952, 0xEA5A, 0x674A, 0xC952, 0xA852, 0xE95A, 0x874A, 0xA852, 0x463A, 0x263A, 0x873A, 0x8632, 0x462A, 0xA73A, 
    0x2532, 0x2532, 0xA842, 0x4632, 0x0632, 0xA421, 0xE529, 0xA421, 0x6419, 0x4419, 0xA521, 0xC629, 0x0311, 0x8519, 0xA621, 0xE308, 
    0xE308, 0x0411, 0xC308, 0x0411, 0x6200, 0x6200, 0x4200, 0xC310, 0xC310, 0xC731, 0xE731, 0x8100, 0xE208, 0x0A4B, 0x8C5B, 0x4632, 
    0x873A, 0x6632, 0x873A, 0x873A, 0x4632, 0x4632, 0x6632, 0x262A, 0x262A, 0x252A, 0x262A, 0xE521, 0xC421, 0x262A, 0x873A, 0x673A, 
    0x6732, 0x052A, 0x6732, 0xE421, 0x6632, 0x252A, 0x6632, 0xC419, 0x8311, 0x462A, 0x2522, 0x2522, 0x2522, 0x0522, 0x662A, 0x862A, 
    0x8211, 0x0422, 0x452A, 0x252A, 0x2422, 0x652A, 0x8632, 0x8632, 0x242A, 0xA219, 0x6111, 0x452A, 0xC73A, 0x242A, 0x0422, 0xA53A, 
    0xA542, 0x643A, 0x6442, 0x0653, 0x423A, 0x465B, 0x833A, 0xE44A, 0x054B, 0x833A, 0x4232, 0x054B, 0xE121, 0x4332, 0xA542, 0x232A, 
    0xE329, 0xE008, 0x0432, 0x653A, 0x6119, 0xA221, 0x032A, 0x443A, 0xA121, 0x2232, 0x064B, 0x633A, 0x4332, 0xA442, 0xE129, 0x022A, 
    0x2432, 0x453A, 0xA221, 0xC008, 0x2332, 0x8442, 0xE329, 0xC64A, 0x4119, 0x6221, 0x8321, 0xC008, 0xC429, 0x253A, 0x0432, 0xA329, 
    0x4119, 0x2532, 0xC008, 0xA000, 0x042A, 0x0432, 0x443A, 0x643A, 0x022A, 0xC542, 0x4332, 0x222A, 0x8332, 0x8332, 0x8332, 0x843A, 
    0xE54A, 0x2332, 0x643A, 0x8121, 0xA121, 0xC221, 0x0332, 0x443A, 0x643A, 0x6019, 0xC229, 0x2332, 0xC129, 0x633A, 0x8019, 0x2232, 
    0x2000, 0x2229, 0x8852, 0xA95A, 0xE641, 0x4852, 0x0B6B, 0x0B6B, 0xCA62, 0x895A, 0xEA5A, 0xEA5A, 0x2642, 0x6329, 0x4221, 0x6221, 
    0xA221, 0x453A, 0xC429, 0xE210, 0x4521, 0xC410, 0x0519, 0xA310, 0x2842, 0x6429, 0xC431, 0x0532, 0x253A, 0xE431, 0xE852, 0xCA6B, 
    0x885B, 0xA442, 0x8019, 0x4432, 0x8219, 0xE008, 0xE108, 0x062A, 0x6C5B, 0xCE6B, 0xAD63, 0x8D63, 0x6C63, 0x8C63, 0x0E7C, 0x0D7C, 
    0x2D7C, 0x4D7C, 0x8F84, 0xAA63, 0x6E7C, 0x4D74, 0x6A5B, 0xCB63, 0xAB5B, 0x8A5B, 0x084B, 0x294B, 0x6A53, 0xCB5B, 0xE842, 0xAB5B, 
    0x9084, 0xF294, 0x2F84, 0xB18C, 0xF29C, 0xD29C, 0x6C6B, 0x2B63, 0x4B63, 0x8C63, 0x0953, 0xA83A, 0x2A4B, 0x6B4B, 0x6B4B, 0xED5B, 
    0xAC5B, 0x8B5B, 0xED6B, 0x2A53, 0xC942, 0x883A, 0x2A4B, 0xA942, 0x8419, 0x4411, 0x6411, 0xA621, 0x0301, 0xE721, 0xE721, 0x0409, 
    0xE408, 0xE408, 0xA400, 0xE510, 0x6300, 0x6300, 0x2200, 0x6300, 0x0511, 0x4519, 0x8619, 0x8519, 0xA519, 0xEA42, 0xAC53, 0x462A, 
    0x262A, 0x0522, 0xA83A, 0x2A4B, 0xE942, 0xC842, 0x873A, 0xC421, 0x6732, 0xC419, 0xC521, 0x062A, 0x8419, 0x8311, 0x062A, 0x4632, 
    0x8419, 0x6311, 0x0522, 0x2209, 0x052A, 0xE521, 0x4632, 0x4211, 0x4209, 0x262A, 0xE421, 0xC419, 0x2522, 0x0522, 0x252A, 0x462A, 
    0x8311, 0x252A, 0x8632, 0x452A, 0x2522, 0x6532, 0xA632, 0xA63A, 0xE321, 0x0422, 0x8632, 0x242A, 0x4432, 0xA63A, 0x242A, 0x853A, 
    0x643A, 0x433A, 0x433A, 0x0653, 0x423A, 0x675B, 0x833A, 0xE54A, 0xE54A, 0x833A, 0x4332, 0x064B, 0xC121, 0x4332, 0xA53A, 0xC221, 
    0x2011, 0x6000, 0x8221, 0x0432, 0x4019, 0xC221, 0x853A, 0xC542, 0xA021, 0x2332, 0x2653, 0x633A, 0x633A, 0xA442, 0xC121, 0xE229, 
    0x453A, 0x453A, 0x8221, 0x8000, 0xC229, 0x8542, 0x8121, 0xA642, 0x8321, 0x8321, 0x6321, 0x4000, 0xE531, 0xA74A, 0xA329, 0x4119, 
    0xA221, 0x4432, 0x2011, 0x6000, 0x653A, 0x032A, 0x274B, 0x4332, 0xC221, 0x064B, 0x2232, 0x222A, 0xC542, 0x4232, 0x4232, 0x4332, 
    0xA542, 0xE229, 0x643A, 0x6119, 0x6119, 0x6119, 0xA221, 0xC221, 0xC642, 0xA121, 0x4332, 0xE542, 0x843A, 0xE542, 0xC021, 0x6332, 
    0xA531, 0x2000, 0x0321, 0x6952, 0x6D73, 0x8D7B, 0x6952, 0x6952, 0x4852, 0xEA62, 0x6B6B, 0x4A6B, 0xE95A, 0x2542, 0x8229, 0x6121, 
    0xC229, 0x042A, 0x6319, 0x6421, 0x2521, 0xC418, 0x6729, 0x6629, 0xC639, 0x2321, 0xA429, 0x463A, 0x2953, 0xE429, 0xA421, 0xA742, 
    0x643A, 0x064B, 0xA121, 0x0009, 0x8321, 0x0211, 0x0311, 0x0832, 0x083A, 0xA729, 0x8621, 0x083A, 0x6D63, 0x7184, 0x7184, 0xEE73, 
    0x2F7C, 0x2E74, 0xED6B, 0xAC63, 0x6C5B, 0x4B5B, 0x0A53, 0xC94A, 0x0A4B, 0x4B53, 0x2B53, 0x883A, 0x4732, 0xEA42, 0x0B4B, 0xCA42, 
    0x4C53, 0x2C53, 0xEB52, 0xEB52, 0xCB52, 0xCB52, 0xCB4A, 0xEB4A, 0xEB42, 0xEA3A, 0xCA3A, 0xCA32, 0xCA32, 0xEA3A, 0xEB3A, 0x0A3B, 
    0x4B4B, 0x6C4B, 0x8C53, 0x8C53, 0x6C4B, 0x6C4B, 0x8D4B, 0x8D53, 0x4822, 0x892A, 0xAA32, 0xAA32, 0x8A2A, 0xAA32, 0xCB32, 0x0C3B, 
    0x4B32, 0x6819, 0x2711, 0x6819, 0x2709, 0xE600, 0x6711, 0xE921, 0xA819, 0xCB32, 0xAF53, 0xEF53, 0xCE53, 0xCE4B, 0xAD4B, 0x8C43, 
    0x6C43, 0xEA3A, 0xEA3A, 0xAD53, 0x2F64, 0x0E64, 0x8D53, 0x6C53, 0x4F6C, 0x6C53, 0x6832, 0x272A, 0xC93A, 0x8C53, 0xEE5B, 0xEE63, 
    0x8D5B, 0xCA4A, 0xEA4A, 0x8D5B, 0x2B53, 0x483A, 0xA942, 0xAD63, 0x0A53, 0xC94A, 0x0632, 0x2632, 0x673A, 0x473A, 0x673A, 0x052A, 
    0xE529, 0x462A, 0x6732, 0x6732, 0x873A, 0x873A, 0x6632, 0x4532, 0x042A, 0xC74A, 0xA642, 0x0332, 0x653A, 0x443A, 0xE329, 0x443A, 
    0x243A, 0x8542, 0x6442, 0xE652, 0x433A, 0x0653, 0x4753, 0x8442, 0x064B, 0x8021, 0x643A, 0x643A, 0x2432, 0xC64A, 0x032A, 0x8221, 
    0xA329, 0x0011, 0x0011, 0xA642, 0x4011, 0x4332, 0x064B, 0x6332, 0x022A, 0xA43A, 0x843A, 0x2332, 0x643A, 0x2332, 0xC229, 0xE331, 
    0xA431, 0xC431, 0x6229, 0x8000, 0x0332, 0xE331, 0x6119, 0xC74A, 0xC429, 0xE531, 0xE210, 0xA008, 0xE531, 0x263A, 0x4219, 0xC329, 
    0xE329, 0x4432, 0x032A, 0x6011, 0x232A, 0x643A, 0x064B, 0xE229, 0x2332, 0x433A, 0x2332, 0x4332, 0xC54A, 0x433A, 0x6019, 0x0232, 
    0x0232, 0x8121, 0xE329, 0x2011, 0x0111, 0x0009, 0xC321, 0xA63A, 0x6532, 0xC119, 0xE121, 0x833A, 0x054B, 0xA33A, 0x012A, 0xC442, 
    0x8110, 0xC218, 0x2429, 0x0321, 0x8539, 0xCB62, 0x0B6B, 0x895A, 0x895A, 0xA95A, 0x2A63, 0xC85A, 0x6A6B, 0x654A, 0x8231, 0xC008, 
    0xE229, 0xE329, 0xA000, 0x4000, 0x6308, 0x8410, 0x8831, 0x2942, 0x0842, 0xCA5A, 0x0D7C, 0x0D74, 0xC84A, 0x2632, 0xA842, 0x2D74, 
    0x3095, 0xA542, 0x2853, 0xC329, 0xC008, 0x483A, 0x283A, 0x293A, 0x7284, 0x7284, 0x5284, 0x9384, 0xB38C, 0xF394, 0xD394, 0xB28C, 
    0xD38C, 0xD28C, 0xB28C, 0x9184, 0x9184, 0x9184, 0x7184, 0x507C, 0x3074, 0x717C, 0x3074, 0xAE63, 0x6D5B, 0xAE63, 0xCF63, 0x8E5B, 
    0x2C4B, 0x0C4B, 0xEC4A, 0xEC4A, 0xEC4A, 0xEC4A, 0xEC4A, 0xEC42, 0xEC42, 0xEC3A, 0xCB32, 0xCB32, 0xCB32, 0xCB32, 0xCB3A, 0xCB3A, 
    0xAA32, 0xCA32, 0xCA32, 0xCA32, 0x8A2A, 0x892A, 0x8A2A, 0xAA2A, 0x081A, 0x281A, 0x291A, 0x281A, 0x081A, 0x0812, 0x081A, 0x291A, 
    0x2A22, 0x6809, 0x6809, 0x8811, 0x4709, 0x0601, 0x6809, 0xA811, 0x8809, 0x091A, 0x491A, 0x281A, 0x481A, 0x8922, 0xCA22, 0xCA22, 
    0x4822, 0x4822, 0x892A, 0x2B43, 0x4C4B, 0xCA3A, 0x8932, 0xA932, 0xCE5B, 0x2B4B, 0x682A, 0x2722, 0x6832, 0xEA3A, 0x2B43, 0x0B43, 
    0xEB4A, 0xAA42, 0xAA42, 0xEB4A, 0xEA42, 0x893A, 0xC942, 0x4B53, 0x0B4B, 0x6C5B, 0x4B53, 0x4B53, 0x0A53, 0xE94A, 0x8B5B, 0xAC5B, 
    0x4B53, 0x4B53, 0x2A53, 0x2A53, 0x6B5B, 0x8B63, 0x8B63, 0x6A5B, 0xA642, 0x695B, 0x6542, 0x243A, 0x6121, 0x233A, 0x0332, 0xC652, 
    0x443A, 0x443A, 0x285B, 0x6863, 0xA54A, 0x8542, 0x233A, 0xE64A, 0xE229, 0x6019, 0xC64A, 0xA642, 0x0332, 0x653A, 0x8121, 0xC008, 
    0x6221, 0x6000, 0xA221, 0x653A, 0x0011, 0xA542, 0x222A, 0x6332, 0xA019, 0x843A, 0x843A, 0x0332, 0x443A, 0x443A, 0xE431, 0x0432, 
    0x8329, 0xC431, 0x2119, 0x4000, 0x243A, 0xE329, 0x4119, 0x0853, 0x0111, 0x6319, 0x2211, 0xA008, 0x8742, 0x253A, 0x6219, 0xA229, 
    0x843A, 0x4332, 0x022A, 0xC121, 0x4332, 0xE229, 0xC542, 0x8442, 0x2332, 0x643A, 0x433A, 0x433A, 0xE652, 0x0232, 0xA129, 0x0232, 
    0xC229, 0x443A, 0xA74A, 0x0111, 0xC008, 0x4211, 0x042A, 0x252A, 0x853A, 0xC119, 0x0122, 0xA33A, 0xE442, 0x412A, 0xA019, 0x833A, 
    0x2000, 0xA218, 0xA218, 0x6110, 0x4010, 0x6531, 0xCA62, 0xEA62, 0xEA62, 0xA95A, 0x4B6B, 0xC852, 0x8B6B, 0x6542, 0xC231, 0x8000, 
    0xC229, 0x653A, 0xA429, 0xA629, 0x2A42, 0xC939, 0x8831, 0xC839, 0xE839, 0x0742, 0x4642, 0x874A, 0x253A, 0xC852, 0x0532, 0x253A, 
    0x6963, 0x443A, 0x4019, 0x0011, 0x4321, 0xC631, 0xAA4A, 0x107C, 0x359D, 0x36A5, 0x56A5, 0x56A5, 0x159D, 0xF494, 0xF49C, 0x349D, 
    0x149D, 0x149D, 0x149D, 0x1495, 0x149D, 0x559D, 0x359D, 0x149D, 0x359D, 0x559D, 0x359D, 0xF494, 0xB38C, 0xB384, 0x9284, 0x927C, 
    0x9274, 0x7274, 0x5274, 0x3274, 0x3274, 0x3274, 0x3274, 0x316C, 0x1164, 0xF05B, 0xF053, 0xD053, 0xD053, 0xD05B, 0xAF5B, 0xAF5B, 
    0x6E4B, 0x8E4B, 0x8E4B, 0x6E43, 0x4D43, 0x2D3B, 0x2D3B, 0x4D3B, 0x4D3B, 0x2D3B, 0x2D3B, 0x2D3B, 0x0D3B, 0x0D33, 0x0D33, 0x0D33, 
    0x2E3B, 0xED32, 0x0E33, 0x0E3B, 0xCD2A, 0xAC2A, 0xCD32, 0xCD32, 0xED32, 0x0D3B, 0x0D3B, 0x0C33, 0x2D3B, 0x8D43, 0x8E4B, 0x6D43, 
    0x6D4B, 0x0B3B, 0xEB3A, 0xEB3A, 0xCA3A, 0x492A, 0x492A, 0x8A3A, 0xCA3A, 0x6932, 0x072A, 0xE721, 0x0722, 0x482A, 0x682A, 0x682A, 
    0x0722, 0x2722, 0x2722, 0x0722, 0x2722, 0x482A, 0x682A, 0x472A, 0xE519, 0x672A, 0x672A, 0x8732, 0x462A, 0x2522, 0xC83A, 0x0943, 
    0x0A4B, 0xE942, 0x883A, 0x4732, 0x473A, 0x8842, 0x8742, 0x663A, 0xC84A, 0x0D74, 0xCB6B, 0xAE84, 0xC74A, 0x6963, 0x6542, 0xC64A, 
    0xA64A, 0xA64A, 0xAA6B, 0x6442, 0x233A, 0xA54A, 0x433A, 0x275B, 0xA54A, 0x233A, 0x0753, 0x8542, 0xA221, 0x2432, 0x8221, 0xC008, 
    0xA008, 0x2000, 0x4019, 0xC229, 0x0011, 0xA442, 0x2232, 0xE54A, 0xA021, 0x633A, 0x022A, 0x8121, 0x233A, 0x6542, 0xC229, 0x4119, 
    0x0432, 0x653A, 0xC329, 0x0009, 0x643A, 0xC119, 0x6011, 0x4853, 0x2009, 0xC321, 0xA319, 0xE000, 0x294B, 0x242A, 0xE321, 0x643A, 
    0xE229, 0xE229, 0xE231, 0xE229, 0x2332, 0x8021, 0x233A, 0x433A, 0xC129, 0x433A, 0x2332, 0x643A, 0xE54A, 0xA021, 0xE129, 0x0232, 
    0x6121, 0xA229, 0x453A, 0x2111, 0xE008, 0x0109, 0xC321, 0x6532, 0x6432, 0xA019, 0x012A, 0xC442, 0xC442, 0x012A, 0xA019, 0x833A, 
    0x8110, 0x6531, 0xE741, 0xCA62, 0xAA5A, 0x284A, 0xEB62, 0xA95A, 0xEA62, 0x0A63, 0x8C73, 0x2A63, 0x295B, 0x4542, 0xC331, 0xE010, 
    0x0011, 0xE431, 0xC531, 0x4942, 0x117C, 0xB594, 0xB594, 0x77AD, 0xD7B5, 0x78CE, 0xD5B5, 0xCC73, 0x4642, 0x2542, 0xE539, 0xAB6B, 
    0xC64A, 0xAA6B, 0x0011, 0xA008, 0x2A5B, 0x2B5B, 0x4C63, 0x55A5, 0xF49C, 0xB494, 0x738C, 0xB394, 0xB394, 0xB394, 0xD394, 0x149D, 
    0xD394, 0xF49C, 0xF49C, 0xD494, 0xF494, 0x159D, 0x159D, 0xF494, 0xF494, 0xD494, 0xD48C, 0xD48C, 0x938C, 0x7284, 0x527C, 0x727C, 
    0x726C, 0x526C, 0x326C, 0x116C, 0x116C, 0xF16B, 0xF163, 0xD163, 0xF163, 0xF15B, 0xF15B, 0xF15B, 0xD05B, 0xD05B, 0xB05B, 0x8F5B, 
    0x8F53, 0xAF4B, 0xAF4B, 0x8F4B, 0x6E43, 0x6E43, 0x6E43, 0x6E43, 0x2D3B, 0x0D3B, 0x0D33, 0x0D33, 0x2D3B, 0x2D3B, 0x2D33, 0x2D33, 
    0x2D33, 0x0D2B, 0x4E33, 0x2E33, 0xED2A, 0xED2A, 0xED32, 0xAC2A, 0xED32, 0x0D3B, 0x0D3B, 0x0D3B, 0x4E43, 0x8E4B, 0x6E4B, 0x4D43, 
    0x926C, 0xCF53, 0x2C43, 0xEC3A, 0xEB3A, 0xCB3A, 0xAA3A, 0xAB3A, 0x4932, 0x492A, 0x4932, 0x692A, 0x482A, 0x482A, 0x282A, 0x482A, 
    0x2822, 0x4822, 0x2822, 0x071A, 0x271A, 0x6822, 0x4722, 0xE611, 0x261A, 0x6722, 0x261A, 0x6722, 0x6722, 0x461A, 0xA82A, 0x672A, 
    0x2B4B, 0x0A4B, 0xA93A, 0x6732, 0x4732, 0x673A, 0x673A, 0x2632, 0x0532, 0x0953, 0xE852, 0xEC73, 0x8642, 0x8A63, 0x285B, 0x8A6B, 
    0x275B, 0x075B, 0xA96B, 0xA54A, 0x6863, 0x475B, 0x233A, 0x0232, 0x0232, 0x6021, 0x443A, 0x6442, 0x243A, 0x8542, 0xE331, 0xC010, 
    0xE010, 0x8221, 0x8121, 0x6542, 0x0232, 0x4332, 0x4332, 0x4232, 0xC021, 0x8342, 0xA442, 0x433A, 0x4442, 0x033A, 0xA231, 0x033A, 
    0xA008, 0x0011, 0x8121, 0x4019, 0xC129, 0x0009, 0xA019, 0x274B, 0x6000, 0x8219, 0x4111, 0xC000, 0xA642, 0xA221, 0xA119, 0x643A, 
    0xA129, 0x4442, 0x6442, 0xC231, 0xC231, 0xA129, 0x8442, 0x433A, 0x4019, 0x433A, 0xC129, 0xC54A, 0xA542, 0xC121, 0x2232, 0x2332, 
    0x4019, 0x4119, 0xC429, 0xC008, 0xC008, 0xE008, 0xA221, 0x643A, 0x4332, 0x8019, 0x212A, 0xE442, 0xA33A, 0xC021, 0x8021, 0x8442, 
    0x6010, 0x2329, 0x8539, 0xAA5A, 0x0B6B, 0xEB62, 0x8D7B, 0x0A63, 0xEA62, 0x2B6B, 0x4B6B, 0x6B6B, 0x6642, 0x8642, 0xE329, 0x4119, 
    0xE010, 0x8229, 0x2319, 0x4521, 0x0E5B, 0xF273, 0xD273, 0xB58C, 0x317C, 0xD294, 0x4F84, 0xA752, 0xAB73, 0x0863, 0x6231, 0x0863, 
    0x285B, 0x243A, 0x6121, 0x6000, 0xE952, 0x75AD, 0x718C, 0xF49C, 0x35A5, 0xF59C, 0xD49C, 0xD49C, 0xD49C, 0xD394, 0xB39C, 0xD39C, 
    0xD49C, 0xF49C, 0xF49C, 0xD49C, 0xD49C, 0xF59C, 0xF59C, 0xD49C, 0xD494, 0x9394, 0x738C, 0x938C, 0x738C, 0x3284, 0x327C, 0x527C, 
    0x9374, 0x736C, 0x526C, 0x5274, 0x3274, 0x3274, 0x126C, 0x126C, 0xF163, 0xF15B, 0xF15B, 0xF15B, 0xF25B, 0xF163, 0xB163, 0xB15B, 
    0xD153, 0xD153, 0xD04B, 0xB04B, 0x904B, 0x8F43, 0x6F43, 0x6F43, 0x6F43, 0x4E3B, 0x4E3B, 0x4E3B, 0x6F3B, 0x8F43, 0x8F43, 0x8F3B, 
    0x8E33, 0x8E33, 0xAF33, 0x8F33, 0x2E2B, 0x4E33, 0x6F3B, 0x0E33, 0x2E3B, 0x4E3B, 0x2E43, 0x2D43, 0x4E43, 0x6E53, 0xAF53, 0xAF5B, 
    0xF05B, 0xAF4B, 0x6E4B, 0xAF53, 0xCF5B, 0x8E53, 0x6E53, 0x6E53, 0xCF5B, 0xCF5B, 0xF063, 0xF063, 0xCF5B, 0x8D53, 0x4D4B, 0x6D4B, 
    0x0B3B, 0xEB32, 0xEB32, 0x0B33, 0x0B3B, 0x0B3B, 0xCA32, 0x892A, 0xA92A, 0xC92A, 0x6822, 0xA92A, 0xE932, 0xC92A, 0x0933, 0xA832, 
    0x682A, 0xA93A, 0xA93A, 0xA83A, 0x883A, 0xA93A, 0xC942, 0xC842, 0x873A, 0xA842, 0x663A, 0x8742, 0xE429, 0x8742, 0xC84A, 0x295B, 
    0x6D84, 0x4863, 0x275B, 0x0B7C, 0x70A5, 0x0A7C, 0x896B, 0x0A74, 0xAD8C, 0x6863, 0x6863, 0x6863, 0xC64A, 0xC64A, 0xA642, 0x0432, 
    0x4121, 0x243A, 0x6542, 0x685B, 0x885B, 0x475B, 0xE54A, 0x633A, 0x2232, 0xE129, 0x8021, 0xE231, 0xA54A, 0x233A, 0x6129, 0xA231, 
    0x2021, 0xE018, 0x0342, 0x644A, 0x223A, 0x6021, 0x4342, 0x443A, 0xA008, 0x043A, 0x6221, 0xA229, 0xC752, 0x033A, 0xC231, 0xA54A, 
    0x033A, 0x654A, 0x454A, 0x6129, 0x6129, 0x6021, 0x854A, 0x6442, 0x0011, 0x433A, 0xA121, 0x475B, 0x8442, 0x2232, 0x433A, 0x8542, 
    0x4121, 0xA431, 0xE439, 0x2000, 0x6000, 0x8221, 0x443A, 0x022A, 0x633A, 0xA021, 0x623A, 0x044B, 0x623A, 0xA021, 0xA121, 0x643A, 
    0x6531, 0x0321, 0x4431, 0x8952, 0xAA5A, 0x4852, 0x6952, 0x6852, 0xEA62, 0xEA5A, 0x884A, 0x095B, 0xE431, 0xC74A, 0xE429, 0x2011, 
    0xC010, 0x4221, 0x8529, 0xE831, 0x6F63, 0x347C, 0xD26B, 0x337C, 0xD48C, 0x349D, 0xB08C, 0x043A, 0xE85A, 0x454A, 0xC341, 0xCF9C, 
    0x8D8C, 0x243A, 0xE010, 0xA008, 0x8429, 0x8952, 0x484A, 0x494A, 0x728C, 0xD49C, 0x36AD, 0x35A5, 0xF49C, 0xD49C, 0xF4A4, 0x14A5, 
    0xD49C, 0xF5A4, 0x15A5, 0xF49C, 0xD59C, 0xF5A4, 0xF5A4, 0xF59C, 0x36AD, 0xF5A4, 0xD49C, 0xB49C, 0x9494, 0x738C, 0x538C, 0x7384, 
    0x326C, 0x326C, 0x126C, 0x326C, 0x1274, 0x1274, 0x126C, 0x1164, 0xD05B, 0xB053, 0xD053, 0xD153, 0xD153, 0xB153, 0x915B, 0x9053, 
    0x904B, 0xB043, 0x9043, 0x6F3B, 0x4F3B, 0x2E33, 0x0E33, 0x0E33, 0x4E3B, 0x2E33, 0x2E33, 0x2E33, 0x4E33, 0x4E33, 0x4E33, 0x4D2B, 
    0x4D23, 0x4D23, 0x6E23, 0x4D23, 0xED1A, 0x0D23, 0x2E2B, 0xED2A, 0xED2A, 0x0D33, 0x4F43, 0x6F4B, 0x6F4B, 0x6F4B, 0x6F53, 0x8F4B, 
    0x8F4B, 0xAF4B, 0xF053, 0xF05B, 0xCF53, 0xAF53, 0xF05B, 0x316C, 0x526C, 0x516C, 0x526C, 0x9274, 0x726C, 0x3064, 0xF05B, 0x105C, 
    0x716C, 0x7164, 0x926C, 0xD274, 0xD274, 0x916C, 0x5064, 0x5064, 0x5064, 0xB16C, 0x916C, 0xD16C, 0xD16C, 0xB16C, 0x127D, 0x127D, 
    0x127D, 0x548D, 0xB595, 0xB595, 0x9495, 0xB595, 0xD59D, 0xD5A5, 0xD5A5, 0xD5A5, 0xF5A5, 0x939D, 0xB49D, 0x5295, 0x3295, 0x1195, 
    0xCF8C, 0xEB73, 0x285B, 0xEB73, 0xAD8C, 0xCA6B, 0x4C7C, 0x0E95, 0xAD84, 0x685B, 0x485B, 0x695B, 0x0753, 0x8A63, 0xCF8C, 0x519D, 
    0xAE84, 0x4D7C, 0x3095, 0xEE8C, 0xCE84, 0x6F95, 0x2A6C, 0x6B74, 0xA85B, 0xC542, 0x2232, 0xC54A, 0xA96B, 0xE752, 0x033A, 0x4542, 
    0x0863, 0x4552, 0x286B, 0xCA7B, 0x8873, 0xC55A, 0x2763, 0xE239, 0xE339, 0x654A, 0x0021, 0x4129, 0x0442, 0x8231, 0x6131, 0xE239, 
    0x444A, 0x654A, 0x654A, 0x2442, 0x6542, 0xC231, 0x6542, 0x443A, 0x4019, 0x0332, 0xC229, 0x2753, 0x433A, 0x2332, 0x433A, 0xA54A, 
    0x8229, 0x4229, 0x8329, 0x8008, 0x0119, 0x0432, 0xA542, 0xA442, 0x833A, 0xE029, 0xC342, 0x2553, 0x633A, 0x0232, 0x233A, 0xA64A, 
    0x13AD, 0xAD7B, 0x0B6B, 0xCA5A, 0x274A, 0xE741, 0x4852, 0x4C6B, 0xA952, 0x674A, 0x263A, 0x874A, 0xC429, 0xA742, 0x2532, 0xE010, 
    0xA229, 0x8329, 0x6429, 0x2519, 0x0A32, 0x0F53, 0xEE4A, 0x4F53, 0xAF5B, 0x0F6C, 0x6F7C, 0xC74A, 0xA652, 0x8652, 0xA239, 0xCB7B, 
    0xAA73, 0xA64A, 0x8008, 0x2121, 0x063A, 0x6429, 0x494A, 0x4D6B, 0xCF7B, 0xB394, 0x36AD, 0x15AD, 0xF4A4, 0x15AD, 0x76B5, 0x76B5, 
    0x15AD, 0x36AD, 0x36AD, 0x15AD, 0x15AD, 0x16AD, 0x36AD, 0x36AD, 0x36AD, 0x16AD, 0xF5A4, 0xB49C, 0x9494, 0x7394, 0x538C, 0x3284, 
    0x537C, 0x5374, 0x3274, 0x327C, 0x327C, 0x1274, 0x116C, 0xF163, 0xF15B, 0xF15B, 0xF053, 0xF153, 0xF153, 0xD153, 0xB153, 0xB153, 
    0xD14B, 0xD14B, 0xD143, 0xB043, 0x9043, 0x8F3B, 0x6F3B, 0x6F3B, 0x2E33, 0x2E33, 0x2D2B, 0x2D2B, 0x2D2B, 0x4D2B, 0x2D2B, 0x4D2B, 
    0x4D23, 0x2C1B, 0x4D23, 0x4D23, 0x0D1B, 0xEC1A, 0x0D23, 0xED22, 0xED22, 0x2E33, 0x9043, 0xD153, 0xF153, 0xB053, 0x6F4B, 0x6E43, 
    0x4E43, 0x6E43, 0x6E43, 0x2D3B, 0xED3A, 0xEC3A, 0x4E4B, 0xD05B, 0x6F4B, 0x2D43, 0x2D43, 0x4D4B, 0x6E4B, 0x2D43, 0x2C3B, 0x4D43, 
    0x2D43, 0x8E53, 0xCF5B, 0xEF5B, 0xAF5B, 0x8E53, 0x6E4B, 0x6D4B, 0xEB3A, 0x4D4B, 0x2C43, 0x6D4B, 0x4C43, 0x2C43, 0xAD53, 0xAE53, 
    0x8C4B, 0xAD4B, 0xCE53, 0xCD53, 0xAD53, 0xCD53, 0xCD53, 0xCD53, 0xCD5B, 0xED5B, 0xCD5B, 0x6B53, 0x2E64, 0xED63, 0x0D64, 0x4E74, 
    0xAB5B, 0xAA5B, 0xCB63, 0xAA63, 0xE74A, 0xE74A, 0x653A, 0x4432, 0xA642, 0x242A, 0x863A, 0x084B, 0x863A, 0x863A, 0x294B, 0xE842, 
    0x873A, 0x252A, 0x6953, 0x484B, 0xA95B, 0xEE84, 0xCD7C, 0x4F8D, 0xE963, 0x6B74, 0x8C7C, 0xAD7C, 0x2B74, 0x0753, 0x2853, 0x6E8C, 
    0xAB7B, 0xCB83, 0x2C94, 0x0FA5, 0xD2BD, 0x70AD, 0xB1B5, 0x6D8C, 0xEB7B, 0x6A6B, 0xE439, 0x464A, 0x6A73, 0xA75A, 0xC762, 0x2442, 
    0x864A, 0xE75A, 0x285B, 0x285B, 0x8A6B, 0x485B, 0x8963, 0xC64A, 0xE331, 0xE229, 0x243A, 0x6442, 0x233A, 0xA129, 0x233A, 0x654A, 
    0x6329, 0xC110, 0x2221, 0x2219, 0x043A, 0x453A, 0xC54A, 0x675B, 0xA342, 0x202A, 0x044B, 0x054B, 0x0232, 0xE229, 0x2432, 0x453A, 
    0xA118, 0x6852, 0xD2A4, 0xD29C, 0x2F8C, 0x0F84, 0x4852, 0x0321, 0x274A, 0x063A, 0x4742, 0x473A, 0xC429, 0x2532, 0x2532, 0x0011, 
    0x243A, 0x8329, 0x6421, 0xA300, 0xC508, 0xC921, 0x8919, 0xC819, 0xE719, 0x0622, 0xE842, 0x653A, 0xE331, 0xE65A, 0x4029, 0xC341, 
    0xE75A, 0x043A, 0xA329, 0x6008, 0x2321, 0x0B63, 0xCA5A, 0x4D6B, 0xB39C, 0x56B5, 0xB7BD, 0x56B5, 0x35AD, 0xB7BD, 0xD7C5, 0x76BD, 
    0x97BD, 0xB7C5, 0xB7C5, 0x97BD, 0x77BD, 0x97BD, 0x97BD, 0x97BD, 0x77BD, 0x97BD, 0x56B5, 0x36AD, 0x15AD, 0x15A5, 0xD4A4, 0x9394, 
    0x5284, 0x327C, 0x127C, 0xF17B, 0xD173, 0xB06B, 0x8F63, 0x8F5B, 0xEC3A, 0xEC32, 0xEC2A, 0xCC22, 0xCC22, 0xCC22, 0xAC22, 0x8C22, 
    0xAD22, 0xAC22, 0xAC22, 0xAC22, 0xAC22, 0xAC1A, 0x8C1A, 0x8B1A, 0xAB1A, 0xAB1A, 0xAB1A, 0xAB1A, 0xCB1A, 0xCB1A, 0xCB1A, 0xEB1A, 
    0x0C1B, 0xCB12, 0xEB12, 0x0C1B, 0xCC12, 0xAB12, 0xAC12, 0xAC1A, 0xCC22, 0xAC22, 0xAC22, 0xCD2A, 0xED32, 0xED32, 0xED3A, 0x0D3B, 
    0x2D33, 0x2D33, 0x2D33, 0x4E3B, 0x4E3B, 0x4D3B, 0x2D3B, 0x0D3B, 0xD053, 0x4E43, 0x0D3B, 0x2D3B, 0x2D3B, 0xEC32, 0xCB2A, 0xEC32, 
    0x6A2A, 0x0C43, 0x6E53, 0x2D4B, 0xEC42, 0xEC3A, 0xCC3A, 0xAB32, 0x0C43, 0x2C43, 0xAB32, 0xEB3A, 0x0C3B, 0xEB3A, 0x2C43, 0xEB32, 
    0x4C3B, 0x4C3B, 0x2B3B, 0x0A33, 0x0B33, 0x4B3B, 0x4C3B, 0x4B3B, 0xEA32, 0x4B43, 0x2A3B, 0xE932, 0x6C43, 0x0A3B, 0xA832, 0x2A43, 
    0x8B53, 0xA732, 0x6A53, 0xCB5B, 0xE842, 0x8A53, 0xA73A, 0x4953, 0xE842, 0x8632, 0xA73A, 0x083B, 0x662A, 0x662A, 0x872A, 0x6209, 
    0x6309, 0xC419, 0x2522, 0x862A, 0x4522, 0x4422, 0xE732, 0x4422, 0x652A, 0x852A, 0x652A, 0xA632, 0x084B, 0xA63A, 0x663A, 0x0853, 
    0xE439, 0x0963, 0x4963, 0xCA73, 0x2F9D, 0xAD8C, 0xEF94, 0x8E84, 0x4D7C, 0x6A63, 0xC84A, 0xAC6B, 0xB3AD, 0x8E84, 0x6E84, 0x8642, 
    0x8642, 0x4953, 0x0853, 0x2432, 0x084B, 0xCB63, 0x6D7C, 0x2853, 0xA642, 0xE329, 0xC64A, 0x0332, 0x4542, 0x6129, 0x2442, 0x664A, 
    0x4321, 0x4321, 0xE631, 0x8321, 0x463A, 0x074B, 0x4753, 0x264B, 0x044B, 0x6232, 0x044B, 0xA43A, 0x6019, 0x2011, 0x4119, 0x2111, 
    0x2F8C, 0xA539, 0x064A, 0xAD7B, 0x2F8C, 0x54B5, 0xF6C5, 0xB19C, 0xCE7B, 0x0742, 0x4321, 0xA429, 0x8321, 0xC84A, 0xC421, 0x8000, 
    0x8221, 0xE110, 0x2319, 0xE408, 0x2611, 0x2A2A, 0x2A22, 0x091A, 0x4822, 0xE93A, 0x294B, 0x0322, 0xC64A, 0x854A, 0xC239, 0xA231, 
    0x2863, 0x864A, 0x4000, 0x8008, 0x2221, 0xEA5A, 0x0742, 0xAA5A, 0x1084, 0x55AD, 0x97BD, 0x56B5, 0xB7C5, 0x96BD, 0x56BD, 0xF8CD, 
    0x96BD, 0xB6C5, 0xB6C5, 0x96BD, 0x96BD, 0x76BD, 0x96BD, 0xB7C5, 0xB7BD, 0xB7BD, 0xB7BD, 0x97BD, 0x76B5, 0x35AD, 0xF4A4, 0xD4A4, 
    0x538C, 0x9394, 0x7394, 0x528C, 0x3284, 0x3184, 0xCF6B, 0x4D4B, 0xCB32, 0xCA2A, 0xCA1A, 0xCB1A, 0xCB1A, 0xCB12, 0xAB12, 0x8B12, 
    0x6B12, 0x8B12, 0x8B1A, 0x8B1A, 0x8B12, 0x8B12, 0x8B12, 0x8B12, 0xCB1A, 0xCB1A, 0xCB1A, 0xCB1A, 0xCB1A, 0xCB1A, 0xEB1A, 0xEB1A, 
    0xCB1A, 0xCB1A, 0xEC1A, 0xEC1A, 0xCC1A, 0xCC12, 0xAC12, 0xAC12, 0xAC1A, 0xAC1A, 0xAC1A, 0xAC1A, 0xAC22, 0xCC2A, 0xEC2A, 0x0D33, 
    0xCC22, 0x2D33, 0x2D33, 0x0C2B, 0x0D33, 0x0D33, 0x0C33, 0x4E3B, 0xAF4B, 0x2D3B, 0x2D3B, 0x6E43, 0x4D3B, 0x0C33, 0x2C33, 0x0C33, 
    0xEC3A, 0x4D43, 0x6E4B, 0x6E4B, 0x2D43, 0x0D3B, 0xEC3A, 0xEC3A, 0xEB32, 0xEB32, 0xCB32, 0xCB32, 0xCB32, 0xCB2A, 0xEB32, 0x0B33, 
    0xCA22, 0xEA2A, 0xEA2A, 0xEA2A, 0xEA2A, 0x0A2B, 0x0A2B, 0xE922, 0x6712, 0x0A2B, 0xC922, 0x681A, 0x0A2B, 0xEA2A, 0xA822, 0x0A2B, 
    0x0A33, 0x0933, 0x2A3B, 0x4A43, 0x4A43, 0x093B, 0xE83A, 0x093B, 0xE83A, 0x261A, 0x2A3B, 0xC82A, 0x6722, 0xE932, 0x261A, 0x0612, 
    0x0612, 0xC511, 0x8722, 0xA82A, 0xA822, 0x0933, 0x0833, 0x0833, 0x8622, 0x8622, 0x293B, 0xA72A, 0xE83A, 0x8732, 0x2522, 0xE521, 
    0x252A, 0x252A, 0xC73A, 0x8A53, 0x694B, 0x073B, 0x073B, 0xE732, 0x862A, 0xE832, 0xA411, 0xC411, 0xE93A, 0x0522, 0xA732, 0x8632, 
    0x8632, 0x0843, 0x2843, 0xA632, 0x2843, 0x2843, 0x8A5B, 0xC73A, 0x663A, 0x8642, 0x8642, 0x8642, 0xE85A, 0x2542, 0x296B, 0xCC7B, 
    0x2219, 0x0632, 0x4F7C, 0xF5B5, 0x97BE, 0xB39D, 0x0B64, 0x474B, 0x664B, 0x464B, 0xC85B, 0x4A6C, 0x0B6C, 0xEB63, 0x2D74, 0x4E74, 
    0x885A, 0x2F8C, 0x4B73, 0x274A, 0xC962, 0x274A, 0xEE83, 0x7094, 0x78D6, 0x9194, 0xCD73, 0xAD73, 0x4742, 0x8321, 0x2632, 0x0111, 
    0xC010, 0x4221, 0xA108, 0x4519, 0xE508, 0x6711, 0x4A2A, 0x6A2A, 0x4722, 0xE83A, 0x894B, 0xC63A, 0x8542, 0x233A, 0x033A, 0x0863, 
    0x085B, 0x253A, 0xE018, 0x4229, 0x6008, 0x6008, 0xCA5A, 0x75B5, 0xD7BD, 0xF8C5, 0x56B5, 0x14AD, 0x97BD, 0xB7C5, 0x96BD, 0xB6C5, 
    0x96BD, 0x96BD, 0x96BD, 0x96BD, 0x96BD, 0x96BD, 0xB6C5, 0xD7C5, 0xB6C5, 0xB6BD, 0xB6BD, 0x96BD, 0x55B5, 0x35AD, 0x14A5, 0xF4A4, 
    0xB49C, 0xB4A4, 0x949C, 0x739C, 0x9394, 0xB394, 0x517C, 0xCE5B, 0xEB32, 0xEA2A, 0xEA1A, 0xEA12, 0xEB12, 0xEB12, 0xEB12, 0xCB12, 
    0xCB12, 0xCC1A, 0xCC1A, 0xCC1A, 0xCB12, 0xAB12, 0xAB12, 0xAB12, 0xCB12, 0xCB12, 0xCB12, 0xEB12, 0xEB12, 0xEB12, 0xEB1A, 0xEB1A, 
    0xCB1A, 0xCC1A, 0xEC1A, 0xEC1A, 0xEC1A, 0xCC1A, 0xCC12, 0xCC12, 0xCC1A, 0xCC1A, 0xCC1A, 0xCC1A, 0xCC22, 0xEC22, 0xEC2A, 0x0D2B, 
    0xCC22, 0x2D2B, 0x0D2B, 0xEC2A, 0x0D33, 0xEC2A, 0xEC2A, 0x0D3B, 0x6E43, 0xEC32, 0xEC32, 0x2D3B, 0x0C33, 0xEC2A, 0x0C33, 0xEB2A, 
    0xAB2A, 0xEC32, 0x2D3B, 0x2D3B, 0x2C3B, 0x0C33, 0x0C33, 0x0C33, 0x2C33, 0x0C33, 0x2C33, 0x2C33, 0x2C33, 0x2C33, 0x2C33, 0x6D33, 
    0x2B2B, 0x4B33, 0x6C33, 0x4B2B, 0x2B2B, 0x2B2B, 0x2B2B, 0x0A23, 0x4B2B, 0xEE43, 0x8C33, 0xEA22, 0x2B2B, 0x0A23, 0xA91A, 0x2B2B, 
    0xE922, 0xC922, 0xE92A, 0x2A33, 0x2A33, 0x0933, 0xE92A, 0x0933, 0x2A33, 0x471A, 0x2B33, 0xEA2A, 0x881A, 0xEA22, 0x4812, 0x270A, 
    0x070A, 0xC601, 0x681A, 0x881A, 0x881A, 0xE922, 0xE922, 0xE922, 0xC822, 0x871A, 0xA822, 0x2612, 0x0933, 0x0933, 0x672A, 0x4622, 
    0x261A, 0x0512, 0x6722, 0xE82A, 0xE82A, 0xE722, 0x082B, 0x292B, 0x4612, 0xC822, 0xC501, 0xE609, 0x2A33, 0x2612, 0xA822, 0xA722, 
    0xC72A, 0x0833, 0x0833, 0xA72A, 0x0833, 0xC732, 0x4943, 0xA732, 0xC319, 0xC742, 0x4632, 0x0532, 0x8F8C, 0xB8D6, 0x56CE, 0x8B6B, 
    0x273A, 0xC621, 0xE629, 0xE621, 0x472A, 0xE83A, 0x2843, 0xC953, 0xC532, 0xA432, 0x063B, 0x474B, 0xC73A, 0x6632, 0x8832, 0xC93A, 
    0xC120, 0x2A6B, 0x8852, 0xE962, 0x709C, 0x4431, 0x8539, 0x074A, 0x6852, 0x8D73, 0x2F84, 0xC952, 0x0E7C, 0x0A5B, 0xC110, 0xE110, 
    0xE539, 0x4321, 0xC210, 0x2411, 0xE929, 0x8B3A, 0x8A32, 0x2822, 0xAC4B, 0x2943, 0x0743, 0xA53A, 0xA121, 0x4019, 0x6121, 0xC752, 
    0x243A, 0x4121, 0x4000, 0xC010, 0xE118, 0x4329, 0x9194, 0x13A5, 0xB29C, 0x35AD, 0xB7C5, 0xB7C5, 0x76BD, 0x55BD, 0x76BD, 0xB6C5, 
    0x95BD, 0x95BD, 0xB6BD, 0xB6BD, 0xB6BD, 0xB6C5, 0xD6C5, 0xF7C5, 0xB6BD, 0xB6BD, 0x96BD, 0x75B5, 0x34AD, 0x14AD, 0xF4A4, 0xD3A4, 
    0xF4AC, 0xD4AC, 0x93A4, 0x939C, 0xD4A4, 0x14A5, 0xD38C, 0x7074, 0x4B3B, 0x2B2B, 0x0A1B, 0xEA12, 0xEA0A, 0x0B0B, 0x0B13, 0x0C13, 
    0xCB12, 0xCB12, 0xCC12, 0xCB12, 0xCB12, 0xAB12, 0xAB12, 0xAA12, 0xEB12, 0xEB12, 0xEB12, 0xEB12, 0xEB12, 0x0B13, 0x0B13, 0xEB1A, 
    0xEC1A, 0xCC1A, 0xEC1A, 0xED1A, 0xED1A, 0xED1A, 0xED1A, 0xED1A, 0xCC12, 0xCC12, 0xCC1A, 0xCC1A, 0xCC22, 0xEC22, 0xEC22, 0xEC2A, 
    0xEC2A, 0x2D33, 0x0C2B, 0xEC2A, 0xEC32, 0xCC2A, 0xAB2A, 0xEC32, 0x4E43, 0xCB32, 0xCB2A, 0x0C33, 0xEC32, 0xCB2A, 0xEB2A, 0xCB2A, 
    0x8A22, 0xCB22, 0xEB22, 0x0C2B, 0x0C2B, 0x0C2B, 0x0C23, 0x0C23, 0x4D2B, 0x2C2B, 0x2C23, 0x2C2B, 0x2C23, 0x2C23, 0x4D2B, 0x8D33, 
    0x4C2B, 0x6C33, 0x6C33, 0x4C33, 0x2B2B, 0x2B2B, 0x2B2B, 0x2B23, 0x2B23, 0xCD33, 0x8C2B, 0x0A1B, 0x0A1B, 0xEA12, 0xCA12, 0x4C23, 
    0x2B23, 0x2B23, 0x4B2B, 0x8C33, 0xEE43, 0xEE43, 0xEE4B, 0xEE4B, 0x4B33, 0x881A, 0x2B2B, 0x0B23, 0xA912, 0x0A1B, 0x890A, 0x6802, 
    0x2802, 0xE701, 0x8912, 0x8912, 0x680A, 0xEA1A, 0xC91A, 0xE91A, 0x8812, 0xE922, 0x0A2B, 0x4712, 0x0A2B, 0xA822, 0x2612, 0x8822, 
    0x8922, 0x481A, 0x471A, 0x871A, 0x871A, 0x8712, 0xA81A, 0xE922, 0xE601, 0x8912, 0xE701, 0x070A, 0x2B2B, 0x4712, 0x881A, 0xA81A, 
    0xA822, 0xE822, 0xC822, 0x871A, 0xC822, 0x861A, 0x092B, 0xA72A, 0xC411, 0x2622, 0x0522, 0xE942, 0x2A53, 0xE952, 0x0A5B, 0x8D6B, 
    0xE629, 0xC619, 0xE619, 0x8511, 0xC519, 0x672A, 0xA72A, 0x0833, 0xA62A, 0x8422, 0xC62A, 0x0733, 0x6522, 0xC411, 0xE519, 0x061A, 
    0x264A, 0x2A6B, 0xE962, 0xE541, 0x274A, 0xE641, 0x685A, 0x4852, 0x274A, 0x2B6B, 0x484A, 0x474A, 0xA952, 0x4742, 0x0A5B, 0x8429, 
    0xC95A, 0x063A, 0x6D6B, 0x0419, 0x4619, 0x092A, 0x4932, 0xEE63, 0xF07C, 0x8953, 0xC53A, 0x264B, 0x843A, 0xA64A, 0x4542, 0x085B, 
    0x085B, 0xA74A, 0x4221, 0xA010, 0xC110, 0x0642, 0x13A5, 0x54AD, 0xF7C5, 0x96BD, 0x76BD, 0x76BD, 0x76BD, 0x96C5, 0xB7C5, 0x75BD, 
    0x96BD, 0xB6BD, 0xB6C5, 0xB6C5, 0xB6C5, 0xD6C5, 0xD7C5, 0xF7C5, 0xB6BD, 0x96BD, 0x75B5, 0x34AD, 0xF3A4, 0xD39C, 0xB39C, 0xB39C, 
    0xB4A4, 0x939C, 0x739C, 0x939C, 0xD4A4, 0x34A5, 0x349D, 0x1385, 0x8C43, 0x6C33, 0x2B23, 0x0A13, 0xEA0A, 0xEB0A, 0x0C13, 0x0C13, 
    0xCB0A, 0xCB12, 0xCB12, 0xCB12, 0xCB12, 0xAB0A, 0xAB0A, 0xCB0A, 0xEC12, 0x0C13, 0xEB12, 0xEB12, 0x0C13, 0x0C13, 0x0C13, 0x0C13, 
    0xED1A, 0xED1A, 0xED1A, 0xED1A, 0xED1A, 0xED12, 0xED12, 0xCD12, 0xED12, 0xCC12, 0xCC1A, 0xCC1A, 0xCC22, 0xEC22, 0xEC2A, 0x0D33, 
    0x0D33, 0x4D3B, 0x0C33, 0x0C33, 0x2D3B, 0xEC32, 0xCB32, 0x0D3B, 0xAF53, 0x0C3B, 0xEB32, 0x0C3B, 0x0C3B, 0xEB32, 0xEB32, 0xCB2A, 
    0xCB2A, 0xEB22, 0x0C2B, 0x0C2B, 0x0C2B, 0xEB22, 0xEB22, 0x0C23, 0x4D2B, 0x0C23, 0x0C23, 0x2C23, 0x2C23, 0x0B1B, 0x2C23, 0x8D2B, 
    0x2B2B, 0x4C33, 0x4C33, 0x2B2B, 0x0B2B, 0x2B2B, 0x2B2B, 0x2B23, 0xEA1A, 0x2B23, 0x0B1B, 0xCA12, 0x0A13, 0xEA12, 0xEA12, 0x4C1B, 
    0x2B1B, 0x0B1B, 0x2B23, 0x6C2B, 0xAD3B, 0xEE3B, 0xCD3B, 0xCD3B, 0x6C33, 0xA912, 0x0B23, 0x0B1B, 0xAA12, 0x0B13, 0xCA0A, 0x8902, 
    0x6902, 0x2802, 0xAA12, 0xAA0A, 0x890A, 0xEA12, 0xCA12, 0xEA1A, 0x2702, 0xEA1A, 0x2B23, 0x470A, 0x2B2B, 0x881A, 0xC501, 0x481A, 
    0x491A, 0x2812, 0x0712, 0x070A, 0x4712, 0x4712, 0x8812, 0xEA22, 0xC601, 0x6912, 0x080A, 0xE809, 0x0C2B, 0x4812, 0x691A, 0x891A, 
    0xA812, 0xA812, 0x8712, 0x6712, 0xC81A, 0x460A, 0x0923, 0xE822, 0x871A, 0xE92A, 0x6722, 0x2A43, 0x6732, 0xC521, 0x0732, 0x6C53, 
    0xC619, 0x071A, 0x4822, 0xC611, 0xE711, 0xA922, 0xA822, 0xC822, 0xC722, 0x861A, 0xE72A, 0x4933, 0xC822, 0x261A, 0x481A, 0xA92A, 
    0xC85A, 0x464A, 0x6B73, 0x6752, 0xE641, 0xCD83, 0x685A, 0x895A, 0xCA62, 0xE641, 0xAA5A, 0x6C73, 0x684A, 0x2742, 0x2321, 0xC118, 
    0xA95A, 0x4C73, 0x14A5, 0xEB5A, 0x2942, 0x0C5B, 0x8942, 0x0D6C, 0x8A5B, 0x853A, 0x222A, 0x8442, 0x0332, 0x443A, 0x6229, 0xA331, 
    0x253A, 0x6221, 0x4000, 0x6000, 0x6008, 0xA110, 0xC639, 0x308C, 0x13A5, 0x34AD, 0x75BD, 0x96BD, 0x75BD, 0x96BD, 0xB7C5, 0x76BD, 
    0xD7C5, 0xD6C5, 0xD6C5, 0xD6C5, 0xD6C5, 0xD6BD, 0xB7C5, 0xD7BD, 0x96BD, 0x76B5, 0x35AD, 0xF3A4, 0xB29C, 0x9294, 0x7294, 0x7294, 
    0x5294, 0x7394, 0x7394, 0x7394, 0xB39C, 0xF49C, 0x349D, 0x7595, 0xAE4B, 0x8D3B, 0x4C2B, 0x0B1B, 0xEB12, 0xEC12, 0xEC12, 0xEC12, 
    0xCB12, 0xCC12, 0xEC12, 0xEC12, 0xEC12, 0xEC12, 0xEC12, 0xEC12, 0xEC12, 0xEC12, 0xEC12, 0xEC12, 0x0C13, 0x0C13, 0x0C13, 0x0D13, 
    0x0D1B, 0x0D1B, 0xED12, 0xED12, 0xCD12, 0xCD0A, 0xCC0A, 0xCC0A, 0x0D1B, 0xED1A, 0xCC1A, 0xCC22, 0xEC2A, 0x0D33, 0x4E3B, 0x6E43, 
    0x6E4B, 0x8E4B, 0x4E4B, 0x4D4B, 0x6E4B, 0x4D4B, 0x2D4B, 0xAF5B, 0x7274, 0xAF5B, 0x6E53, 0xAE53, 0x8E53, 0x6D4B, 0x2D4B, 0xEC3A, 
    0x2C3B, 0x2D3B, 0x4D3B, 0x6E3B, 0x4D3B, 0x0C33, 0x0C33, 0x4D33, 0x8E3B, 0x4D33, 0x2C2B, 0x2D2B, 0x2C2B, 0x0C23, 0x2C2B, 0x8D3B, 
    0x2C3B, 0x4C43, 0x6C3B, 0x2C33, 0x0B2B, 0x0B2B, 0x0B2B, 0x0B23, 0x2B23, 0x2B23, 0x0B1B, 0x0B1B, 0x2B1B, 0x0B1B, 0xEA12, 0x0B13, 
    0x2B1B, 0x0A13, 0x0A1B, 0x0A1B, 0x2B23, 0x4B23, 0x2B23, 0x0A23, 0x4B2B, 0x8812, 0xEA1A, 0x0B1B, 0xCA0A, 0xEA0A, 0xEB0A, 0xCA0A, 
    0x8A02, 0x4902, 0xCB12, 0xAB0A, 0x6902, 0xCA0A, 0xCA12, 0xEB12, 0xAA0A, 0xEA1A, 0x0A1B, 0xA912, 0x7054, 0x4F54, 0x6C33, 0x8D3B, 
    0xCB2A, 0xAB2A, 0x0812, 0xE709, 0x2812, 0x481A, 0x891A, 0x2C33, 0xE809, 0x6A1A, 0x0912, 0xC801, 0xCC2A, 0x4912, 0x491A, 0x891A, 
    0xA91A, 0x8812, 0x680A, 0x680A, 0xC912, 0x6702, 0x0A1B, 0x0A1B, 0x2602, 0xA81A, 0x060A, 0xC92A, 0xC92A, 0xEA3A, 0x682A, 0x4822, 
    0x271A, 0x2812, 0x2812, 0x8501, 0x6501, 0x4912, 0xA91A, 0x0A23, 0xA81A, 0x670A, 0xC81A, 0x4A2B, 0xE922, 0x6712, 0x891A, 0xEA22, 
    0xED83, 0xC85A, 0x2A6B, 0x875A, 0xA439, 0x895A, 0x0008, 0x6439, 0x895A, 0x4C73, 0x0329, 0x284A, 0x8852, 0xE639, 0x8431, 0x4008, 
    0x895A, 0xCE83, 0xEB6A, 0xAE7B, 0xAF7B, 0x9294, 0xCA52, 0x253A, 0x4963, 0xE652, 0xC54A, 0x633A, 0xA229, 0x8229, 0x6321, 0x2642, 
    0x495B, 0x0432, 0xE010, 0x0119, 0x6329, 0xE218, 0x2000, 0xC639, 0x484A, 0x308C, 0xB6BD, 0xD7C5, 0x55B5, 0x55B5, 0x76BD, 0xB6C5, 
    0xD7C5, 0xD7BD, 0xB7BD, 0xB7BD, 0xD7BD, 0xB7BD, 0xB7BD, 0x96B5, 0x76B5, 0x55AD, 0x15A5, 0xD39C, 0x9394, 0x728C, 0x528C, 0x528C, 
    0x738C, 0x7394, 0x9394, 0x9394, 0x938C, 0xB38C, 0xF494, 0x558D, 0xCE53, 0xAE43, 0x6D33, 0x2C23, 0x0D1B, 0xED1A, 0xCD1A, 0xCD1A, 
    0xCC12, 0xEC12, 0xEC12, 0xEC12, 0xEC12, 0xEC0A, 0xEC0A, 0xEC0A, 0xED12, 0xED0A, 0xED0A, 0xED0A, 0xED0A, 0x0D0B, 0x0D13, 0x0D13, 
    0x0D13, 0x0D13, 0xED12, 0xED0A, 0xCD0A, 0xCD0A, 0xCD0A, 0xAC0A, 0xED1A, 0xCD1A, 0xCC22, 0xED2A, 0x0E33, 0x6E43, 0xAF53, 0xD05B, 
    0xF063, 0xF063, 0xD063, 0xF063, 0xF063, 0xCF63, 0xF06B, 0x927C, 0x569D, 0x927C, 0x5174, 0x727C, 0x7174, 0x306C, 0xEF63, 0x6E53, 
    0x6E53, 0x8F53, 0xD053, 0xF05B, 0xD05B, 0x8F4B, 0x8F4B, 0xF053, 0xD053, 0x6E43, 0x4E3B, 0x6E43, 0x4E3B, 0x2D33, 0x4E3B, 0xCF4B, 
    0x8E4B, 0xAE53, 0xAE4B, 0x6D43, 0x0B3B, 0x0B33, 0x0B2B, 0x0B2B, 0x2C2B, 0x0B23, 0xEB1A, 0x0B1B, 0x2C1B, 0x0B1B, 0xEB12, 0xEA0A, 
    0x4B1B, 0x4B1B, 0x2B1B, 0x2B1B, 0x4B23, 0x6B2B, 0x4C2B, 0x4B2B, 0x2B2B, 0x8812, 0xC912, 0x2B1B, 0xEA0A, 0xEA0A, 0x2B13, 0xEA0A, 
    0xAA02, 0x6902, 0xCB12, 0xAA0A, 0x6902, 0xAA0A, 0xAA0A, 0xCA12, 0x4802, 0xA912, 0x4C2B, 0x6C2B, 0x536D, 0x1686, 0x168E, 0x999E, 
    0x9A9E, 0x1996, 0xB364, 0x6D3B, 0x0B2B, 0xA91A, 0x480A, 0xAA1A, 0x290A, 0x8B12, 0x2A0A, 0xA801, 0xAC22, 0x6A12, 0x4912, 0xAA1A, 
    0xCA1A, 0xA912, 0x680A, 0x680A, 0xEA12, 0x6802, 0x2A1B, 0xEA12, 0x880A, 0x0A1B, 0xEA1A, 0xAD33, 0x2B2B, 0x4712, 0x2712, 0xCA22, 
    0x4712, 0x6912, 0xCA1A, 0x280A, 0xE801, 0x6A0A, 0x6A0A, 0xAA12, 0xCA12, 0x6702, 0xA812, 0x4A23, 0xE91A, 0x470A, 0x680A, 0xCA1A, 
    0xA018, 0xA75A, 0x6B73, 0xA85A, 0xE541, 0x895A, 0xA541, 0x685A, 0x4D7B, 0x2C73, 0x695A, 0x284A, 0x895A, 0xCE83, 0x2B6B, 0x0008, 
    0xE649, 0xAA6A, 0x6539, 0x2852, 0x8A62, 0xCB62, 0x6852, 0x254A, 0x4863, 0xA552, 0x6342, 0xC131, 0xE339, 0xA331, 0xC539, 0x2A63, 
    0x0532, 0xC329, 0x0111, 0x6000, 0x0119, 0x4321, 0x684A, 0xEA5A, 0x8952, 0x7194, 0x75B5, 0x34AD, 0x55B5, 0xB6C5, 0x96BD, 0x76BD, 
    0xB7BD, 0xB7BD, 0x97BD, 0x97BD, 0xB7BD, 0x97BD, 0x76B5, 0x56AD, 0x56AD, 0x35AD, 0x15A5, 0xD49C, 0xB394, 0x9394, 0x7394, 0x938C, 
    0xB48C, 0x948C, 0x738C, 0x5384, 0x3284, 0x317C, 0x727C, 0xB27C, 0xAE4B, 0xAE43, 0x6E3B, 0x4E2B, 0x2E2B, 0x0E2B, 0xEE22, 0xEE22, 
    0xED12, 0x0D13, 0x0D13, 0x0D13, 0xED0A, 0xCC0A, 0xCC0A, 0xCD0A, 0xED0A, 0xED0A, 0xED0A, 0xED0A, 0xED0A, 0xEE0A, 0xEE0A, 0x0E0B, 
    0x0E0B, 0x0D0B, 0xED0A, 0xED02, 0xED02, 0xED0A, 0xCD0A, 0xCD0A, 0xED1A, 0xED22, 0x0E2B, 0x4E3B, 0x904B, 0xF15B, 0x326C, 0x5274, 
    0x5274, 0x727C, 0x727C, 0x727C, 0x727C, 0x527C, 0xB38C, 0x76A5, 0x39BE, 0x76A5, 0x159D, 0x559D, 0x359D, 0xF394, 0x9284, 0x1074, 
    0xF173, 0x1174, 0x7384, 0xB48C, 0x7384, 0x1274, 0x3274, 0x9484, 0x3274, 0xD163, 0xB05B, 0xD163, 0xD05B, 0x8F5B, 0xD05B, 0x526C, 
    0x316C, 0x7174, 0x516C, 0x0F5C, 0x8E4B, 0x8D43, 0x8D43, 0x8D43, 0x6D33, 0x0B2B, 0x2C23, 0x4C23, 0x2C1B, 0x0C1B, 0x2C1B, 0x0B1B, 
    0x0A13, 0x2A13, 0x2A1B, 0x0A1B, 0x2A23, 0x6B2B, 0x6C2B, 0x6B2B, 0x4B2B, 0xA912, 0xC912, 0x4B23, 0x0A13, 0xEA0A, 0x2B13, 0xEA0A, 
    0xAA0A, 0x6902, 0xEB12, 0xAA0A, 0x4902, 0x8A02, 0xAA0A, 0xCA12, 0xA90A, 0xEA12, 0x4C2B, 0x680A, 0x6812, 0x060A, 0xE601, 0x4812, 
    0x6D2B, 0x6E33, 0xAA12, 0x2802, 0xCA12, 0xCA12, 0xCA0A, 0x6D23, 0x6902, 0x8B0A, 0x4A02, 0xA701, 0xCC12, 0xAB12, 0x690A, 0xAA12, 
    0xAA1A, 0x8A12, 0x490A, 0x2802, 0xCA12, 0xA90A, 0x4B1B, 0xEA0A, 0x8802, 0x0A13, 0xE90A, 0x8802, 0xCA12, 0x880A, 0xC912, 0x680A, 
    0x6812, 0x890A, 0xAA12, 0x2902, 0xC801, 0x2A02, 0x4A02, 0xCB0A, 0x0C13, 0x8902, 0xA90A, 0x4B23, 0x0A1B, 0x880A, 0x690A, 0xCA12, 
    0xE862, 0x4A73, 0xA85A, 0xED83, 0xCD83, 0xEA6A, 0xCD83, 0xCA62, 0xA541, 0xAE83, 0x2852, 0xA639, 0xEF83, 0x4C73, 0xA95A, 0x0329, 
    0x4439, 0x6539, 0x8A62, 0x2852, 0xAE7B, 0x6852, 0xE541, 0x6652, 0xAA7B, 0x8552, 0xE239, 0xA131, 0xC752, 0xE439, 0x0221, 0xC531, 
    0x6742, 0xE429, 0x2119, 0x8000, 0xE110, 0x6000, 0x063A, 0x6008, 0x4008, 0xAE7B, 0x96BD, 0x75BD, 0x55BD, 0x55BD, 0x34BD, 0x96C5, 
    0x96BD, 0x96B5, 0x76B5, 0x76B5, 0x96B5, 0x96B5, 0x76B5, 0x36AD, 0x56AD, 0x35AD, 0x15A5, 0xF49C, 0xD49C, 0xB39C, 0xB39C, 0xB494, 
    0xD594, 0x948C, 0x5384, 0x127C, 0xF173, 0xD06B, 0xD063, 0xF05B, 0x8F4B, 0x8F43, 0x6E3B, 0x6E3B, 0x4E3B, 0x2E33, 0x0E33, 0xEE2A, 
    0x0E2B, 0x2D23, 0x2E23, 0x0D1B, 0x0D1B, 0xED12, 0xCD12, 0xED12, 0xED0A, 0xCD0A, 0xCD0A, 0xCD0A, 0xCD0A, 0xEE0A, 0xEE12, 0xEE12, 
    0xED0A, 0xED0A, 0xED0A, 0xED0A, 0xED0A, 0xED0A, 0xED12, 0xED1A, 0x2E23, 0x2E33, 0x6F43, 0xD153, 0x326C, 0x937C, 0xB58C, 0xD58C, 
    0xB384, 0xD38C, 0xB38C, 0xD38C, 0xD38C, 0xB38C, 0x159D, 0x19BE, 0x9BCE, 0xD8B5, 0x97AD, 0xD8B5, 0xB7AD, 0x76A5, 0x1495, 0x9284, 
    0x738C, 0x9494, 0xF59C, 0x36A5, 0xF59C, 0x938C, 0xB48C, 0x169D, 0xD594, 0x5384, 0x327C, 0x7384, 0x537C, 0x3274, 0x737C, 0xF594, 
    0xD48C, 0x148D, 0x148D, 0xB27C, 0x5174, 0x306C, 0x316C, 0x5164, 0x105C, 0xAE4B, 0xAE43, 0xAE43, 0x4D33, 0x2C2B, 0x4D2B, 0x6C2B, 
    0x4B23, 0x6C23, 0x6C23, 0x2A1B, 0x0A1B, 0x2B23, 0x4B2B, 0x4B23, 0x6C2B, 0xE912, 0xEA12, 0x6C23, 0x0B13, 0xEA0A, 0x4B13, 0xEA0A, 
    0xCB0A, 0x8A02, 0xEC12, 0xAA0A, 0x4902, 0x8A02, 0xAA0A, 0xEB12, 0xAA0A, 0xA90A, 0x6C23, 0xCA1A, 0x2B23, 0xEA22, 0xC91A, 0xAA1A, 
    0x4902, 0xCC12, 0x4902, 0x2802, 0xEA0A, 0xEA0A, 0x8902, 0x0B13, 0x6902, 0x8A02, 0x6A02, 0xA701, 0xEC0A, 0xEB0A, 0x8A02, 0xAA0A, 
    0x6A12, 0x6A12, 0x290A, 0x0802, 0xCB12, 0xCA12, 0x6C1B, 0xCA0A, 0x0B0B, 0xEA0A, 0xC902, 0xEA0A, 0xAD23, 0xA90A, 0xEA0A, 0xA90A, 
    0x890A, 0x890A, 0xCB12, 0x6A02, 0x0902, 0x4A02, 0x6A02, 0xEC12, 0xEC12, 0x4902, 0x8902, 0x4B1B, 0x2B1B, 0xA90A, 0x890A, 0xCA12, 
    0x4652, 0xCC83, 0x2D94, 0x2A73, 0x2A73, 0xED83, 0x2A6B, 0xEE83, 0x0A6B, 0x4852, 0xE741, 0x6C73, 0xEB62, 0x6531, 0x6D7B, 0x2429, 
    0x4429, 0xA539, 0xE218, 0x684A, 0x6F8C, 0x0E84, 0x0D84, 0x0C84, 0xCB83, 0xA65A, 0xE862, 0x296B, 0x4229, 0xA431, 0xC531, 0xC94A, 
    0xC852, 0x4221, 0x2219, 0xE010, 0xE110, 0xA008, 0xC952, 0x74B5, 0x8D7B, 0x5094, 0x14BD, 0x34BD, 0xF3B4, 0x34BD, 0x55C5, 0x54BD, 
    0x96C5, 0x75BD, 0x34B5, 0x55B5, 0x55B5, 0x35AD, 0x35B5, 0x97BD, 0x15AD, 0x56B5, 0x35B5, 0xD4A4, 0x929C, 0x929C, 0xD2A4, 0xD3A4, 
    0xB494, 0x738C, 0x327C, 0xD06B, 0x9063, 0x6F53, 0x4E4B, 0x4E4B, 0x6F4B, 0x8F4B, 0xAF53, 0xAF53, 0xD053, 0xD05B, 0x8F53, 0x4E4B, 
    0x6E4B, 0x6F4B, 0x6F43, 0x4E3B, 0x2E33, 0xED22, 0xAD1A, 0xAD12, 0x0E1B, 0xAD12, 0x8D0A, 0xAD0A, 0xCD12, 0xCD12, 0xCD12, 0xCD12, 
    0x2E1B, 0xED12, 0x2E1B, 0xED12, 0xEC1A, 0x0D23, 0xEC22, 0x2E2B, 0x8F43, 0xB04B, 0xF15B, 0x3274, 0x9484, 0xB58C, 0xB594, 0xB494, 
    0xF494, 0xF38C, 0xD38C, 0xD494, 0x159D, 0xF59C, 0x57AD, 0x3AC6, 0x7CD6, 0xF9BD, 0x98AD, 0xD8B5, 0xF8B5, 0xB6A5, 0x3495, 0xF38C, 
    0x159D, 0x159D, 0xD8BD, 0xB7B5, 0x35A5, 0x159D, 0x159D, 0x56A5, 0x159D, 0xD494, 0xB38C, 0xD494, 0xF494, 0xF494, 0xF49C, 0x159D, 
    0x56AD, 0x56A5, 0x55A5, 0x159D, 0xD494, 0xD38C, 0xF48C, 0x148D, 0x927C, 0x9274, 0x516C, 0x1064, 0xCF5B, 0xAE53, 0x8E4B, 0x8E43, 
    0x2C2B, 0xEB22, 0x0B23, 0x4C23, 0x0B23, 0x2B23, 0x4C2B, 0x6C23, 0x2B1B, 0x4C1B, 0x0B13, 0x6C1B, 0x4C13, 0xEA0A, 0x2B0B, 0xEB0A, 
    0xCB0A, 0xEC12, 0xEC12, 0xCB0A, 0x8A02, 0x8A02, 0xAB0A, 0xCB0A, 0xAA0A, 0xEB12, 0x2C1B, 0x2C1B, 0xAA0A, 0xCA12, 0xEB12, 0x8B0A, 
    0xAD12, 0xAD12, 0x6B0A, 0x4A02, 0xCB12, 0x0B1B, 0x0B13, 0xEB12, 0xAA02, 0x8A02, 0x4A02, 0x2902, 0x6A02, 0xCC0A, 0xAB0A, 0x4A02, 
    0x4B12, 0x4B12, 0xE901, 0xE901, 0x8B12, 0xCB1A, 0xCB12, 0xCB12, 0xCA0A, 0x0B13, 0xEB12, 0xEA0A, 0x0B13, 0xEB0A, 0xCA0A, 0xEA0A, 
    0xCA12, 0xCA12, 0xAA0A, 0x6902, 0x6902, 0x6A02, 0xAA0A, 0xCB0A, 0x0C13, 0x8A0A, 0xA90A, 0x0B1B, 0x2B1B, 0xCA0A, 0xC90A, 0x0A13, 
    0xE86A, 0xAB83, 0x875A, 0x675A, 0xA862, 0xE541, 0x2A6B, 0xEE83, 0xB19C, 0xE641, 0x6431, 0xA539, 0x6952, 0xF2A4, 0x6D73, 0x6531, 
    0xE218, 0xCE7B, 0x6429, 0x8429, 0xA431, 0x8752, 0xA752, 0x2129, 0x6331, 0x6652, 0xB0A4, 0x4231, 0x6431, 0x8431, 0x063A, 0x263A, 
    0x464A, 0x8331, 0xE110, 0x8008, 0x2000, 0x2000, 0xA531, 0x2F8C, 0x9DFF, 0xFBF6, 0xF3BC, 0xD2B4, 0xD7D5, 0x14BD, 0x71A4, 0x54BD, 
    0x71A4, 0x13B5, 0x13AD, 0x14AD, 0xB6C5, 0x96BD, 0x14AD, 0x15AD, 0x15AD, 0x35AD, 0x14AD, 0x14AD, 0x14AD, 0xF3AC, 0x91A4, 0x3094, 
    0x728C, 0x327C, 0xD173, 0x8F63, 0x4F5B, 0x4F53, 0x6F53, 0x6F4B, 0x8F53, 0xD05B, 0x1164, 0x1164, 0x116C, 0x316C, 0x3174, 0x106C, 
    0x1174, 0x316C, 0x1164, 0xD05B, 0x8F4B, 0x4F3B, 0x0E33, 0xEE2A, 0x0F2B, 0xEE1A, 0xCD1A, 0xEE22, 0x2E2B, 0x2E2B, 0x2E2B, 0x4E2B, 
    0x4E2B, 0x2E23, 0x6F2B, 0x2D23, 0x2D2B, 0x6E33, 0x4E33, 0x8F43, 0x115C, 0x1164, 0x526C, 0x937C, 0xB48C, 0xB58C, 0x948C, 0x938C, 
    0x9284, 0xB28C, 0xB38C, 0xD494, 0xF594, 0xD594, 0xF69C, 0x98B5, 0x98B5, 0x37A5, 0x16A5, 0x77AD, 0xB7AD, 0x76A5, 0x349D, 0x1495, 
    0x35A5, 0x56AD, 0x5ACE, 0x5AC6, 0xB7B5, 0x77AD, 0x56A5, 0x77AD, 0x159D, 0xF494, 0xF494, 0x159D, 0x36A5, 0x159D, 0x159D, 0x35A5, 
    0x56AD, 0x56AD, 0x56AD, 0x56AD, 0x15A5, 0x159D, 0x35A5, 0x55A5, 0x1495, 0x1495, 0xF494, 0xD38C, 0xB284, 0x727C, 0x7174, 0x7174, 
    0x8E43, 0x6D3B, 0x8E3B, 0xAE3B, 0x4D33, 0x2C2B, 0x4C2B, 0x2C23, 0xEB1A, 0x2C1B, 0xEB12, 0x4C1B, 0x4C1B, 0xEB0A, 0x2B0B, 0xEB0A, 
    0xEC12, 0x0D13, 0x0C13, 0xEC12, 0xAB0A, 0xAB02, 0xCB0A, 0x0C13, 0xCB0A, 0xCB0A, 0x0C13, 0x0C13, 0xCB0A, 0xEC0A, 0x0C13, 0xCC0A, 
    0xAD12, 0xAE12, 0x6C0A, 0x4A02, 0xCB12, 0x0C13, 0xEB12, 0xCB12, 0x8A0A, 0x8A02, 0x2A02, 0x0A02, 0x6B02, 0xAC0A, 0xAC0A, 0x4A02, 
    0x6B0A, 0x4B0A, 0xEA01, 0xE901, 0x6B12, 0xAB12, 0xAB12, 0xCB12, 0xAA0A, 0xCB12, 0xEB12, 0xEB0A, 0x0B13, 0xEB0A, 0xCB0A, 0xEB0A, 
    0xEB12, 0xCA0A, 0xAA0A, 0x6902, 0x6902, 0x6A02, 0xAA0A, 0xCB12, 0xEB12, 0x8A02, 0x890A, 0x0B13, 0x2B1B, 0xCA0A, 0xA90A, 0xEA12, 
    0x6A7B, 0x6B7B, 0x096B, 0x8B7B, 0x0E8C, 0x4A73, 0x909C, 0xA95A, 0x0B6B, 0x8C7B, 0xEA6A, 0x919C, 0x0B6B, 0xD6C5, 0xAA5A, 0xA541, 
    0xAA62, 0xEA6A, 0x4B6B, 0x2A6B, 0x4329, 0xA85A, 0xA85A, 0x4652, 0x4652, 0x3AF7, 0xF5CD, 0x0008, 0x4331, 0xA439, 0x474A, 0xC95A, 
    0x8439, 0x8339, 0x6010, 0xA018, 0x8008, 0x8010, 0x0000, 0x8010, 0xC641, 0x4C7B, 0xF2B4, 0xB6CD, 0x34BD, 0x17D6, 0x9DFF, 0x78DE, 
    0x17D6, 0x99DE, 0x17CE, 0x75BD, 0xB6C5, 0xB7C5, 0x76BD, 0xD7C5, 0x76BD, 0x56B5, 0xF4AC, 0xB2A4, 0x929C, 0x92A4, 0x919C, 0x719C, 
    0x1184, 0xD073, 0x6F6B, 0x4E5B, 0x4E5B, 0x6F5B, 0x905B, 0xD05B, 0xF163, 0x326C, 0x937C, 0x937C, 0x727C, 0x9284, 0xB38C, 0xB38C, 
    0xB38C, 0xB38C, 0xB384, 0x727C, 0x316C, 0xD15B, 0x904B, 0x9043, 0x703B, 0x4F3B, 0x4F3B, 0x903B, 0xB043, 0xD04B, 0xD04B, 0xD04B, 
    0xB043, 0x8F3B, 0xD043, 0x8F3B, 0x8F3B, 0xD04B, 0xB043, 0x1154, 0x7364, 0x936C, 0x9374, 0xB47C, 0xB484, 0x9484, 0x737C, 0x527C, 
    0x317C, 0x9384, 0xB38C, 0xB48C, 0xD58C, 0xB48C, 0xB484, 0xF58C, 0x9484, 0x9384, 0xB494, 0x159D, 0x35A5, 0x14A5, 0xF4A4, 0x14A5, 
    0x35AD, 0x97B5, 0xBCDE, 0xFCDE, 0x5ACE, 0x19C6, 0x97AD, 0x77AD, 0xF59C, 0xF59C, 0x159D, 0x369D, 0x36A5, 0xF59C, 0xD494, 0xB494, 
    0x36AD, 0x56AD, 0x77B5, 0x77B5, 0x77AD, 0x76AD, 0x77AD, 0x97AD, 0x76A5, 0x96A5, 0x76A5, 0x769D, 0x559D, 0x5595, 0x3595, 0x5595, 
    0x516C, 0x315C, 0x5164, 0x7164, 0xEF53, 0x8E43, 0x6D3B, 0x4D33, 0x0B23, 0x2C2B, 0x0C23, 0x6D2B, 0x4D23, 0xEB1A, 0x0B1B, 0xCB12, 
    0x0C13, 0x0C13, 0x0C13, 0xEC12, 0xCB0A, 0xCB0A, 0x0C13, 0x2D13, 0xEC0A, 0xCB0A, 0xEC0A, 0xEC0A, 0xAB02, 0xEC0A, 0x0C0B, 0xEC0A, 
    0xCD0A, 0xCE12, 0x8B02, 0x6A02, 0xEC0A, 0x0C13, 0xCB0A, 0xCB0A, 0x8B0A, 0x6B0A, 0x2A02, 0x0A02, 0x4B02, 0xAC12, 0x8C12, 0x2A02, 
    0x6C0A, 0x4C0A, 0xEA01, 0xE901, 0x4B0A, 0x8B0A, 0x8B0A, 0xAB12, 0x4902, 0xAA0A, 0xEB12, 0xEB12, 0xEB0A, 0xCB0A, 0xCB0A, 0xEB0A, 
    0xEB12, 0xEB12, 0xAA0A, 0x8A02, 0x6A02, 0x8A02, 0xAB0A, 0xEB12, 0xCB0A, 0x8A02, 0xAA0A, 0xEB12, 0x0B13, 0xCA0A, 0xA90A, 0xCA0A, 
    0xF1AC, 0x11B5, 0x8B7B, 0xD0A4, 0x0A6B, 0x94BD, 0x6339, 0xD1A4, 0x33B5, 0x4C73, 0x0B73, 0x4C73, 0x2F94, 0x6852, 0x695A, 0x8D83, 
    0x6439, 0xEE93, 0xF2AC, 0x0A73, 0xED8B, 0x6C7B, 0xA862, 0xED8B, 0xAC83, 0xEE8B, 0x6862, 0x0652, 0x2331, 0x8439, 0xA439, 0x264A, 
    0x6C7B, 0xE96A, 0xC120, 0x2008, 0xA018, 0x6331, 0x6431, 0x8439, 0x0752, 0x685A, 0x8541, 0xC649, 0x0752, 0x2752, 0xAD7B, 0x5094, 
    0xB1A4, 0x709C, 0xB1A4, 0xF3AC, 0x3094, 0x4D73, 0x0C6B, 0x4D73, 0x0D6B, 0xAF83, 0x7294, 0xB29C, 0x919C, 0x5194, 0x5094, 0x5194, 
    0xF07B, 0xB073, 0x6F6B, 0x6F63, 0x6F63, 0xB063, 0xD16B, 0x116C, 0x326C, 0x7374, 0x9384, 0x9384, 0x9384, 0xB38C, 0xD394, 0xD394, 
    0xD394, 0xD394, 0xD38C, 0xB384, 0x727C, 0x5274, 0x1264, 0x125C, 0xD153, 0xD153, 0xF153, 0x125C, 0x325C, 0x5264, 0x3264, 0x325C, 
    0x325C, 0xF153, 0x325C, 0xF14B, 0xD14B, 0x1154, 0xF053, 0x525C, 0x936C, 0x736C, 0x726C, 0x7374, 0x7374, 0x5274, 0x326C, 0x116C, 
    0x1274, 0x9484, 0xB484, 0x947C, 0xB47C, 0x937C, 0x526C, 0x5274, 0x116C, 0x3174, 0x938C, 0xF49C, 0xF49C, 0xD49C, 0xD4A4, 0x15AD, 
    0x35AD, 0x76B5, 0x9BDE, 0xDCDE, 0x9BD6, 0x7BCE, 0xB8B5, 0x56A5, 0xF59C, 0xF69C, 0x169D, 0x169D, 0xF69C, 0xB58C, 0x7484, 0x3384, 
    0x36A5, 0x56AD, 0x97B5, 0x97B5, 0x97B5, 0x97AD, 0x97AD, 0x97AD, 0x97AD, 0x97AD, 0xB7AD, 0x97AD, 0x96A5, 0x96A5, 0x96A5, 0xB7A5, 
    0x358D, 0x1485, 0x558D, 0x758D, 0xD37C, 0x516C, 0x305C, 0xEF53, 0xAE4B, 0xCF4B, 0x8E43, 0xCF43, 0xAE3B, 0x2C2B, 0x2C2B, 0xEB22, 
    0x0C1B, 0x0C13, 0x0C13, 0x0C13, 0xEC12, 0xEC0A, 0x0D13, 0x4D1B, 0x2D13, 0xEC0A, 0xEC0A, 0xEC0A, 0xEC02, 0x0C0B, 0x2D0B, 0xEC02, 
    0xED0A, 0x0E0B, 0xAC02, 0x8B02, 0xEC0A, 0x0C13, 0xCB0A, 0xAB0A, 0x8C0A, 0x6C0A, 0x2B02, 0xEB01, 0x2B0A, 0x8D12, 0x8C12, 0x2B0A, 
    0x6C0A, 0x4C0A, 0xEA01, 0xEA01, 0x4B0A, 0x6B0A, 0x4B02, 0x8B0A, 0x2902, 0x6A02, 0xCB0A, 0xEC12, 0xAB0A, 0xAB02, 0xCB0A, 0xCB0A, 
    0x0C13, 0xEB12, 0xAB0A, 0x8A02, 0x6A02, 0x8A02, 0xAB0A, 0xEC12, 0xAB0A, 0x8A02, 0xAB0A, 0xEB12, 0xEB12, 0xCA0A, 0xAA0A, 0xCA0A, 
    0xAC83, 0xD1AC, 0x4F9C, 0xD1AC, 0xCD8B, 0xED8B, 0xED8B, 0xED8B, 0xEA6A, 0xCD8B, 0x74BD, 0x2B73, 0x709C, 0xD2AC, 0x5094, 0x2F94, 
    0x53C5, 0x16DE, 0xC972, 0x8962, 0xF2AC, 0xEE8B, 0x33B5, 0x4F9C, 0x2331, 0xE228, 0x6862, 0xD1AC, 0x4F9C, 0x2E94, 0x0A73, 0x6B7B, 
    0xEE93, 0x50A4, 0xCD8B, 0x4B7B, 0x8C7B, 0xA85A, 0xA85A, 0x274A, 0xF6CD, 0x4F94, 0x064A, 0xC641, 0x4852, 0x6852, 0xEA5A, 0xA952, 
    0x4852, 0x0010, 0x8120, 0x485A, 0xE749, 0xC741, 0xEC6A, 0x6E7B, 0x6E7B, 0xEF83, 0x7194, 0x929C, 0x7194, 0x1084, 0x0F84, 0x1084, 
    0xD07B, 0xD073, 0xB06B, 0xB06B, 0xD06B, 0xF06B, 0xF16B, 0xF16B, 0x3174, 0x527C, 0x727C, 0x7284, 0x938C, 0xB394, 0xB394, 0xB394, 
    0xB294, 0xB294, 0xB394, 0xB28C, 0x9284, 0x727C, 0x7274, 0x7374, 0x326C, 0x526C, 0x526C, 0x526C, 0x736C, 0x726C, 0x526C, 0x526C, 
    0x5264, 0x125C, 0x5364, 0x115C, 0x115C, 0x325C, 0x115C, 0x5264, 0x5264, 0x3164, 0x115C, 0x1164, 0x1164, 0x1164, 0x1164, 0x1164, 
    0x336C, 0x747C, 0x7474, 0x336C, 0x526C, 0x3164, 0xF05B, 0x105C, 0xF05B, 0x316C, 0xB384, 0xF494, 0xF49C, 0xD4A4, 0xD5AC, 0x15B5, 
    0x36AD, 0x36AD, 0x1AC6, 0x5BCE, 0x7BD6, 0x9CD6, 0xF9BD, 0x57A5, 0x16A5, 0x17A5, 0x379D, 0x179D, 0xF694, 0xD594, 0x958C, 0x748C, 
    0x77AD, 0x97B5, 0xB8B5, 0xB8B5, 0x97B5, 0x77AD, 0x77AD, 0x97AD, 0x97AD, 0x97AD, 0xB7AD, 0xB7AD, 0x97AD, 0x97AD, 0xB7AD, 0xD7AD, 
    0xB6A5, 0x96A5, 0xF8AD, 0x18B6, 0x969D, 0x3595, 0x148D, 0xD37C, 0xB37C, 0xD37C, 0x726C, 0x926C, 0x5164, 0x8E4B, 0x8E4B, 0x4D3B, 
    0x4D2B, 0x4D23, 0x2D23, 0x2D1B, 0x0D1B, 0xEC12, 0x0C13, 0x4D1B, 0x2D13, 0xCB0A, 0xEC0A, 0x0D0B, 0x0C0B, 0x2D0B, 0x4D0B, 0x0C03, 
    0x0D03, 0x2D0B, 0xCC02, 0xAB02, 0x0C0B, 0x0D13, 0xCC0A, 0x8C02, 0x8D0A, 0x6D0A, 0x2C02, 0xEB01, 0x4C0A, 0x8D1A, 0x8C12, 0x2B0A, 
    0x6C0A, 0x2C02, 0xEB01, 0x0B02, 0x6C0A, 0x6B02, 0x4B02, 0x8C0A, 0x2902, 0x2A02, 0xCC0A, 0xED12, 0x8B02, 0x8B02, 0xCC0A, 0xAC0A, 
    0xEC12, 0xEC0A, 0xAB0A, 0x8A02, 0x6A02, 0x8B02, 0xAC0A, 0xEC0A, 0x8B02, 0xAB0A, 0xCC0A, 0xEC12, 0xEC12, 0xCB0A, 0xCB0A, 0xCA0A, 
    0x12AD, 0x675A, 0xED8B, 0x475A, 0x4B7B, 0x94C5, 0x8C83, 0xED8B, 0x53BD, 0x90A4, 0x4018, 0x6018, 0x6018, 0xCA62, 0xE649, 0x475A, 
    0x90AC, 0xA96A, 0x6449, 0xEE93, 0x2B7B, 0xAA6A, 0x8D83, 0x2010, 0x4018, 0xAA62, 0xA541, 0x2331, 0x709C, 0x2B7B, 0x4F9C, 0xA86A, 
    0xC972, 0xCA72, 0xEA72, 0x2B73, 0x8C7B, 0xA95A, 0xAD7B, 0x6C7B, 0xEE8B, 0x0A73, 0x5094, 0x74BD, 0x33AD, 0xD5BD, 0x94AD, 0x4B63, 
    0xAE83, 0x4431, 0x695A, 0x34B5, 0x75BD, 0x34B5, 0x96BD, 0x34AD, 0x75B5, 0xF3A4, 0x7194, 0x3084, 0x1084, 0x1084, 0x107C, 0x107C, 
    0xAF73, 0xD06B, 0xD073, 0xF073, 0x1174, 0xF173, 0xF06B, 0xD06B, 0xF073, 0x1174, 0x317C, 0x5284, 0x938C, 0xD494, 0xD39C, 0xB394, 
    0xD39C, 0xD29C, 0xB294, 0x928C, 0x7284, 0x527C, 0x727C, 0x737C, 0x526C, 0x7374, 0x7374, 0x526C, 0x526C, 0x526C, 0x316C, 0x3164, 
    0x1164, 0xF15B, 0x5264, 0x115C, 0x115C, 0x5264, 0x115C, 0x5264, 0x115C, 0x115C, 0xF053, 0xF053, 0x115C, 0x1164, 0x3164, 0x3264, 
    0x336C, 0x546C, 0x1364, 0xD15B, 0xF15B, 0xD053, 0xAF4B, 0xF053, 0x3164, 0x7274, 0xD484, 0x1595, 0xF59C, 0xF5A4, 0xF6AC, 0x16AD, 
    0x37AD, 0x16A5, 0xB9B5, 0xDABD, 0x3BC6, 0xBDD6, 0x1AC6, 0x78AD, 0xF69C, 0x169D, 0x37A5, 0x169D, 0xF69C, 0x179D, 0x179D, 0xF69C, 
    0x98B5, 0xB8B5, 0xB8B5, 0x97B5, 0x77AD, 0x56AD, 0x77AD, 0x77AD, 0x97AD, 0x97AD, 0x97AD, 0x77AD, 0x77AD, 0x97AD, 0xB8B5, 0xD8B5, 
    0xD7B5, 0xD7B5, 0x39C6, 0x79C6, 0x18B6, 0xB7AD, 0xB7AD, 0x96A5, 0x96A5, 0xB7A5, 0x5595, 0x7595, 0x148D, 0x7174, 0x5174, 0x105C, 
    0xCF4B, 0xAF3B, 0xAF33, 0xAF33, 0x6E2B, 0x0C1B, 0xEC1A, 0x0C1B, 0x0C1B, 0xCB0A, 0xCB0A, 0x0C13, 0xEC0A, 0x0C0B, 0x0D0B, 0xEC02, 
    0x2D03, 0x4D0B, 0xEC02, 0xCC02, 0x2D0B, 0x2D0B, 0xCD0A, 0xAD02, 0x8E0A, 0x6D0A, 0x2D02, 0x0C02, 0x4D0A, 0xAD1A, 0xAD12, 0x4B0A, 
    0x6D0A, 0x4C02, 0x0B02, 0x2B02, 0x8D0A, 0x6B02, 0x4B02, 0x8C02, 0x4A02, 0x2A02, 0xAC0A, 0xED12, 0x6B02, 0x8C02, 0xCD0A, 0x8B02, 
    0xEC0A, 0xCC0A, 0xAC0A, 0x8B02, 0x6B02, 0x8B02, 0xAC0A, 0xCC0A, 0x8B02, 0xAC0A, 0xED12, 0xEC12, 0xEC12, 0xEC0A, 0xCB0A, 0xAB0A, 
    0xB1A4, 0x4B73, 0xCD8B, 0x475A, 0x78DE, 0x2F9C, 0x6018, 0x8C83, 0xC96A, 0xD1AC, 0xAC83, 0xEA6A, 0xCD83, 0x6C73, 0x919C, 0x4B73, 
    0x0E94, 0xF2B4, 0x16DE, 0x33BD, 0x6D83, 0xAE8B, 0xAE8B, 0xEB6A, 0xF3AC, 0xCE83, 0xC641, 0x6852, 0xD1A4, 0x4B73, 0xD5CD, 0xEE8B, 
    0x70A4, 0xCE8B, 0xAD83, 0xD2A4, 0x2F8C, 0xA95A, 0x6C73, 0xEA62, 0x4F94, 0xCA62, 0x4C73, 0x5094, 0xD19C, 0xAD73, 0x4742, 0x6C6B, 
    0x17C6, 0x719C, 0x5194, 0x34B5, 0x14AD, 0xD3A4, 0xB3A4, 0x5194, 0x108C, 0xCF7B, 0xCF7B, 0x3084, 0x7284, 0x5184, 0xF073, 0xAF6B, 
    0xAF6B, 0xD06B, 0xF06B, 0x1174, 0x3174, 0x116C, 0xF06B, 0xAF63, 0xAF63, 0xF06B, 0x317C, 0x7284, 0x928C, 0xD394, 0xD394, 0xD394, 
    0xD394, 0xB294, 0x9284, 0x517C, 0x3174, 0x116C, 0x316C, 0x526C, 0x1164, 0x326C, 0x326C, 0x1164, 0x1164, 0x1164, 0x1164, 0xF063, 
    0xF15B, 0xF05B, 0x3264, 0x115C, 0x115C, 0x325C, 0xF153, 0x315C, 0xF153, 0xF153, 0xF153, 0x115C, 0x3264, 0x5264, 0x5264, 0x5264, 
    0x3364, 0x1264, 0xB153, 0x9053, 0xD053, 0x8F4B, 0xAF4B, 0x115C, 0x936C, 0xD47C, 0xF584, 0x168D, 0x1695, 0xF694, 0xD694, 0xD694, 
    0xD68C, 0x9584, 0x1795, 0x1795, 0x589D, 0xFAB5, 0x99AD, 0x379D, 0xF694, 0x379D, 0x37A5, 0x379D, 0x169D, 0x57A5, 0x78A5, 0x57A5, 
    0x98AD, 0x97B5, 0x97AD, 0x77AD, 0x36A5, 0x36A5, 0x57AD, 0x97AD, 0x77AD, 0x77AD, 0x57A5, 0x36A5, 0x56A5, 0x77AD, 0xB8B5, 0xD8BD, 
    0xF8BD, 0xD7BD, 0x39CE, 0x7ACE, 0x18C6, 0xF8BD, 0x18BE, 0x39BE, 0x38BE, 0x39BE, 0xF8B5, 0x18B6, 0xD7AD, 0x3595, 0x359D, 0x148D, 
    0xB374, 0x7264, 0x7264, 0x725C, 0x3154, 0xAF43, 0x6E3B, 0x8E3B, 0x8E33, 0x2D23, 0x0D1B, 0x2D1B, 0xEC12, 0xCB0A, 0xEC12, 0xEC0A, 
    0x2D0B, 0x4D0B, 0x0C03, 0xEC02, 0x4D0B, 0x4E13, 0xCD0A, 0xAD02, 0xAE0A, 0x8E02, 0x4D02, 0x2D02, 0x6D02, 0xCE12, 0xCD12, 0x6C02, 
    0x6D02, 0x4D02, 0x2C02, 0x4D02, 0xAD0A, 0x6C02, 0x4C02, 0xAD02, 0x6C02, 0x0A02, 0x8C02, 0xCD0A, 0x4C02, 0x6C02, 0xCE0A, 0x6C02, 
    0xCC0A, 0xCC0A, 0xAC0A, 0x8B02, 0x6B02, 0x6B02, 0x8C02, 0xAD0A, 0x6B02, 0xCD0A, 0x0D13, 0xED12, 0xED0A, 0xEC0A, 0xCC0A, 0xAB02, 
    0xCA62, 0xF6CD, 0x99DE, 0xB5C5, 0xEA6A, 0x2F94, 0x0A73, 0x12B5, 0x4C7B, 0xB1AC, 0x1BF7, 0x12AD, 0x58D6, 0x94BD, 0xB5BD, 0x54B5, 
    0x1AF7, 0xD5CD, 0x57DE, 0x37D6, 0x75C5, 0x8E83, 0x14AD, 0x108C, 0x6531, 0xE739, 0x139D, 0xB5B5, 0x9094, 0x9094, 0x4B73, 0xDAE6, 
    0x0742, 0x284A, 0x0B63, 0xD5B5, 0x0F7C, 0x4742, 0xCA5A, 0xEA5A, 0x0F8C, 0xA962, 0xB1A4, 0xB2A4, 0x2C6B, 0x8D73, 0x0F7C, 0x54A5, 
    0xD39C, 0x55B5, 0x34AD, 0xB39C, 0xD3A4, 0xB29C, 0x7194, 0x7194, 0x518C, 0x3084, 0x307C, 0x517C, 0x317C, 0x106C, 0xF06B, 0x106C, 
    0xCF63, 0xF063, 0x106C, 0x316C, 0x516C, 0x316C, 0xF063, 0xCF63, 0x8E5B, 0xF06B, 0x527C, 0x7284, 0x9284, 0xB38C, 0xD394, 0xF494, 
    0xB284, 0x927C, 0x5174, 0x106C, 0xD063, 0xD05B, 0xF163, 0x1164, 0xD053, 0xF15B, 0xF15B, 0xD053, 0xD053, 0x115C, 0x115C, 0xF05B, 
    0x115C, 0xF053, 0x5264, 0x315C, 0x1154, 0x1154, 0xD04B, 0xF153, 0xF153, 0xF153, 0x125C, 0x3264, 0x5364, 0x536C, 0x5264, 0x3264, 
    0x3364, 0xF253, 0x904B, 0x904B, 0xD053, 0x8F4B, 0x8F53, 0x3264, 0xF584, 0x1685, 0x1685, 0x1785, 0x1785, 0xD784, 0xB77C, 0x7674, 
    0xF45B, 0xD35B, 0x556C, 0x146C, 0x346C, 0xD684, 0xB684, 0x7484, 0x169D, 0x57A5, 0x77AD, 0x77A5, 0x57AD, 0x98AD, 0xB8B5, 0x98B5, 
    0x77AD, 0x77AD, 0x57AD, 0x36A5, 0x16A5, 0x36A5, 0x57AD, 0x98AD, 0x77AD, 0x57AD, 0x36AD, 0x36A5, 0x36A5, 0x77AD, 0xB8B5, 0xF9BD, 
    0xF8C5, 0xF7C5, 0x39CE, 0x7ACE, 0x18C6, 0x18C6, 0x59CE, 0x7ACE, 0x59C6, 0x59C6, 0x18BE, 0x59C6, 0x39BE, 0xD7AD, 0xD8B5, 0xB7AD, 
    0x7695, 0x558D, 0x358D, 0x558D, 0x1485, 0x926C, 0x5264, 0x7264, 0x725C, 0xF043, 0xAF3B, 0x8F33, 0x0D23, 0xCC1A, 0xEC1A, 0x0D1B, 
    0x0C0B, 0x4D0B, 0x0C03, 0xEC02, 0x4E13, 0x4E13, 0xED0A, 0xAD02, 0xAE0A, 0x8E02, 0x6E02, 0x4D02, 0x8D02, 0xEE0A, 0xED0A, 0x8C02, 
    0x6D02, 0x4D02, 0x2C02, 0x6D02, 0xAE0A, 0x6D02, 0x4C02, 0xAD0A, 0x8D02, 0x0B02, 0x8D02, 0xCE0A, 0x4C02, 0x6D02, 0xCE0A, 0x4C02, 
    0xAD0A, 0xAC0A, 0xAC02, 0x8C02, 0x6C02, 0x6C02, 0x8D02, 0xAD02, 0x6C02, 0xCD0A, 0xEE12, 0xED0A, 0xCD0A, 0xED0A, 0xCC0A, 0xAB02, 
    0x0B63, 0x7194, 0xF2A4, 0x13AD, 0x8539, 0x8541, 0x0B73, 0xAD83, 0x685A, 0x8C7B, 0xEA6A, 0x074A, 0x6952, 0xEE7B, 0x708C, 0x2B63, 
    0x74AD, 0xD19C, 0x94BD, 0xB6C5, 0xAE83, 0x3094, 0x929C, 0xF07B, 0x2C5B, 0xCA4A, 0xCA4A, 0x683A, 0x7084, 0xA94A, 0x0E7C, 0x54A5, 
    0x8942, 0xCF6B, 0xEB4A, 0xC621, 0xEA4A, 0x8842, 0x0B53, 0x4C6B, 0xF29C, 0x3094, 0x3094, 0xD3A4, 0x55B5, 0x34AD, 0x34A5, 0x55AD, 
    0x14A5, 0xF49C, 0xD39C, 0x9394, 0x9294, 0x728C, 0x518C, 0x518C, 0x518C, 0x107C, 0x1074, 0x3174, 0x316C, 0xD05B, 0xAF5B, 0xF05B, 
    0x6E4B, 0xF05B, 0x5164, 0x516C, 0x516C, 0x316C, 0xF063, 0x6E53, 0xCF63, 0x727C, 0x927C, 0x727C, 0xB384, 0xD38C, 0xB384, 0xB384, 
    0xB37C, 0x726C, 0x1164, 0xF05B, 0xD053, 0xB04B, 0xD04B, 0xF153, 0xB04B, 0xB04B, 0xD04B, 0xD14B, 0xF14B, 0xF153, 0xF153, 0xF14B, 
    0x3154, 0x1154, 0x1154, 0x3154, 0xF14B, 0xB043, 0x9043, 0xB14B, 0xF24B, 0x135C, 0x5464, 0x946C, 0x546C, 0x1264, 0xF25B, 0xF25B, 
    0x325C, 0x1154, 0xF153, 0xD053, 0xB053, 0xD05B, 0x1264, 0x3374, 0xB57C, 0xF784, 0x1885, 0xF87C, 0xB76C, 0x365C, 0xD443, 0x933B, 
    0x3133, 0x1133, 0x1033, 0x103B, 0x1043, 0x714B, 0x136C, 0x9484, 0x779D, 0x77A5, 0x77A5, 0x77AD, 0x97AD, 0x97B5, 0x97B5, 0x97B5, 
    0x97AD, 0x56A5, 0x169D, 0x169D, 0x36A5, 0x36A5, 0x57AD, 0x77AD, 0xB8B5, 0x77AD, 0x57AD, 0x77B5, 0x98B5, 0xB8BD, 0xD9BD, 0xF9C5, 
    0xF8BD, 0x18C6, 0x79CE, 0x9AD6, 0x59CE, 0x59CE, 0x9AD6, 0x9ACE, 0xBBD6, 0x9ACE, 0x9ACE, 0x39C6, 0x59C6, 0x79C6, 0x18BE, 0x7AC6, 
    0xB7AD, 0xB7AD, 0x96A5, 0x96A5, 0xD7A5, 0xF8AD, 0xB79D, 0x568D, 0xD47C, 0xB374, 0x7264, 0x8F43, 0xD04B, 0x4E33, 0x0D2B, 0xCC1A, 
    0xEC12, 0xCC0A, 0x0D13, 0x2D13, 0x0D13, 0x0D13, 0x0E13, 0xAD0A, 0x8D02, 0xEF0A, 0x6E02, 0xAE02, 0xCE02, 0xED02, 0x4E0B, 0xAC02, 
    0x6D02, 0x2C02, 0x4D02, 0x6D02, 0x8D02, 0x8D02, 0x6C02, 0x8D02, 0x6C02, 0x6C02, 0xAD02, 0xAE0A, 0x6C02, 0x4C02, 0x8D02, 0x8D02, 
    0x8D02, 0xCD0A, 0xAD02, 0x6C02, 0x6C02, 0x6C02, 0x6C02, 0xCE0A, 0x6C02, 0x8C02, 0xCD0A, 0xCD0A, 0xCD0A, 0xED0A, 0xED0A, 0x8B02, 
    0x0321, 0x8952, 0x4C6B, 0xEF83, 0x308C, 0xCE83, 0xCE8B, 0x509C, 0xCE83, 0xCE83, 0x4C73, 0x0B63, 0xA94A, 0xE731, 0xC629, 0x6419, 
    0x8C63, 0x4B5B, 0x4842, 0xAE7B, 0x0C63, 0xEC62, 0x6E6B, 0x6521, 0x693A, 0x8932, 0x692A, 0xC611, 0x0722, 0xE621, 0x483A, 0x2C53, 
    0xF063, 0xAE53, 0x692A, 0x0301, 0x2409, 0xE721, 0x2C53, 0x483A, 0x2C63, 0x308C, 0xF4A4, 0xD4A4, 0x939C, 0xF4A4, 0x15A5, 0xD49C, 
    0xF594, 0xB48C, 0x738C, 0x5284, 0x5284, 0x5284, 0x5284, 0x5184, 0x7284, 0x117C, 0xF06B, 0xF06B, 0xF063, 0xD053, 0xB04B, 0xF053, 
    0x8E43, 0xD04B, 0x315C, 0x7264, 0x5264, 0x1164, 0xCF5B, 0x8E53, 0x1064, 0xB37C, 0xB37C, 0x937C, 0xD384, 0xF484, 0x937C, 0x9274, 
    0x5264, 0x315C, 0xF153, 0xF04B, 0xB043, 0x9043, 0x903B, 0xB043, 0xB043, 0xB03B, 0xB03B, 0xD043, 0xD143, 0xF143, 0x124C, 0x124C, 
    0x7254, 0x314C, 0xF143, 0xD043, 0xB03B, 0x903B, 0xD143, 0xF24B, 0x545C, 0x345C, 0x345C, 0x3464, 0x3464, 0x3464, 0x1364, 0x135C, 
    0x3254, 0x525C, 0x525C, 0x325C, 0xD15B, 0xD15B, 0x3474, 0xB684, 0xD784, 0xB77C, 0x766C, 0xF553, 0x933B, 0x322B, 0xF11A, 0xD112, 
    0x9012, 0xD022, 0x112B, 0x1033, 0x103B, 0x9153, 0x9474, 0x3795, 0xB8A5, 0xB7AD, 0xB7AD, 0xB7B5, 0xB7B5, 0xD7B5, 0xD7BD, 0xD7BD, 
    0x97B5, 0x56A5, 0x16A5, 0x36A5, 0x77AD, 0x97AD, 0x98B5, 0xB8B5, 0xF9BD, 0xB8B5, 0x98B5, 0xD8BD, 0xFAC5, 0x3AC6, 0x3ACE, 0x5ACE, 
    0x39C6, 0x18C6, 0x79CE, 0x9AD6, 0x79CE, 0x7ACE, 0xBAD6, 0x9ACE, 0x7ACE, 0x9ACE, 0xBBD6, 0x59C6, 0x7AC6, 0x7ACE, 0x18BE, 0x7ACE, 
    0x18C6, 0xF8BD, 0xD8BD, 0x18BE, 0x5AC6, 0x7AC6, 0x39B6, 0xD8AD, 0xB79D, 0x9795, 0x3685, 0x5264, 0x736C, 0xD153, 0x904B, 0x4E33, 
    0xED1A, 0xED1A, 0x2E1B, 0x6E23, 0x2D23, 0x2D1B, 0x0D1B, 0xAD0A, 0xAE0A, 0x1013, 0xAE02, 0xCE02, 0xEE02, 0x0E03, 0x6E03, 0xCC02, 
    0xAE02, 0x8E02, 0x6D02, 0x6D02, 0x8E0A, 0xAD0A, 0x8D02, 0xEE12, 0xAD0A, 0x8D02, 0xAE0A, 0xCE0A, 0x8D02, 0x6D02, 0xAE02, 0x8D02, 
    0x8D02, 0xCD0A, 0xAD0A, 0x8C02, 0x8C02, 0x4C02, 0x6C02, 0xAE0A, 0x6C02, 0x6C02, 0xAD0A, 0xCE0A, 0xAD0A, 0xED0A, 0xED0A, 0x8B02, 
    0x8629, 0xA629, 0xEF7B, 0x14A5, 0x59CE, 0xD7C5, 0xB6C5, 0xF2A4, 0xF3A4, 0x9194, 0x5084, 0x918C, 0x8E63, 0xC721, 0x8511, 0xA619, 
    0xE619, 0x682A, 0x0732, 0x0F74, 0x5184, 0x728C, 0x149D, 0x517C, 0x082A, 0xA611, 0xCA2A, 0x8922, 0x481A, 0x6922, 0x4922, 0x6A2A, 
    0xCC2A, 0x8A1A, 0x2912, 0xA701, 0xA609, 0xC711, 0x492A, 0x6519, 0xEC52, 0x728C, 0x56B5, 0xF5A4, 0x7394, 0xB49C, 0xD59C, 0x948C, 
    0x747C, 0x547C, 0x3374, 0x1274, 0x327C, 0x5284, 0x7384, 0x938C, 0x7284, 0x1174, 0xD063, 0xD05B, 0xB053, 0x8F43, 0xB043, 0xF14B, 
    0xAF3B, 0xAF43, 0x1154, 0x7264, 0x7264, 0xF05B, 0x8F53, 0x8F53, 0x526C, 0xD47C, 0xD47C, 0xB37C, 0xF47C, 0xD47C, 0x726C, 0x3164, 
    0xF14B, 0xD143, 0xD043, 0xD043, 0xB03B, 0x7033, 0x6F33, 0x9033, 0xB03B, 0xB03B, 0xB13B, 0xD13B, 0xF243, 0x1244, 0x534C, 0x534C, 
    0x524C, 0x1144, 0xB033, 0x9033, 0x9033, 0xB23B, 0xF343, 0x354C, 0x5654, 0xF44B, 0x9343, 0xB34B, 0xF453, 0x145C, 0x1464, 0x345C, 
    0x525C, 0x925C, 0x9364, 0x7364, 0x3364, 0x346C, 0x7674, 0xD87C, 0x1564, 0xD453, 0x533B, 0xF12A, 0xB112, 0x900A, 0x9002, 0x9002, 
    0x6F0A, 0x1123, 0x733B, 0x723B, 0x7143, 0x135C, 0x378D, 0xD9A5, 0xF8AD, 0xD8AD, 0xD7B5, 0xD7B5, 0xD7BD, 0xD7BD, 0xF7BD, 0x18BE, 
    0xD8B5, 0x97AD, 0x56A5, 0x97AD, 0xD8B5, 0xF9BD, 0xF9BD, 0x19BE, 0x3AC6, 0xF9BD, 0xF9BD, 0x3AC6, 0x9BD6, 0xBCD6, 0xBCD6, 0xDCDE, 
    0x9ACE, 0x79C6, 0x7ACE, 0xBACE, 0xBACE, 0xDBD6, 0xDBD6, 0x9ACE, 0x7ACE, 0xBBCE, 0xFCDE, 0xBBD6, 0xBBCE, 0xBBCE, 0x59C6, 0xBBD6, 
    0x39CE, 0x19C6, 0x19C6, 0x5ACE, 0xBCD6, 0xBCD6, 0x7BC6, 0x3AB6, 0x1AB6, 0x1AAE, 0xD99D, 0x1685, 0x3785, 0x746C, 0x3364, 0xF253, 
    0x703B, 0x9033, 0xF143, 0x524C, 0x314C, 0xD03B, 0x6F2B, 0xCD1A, 0xCD12, 0x0F1B, 0xCE0A, 0xCE02, 0x0E03, 0x2E03, 0x6E03, 0xED02, 
    0x6D02, 0xAE0A, 0x6D02, 0x4D02, 0xAE0A, 0x8D0A, 0x6D02, 0xEE12, 0xCE0A, 0x8D02, 0xAD0A, 0xCE0A, 0x8D02, 0x8D02, 0x8E02, 0x8D02, 
    0x6D02, 0xCD0A, 0xAD02, 0x8D02, 0x8D02, 0x6D02, 0x6C02, 0xAE02, 0x6D02, 0x6C02, 0xAD02, 0xCD0A, 0xCD02, 0xED0A, 0xED0A, 0xAC02, 
    0xC729, 0xE831, 0xF49C, 0x34A5, 0x76AD, 0x34AD, 0x34AD, 0x7194, 0xF3A4, 0xD39C, 0x7284, 0x927C, 0xAF5B, 0x492A, 0x2922, 0x491A, 
    0x0712, 0x481A, 0x4D4B, 0x517C, 0x928C, 0xF49C, 0xD494, 0xBBC6, 0x558D, 0x8922, 0x8E3B, 0xCA1A, 0xCB22, 0x2912, 0xCC22, 0x4E33, 
    0x4B12, 0x4A0A, 0xC801, 0xE801, 0x6A12, 0xA701, 0x081A, 0x8F53, 0x9384, 0xB48C, 0xF59C, 0xF69C, 0xB594, 0x748C, 0x3484, 0x547C, 
    0x1364, 0xF363, 0xF263, 0xF263, 0x1274, 0x737C, 0x9484, 0xB48C, 0x737C, 0x116C, 0xD05B, 0xB04B, 0x8F43, 0x8F3B, 0xB03B, 0xD143, 
    0xB03B, 0xB043, 0xF14B, 0x9364, 0x7364, 0xD053, 0x8F4B, 0xB053, 0x9374, 0xF47C, 0xF47C, 0xB474, 0xD47C, 0x936C, 0x115C, 0xF153, 
    0xF14B, 0xD13B, 0xD13B, 0xD13B, 0xB13B, 0x9033, 0x9033, 0xB13B, 0xB13B, 0xD13B, 0x1244, 0x3344, 0x534C, 0x534C, 0x544C, 0x744C, 
    0xD13B, 0xB033, 0x9033, 0xB133, 0xD23B, 0xF443, 0x1544, 0x354C, 0xB43B, 0x5233, 0xF12A, 0xF12A, 0x523B, 0xB343, 0xF453, 0x345C, 
    0x9464, 0x9364, 0x7364, 0x7464, 0x966C, 0xB774, 0x566C, 0x165C, 0x123B, 0xD22A, 0x911A, 0x9112, 0x910A, 0x910A, 0xB102, 0xD10A, 
    0x1123, 0xD443, 0x5654, 0x3454, 0x345C, 0xD67C, 0xB89D, 0x19AE, 0xF8B5, 0xD8B5, 0xD7B5, 0xD7B5, 0xD7BD, 0xF7BD, 0x18C6, 0x38C6, 
    0x19BE, 0xD8B5, 0xB8AD, 0xF8B5, 0x3AC6, 0x5AC6, 0x5AC6, 0x5AC6, 0x9BCE, 0x5AC6, 0x5AC6, 0xBCD6, 0x1DDF, 0x3EE7, 0x3EE7, 0x3DE7, 
    0x1CDF, 0xBBCE, 0xBACE, 0xFBD6, 0xFCD6, 0x3DDF, 0x1DDF, 0xBBCE, 0x9ACE, 0xDBD6, 0x3DE7, 0x1DDF, 0x1DDF, 0xFCD6, 0x9BCE, 0xFCDE, 
    0x5ACE, 0x3ACE, 0x3ACE, 0x7BD6, 0x9CD6, 0x5BC6, 0x1ABE, 0xFAB5, 0xB9A5, 0xB99D, 0xB99D, 0x1785, 0x588D, 0xB674, 0x756C, 0x5564, 
    0xF353, 0x545C, 0x1775, 0xB885, 0x9785, 0x156D, 0x3254, 0x4E33, 0x0E23, 0x0E23, 0xCE12, 0xCE12, 0x0E0B, 0x2E0B, 0x2E0B, 0xCD02, 
    0x2C02, 0xAE12, 0x6D02, 0xAE0A, 0x0F1B, 0xAD0A, 0x6D02, 0xEE12, 0xEE12, 0x8D02, 0xAD02, 0xCE0A, 0xAE02, 0x8D02, 0x8E02, 0x8D02, 
    0x6C02, 0xCE0A, 0xCE0A, 0xAD02, 0xAE02, 0x6D02, 0x4D02, 0xAE02, 0x6D02, 0x4C02, 0x8D02, 0xCE0A, 0xCD02, 0xED0A, 0xEE0A, 0xAC02, 
    0x2932, 0x9284, 0x5AC6, 0x76A5, 0x96AD, 0x97B5, 0x14A5, 0xF7BD, 0x35A5, 0x149D, 0x727C, 0x516C, 0x6E4B, 0x2A1A, 0x0912, 0x0802, 
    0x0D23, 0x8A1A, 0xEC32, 0xF063, 0x7384, 0xB494, 0x317C, 0xDBC6, 0xBBBE, 0x0B33, 0x2C2B, 0xAA12, 0xCB12, 0x2A02, 0x8C12, 0x0E23, 
    0x0E1B, 0x8D12, 0x0A02, 0x2A02, 0x6B0A, 0x4A12, 0x2E3B, 0x778D, 0x7795, 0xB584, 0x7484, 0xB58C, 0x958C, 0x3474, 0xF363, 0xF363, 
    0xD353, 0xB353, 0xB353, 0xD35B, 0x136C, 0x5474, 0x947C, 0xB47C, 0x7374, 0x326C, 0xD053, 0xB04B, 0x903B, 0x9033, 0x9033, 0xB133, 
    0xD143, 0xB143, 0x1254, 0x9464, 0x7364, 0xD153, 0xB053, 0x1264, 0xB47C, 0xF584, 0xD57C, 0xB474, 0xB474, 0x5364, 0xD153, 0xB043, 
    0xF24B, 0xD143, 0xD13B, 0xD13B, 0xD13B, 0xB13B, 0xD13B, 0xF243, 0xF243, 0x334C, 0x7454, 0x9454, 0x7454, 0x334C, 0x1344, 0xF243, 
    0x502B, 0x9133, 0xD23B, 0x1344, 0x1444, 0x1544, 0xD43B, 0x9433, 0x1223, 0xD11A, 0x9112, 0x9012, 0xD11A, 0x122B, 0x7333, 0xD443, 
    0x9564, 0x9464, 0x7564, 0x7564, 0x765C, 0x3654, 0xB443, 0x122B, 0xB21A, 0x9112, 0x500A, 0x7012, 0x9012, 0x9012, 0xB112, 0xF11A, 
    0xB343, 0x7664, 0xF774, 0xF77C, 0xF684, 0x789D, 0xD9AD, 0xF9B5, 0xF8B5, 0xF8B5, 0xD7B5, 0xD8BD, 0xF8BD, 0x39C6, 0x5AC6, 0x7ACE, 
    0x9BCE, 0x5AC6, 0x39BE, 0x5AC6, 0x9BCE, 0xBBCE, 0x9BCE, 0x9BCE, 0xFCD6, 0xBBD6, 0xBBD6, 0x1DDF, 0x7EE7, 0x9FEF, 0x9FEF, 0x9EE7, 
    0x9EE7, 0x1CD7, 0xFCD6, 0x3DDF, 0x5DDF, 0x7EE7, 0x5EE7, 0xFCD6, 0xDBCE, 0xFCD6, 0x5EE7, 0x3DDF, 0x3EDF, 0x3EDF, 0xBCD6, 0x1DDF, 
    0xDDDE, 0x9CD6, 0x7CCE, 0x7CCE, 0x3BBE, 0x99A5, 0x589D, 0x789D, 0xD784, 0xF784, 0xF884, 0x9674, 0x187D, 0x7664, 0x7664, 0x555C, 
    0x355C, 0xB674, 0xDA95, 0xDDB6, 0xBCB6, 0x399E, 0x157D, 0x115C, 0xB04B, 0x6F3B, 0x4F33, 0x2F2B, 0x702B, 0x7023, 0x0E1B, 0xAD0A, 
    0xAD12, 0xCF1A, 0x8D0A, 0x0F23, 0x702B, 0xAD0A, 0xAD0A, 0x0F1B, 0x0F13, 0x8D02, 0xAD02, 0xEE0A, 0xCE0A, 0xAD02, 0xAE02, 0xAE02, 
    0x8D02, 0xCE0A, 0xCE0A, 0xAE02, 0xAE02, 0x8D02, 0x6D02, 0xAE02, 0x6D02, 0x4C02, 0x8D02, 0xCE0A, 0xCD02, 0xED0A, 0xEE0A, 0xCD02, 
    0x4A32, 0x158D, 0x5ABE, 0xB7AD, 0xF49C, 0xB7AD, 0x55A5, 0xB7B5, 0x559D, 0xD48C, 0x7274, 0xB374, 0xF153, 0x6B1A, 0x0A02, 0x2A02, 
    0x2D1B, 0xED1A, 0x2A1A, 0x1264, 0x369D, 0x159D, 0x56A5, 0x1DD7, 0x558D, 0x4D33, 0xAA12, 0xEC12, 0xAC0A, 0x2E1B, 0x8D0A, 0xCE12, 
    0x0F1B, 0x0C02, 0x6D0A, 0xAD12, 0x0A02, 0x6F33, 0x735C, 0xD56C, 0xD67C, 0xB57C, 0x957C, 0x557C, 0x5574, 0x346C, 0xF35B, 0xB34B, 
    0x9343, 0x7343, 0x7343, 0x934B, 0xD35B, 0x1364, 0x536C, 0x7374, 0x7374, 0x5264, 0xF153, 0xB043, 0x903B, 0x9033, 0xB12B, 0x912B, 
    0xF243, 0xD243, 0x1354, 0x9464, 0x746C, 0xF25B, 0xF263, 0x536C, 0xB57C, 0xF684, 0xD57C, 0x9474, 0x746C, 0x125C, 0xB14B, 0xB14B, 
    0x124C, 0xF243, 0xD243, 0xF243, 0xF243, 0xF243, 0x124C, 0x334C, 0x5354, 0x7454, 0x955C, 0x7454, 0x334C, 0xD243, 0x913B, 0x913B, 
    0x5033, 0xB23B, 0x144C, 0x354C, 0xF543, 0x9433, 0x3323, 0xD212, 0xB112, 0x910A, 0x910A, 0x910A, 0x910A, 0xB112, 0x121B, 0x732B, 
    0x555C, 0x756C, 0x9664, 0x1554, 0x943B, 0x332B, 0xD212, 0x910A, 0xB20A, 0x7102, 0x5002, 0x900A, 0x9112, 0xB11A, 0x122B, 0x9343, 
    0x3464, 0xB67C, 0x388D, 0x789D, 0x98A5, 0xD9AD, 0xF9B5, 0xF8BD, 0x19BE, 0x19C6, 0x19BE, 0x39C6, 0x5AC6, 0x9BCE, 0xDCD6, 0x1DD7, 
    0x1DDF, 0xDCD6, 0xBBD6, 0xDCD6, 0xFCD6, 0xFCD6, 0xFCD6, 0xFCD6, 0x5EE7, 0x3DDF, 0x3DDF, 0x7EE7, 0xBFEF, 0xBFEF, 0xBFEF, 0xBFEF, 
    0xBFEF, 0x5EDF, 0x5EDF, 0x7EE7, 0x7EE7, 0x9FEF, 0x7FE7, 0x1DDF, 0x1DDF, 0xFDD6, 0x1DDF, 0xFDD6, 0x5EE7, 0x7FEF, 0xFDDE, 0x3EE7, 
    0x1EDF, 0x9DC6, 0x3BBE, 0x1BB6, 0x789D, 0x757C, 0x346C, 0x756C, 0xF45B, 0xF45B, 0x155C, 0xD453, 0x565C, 0xB44B, 0xB443, 0xB44B, 
    0xD55B, 0x7674, 0xDB9D, 0x1FC7, 0x7FD7, 0x1DCF, 0x39AE, 0x358D, 0xB37C, 0x3264, 0x3264, 0x125C, 0x335C, 0x3354, 0x4F33, 0xEE22, 
    0x502B, 0xEF1A, 0x6D0A, 0x9133, 0x9133, 0x8C0A, 0xEE12, 0x2F1B, 0x0E13, 0xAD02, 0xAD0A, 0xEE12, 0xAD02, 0x8D02, 0xAE02, 0xCE02, 
    0x8D02, 0xEE0A, 0xEE0A, 0xCE02, 0xCE0A, 0x8E02, 0x8D02, 0xCE0A, 0x8D02, 0x4C02, 0x8D02, 0xEE0A, 0xCE0A, 0xCE0A, 0xEE0A, 0xCD02, 
    0x6E53, 0x158D, 0xF9AD, 0xF8AD, 0xB38C, 0x359D, 0x76AD, 0xB38C, 0x527C, 0x3174, 0xF163, 0x936C, 0xF14B, 0x8C12, 0x4B02, 0x6B02, 
    0xCD0A, 0xED1A, 0x6C1A, 0x1264, 0x3695, 0x56A5, 0xF59C, 0xD8AD, 0x9695, 0xD36C, 0x0C1B, 0xAB0A, 0x8B02, 0x0E13, 0xAD02, 0x301B, 
    0x301B, 0x0C02, 0x4D02, 0x2C02, 0x6901, 0x702B, 0x5354, 0x535C, 0x746C, 0xB674, 0x967C, 0x346C, 0x145C, 0x145C, 0xD34B, 0x523B, 
    0xF12A, 0xF22A, 0xF12A, 0x113B, 0x724B, 0xD25B, 0x3364, 0x746C, 0x7474, 0x5364, 0xF153, 0xB043, 0x9033, 0x902B, 0xB12B, 0x912B, 
    0xF343, 0xF34B, 0x345C, 0x756C, 0x546C, 0x1364, 0x336C, 0x7474, 0x957C, 0xD684, 0xB57C, 0x7474, 0x5464, 0xF253, 0xB14B, 0xF253, 
    0x124C, 0xF24B, 0xF24B, 0x134C, 0x1354, 0x3354, 0x3354, 0x545C, 0x745C, 0x545C, 0x535C, 0xF24B, 0xB143, 0x913B, 0x913B, 0x9143, 
    0x9243, 0xD44B, 0xF44B, 0xB43B, 0x532B, 0xF222, 0xB112, 0x710A, 0x920A, 0x920A, 0xB20A, 0xB202, 0xB102, 0xB102, 0x120B, 0x3323, 
    0xF553, 0x1564, 0xF553, 0x5333, 0xD11A, 0xD20A, 0xB202, 0xB202, 0xB202, 0x9102, 0xB10A, 0xF21A, 0x322B, 0x5343, 0xF55B, 0x9774, 
    0xD68C, 0x379D, 0xB8AD, 0xF9B5, 0xF9BD, 0xD8BD, 0xF8BD, 0xF8BD, 0x39C6, 0x39C6, 0x5ACE, 0x7BCE, 0xBCD6, 0x1ED7, 0x5FDF, 0x7FE7, 
    0x7FE7, 0x5DE7, 0x3DE7, 0x5DE7, 0x3DE7, 0x3DDF, 0x5DDF, 0x7EE7, 0x9EE7, 0x7EE7, 0x7EE7, 0x9EEF, 0xBFEF, 0x9EE7, 0x9EE7, 0xBFEF, 
    0xBFEF, 0x9FE7, 0x9FE7, 0xBFEF, 0x9FE7, 0x9FE7, 0x7FE7, 0x3EDF, 0xFDD6, 0x9BCE, 0x7BC6, 0x5BC6, 0xFEDE, 0x7FEF, 0xFDDE, 0x1EDF, 
    0xBDC6, 0xFAA5, 0x5895, 0x188D, 0x967C, 0xB253, 0x5143, 0x724B, 0x113B, 0x113B, 0x523B, 0x122B, 0x943B, 0xF22A, 0xF222, 0x122B, 
    0x3243, 0x935B, 0x188D, 0x9DBE, 0x7FD7, 0x9EDF, 0x1CD7, 0x59BE, 0x769D, 0xD484, 0xF584, 0xD684, 0x378D, 0x3885, 0xF35B, 0x7143, 
    0x134C, 0x3023, 0xEF22, 0xD65C, 0x9554, 0x2F23, 0xD133, 0xB12B, 0x4F23, 0xED12, 0xEE12, 0x2F1B, 0xCE0A, 0x8C02, 0xAD02, 0xEE0A, 
    0xAD02, 0x0F0B, 0xEF0A, 0xCE02, 0xCE02, 0xAE02, 0xAE02, 0xEF0A, 0xAE02, 0x6D02, 0xAD02, 0xEE0A, 0xEE02, 0xEE02, 0xEE0A, 0xED02, 
    0xD05B, 0x19A6, 0x989D, 0x1695, 0x569D, 0xB48C, 0x7384, 0x527C, 0x1174, 0x5374, 0x3264, 0x535C, 0xB13B, 0xAD12, 0x8C0A, 0x4C02, 
    0x2F1B, 0xAD12, 0x4F33, 0xF25B, 0x789D, 0xDDD6, 0x948C, 0xF58C, 0x1485, 0xD474, 0xAF3B, 0xCC12, 0x9023, 0x8D02, 0x8D02, 0x311B, 
    0xCF12, 0x8E0A, 0x6D02, 0x6D0A, 0x0B02, 0xEE22, 0x8D22, 0xD24B, 0xB66C, 0x756C, 0x3564, 0xF45B, 0xF453, 0xB343, 0x5233, 0xF122, 
    0x9012, 0x7012, 0x701A, 0xB022, 0x313B, 0xB253, 0x3464, 0x9474, 0x946C, 0x5364, 0xF14B, 0x903B, 0x702B, 0x902B, 0xB123, 0x912B, 
    0xF34B, 0xF353, 0x345C, 0x5464, 0x346C, 0x136C, 0x5474, 0x957C, 0x957C, 0xD684, 0xB57C, 0x7474, 0x3364, 0xD253, 0xB253, 0x135C, 
    0xF253, 0xF253, 0x1354, 0x545C, 0x545C, 0x545C, 0x545C, 0x745C, 0x545C, 0x3454, 0xF34B, 0xB143, 0x703B, 0x713B, 0xB243, 0x144C, 
    0xD443, 0xF54B, 0xD543, 0x332B, 0xB11A, 0x7112, 0x710A, 0x710A, 0x920A, 0x9202, 0x9202, 0xB202, 0xB202, 0xD202, 0x130B, 0x331B, 
    0xF54B, 0xB44B, 0x3333, 0x9112, 0x9102, 0xD302, 0xF302, 0xD202, 0xD202, 0xD20A, 0x3223, 0xB43B, 0xD453, 0xF463, 0x767C, 0x1895, 
    0x98AD, 0xD9B5, 0x3AC6, 0x5BCE, 0x3AC6, 0xD8B5, 0xD8B5, 0xF9BD, 0x3AC6, 0x5BC6, 0x7CC6, 0xBCCE, 0xFED6, 0x5FDF, 0x9FE7, 0xBFEF, 
    0xBFEF, 0x9EEF, 0x9EEF, 0x9EEF, 0x7EEF, 0x5DE7, 0x7EEF, 0xBFF7, 0x9EEF, 0x7EEF, 0x9FEF, 0x9FEF, 0x7EE7, 0x5EE7, 0x7EE7, 0x9FE7, 
    0xBFEF, 0x9FE7, 0xDFEF, 0xDFEF, 0x9FE7, 0x7FE7, 0x9FE7, 0x5FDF, 0x7BBE, 0xD9AD, 0x98A5, 0x99A5, 0x7CC6, 0x1ED7, 0x9DC6, 0xBDC6, 
    0x5CAE, 0x5985, 0x766C, 0x7664, 0x155C, 0x7243, 0xF132, 0x3133, 0xD122, 0xD122, 0xF222, 0xB11A, 0x332B, 0xB112, 0xB212, 0xD222, 
    0x7022, 0xD13A, 0x3664, 0xDBA5, 0xFEC6, 0x7FDF, 0x7EE7, 0xFCD6, 0xB7AD, 0xF594, 0x379D, 0x589D, 0xDAAD, 0xFBAD, 0x767C, 0x1364, 
    0xD66C, 0xB243, 0xF24B, 0x7C9E, 0x1A8E, 0x5354, 0xF564, 0x7354, 0xB13B, 0x4F2B, 0x502B, 0x912B, 0x0F1B, 0xAD0A, 0xEE12, 0x2F1B, 
    0xAE0A, 0x0F13, 0xEF0A, 0xCE0A, 0xCE02, 0xCE02, 0xAE02, 0x0F0B, 0xCE02, 0x6D02, 0xAD02, 0xEE0A, 0xEE02, 0xED02, 0x0E03, 0xED02, 
    0xD153, 0xD574, 0x167D, 0xB474, 0x7474, 0x7374, 0x3374, 0x136C, 0x536C, 0x1264, 0xD253, 0x745C, 0xB13B, 0xEF22, 0x6D0A, 0xCE12, 
    0x544C, 0x6D12, 0xEF2A, 0xB56C, 0xDA9D, 0xFAAD, 0x579D, 0xF68C, 0xF584, 0x3685, 0x0E3B, 0xAD22, 0xEF22, 0x2C02, 0xEF12, 0x353C, 
    0x9544, 0xAE0A, 0x4D02, 0xCF1A, 0xCA01, 0xB243, 0x7143, 0x355C, 0xF874, 0x976C, 0x565C, 0xF44B, 0x5233, 0x3223, 0x3223, 0xF212, 
    0x910A, 0x710A, 0x9112, 0x8F1A, 0x8F22, 0x5143, 0x5464, 0x9574, 0xB574, 0x7364, 0x1254, 0xB13B, 0x9033, 0x902B, 0xB123, 0x912B, 
    0xF34B, 0x545C, 0x7564, 0x3464, 0x3464, 0x7474, 0x957C, 0x747C, 0x957C, 0xB584, 0xB584, 0x957C, 0x7474, 0x346C, 0x3364, 0x3364, 
    0x336C, 0x546C, 0x546C, 0x5464, 0x7564, 0x9564, 0x955C, 0x7554, 0x1444, 0x9133, 0x512B, 0x5133, 0x723B, 0xF34B, 0x3554, 0xF44B, 
    0xB53B, 0x752B, 0x131B, 0xB212, 0x920A, 0x920A, 0x720A, 0x9202, 0x9202, 0xB30A, 0xB30A, 0x7202, 0x9102, 0xF30A, 0x741B, 0x952B, 
    0x9433, 0xF222, 0xB112, 0x9202, 0x9302, 0xB302, 0xD402, 0x9102, 0x7002, 0x122B, 0xD34B, 0xF35B, 0x747C, 0x747C, 0xB9AD, 0xFAB5, 
    0xBBD6, 0x9BD6, 0x1DDF, 0x3EDF, 0x7BBE, 0xB9A5, 0x999D, 0xBA9D, 0x1CAE, 0xFBA5, 0x1BAE, 0x7DBE, 0xBDCE, 0xDDD6, 0xFEDE, 0x7FEF, 
    0x9EEF, 0xDEEF, 0xBEEF, 0xBEEF, 0xBEF7, 0x9EF7, 0x7DEF, 0x9FF7, 0x9EF7, 0x5EEF, 0x1DE7, 0xFDDE, 0x1EDF, 0x1EDF, 0xFED6, 0xBDCE, 
    0xDCCE, 0x7EE7, 0xDFEF, 0x7FE7, 0x5FE7, 0xBFEF, 0x7FE7, 0xDEC6, 0x9995, 0x9574, 0xD253, 0xF35B, 0x798D, 0x5DAE, 0x7A95, 0x1885, 
    0xF974, 0xD443, 0x733B, 0xD543, 0xB43B, 0x532B, 0x3223, 0x3323, 0xD112, 0xF212, 0x131B, 0xF312, 0xD312, 0xB20A, 0xB30A, 0xB20A, 
    0x9212, 0x3433, 0xF22A, 0x7764, 0x1FC7, 0xBFDF, 0x3FD7, 0xFED6, 0xD9B5, 0x169D, 0x78AD, 0x99AD, 0xFBBD, 0x5DC6, 0x399D, 0x967C, 
    0xF77C, 0x5364, 0xF67C, 0x3EC7, 0x7BB6, 0xB8A5, 0x7BBE, 0xD584, 0x536C, 0x125C, 0x545C, 0xD243, 0x302B, 0x2B0A, 0xEE1A, 0x133C, 
    0x3023, 0xEF12, 0x922B, 0xEF0A, 0x711B, 0x6C02, 0x0F0B, 0xEE02, 0x8D02, 0xCE02, 0xEE0A, 0xCD02, 0x0E0B, 0x0E03, 0xAC02, 0x4F03, 
    0x9043, 0x7464, 0xB574, 0x746C, 0x336C, 0x336C, 0xF263, 0xF263, 0x136C, 0x1364, 0xD253, 0x545C, 0x7133, 0xCF1A, 0x4D02, 0xAE12, 
    0x9233, 0x6D12, 0x1033, 0x755C, 0x1785, 0x9995, 0x378D, 0xD684, 0x3795, 0xFAA5, 0x3043, 0x0B1A, 0xCF2A, 0x6D12, 0x4D0A, 0x1855, 
    0xEF12, 0x8D0A, 0x2C02, 0xEB01, 0x8E1A, 0xF86C, 0x355C, 0x976C, 0x976C, 0x1554, 0x9443, 0x322B, 0xD11A, 0xD112, 0xF212, 0xB10A, 
    0x9102, 0x7102, 0x710A, 0x7012, 0x901A, 0x7243, 0x145C, 0x135C, 0x5464, 0x5464, 0x3354, 0xB143, 0x702B, 0x912B, 0xB123, 0x912B, 
    0x134C, 0x5464, 0x756C, 0x3464, 0x346C, 0x7574, 0x957C, 0x757C, 0xB684, 0xB684, 0xB584, 0x957C, 0x7474, 0x546C, 0x546C, 0x546C, 
    0x346C, 0x546C, 0x756C, 0x5464, 0x5564, 0x755C, 0x554C, 0x1444, 0x922B, 0x722B, 0xB333, 0xD43B, 0xB33B, 0xD443, 0xF44B, 0xD543, 
    0x3423, 0x1413, 0xD30A, 0x920A, 0x9202, 0x9202, 0x930A, 0x930A, 0x930A, 0x920A, 0x920A, 0xB20A, 0xD30A, 0x1313, 0x341B, 0x7423, 
    0x5323, 0xD212, 0xB20A, 0xB302, 0xB302, 0xD402, 0xD302, 0x7102, 0xF122, 0x7664, 0xF784, 0xD58C, 0x579D, 0xB8AD, 0xBCCE, 0xBCCE, 
    0x1DDF, 0xFCDE, 0xDCD6, 0x7BBE, 0x999D, 0x1885, 0xD774, 0x7664, 0x3985, 0x197D, 0x3985, 0x9A9D, 0xFBAD, 0x3BBE, 0x9CCE, 0x1DDF, 
    0x9EE7, 0xDEEF, 0x9EE7, 0x9DE7, 0xDFF7, 0xBFF7, 0x9EF7, 0x9EF7, 0x9FF7, 0x9FF7, 0x5FEF, 0xDDD6, 0x5CC6, 0x1BB6, 0x3CBE, 0x7CBE, 
    0x7BBE, 0x9BC6, 0x7FDF, 0x7FE7, 0xBDC6, 0xDECE, 0xBEC6, 0x9995, 0xF35B, 0x7243, 0x313B, 0x1033, 0xD34B, 0x9664, 0x155C, 0x155C, 
    0x164C, 0x322B, 0xF21A, 0x732B, 0x742B, 0x5323, 0x5423, 0x741B, 0xD20A, 0xF30A, 0x1413, 0x1413, 0xF40A, 0xD30A, 0xB302, 0xB30A, 
    0x7202, 0xD312, 0x7112, 0xB443, 0xDC95, 0xFFBE, 0x3FD7, 0x1FDF, 0xBAB5, 0x58A5, 0x99AD, 0x99AD, 0x1CBE, 0x5DC6, 0x3995, 0x977C, 
    0xF77C, 0x956C, 0x578D, 0x5FD7, 0xFDD6, 0x3ABE, 0xBCCE, 0x57A5, 0x989D, 0x388D, 0x798D, 0xD774, 0xF34B, 0xAE1A, 0x923B, 0xF764, 
    0x134C, 0xD343, 0x754C, 0x7123, 0x7023, 0xCE02, 0x911B, 0x2F13, 0xAE02, 0xAE02, 0xCE0A, 0xCE02, 0xEE02, 0x0E03, 0x0E03, 0x6F03, 
    0x4F3B, 0x135C, 0x7464, 0x135C, 0x1364, 0x1364, 0xD263, 0xD263, 0xF35B, 0x135C, 0xD353, 0x1454, 0x302B, 0xAF1A, 0x2D02, 0x6E0A, 
    0xF01A, 0x6E12, 0x5133, 0xF453, 0x345C, 0xB574, 0xB57C, 0xB57C, 0xFAA5, 0xDFDF, 0x756C, 0xCE2A, 0x0F2B, 0xEF22, 0xB233, 0xB654, 
    0xEF12, 0x0F13, 0x6D0A, 0xEB01, 0x7133, 0xF44B, 0xAF2A, 0x9343, 0x565C, 0x9343, 0xF12A, 0xB01A, 0x700A, 0xB10A, 0xD20A, 0xB102, 
    0x9102, 0x9202, 0x910A, 0x700A, 0xB11A, 0x933B, 0xF44B, 0x7243, 0xF353, 0x545C, 0x545C, 0xD243, 0x712B, 0x912B, 0xB22B, 0xB233, 
    0x1454, 0x5564, 0x756C, 0x546C, 0x546C, 0x7574, 0x957C, 0x957C, 0xD684, 0xB684, 0xB684, 0x957C, 0x7574, 0x746C, 0x756C, 0x7574, 
    0x546C, 0x756C, 0x756C, 0x7564, 0x5554, 0x344C, 0xD33B, 0x922B, 0x111B, 0x7223, 0xF533, 0x353C, 0xB433, 0x9333, 0x9333, 0x742B, 
    0xD212, 0xB30A, 0x9202, 0x9202, 0x9202, 0x9302, 0x930A, 0xB302, 0xB30A, 0x9202, 0x9202, 0xD30A, 0x1413, 0x1313, 0x341B, 0x541B, 
    0x131B, 0xB10A, 0xB202, 0xD302, 0xB302, 0xD402, 0xD30A, 0x700A, 0x5233, 0xBB95, 0xDAA5, 0x98A5, 0xF9B5, 0xFDD6, 0x3EDF, 0x3EDF, 
    0x1ED7, 0x1ED7, 0xFECE, 0xDAA5, 0x756C, 0xD353, 0xF453, 0xD44B, 0x1554, 0xD44B, 0xF453, 0x5564, 0x9674, 0xF784, 0x5995, 0xDAAD, 
    0xDCC6, 0x7EDF, 0x9FE7, 0x9EE7, 0xBFEF, 0xBFEF, 0x7FEF, 0x9FEF, 0x1EDF, 0xFDD6, 0x5BBE, 0x789D, 0xB684, 0x5574, 0x9674, 0xF77C, 
    0x9895, 0x378D, 0x7CB6, 0x3FCF, 0x1CAE, 0xFBA5, 0x1CA6, 0xB774, 0x7243, 0x5233, 0x7233, 0xF022, 0x3233, 0xF54B, 0xD44B, 0xD54B, 
    0xB53B, 0x1223, 0xD11A, 0x1323, 0x3323, 0x5423, 0x541B, 0x3313, 0xD20A, 0x1313, 0x3413, 0x3413, 0xF40A, 0xD30A, 0xB30A, 0xB302, 
    0xB202, 0xD312, 0x710A, 0xF222, 0x565C, 0x9B8D, 0x9EB6, 0x5DB6, 0xBAA5, 0xBAAD, 0x799D, 0x188D, 0xBB9D, 0xDCA5, 0xB77C, 0x3664, 
    0x7664, 0x7564, 0x177D, 0x3FCF, 0x7FDF, 0xBDCE, 0xDECE, 0xFAAD, 0xFBA5, 0xBA95, 0xDB95, 0x3975, 0x144C, 0x8E1A, 0xB23B, 0x7975, 
    0xD76C, 0xD66C, 0x797D, 0x134C, 0x912B, 0x5023, 0x133C, 0xEE12, 0xCE12, 0xAE0A, 0x0F1B, 0x301B, 0xEF0A, 0x0F0B, 0x5013, 0x2F03, 
    0x2F3B, 0xF253, 0x335C, 0xF25B, 0xF35B, 0xF363, 0xD25B, 0xF35B, 0xD25B, 0x145C, 0xF353, 0xF34B, 0x1023, 0xAF12, 0x2D02, 0x6E02, 
    0x1123, 0x6E12, 0x512B, 0x9243, 0x513B, 0x914B, 0xD25B, 0x546C, 0x1BA6, 0x9FD7, 0x177D, 0x7464, 0x1354, 0x5033, 0x9D96, 0x3865, 
    0xCF0A, 0x8E02, 0x6D02, 0xAF12, 0x7A75, 0xDB85, 0x9764, 0xF96C, 0xB44B, 0x122B, 0xB01A, 0x9012, 0x700A, 0x910A, 0xD20A, 0xD202, 
    0xB202, 0xB202, 0xB202, 0x910A, 0xD21A, 0xB53B, 0xB53B, 0xF122, 0x933B, 0x5554, 0x7654, 0xD33B, 0x512B, 0x912B, 0xF33B, 0xF33B, 
    0x345C, 0x556C, 0x756C, 0x556C, 0x5574, 0x7574, 0x957C, 0x957C, 0xB684, 0x957C, 0x957C, 0x7574, 0x746C, 0x756C, 0x756C, 0x956C, 
    0x766C, 0x7664, 0x755C, 0x5554, 0x1444, 0xD333, 0x7223, 0x1113, 0x1113, 0x521B, 0xF52B, 0xF533, 0x7323, 0x121B, 0x121B, 0xF21A, 
    0xD20A, 0xB302, 0x9202, 0x9202, 0x9302, 0xB302, 0x9302, 0x9302, 0xD30A, 0x9202, 0x9202, 0x1313, 0x1413, 0xF30A, 0xF312, 0x541B, 
    0xF212, 0xB10A, 0xB302, 0xF302, 0xD302, 0xD302, 0xD20A, 0x6F0A, 0x9764, 0x3FC7, 0xDDCE, 0x7BC6, 0xBCCE, 0xBFEF, 0x9FE7, 0xBFE7, 
    0x9DBE, 0x5CAE, 0xFBA5, 0x187D, 0xB34B, 0x1133, 0x723B, 0xB443, 0x733B, 0x3233, 0x3233, 0x7343, 0xB34B, 0xD453, 0x1564, 0x756C, 
    0x789D, 0xBCC6, 0x9FE7, 0xBFE7, 0xBFE7, 0x7FE7, 0x5FDF, 0x7FDF, 0x3FD7, 0x7CB6, 0x588D, 0x756C, 0x135C, 0xF353, 0x1454, 0x1454, 
    0xF353, 0x914B, 0x966C, 0x5985, 0xB774, 0x5664, 0x565C, 0xB443, 0xB43B, 0x532B, 0x732B, 0xF11A, 0x1223, 0xF543, 0xB543, 0x7433, 
    0x9533, 0x3323, 0xF21A, 0x121B, 0x131B, 0x541B, 0x541B, 0xF30A, 0xF30A, 0x1413, 0x3413, 0x3413, 0xF40A, 0xD30A, 0xB30A, 0xB302, 
    0xD302, 0xF30A, 0xB20A, 0xF21A, 0x732B, 0x9764, 0xDC95, 0x798D, 0xBA9D, 0xFB9D, 0xF884, 0x1564, 0xB774, 0x986C, 0xB44B, 0x733B, 
    0x933B, 0xB343, 0x555C, 0x5DA6, 0x3FCF, 0xDEC6, 0x9DBE, 0xFBA5, 0x1CA6, 0x9A8D, 0xBB8D, 0x196D, 0x354C, 0xD01A, 0x3544, 0xFC8D, 
    0x9A8D, 0x9995, 0x5CA6, 0x1775, 0x745C, 0xB55C, 0xD664, 0xAE1A, 0x8D12, 0x8E1A, 0x512B, 0xD33B, 0x101B, 0x1013, 0xB223, 0x0F0B, 
    0x503B, 0xF253, 0x135C, 0xF25B, 0xF35B, 0xF35B, 0xD35B, 0xF35B, 0xD353, 0x145C, 0xF34B, 0xF44B, 0xF022, 0xAF12, 0x4E02, 0x8F0A, 
    0xB333, 0x8F0A, 0xF022, 0x5233, 0xCF2A, 0x8E22, 0xEF3A, 0xB253, 0x5CA6, 0xBDB6, 0xB98D, 0xF674, 0x9564, 0xAD22, 0x5B96, 0xD65C, 
    0x0F13, 0x8E02, 0x8E0A, 0xCF12, 0xDC7D, 0x3FAF, 0x7F9E, 0xD964, 0xF22A, 0x901A, 0x911A, 0x9112, 0x700A, 0x9102, 0xD20A, 0xD202, 
    0xD302, 0xB302, 0xB302, 0xB202, 0xF312, 0x952B, 0x752B, 0xB112, 0x332B, 0xF543, 0x364C, 0x9333, 0x312B, 0x9233, 0x1444, 0x144C, 
    0x5564, 0x556C, 0x5574, 0x5574, 0x5574, 0x757C, 0x757C, 0x757C, 0x957C, 0x757C, 0x7574, 0x5574, 0x556C, 0x756C, 0x756C, 0x7564, 
    0x9664, 0x7654, 0x354C, 0x1444, 0xB433, 0x7223, 0x1113, 0xF10A, 0x320B, 0x320B, 0x5413, 0x541B, 0xF20A, 0xB10A, 0xD20A, 0xB20A, 
    0xD30A, 0xB302, 0xB202, 0xB202, 0xB302, 0xB302, 0x9302, 0x9302, 0xB30A, 0x9202, 0xB302, 0xF30A, 0xF30A, 0xB202, 0xD20A, 0x541B, 
    0xD20A, 0xB202, 0xD302, 0xF402, 0xD302, 0xD30A, 0xB10A, 0x4E12, 0xFC95, 0xFFE7, 0x5FDF, 0xFCD6, 0xFDDE, 0x9FEF, 0x5FDF, 0x9FDF, 
    0xFB9D, 0xB76C, 0xF453, 0xF553, 0xB443, 0x322B, 0x122B, 0x332B, 0x532B, 0x532B, 0x532B, 0x7333, 0x9433, 0xB43B, 0xD543, 0xD44B, 
    0x7574, 0x999D, 0x9DBE, 0x3FD7, 0x7FDF, 0x1FCF, 0x9DBE, 0x9DB6, 0xBEB6, 0xDB95, 0x9664, 0xD34B, 0xB343, 0xF443, 0x1444, 0x1444, 
    0x7233, 0x5233, 0x723B, 0xB443, 0xD54B, 0x3233, 0xD122, 0x532B, 0xB533, 0x5323, 0x9423, 0x121B, 0x121B, 0xB533, 0xB53B, 0x542B, 
    0x3323, 0xF212, 0xD212, 0xF212, 0xF312, 0x541B, 0x741B, 0x130B, 0xF30A, 0x140B, 0x3413, 0x3413, 0xF40A, 0xD30A, 0xB302, 0xB302, 
    0x9202, 0xD302, 0xD202, 0xF212, 0x121B, 0x564C, 0xBB7D, 0x3975, 0x7A7D, 0x9B85, 0x565C, 0x523B, 0xB443, 0x943B, 0xF222, 0xF222, 
    0x121B, 0x1223, 0x933B, 0x5A7D, 0x9FAE, 0x7EAE, 0xFC9D, 0x7A8D, 0xBC8D, 0xF974, 0x1A6D, 0x985C, 0x1644, 0x1123, 0x774C, 0x1D8E, 
    0x5DAE, 0x3CB6, 0xBEBE, 0xDA9D, 0x7985, 0x3B9E, 0xDB8D, 0x303B, 0xAE2A, 0x1033, 0xD34B, 0x755C, 0x5133, 0x512B, 0x554C, 0x922B, 
    0x5043, 0xD253, 0xF353, 0xF253, 0xF35B, 0xF35B, 0xD353, 0xF35B, 0xD353, 0x1454, 0xF44B, 0xF443, 0xF01A, 0xAF12, 0x6E02, 0xF11A, 
    0xF433, 0x8F0A, 0xD01A, 0x522B, 0xCF22, 0x4D1A, 0x6D22, 0x103B, 0x5985, 0xDEB6, 0xDEB6, 0xF253, 0xB143, 0x8C22, 0xD564, 0xD23B, 
    0x9123, 0xAF02, 0xCF0A, 0xD012, 0xF43B, 0x1544, 0x1644, 0xD122, 0xD122, 0x9012, 0x9112, 0xD212, 0xB10A, 0x9102, 0xD202, 0xD302, 
    0xD302, 0x9302, 0xB202, 0xB302, 0xD30A, 0x351B, 0x341B, 0x910A, 0xF21A, 0x942B, 0xD43B, 0x7233, 0x312B, 0x923B, 0x144C, 0x555C, 
    0x5564, 0x356C, 0x356C, 0x5574, 0x5574, 0x7574, 0x757C, 0x757C, 0x957C, 0x7574, 0x5574, 0x556C, 0x556C, 0x7564, 0x7564, 0x755C, 
    0x7554, 0x3544, 0xF43B, 0xD433, 0x9323, 0x3213, 0x110B, 0xF102, 0x330B, 0xF202, 0xF202, 0xF202, 0xB202, 0xD202, 0xF30A, 0xD20A, 
    0xB202, 0xB202, 0xB202, 0xB202, 0xB302, 0xB302, 0xB302, 0xB302, 0xB302, 0xB302, 0xD302, 0xF30A, 0xD302, 0xB202, 0xF20A, 0x5413, 
    0xF30A, 0xB302, 0xD302, 0xF402, 0xD302, 0xB20A, 0xB112, 0x4E12, 0x5CA6, 0xBFE7, 0x3EDF, 0xFCDE, 0x3EDF, 0x7FE7, 0x7FDF, 0x7FD7, 
    0xD86C, 0x7333, 0x122B, 0xB43B, 0xB53B, 0x332B, 0x1223, 0x542B, 0x3323, 0x3323, 0x5423, 0x942B, 0xB52B, 0xD52B, 0xD62B, 0xD53B, 
    0xD44B, 0x1464, 0xB774, 0xBB95, 0x9EAE, 0x3DA6, 0x5985, 0xF874, 0xF874, 0x975C, 0xD443, 0x522B, 0x111B, 0x321B, 0xB32B, 0xF433, 
    0x932B, 0xB433, 0x332B, 0x532B, 0xB53B, 0x1323, 0xB112, 0xB633, 0xD62B, 0x7423, 0x1734, 0xB523, 0x1313, 0x7423, 0xD633, 0xD63B, 
    0x5423, 0xF212, 0xD20A, 0x1313, 0x1313, 0x5413, 0x5413, 0x140B, 0x140B, 0x140B, 0x3413, 0x140B, 0xF40A, 0xB302, 0xB302, 0xD302, 
    0xB302, 0xD302, 0xD202, 0xF302, 0xF20A, 0xD533, 0x1A65, 0xF95C, 0xD85C, 0xD85C, 0x9433, 0x1223, 0x3323, 0xF21A, 0xF312, 0xF312, 
    0xF312, 0xB10A, 0x131B, 0x574C, 0x5B7D, 0x7B7D, 0xF974, 0x7864, 0xFA6C, 0x3754, 0x584C, 0xF63B, 0xB533, 0xF21A, 0x163C, 0x3A6D, 
    0x1DA6, 0xFCAD, 0x1CAE, 0x9A95, 0x798D, 0x7DAE, 0x3CA6, 0x135C, 0x756C, 0xB774, 0xF87C, 0x3985, 0xD353, 0xB243, 0x186D, 0x5554, 
    0x7143, 0xF253, 0xF353, 0xD253, 0xF353, 0xD353, 0xB34B, 0xF453, 0xF453, 0xF44B, 0xD443, 0xF543, 0xF11A, 0x8F0A, 0x8F0A, 0x7323, 
    0xB42B, 0x8F0A, 0x3223, 0xB433, 0x522B, 0xF022, 0x8E1A, 0xAE22, 0x1033, 0x5D9E, 0x7CA6, 0x9564, 0x7043, 0x0E33, 0x5B9E, 0xF664, 
    0x1013, 0x6E02, 0x6E02, 0xF012, 0xF112, 0x2E02, 0xB112, 0x542B, 0x332B, 0xB212, 0xB212, 0xF312, 0xD20A, 0xB202, 0xD302, 0xD302, 
    0xF30A, 0x9202, 0x9202, 0xB302, 0xB302, 0xD30A, 0xD30A, 0x9202, 0xB20A, 0x1323, 0x732B, 0x7333, 0x723B, 0xD34B, 0x345C, 0x7564, 
    0x356C, 0x356C, 0x356C, 0x3574, 0x5574, 0x5574, 0x5574, 0x5574, 0x7574, 0x556C, 0x356C, 0x5564, 0x5564, 0x555C, 0x555C, 0x3554, 
    0x1444, 0xD433, 0xB32B, 0x9323, 0x731B, 0x3213, 0x120B, 0x1203, 0x3303, 0xF202, 0xF202, 0x1303, 0xD202, 0xF30A, 0x1413, 0xF30A, 
    0xD302, 0xB302, 0xB202, 0xB202, 0xD302, 0xD302, 0xB302, 0xB302, 0xD302, 0xD302, 0xF302, 0xF302, 0xD302, 0xF202, 0xF30A, 0x130B, 
    0xF30A, 0xD302, 0xD402, 0xF402, 0xB302, 0xB20A, 0xB11A, 0x6E22, 0x9DB6, 0xBFE7, 0xBFF7, 0x3DE7, 0x9FEF, 0xBFEF, 0xBFE7, 0xFFBE, 
    0xD543, 0x1323, 0x1323, 0xD63B, 0xD63B, 0x742B, 0x742B, 0xB533, 0x121B, 0x331B, 0x531B, 0x541B, 0x751B, 0x951B, 0xB61B, 0x9523, 
    0xB43B, 0x523B, 0x523B, 0x365C, 0xF974, 0x9764, 0xD443, 0xD543, 0xD543, 0xD53B, 0xB433, 0x5323, 0x321B, 0x3213, 0x941B, 0xD52B, 
    0x531B, 0x331B, 0xF212, 0x3423, 0x5523, 0xF31A, 0xD212, 0x9523, 0x9523, 0x3413, 0xF72B, 0xD623, 0xD20A, 0xF312, 0x752B, 0xF73B, 
    0x952B, 0x1413, 0x1313, 0x5413, 0x3413, 0x3413, 0x3413, 0x140B, 0x140B, 0x140B, 0x340B, 0x140B, 0xD302, 0xB302, 0xB302, 0xD302, 
    0xF402, 0x1403, 0xD302, 0xF302, 0xF30A, 0x331B, 0x1634, 0xD533, 0xF63B, 0xD533, 0x121B, 0x131B, 0x1313, 0xB202, 0x1413, 0xF40A, 
    0xF40A, 0x7202, 0xF312, 0xD633, 0x3744, 0x5854, 0x174C, 0xF743, 0x584C, 0xF73B, 0x183C, 0xD733, 0xB62B, 0x131B, 0xD633, 0x9854, 
    0xF97C, 0x398D, 0x5A8D, 0xF87C, 0x187D, 0xDB9D, 0xDB95, 0xB674, 0xDBA5, 0x1CAE, 0xDBA5, 0xDBA5, 0xB67C, 0x756C, 0xDA95, 0x1775, 
    0x914B, 0xF353, 0xF353, 0xF353, 0xF353, 0xF353, 0xD34B, 0xF453, 0x154C, 0xF44B, 0xB43B, 0x1544, 0xF11A, 0x8F0A, 0x900A, 0xB42B, 
    0x531B, 0xB00A, 0x942B, 0x163C, 0xD433, 0x9333, 0xF122, 0x8F1A, 0x8E1A, 0xDB85, 0x387D, 0x7FC7, 0x7464, 0x8C2A, 0xFFE7, 0x5C96, 
    0xB22B, 0x731B, 0x8F02, 0x4E02, 0xB10A, 0x900A, 0x910A, 0xD212, 0x9533, 0xD312, 0x920A, 0xD30A, 0xD20A, 0xB202, 0xD302, 0xD302, 
    0x140B, 0x9202, 0x9202, 0xB302, 0x9202, 0x9202, 0xD302, 0xD30A, 0xB20A, 0xF21A, 0x532B, 0x943B, 0xB44B, 0xF453, 0x5564, 0x956C, 
    0x356C, 0x356C, 0x156C, 0x356C, 0x5574, 0x5574, 0x5574, 0x5574, 0x356C, 0x3564, 0x3564, 0x355C, 0x355C, 0x3554, 0x354C, 0x1444, 
    0xD33B, 0x932B, 0x7223, 0x7323, 0x731B, 0x320B, 0x120B, 0x320B, 0x3303, 0x1203, 0x330B, 0x540B, 0x130B, 0x130B, 0x1313, 0xD30A, 
    0x140B, 0xF302, 0xD302, 0xD302, 0xD302, 0xD302, 0xD302, 0xB302, 0xD302, 0xF402, 0xF402, 0xF302, 0xF302, 0x340B, 0x130B, 0xF202, 
    0x140B, 0xD302, 0xD402, 0xF402, 0xB302, 0xB20A, 0xD122, 0x8E22, 0x9DBE, 0xBFE7, 0xDFF7, 0xFCDE, 0x3EE7, 0x1DD7, 0xFECE, 0x798D, 
    0x9433, 0xD212, 0xD212, 0xB533, 0x3744, 0x3744, 0xD533, 0x5323, 0x3323, 0x541B, 0x541B, 0x5413, 0x5413, 0x7513, 0x750B, 0x5413, 
    0xD533, 0x532B, 0x1223, 0xB53B, 0xF643, 0x542B, 0x3323, 0xD53B, 0x742B, 0x742B, 0x7423, 0x7423, 0x741B, 0x741B, 0x741B, 0x741B, 
    0x941B, 0x130B, 0x541B, 0xB62B, 0x5523, 0x1313, 0x341B, 0x3413, 0xD723, 0x130B, 0xD623, 0xF623, 0x1313, 0x331B, 0x952B, 0xF633, 
    0x9523, 0xF30A, 0xF30A, 0x5413, 0x3413, 0x340B, 0x340B, 0x340B, 0x140B, 0x340B, 0x140B, 0xF40A, 0xD302, 0xB302, 0xB302, 0xD302, 
    0xD302, 0x1403, 0xD302, 0x1403, 0x140B, 0xF30A, 0x3413, 0x1313, 0x541B, 0x1313, 0xB202, 0x3513, 0x140B, 0x9202, 0xF50A, 0xB402, 
    0x1503, 0x9302, 0x3513, 0xB723, 0x962B, 0xD733, 0xF73B, 0xF83B, 0x762B, 0x7623, 0xD72B, 0x7623, 0x761B, 0xD30A, 0x551B, 0xB633, 
    0x575C, 0xD974, 0x3A7D, 0xF97C, 0xF874, 0x9A8D, 0x9A8D, 0x398D, 0xBA9D, 0x3CB6, 0xBAA5, 0xFBAD, 0x5895, 0x378D, 0x7CB6, 0x9895, 
    0xB24B, 0xB24B, 0x345C, 0xF353, 0x355C, 0x9343, 0xF44B, 0x154C, 0xF543, 0xF543, 0xB43B, 0x5323, 0xD112, 0x9002, 0x9002, 0xD10A, 
    0xB00A, 0xF112, 0x9423, 0x163C, 0xF633, 0xD533, 0x732B, 0xF122, 0xEC01, 0x5975, 0x1FB7, 0x9FC7, 0xF674, 0x6F43, 0x7FC7, 0x9CA6, 
    0xD333, 0x110B, 0x8F02, 0x9002, 0x9002, 0xB10A, 0xF212, 0xF212, 0x141B, 0x1413, 0xF312, 0xD30A, 0xD302, 0xD302, 0xD302, 0xD302, 
    0x9202, 0xF30A, 0x9202, 0x9202, 0xB202, 0x9202, 0x1413, 0xB202, 0xF212, 0x542B, 0x7433, 0x1654, 0x5664, 0xD35B, 0x1364, 0x546C, 
    0x1464, 0x3564, 0x356C, 0x556C, 0x356C, 0x556C, 0x556C, 0x566C, 0x556C, 0x3564, 0x355C, 0x565C, 0x5654, 0x154C, 0xB43B, 0x722B, 
    0x722B, 0x511B, 0x5223, 0xB323, 0x9323, 0x5213, 0x320B, 0x530B, 0x5313, 0x7413, 0x5413, 0x951B, 0x541B, 0x3413, 0x9523, 0xF30A, 
    0xD302, 0xF302, 0xD302, 0xD302, 0xD302, 0xD302, 0xD402, 0xD402, 0xF402, 0x350B, 0x140B, 0xD302, 0xF302, 0x5413, 0x540B, 0xF302, 
    0xB302, 0x350B, 0xD402, 0xB302, 0xB302, 0x341B, 0x6F12, 0xCF2A, 0xBDBE, 0xBCCE, 0x5EE7, 0x9FEF, 0x9FEF, 0xB8AD, 0xD684, 0xF87C, 
    0x742B, 0xF312, 0x131B, 0xB52B, 0x784C, 0x784C, 0x742B, 0x742B, 0x3323, 0xD52B, 0x3313, 0x130B, 0x9513, 0x540B, 0x550B, 0x750B, 
    0x5413, 0x741B, 0x741B, 0x531B, 0x541B, 0x7423, 0x7423, 0x341B, 0xF312, 0x341B, 0x551B, 0x541B, 0x541B, 0x751B, 0x751B, 0x751B, 
    0x5413, 0x3413, 0x751B, 0x751B, 0x9623, 0x5523, 0xB20A, 0x1413, 0x751B, 0x5413, 0x951B, 0x741B, 0x7423, 0x541B, 0x131B, 0xD633, 
    0x7523, 0x3413, 0x3413, 0x5513, 0x140B, 0x140B, 0x550B, 0x340B, 0x340B, 0x1403, 0xF402, 0xF40A, 0xF40A, 0xD302, 0xB302, 0xD402, 
    0xD402, 0xD402, 0xF402, 0xF402, 0xF40A, 0xF40A, 0xF30A, 0xF40A, 0xD30A, 0xD30A, 0xD30A, 0xD402, 0xD402, 0xD402, 0xD402, 0xD502, 
    0xF502, 0xF502, 0x360B, 0x971B, 0xF82B, 0xF833, 0xD72B, 0xB72B, 0x9723, 0x761B, 0x5613, 0x3513, 0xF40A, 0xD30A, 0xD30A, 0xF41A, 
    0x7533, 0xB643, 0x332B, 0x743B, 0xD543, 0x196D, 0x397D, 0x7A8D, 0xBEBE, 0xBEC6, 0xDECE, 0x99AD, 0xB58C, 0xD9AD, 0x5795, 0x19AE, 
    0xB24B, 0xB24B, 0x345C, 0xD34B, 0x1454, 0x9343, 0xF54B, 0xF543, 0xF543, 0xB43B, 0x742B, 0x121B, 0xB10A, 0x9002, 0x7002, 0x7002, 
    0x9102, 0xB10A, 0x531B, 0xB52B, 0x9523, 0x7423, 0x5323, 0xF112, 0xF11A, 0x564C, 0x9A7D, 0x5C9E, 0xD253, 0x2E3B, 0xDFD7, 0x3FB7, 
    0x922B, 0xF10A, 0x9002, 0xB002, 0xB102, 0xD20A, 0x1313, 0x1313, 0x1413, 0x1413, 0xF40A, 0xD40A, 0xD302, 0xD302, 0xD302, 0xB302, 
    0xB102, 0xD20A, 0x7102, 0xD20A, 0xD30A, 0x7102, 0xF30A, 0xD20A, 0x331B, 0x9433, 0x7433, 0x1554, 0x7664, 0xF45B, 0x346C, 0x7574, 
    0x3564, 0x3564, 0x5664, 0x566C, 0x3564, 0x3564, 0x1564, 0x155C, 0x3564, 0x355C, 0x3654, 0x3654, 0x164C, 0xD43B, 0x732B, 0x121B, 
    0x311B, 0x511B, 0x9323, 0xF42B, 0xB423, 0x5213, 0x3213, 0x7313, 0xD523, 0xB51B, 0x741B, 0xF62B, 0xB523, 0x331B, 0x7423, 0x3313, 
    0xF30A, 0xF302, 0xF302, 0xD302, 0xD302, 0xD302, 0xD302, 0xD302, 0xF402, 0x350B, 0x140B, 0xD302, 0xF302, 0x540B, 0x5413, 0xF302, 
    0xF402, 0x140B, 0xD402, 0xD402, 0xD302, 0xF312, 0x4F0A, 0xF453, 0xBDBE, 0xFDCE, 0x7FE7, 0x3EDF, 0xBCCE, 0x1695, 0x957C, 0xF874, 
    0x732B, 0x1313, 0x5423, 0x952B, 0x173C, 0x7844, 0xD533, 0x7423, 0x7423, 0xF62B, 0x5313, 0x330B, 0x7513, 0x540B, 0x550B, 0x340B, 
    0x750B, 0x9413, 0x7413, 0x540B, 0x5413, 0x7513, 0x751B, 0x5513, 0x140B, 0x3413, 0x551B, 0x351B, 0x3513, 0x551B, 0x551B, 0x551B, 
    0x5413, 0x3413, 0x751B, 0x751B, 0x9623, 0x751B, 0xD30A, 0x1313, 0x5413, 0x3413, 0x941B, 0x5413, 0x741B, 0x531B, 0xF21A, 0xB633, 
    0x7523, 0x140B, 0x130B, 0x140B, 0x140B, 0x340B, 0x5513, 0x340B, 0x340B, 0x1403, 0x1403, 0x140B, 0xF402, 0xD302, 0xB302, 0xD402, 
    0xD402, 0xD402, 0xD402, 0xD402, 0xD402, 0xD402, 0xD40A, 0xD40A, 0xD40A, 0xD402, 0xD402, 0xD402, 0xD402, 0xD502, 0xD502, 0xD502, 
    0xD502, 0x1603, 0x570B, 0x971B, 0xD823, 0xD823, 0xB723, 0x771B, 0x3613, 0x360B, 0x160B, 0xF50A, 0xD402, 0xB302, 0xB30A, 0xF312, 
    0x151B, 0x962B, 0x3423, 0x3323, 0xF21A, 0xD43B, 0x565C, 0x7A85, 0xFFC6, 0xFFCE, 0x1FD7, 0xFAB5, 0x169D, 0x5BBE, 0x569D, 0x3695, 
    0xD353, 0xB34B, 0x1454, 0xF44B, 0xF44B, 0xD443, 0x154C, 0xB43B, 0x9433, 0x5323, 0xF212, 0xB10A, 0xB10A, 0xB102, 0x7002, 0x5002, 
    0x9102, 0x9102, 0xF20A, 0x3413, 0x1313, 0x1313, 0x3313, 0xD20A, 0x900A, 0xF11A, 0x7654, 0xFB8D, 0xF253, 0xD153, 0xDFDF, 0x9CA6, 
    0x5123, 0xD002, 0xB002, 0xD102, 0xB102, 0xB102, 0xF30A, 0x1313, 0x1413, 0xF40A, 0xF40A, 0xF40A, 0xD402, 0xD302, 0xB302, 0xB302, 
    0xB20A, 0xB10A, 0x7002, 0xF212, 0xD20A, 0x9102, 0xF20A, 0x331B, 0x952B, 0xD53B, 0x943B, 0xF54B, 0x7664, 0x145C, 0x356C, 0x556C, 
    0x355C, 0x355C, 0x3664, 0x3664, 0x3564, 0x155C, 0x155C, 0xF553, 0x165C, 0x3654, 0x364C, 0x1644, 0xB53B, 0x532B, 0x121B, 0xD112, 
    0x1113, 0x5223, 0xD42B, 0x1634, 0xD423, 0x3213, 0x1213, 0x7313, 0xF523, 0x741B, 0x5313, 0xF62B, 0xB523, 0x331B, 0x7423, 0x741B, 
    0x140B, 0x1403, 0xF402, 0xD302, 0xD302, 0xB302, 0xB302, 0xB302, 0xD402, 0x140B, 0x1403, 0xD302, 0xF302, 0x540B, 0x5413, 0x140B, 
    0x140B, 0xD302, 0xD402, 0xF402, 0xF302, 0xD20A, 0x4F0A, 0x5A7D, 0x9EB6, 0x9CBE, 0xDDCE, 0xDDCE, 0x7FDF, 0x3BB6, 0xF784, 0x155C, 
    0x9433, 0x1313, 0x5423, 0x7423, 0xB52B, 0x7844, 0x373C, 0x942B, 0x9423, 0xD62B, 0x3313, 0x1313, 0x5413, 0x340B, 0x340B, 0x1403, 
    0x950B, 0x950B, 0x740B, 0x5403, 0x540B, 0x750B, 0x5513, 0x3513, 0x140B, 0x3513, 0x5513, 0x3513, 0x3513, 0x551B, 0x551B, 0x5413, 
    0x5413, 0x5313, 0x751B, 0x541B, 0x9523, 0x751B, 0xD30A, 0x3413, 0x5413, 0x3413, 0x741B, 0x5413, 0x741B, 0x531B, 0xF21A, 0xB533, 
    0x9523, 0x3413, 0x130B, 0x130B, 0x130B, 0x5413, 0x5513, 0xF302, 0x540B, 0x340B, 0x1403, 0x140B, 0xF402, 0xD302, 0xB302, 0xB402, 
    0xB402, 0xB402, 0xB402, 0xB402, 0xB402, 0xD402, 0xD402, 0xD402, 0xB402, 0xD402, 0xD402, 0xD402, 0xD502, 0xD502, 0xD502, 0xD502, 
    0xD602, 0x5703, 0xB813, 0xB813, 0xB71B, 0xB71B, 0x771B, 0x3513, 0x150B, 0xF502, 0xD502, 0xF502, 0xD402, 0xB302, 0xB302, 0xD30A, 
    0xD40A, 0x3513, 0xF40A, 0x3413, 0xD10A, 0x3223, 0xD443, 0x397D, 0x9EB6, 0xDEC6, 0xDECE, 0xDAB5, 0x57A5, 0xBCCE, 0x97A5, 0x9384, 
    0xD353, 0xB34B, 0x1454, 0x355C, 0x154C, 0x154C, 0xF543, 0x532B, 0x121B, 0xD212, 0x9102, 0x9102, 0x9102, 0xB202, 0x9102, 0x7102, 
    0x9102, 0x7102, 0xB202, 0xD30A, 0xB302, 0xD302, 0xF30A, 0xD20A, 0xB102, 0xD112, 0x7333, 0xB75C, 0xF24B, 0xF67C, 0xDFDF, 0xFA95, 
    0x3123, 0xD002, 0xB002, 0xD102, 0xB102, 0x9102, 0xD202, 0xD302, 0xF40A, 0xF40A, 0xF40A, 0xF40A, 0xD402, 0xD302, 0xD302, 0xB302, 
    0x9102, 0xD20A, 0x910A, 0xF212, 0xB102, 0x1313, 0x331B, 0x7423, 0xB52B, 0xD53B, 0x7333, 0xF54B, 0x565C, 0x155C, 0x3564, 0x3564, 
    0x355C, 0x3554, 0x1554, 0x3554, 0x3554, 0x3554, 0x1554, 0x1654, 0x1654, 0x164C, 0xF643, 0xD533, 0x742B, 0x331B, 0xF212, 0xD20A, 
    0x1213, 0x7323, 0xD52B, 0xF533, 0x9423, 0x1213, 0xF20A, 0x3313, 0x741B, 0x3313, 0x1213, 0xB523, 0x9423, 0x531B, 0xD52B, 0x9523, 
    0x3413, 0x340B, 0x140B, 0xF402, 0xD402, 0xB302, 0xB302, 0xB302, 0xD402, 0xF402, 0xF402, 0xD302, 0xD302, 0x340B, 0x5413, 0x340B, 
    0xF30A, 0x9202, 0xD402, 0xF402, 0xF402, 0xD30A, 0x5002, 0xBC7D, 0x5FC7, 0x7FD7, 0x5FDF, 0x9CC6, 0xBDC6, 0x1BAE, 0x1CA6, 0xFC95, 
    0x574C, 0x1313, 0x331B, 0x531B, 0x541B, 0x373C, 0x373C, 0xB52B, 0x741B, 0x9523, 0x1313, 0x1313, 0x3413, 0x340B, 0x5513, 0x340B, 
    0x950B, 0x750B, 0x5403, 0x3403, 0x5403, 0x550B, 0x550B, 0x550B, 0x140B, 0x3513, 0x5513, 0x3513, 0x3413, 0x5513, 0x551B, 0x5413, 
    0x5413, 0x5313, 0x741B, 0x3413, 0x751B, 0x7523, 0xF30A, 0x3413, 0x5413, 0x5413, 0x941B, 0x5413, 0x741B, 0x5423, 0x121B, 0xB533, 
    0xB52B, 0x541B, 0x1313, 0x1313, 0x130B, 0x5413, 0x540B, 0xD302, 0x550B, 0x340B, 0x340B, 0x340B, 0xF402, 0xD402, 0xB302, 0xB402, 
    0xB402, 0xB402, 0xB402, 0xB402, 0xB402, 0xB402, 0xB402, 0xB402, 0xD402, 0xD402, 0xD502, 0xD502, 0xD502, 0xD502, 0xD402, 0xD502, 
    0x1603, 0x980B, 0xF91B, 0xB81B, 0x9613, 0x971B, 0x5613, 0x150B, 0xF502, 0xD502, 0xD502, 0xD502, 0xD402, 0xD402, 0xB302, 0xD40A, 
    0xF502, 0xF502, 0xB302, 0x5513, 0x541B, 0x5323, 0x522B, 0x565C, 0x3DA6, 0x7DB6, 0x5CBE, 0x589D, 0xB58C, 0x5BBE, 0x98A5, 0x5374, 
    0xB353, 0x924B, 0x1554, 0x9764, 0x364C, 0xF543, 0x9433, 0xD112, 0xB10A, 0xB10A, 0x9102, 0x9102, 0x9102, 0x9202, 0x9202, 0x9202, 
    0x9102, 0x7102, 0xB202, 0xD30A, 0xB302, 0xD302, 0xF402, 0xB202, 0x7102, 0x131B, 0xD01A, 0x5233, 0x755C, 0xBDB6, 0x9FD7, 0x956C, 
    0x111B, 0xB002, 0xB002, 0xD102, 0x9102, 0x9102, 0xB202, 0xB202, 0xF302, 0xF402, 0xD402, 0xD402, 0xD402, 0xD302, 0xB302, 0xB302, 
    0x9202, 0x1313, 0xD20A, 0xF20A, 0xB102, 0xD62B, 0xB523, 0x9423, 0x7423, 0xB433, 0x532B, 0xD43B, 0x5754, 0x3654, 0x365C, 0x3654, 
    0x5654, 0x354C, 0xF54B, 0xF54B, 0x154C, 0x1654, 0x3654, 0x3654, 0xF643, 0xD63B, 0xB533, 0x7423, 0x131B, 0xF30A, 0xF30A, 0xF30A, 
    0x3313, 0x5313, 0x741B, 0x9523, 0x541B, 0x1313, 0xF30A, 0xF30A, 0xF20A, 0x3313, 0x1313, 0x531B, 0x531B, 0x9423, 0x3634, 0xB523, 
    0x5513, 0x350B, 0x150B, 0xF40A, 0xF402, 0xD402, 0xB302, 0xB302, 0xD302, 0xF402, 0xF402, 0xD302, 0xD302, 0x140B, 0x5413, 0x3413, 
    0xB202, 0xB202, 0xD402, 0xD402, 0xF402, 0x140B, 0x7102, 0xFA5C, 0x7FBF, 0xBFD7, 0x9FDF, 0x9DBE, 0xBDBE, 0x7DB6, 0xDFB6, 0xFFB6, 
    0x1A65, 0x531B, 0xF212, 0x531B, 0x331B, 0xB523, 0xB623, 0x951B, 0x3413, 0x551B, 0x130B, 0x3413, 0x140B, 0x3413, 0x9623, 0x7513, 
    0xB513, 0x750B, 0x340B, 0x3403, 0x340B, 0x550B, 0x550B, 0x550B, 0x350B, 0x5513, 0x5513, 0x5513, 0x540B, 0x5413, 0x7413, 0x5413, 
    0x5413, 0x5413, 0x751B, 0x3413, 0x751B, 0x751B, 0x130B, 0x5413, 0x540B, 0x5413, 0x9513, 0x5413, 0x741B, 0x741B, 0x331B, 0xB533, 
    0xB52B, 0x541B, 0x1313, 0x1313, 0x130B, 0x130B, 0x340B, 0xF302, 0x750B, 0x340B, 0x340B, 0x340B, 0x1403, 0xD402, 0xB302, 0xD402, 
    0xD402, 0xD402, 0xD402, 0xD402, 0xD402, 0xD402, 0xD402, 0xD402, 0xD402, 0xD402, 0xD402, 0xD402, 0xD402, 0xD402, 0xD402, 0xD402, 
    0x3603, 0xB813, 0xF91B, 0x9713, 0x550B, 0x5513, 0x350B, 0xD402, 0xF502, 0xF502, 0xD502, 0xF502, 0xD402, 0xB402, 0xB30A, 0xD40A, 
    0x150B, 0xF502, 0x9302, 0x761B, 0x741B, 0x331B, 0xD01A, 0x9343, 0x5EA6, 0x7EB6, 0xFBAD, 0xD784, 0xD263, 0x799D, 0x7995, 0x7474, 
    0x924B, 0x5243, 0x555C, 0x3975, 0x154C, 0x9333, 0x121B, 0x7002, 0x910A, 0xB20A, 0xB202, 0xB202, 0x9102, 0x7102, 0x9102, 0x9202, 
    0x920A, 0x7102, 0xB30A, 0xD30A, 0xB302, 0xD402, 0xF402, 0xB302, 0x5102, 0xF312, 0x700A, 0xF022, 0xB76C, 0xBFD7, 0x5FCF, 0xF353, 
    0x3123, 0xB002, 0x9002, 0xB102, 0xB102, 0x9102, 0xD302, 0xD302, 0xD302, 0xD302, 0xD402, 0xD402, 0xD302, 0xD302, 0xD302, 0xD302, 
    0xB202, 0x3413, 0x1313, 0x1313, 0xF30A, 0x9944, 0xD62B, 0x7423, 0xF212, 0x5323, 0x121B, 0x9433, 0x1644, 0x164C, 0x374C, 0x364C, 
    0x364C, 0x1544, 0xD43B, 0xD43B, 0xD543, 0xF543, 0xF543, 0xF643, 0x9533, 0x742B, 0x341B, 0xF312, 0xD30A, 0xD302, 0xF302, 0xF302, 
    0xF30A, 0xF30A, 0xF30A, 0x130B, 0x340B, 0x140B, 0x140B, 0x140B, 0xD202, 0x130B, 0x130B, 0x120B, 0x120B, 0x741B, 0xF62B, 0x541B, 
    0x3413, 0x350B, 0x150B, 0x140B, 0xF402, 0xD402, 0xD402, 0xB402, 0xD302, 0xF402, 0xD402, 0xB302, 0xD302, 0x130B, 0x340B, 0x3413, 
    0xB202, 0xF30A, 0xD302, 0xF402, 0xD402, 0x150B, 0xB202, 0xB52B, 0x3A6D, 0x7A85, 0xDB9D, 0xBA9D, 0xBEBE, 0xDFBE, 0xDFB6, 0x9FA6, 
    0x7B6D, 0x9423, 0x1313, 0x541B, 0x541B, 0x5413, 0x340B, 0x5513, 0x140B, 0x3413, 0x140B, 0x3513, 0x1413, 0x3413, 0xF72B, 0xB623, 
    0xB623, 0x7513, 0x140B, 0x140B, 0x350B, 0x350B, 0x550B, 0x550B, 0x550B, 0x7513, 0x7513, 0x540B, 0x540B, 0x740B, 0x7413, 0x7413, 
    0x740B, 0x5413, 0x7513, 0x140B, 0x551B, 0x961B, 0x140B, 0x5513, 0x340B, 0x540B, 0x9513, 0x330B, 0x5313, 0x541B, 0x131B, 0xB52B, 
    0x373C, 0x531B, 0xF212, 0x1313, 0x1313, 0x120B, 0x130B, 0x130B, 0x5513, 0x340B, 0x340B, 0x350B, 0x1403, 0xF402, 0xD402, 0xD402, 
    0xD402, 0xD402, 0xD402, 0xD402, 0xD402, 0xD402, 0xD402, 0xF402, 0xD402, 0xF402, 0xF402, 0xF402, 0xF402, 0xD402, 0xD402, 0xD402, 
    0x5603, 0x970B, 0xB713, 0x550B, 0x140B, 0x1403, 0xF402, 0xD402, 0xF402, 0xD402, 0xF502, 0xF502, 0xB402, 0xB302, 0xB30A, 0xF412, 
    0x150B, 0x150B, 0xD402, 0x961B, 0x541B, 0x121B, 0xF11A, 0xF54B, 0xDC95, 0xDC9D, 0x7A95, 0x967C, 0x514B, 0xB77C, 0x9A8D, 0xF77C, 
    0x5243, 0x7243, 0xB86C, 0xDC8D, 0xD543, 0xD11A, 0x9112, 0xB10A, 0xB10A, 0xB202, 0xB202, 0xB202, 0x9202, 0x9202, 0x9202, 0x9202, 
    0xB20A, 0x720A, 0xB30A, 0xD40A, 0xB302, 0xD402, 0xF402, 0xB302, 0x140B, 0xF30A, 0xB112, 0x122B, 0xD34B, 0xFFB6, 0xBFDF, 0x1B9E, 
    0x722B, 0xD102, 0x9002, 0xB102, 0xB102, 0xB202, 0xF302, 0xF302, 0xD302, 0xD302, 0xD302, 0xD302, 0xB302, 0xD302, 0xD302, 0xD402, 
    0xF40A, 0x3413, 0x140B, 0x751B, 0x751B, 0xFA4C, 0xB523, 0x3313, 0xD10A, 0x321B, 0xD112, 0x121B, 0x942B, 0x9533, 0xD63B, 0xD53B, 
    0xD433, 0xB433, 0x9333, 0x9333, 0xD43B, 0xD53B, 0xD53B, 0xB53B, 0x5323, 0x131B, 0xF212, 0xD20A, 0xD302, 0xD302, 0xD302, 0xD302, 
    0xD302, 0xD302, 0xD302, 0xD302, 0xF402, 0x140B, 0x140B, 0x140B, 0xF302, 0x130B, 0xD202, 0xF30A, 0xF20A, 0x1213, 0x9423, 0x1313, 
    0x140B, 0x140B, 0xF40A, 0xF40A, 0xD402, 0xD402, 0xD402, 0xD402, 0xD402, 0xD402, 0xD402, 0xB302, 0xB202, 0xF302, 0x340B, 0x3413, 
    0xD20A, 0x1313, 0x9202, 0x350B, 0xD402, 0xF402, 0x150B, 0x1313, 0x1223, 0xB44B, 0x5564, 0xF35B, 0x756C, 0x9674, 0x9A8D, 0x5E9E, 
    0xD954, 0xB52B, 0x541B, 0x541B, 0x751B, 0x5513, 0xF402, 0x350B, 0x350B, 0x5613, 0x5613, 0x961B, 0x1413, 0x3513, 0x1834, 0xF733, 
    0xD62B, 0x751B, 0x1413, 0x1413, 0x3513, 0x3513, 0x5513, 0x5513, 0x350B, 0x750B, 0x750B, 0x540B, 0x5303, 0x730B, 0x940B, 0x740B, 
    0x540B, 0x740B, 0x7513, 0x140B, 0x5513, 0x961B, 0x340B, 0x7513, 0x1403, 0x540B, 0x9513, 0x340B, 0x540B, 0x741B, 0x3313, 0xB52B, 
    0x7C65, 0xD533, 0xF212, 0x1213, 0x3313, 0x120B, 0x130B, 0x330B, 0x5513, 0x340B, 0x340B, 0x350B, 0x1503, 0xF402, 0xF402, 0xF402, 
    0xD402, 0xD402, 0xD402, 0xD402, 0xF402, 0xF402, 0xF502, 0xF502, 0xF502, 0xF502, 0xF402, 0xF402, 0xF402, 0xF402, 0xF402, 0xF402, 
    0x760B, 0x760B, 0x560B, 0x340B, 0xF302, 0xD302, 0xD302, 0xF402, 0xD402, 0xD402, 0xF502, 0xF502, 0xB402, 0xB302, 0xD30A, 0x351B, 
    0x561B, 0x561B, 0x1413, 0xB623, 0x7423, 0x5323, 0x3223, 0x154C, 0xF974, 0xD97C, 0xD87C, 0x9774, 0x3243, 0x3664, 0x5A7D, 0x1975, 
    0x7243, 0x934B, 0x397D, 0x5E9E, 0xB443, 0x6F1A, 0x6F12, 0xF21A, 0x9102, 0x9102, 0xB202, 0xB202, 0xB202, 0xB202, 0x9202, 0x9202, 
    0xB30A, 0x9202, 0xB302, 0xB302, 0x9302, 0xB302, 0xD402, 0xB302, 0x9202, 0x9102, 0xD53B, 0xB864, 0xD34B, 0x3CA6, 0xFFE7, 0x9FCF, 
    0xB333, 0x1113, 0xB002, 0xB102, 0xB102, 0xB202, 0xD302, 0xD302, 0xD302, 0xD302, 0xB302, 0xB302, 0xB302, 0xD302, 0xD402, 0xD40A, 
    0x3513, 0x140B, 0xF40A, 0xB723, 0xD623, 0x3C55, 0x741B, 0xF20A, 0xD20A, 0x1313, 0xB102, 0xB20A, 0x1313, 0x1313, 0x5523, 0x5423, 
    0x5323, 0x5323, 0x5323, 0x932B, 0xB433, 0xD533, 0xD533, 0xB533, 0x331B, 0xF312, 0xD20A, 0xD30A, 0xF302, 0xF402, 0xD402, 0xB302, 
    0xB302, 0xD302, 0xD402, 0xD302, 0xD402, 0xF402, 0x1403, 0x140B, 0x540B, 0x140B, 0xF302, 0x340B, 0x130B, 0x120B, 0x941B, 0x5413, 
    0x140B, 0xF40A, 0xF402, 0xF402, 0xD402, 0xD402, 0xD402, 0xD402, 0xD402, 0xD402, 0xD402, 0xB302, 0xB302, 0xD302, 0x140B, 0x3413, 
    0xD20A, 0xF30A, 0x5102, 0x5513, 0xB302, 0xD302, 0x961B, 0x1413, 0x3423, 0x532B, 0x933B, 0x313B, 0xD44B, 0x9243, 0x9343, 0x933B, 
    0xF53B, 0xB52B, 0x9423, 0x331B, 0x751B, 0x951B, 0x140B, 0x550B, 0x560B, 0x9613, 0xB71B, 0xB71B, 0x1413, 0x3513, 0x383C, 0x1734, 
    0xF733, 0x751B, 0x1413, 0x1413, 0x5513, 0x5513, 0x550B, 0x7613, 0x350B, 0x750B, 0x750B, 0x5403, 0x3303, 0x730B, 0x740B, 0x740B, 
    0x540B, 0x740B, 0x7513, 0x130B, 0x5513, 0x961B, 0x350B, 0x7613, 0x3403, 0x550B, 0x9513, 0x540B, 0x540B, 0x9513, 0x5413, 0xB62B, 
    0xBF8E, 0x7844, 0x121B, 0x331B, 0x531B, 0x130B, 0xF30A, 0x130B, 0x540B, 0x340B, 0x3403, 0x350B, 0x3503, 0xF402, 0xF402, 0xF402, 
    0xB302, 0xD402, 0xD402, 0xD402, 0xF402, 0xF402, 0xF402, 0xF402, 0xF402, 0xF402, 0x1403, 0x1403, 0xF402, 0xF402, 0xF402, 0xF402, 
    0x9713, 0x760B, 0x350B, 0x1403, 0xF302, 0xD302, 0xD302, 0x1503, 0xB302, 0xD402, 0xF502, 0xF502, 0xB402, 0xB302, 0x1413, 0x9623, 
    0xD72B, 0xB62B, 0x341B, 0xB62B, 0x942B, 0x5323, 0xD11A, 0x332B, 0x985C, 0x7764, 0x7864, 0xB96C, 0x123B, 0xB44B, 0x986C, 0x7764, 
    0x1033, 0x1033, 0x7EAE, 0xFFBE, 0x9674, 0x3143, 0x0D12, 0xD022, 0x900A, 0xB102, 0xD202, 0xD202, 0xD202, 0xB202, 0x9202, 0x9202, 
    0x7202, 0xD402, 0xD402, 0x1513, 0xF40A, 0x9202, 0x920A, 0xB10A, 0x9012, 0x9754, 0x7E9E, 0xF774, 0x9574, 0x5FD7, 0x5FDF, 0xDFDF, 
    0x386D, 0xD00A, 0xF10A, 0x9002, 0x9102, 0xD20A, 0xF30A, 0x140B, 0xF30A, 0xF30A, 0xF30A, 0xF302, 0xD302, 0xD402, 0xD40A, 0xF50A, 
    0xF40A, 0x7202, 0xF82B, 0xF82B, 0x961B, 0x3834, 0x751B, 0xB202, 0xF30A, 0xD302, 0xB202, 0xD302, 0xD302, 0xD302, 0xD302, 0xF40A, 
    0xD20A, 0x541B, 0x9423, 0xB42B, 0xD533, 0xD42B, 0x942B, 0xB42B, 0xD20A, 0xD30A, 0xD30A, 0xD302, 0xD402, 0xD402, 0xD302, 0xD302, 
    0xB302, 0xD402, 0xF402, 0xD402, 0xB302, 0xB302, 0xF302, 0x140B, 0x140B, 0xD202, 0x140B, 0x7513, 0x340B, 0xF302, 0x340B, 0x550B, 
    0x1403, 0xF402, 0xF402, 0xF402, 0xD402, 0xD402, 0xD402, 0xD402, 0xD502, 0xD402, 0xB402, 0xD402, 0xD302, 0xB302, 0xD302, 0x140B, 
    0xF30A, 0xF30A, 0xF30A, 0xF202, 0xF30A, 0x140B, 0x3413, 0x3413, 0x3413, 0x3413, 0x331B, 0x942B, 0x9433, 0xD443, 0x565C, 0x933B, 
    0xD533, 0xD633, 0xF633, 0xB52B, 0x541B, 0x541B, 0x541B, 0xF30A, 0x7613, 0x9613, 0xF81B, 0xB713, 0x1403, 0x5513, 0xF72B, 0xB623, 
    0x951B, 0x9513, 0x7513, 0x550B, 0x550B, 0x760B, 0x960B, 0xB70B, 0x760B, 0x960B, 0x960B, 0x3403, 0x3403, 0x740B, 0x9513, 0x7413, 
    0x7513, 0x5513, 0x5513, 0x540B, 0x340B, 0xB61B, 0xB61B, 0x340B, 0xF302, 0x7513, 0x7513, 0x340B, 0x540B, 0x550B, 0x5513, 0x751B, 
    0x1E76, 0x984C, 0x1213, 0x531B, 0x5413, 0x751B, 0xF302, 0x3403, 0x550B, 0x3503, 0x3503, 0x350B, 0x1503, 0xF402, 0xD402, 0xD402, 
    0xD402, 0xD402, 0xD502, 0xD402, 0xD402, 0xF402, 0x1503, 0x350B, 0xD402, 0xF402, 0x150B, 0x1503, 0xF402, 0xD402, 0xF502, 0x1503, 
    0x560B, 0x550B, 0x1503, 0xF402, 0xD402, 0xD402, 0xD402, 0xD402, 0xB402, 0xB402, 0xF502, 0xD402, 0xB302, 0xB302, 0xB302, 0x9623, 
    0x752B, 0x784C, 0x542B, 0xD53B, 0x9433, 0x5323, 0x121B, 0xF21A, 0x9533, 0x3323, 0x374C, 0xB53B, 0xF12A, 0x1554, 0xB76C, 0x355C, 
    0xF02A, 0x3133, 0x9EAE, 0x3FC7, 0xDB9D, 0x9A95, 0xD453, 0xAF22, 0xD012, 0xF102, 0xF202, 0xF302, 0xD302, 0xB202, 0x920A, 0x930A, 
    0xD402, 0xF502, 0xD402, 0xD302, 0xF40A, 0xD20A, 0x710A, 0xD11A, 0x364C, 0x9B85, 0xDFB6, 0x5885, 0x5474, 0x7FD7, 0x7FDF, 0x9FD7, 
    0xFB85, 0x311B, 0xF112, 0x9002, 0xD20A, 0xF30A, 0x1413, 0x140B, 0x130B, 0x130B, 0x130B, 0xF30A, 0xF40A, 0xF40A, 0xD50A, 0xD402, 
    0xB402, 0xB302, 0x593C, 0xF82B, 0x140B, 0x761B, 0x140B, 0xD302, 0xD302, 0xD302, 0xD302, 0xF402, 0xF402, 0xD302, 0xD402, 0xF402, 
    0xF30A, 0x3413, 0x741B, 0xB423, 0xF533, 0xF42B, 0x9423, 0x741B, 0xD20A, 0xD30A, 0xD402, 0xD402, 0xD402, 0xD402, 0xD302, 0xD302, 
    0xD402, 0xD402, 0xF402, 0xF402, 0xD302, 0xD302, 0x1303, 0x340B, 0x540B, 0x130B, 0x750B, 0xB61B, 0x750B, 0x3403, 0x350B, 0x550B, 
    0x1503, 0x1503, 0xF502, 0xF502, 0xD402, 0xD502, 0xD502, 0xD502, 0xD502, 0xD402, 0xB402, 0xD402, 0xD402, 0xB302, 0xD402, 0x140B, 
    0x140B, 0x130B, 0xF30A, 0xF202, 0x130B, 0x5413, 0x5513, 0x5513, 0x350B, 0x5513, 0x5513, 0xB623, 0x952B, 0xB533, 0x564C, 0xB43B, 
    0xF63B, 0xF633, 0x163C, 0xD533, 0x942B, 0x942B, 0x9523, 0x1313, 0x5513, 0x760B, 0xB713, 0x9613, 0xF402, 0x540B, 0xB623, 0x951B, 
    0x9513, 0x7413, 0x540B, 0x550B, 0x550B, 0x750B, 0x760B, 0x960B, 0x760B, 0x960B, 0x960B, 0x550B, 0x340B, 0x550B, 0x7513, 0x5413, 
    0x7513, 0x5513, 0x5513, 0x540B, 0x5513, 0xD61B, 0xF723, 0x7513, 0xF302, 0x7513, 0x7513, 0x340B, 0x550B, 0x550B, 0x550B, 0x5413, 
    0x1B55, 0x5744, 0x331B, 0x331B, 0x130B, 0x7513, 0xF302, 0xF302, 0x550B, 0x3503, 0x1503, 0x350B, 0x150B, 0xF402, 0xF402, 0xF402, 
    0xD402, 0xD502, 0xD502, 0xD402, 0xD402, 0xF402, 0x140B, 0x150B, 0xD402, 0xF402, 0x150B, 0x150B, 0xD502, 0xD402, 0xF502, 0x1503, 
    0x360B, 0x350B, 0x1503, 0xF502, 0xD402, 0xD402, 0xD502, 0xD502, 0xB402, 0xB402, 0xF50A, 0xD402, 0xD40A, 0xF40A, 0x140B, 0xF733, 
    0xD633, 0x574C, 0x3323, 0x7433, 0x9433, 0x532B, 0x742B, 0x131B, 0x910A, 0xF312, 0xDA54, 0xDA5C, 0x364C, 0xD864, 0x7664, 0x513B, 
    0x4E12, 0x933B, 0x3FBF, 0xFFBE, 0x7A8D, 0x5EAE, 0x5A85, 0x7333, 0x1213, 0x320B, 0x3303, 0x1303, 0xD302, 0xB202, 0x920A, 0xB30A, 
    0xD402, 0xF502, 0x150B, 0x9302, 0x1413, 0xF31A, 0x500A, 0x7333, 0x5E96, 0x1FB7, 0x7FCF, 0x1BA6, 0x5474, 0x9FDF, 0x9FDF, 0x7FCF, 
    0x9D96, 0x7223, 0xF012, 0x9002, 0xF212, 0x751B, 0x751B, 0x5513, 0x5513, 0x3413, 0x330B, 0x130B, 0x140B, 0xF40A, 0xD402, 0xB402, 
    0xB302, 0xB302, 0xF82B, 0x9623, 0xB302, 0xF40A, 0xD402, 0xF40A, 0xD302, 0xD302, 0xD302, 0xF402, 0xF402, 0xD302, 0xD302, 0xD302, 
    0xF30A, 0xF30A, 0x5313, 0xD52B, 0x3634, 0xD52B, 0x731B, 0x531B, 0xD30A, 0xD30A, 0xD402, 0xD402, 0xD402, 0xD402, 0xD302, 0xD302, 
    0xF402, 0xF502, 0xF50A, 0xF40A, 0xF402, 0xF302, 0x140B, 0x340B, 0x540B, 0x3303, 0x7513, 0xB61B, 0x550B, 0x1403, 0x1403, 0x1403, 
    0x1503, 0x1503, 0x1403, 0xF402, 0xF502, 0xD402, 0xD502, 0xD502, 0xD502, 0xD402, 0xD402, 0xD402, 0xD402, 0xB302, 0xD402, 0x140B, 
    0x350B, 0x1403, 0xF302, 0xD302, 0x3413, 0x751B, 0x961B, 0x5513, 0x350B, 0x7613, 0x761B, 0xB623, 0x7523, 0x942B, 0x1644, 0xD53B, 
    0xF63B, 0xF63B, 0xF63B, 0xD533, 0x9433, 0xB533, 0x952B, 0x1313, 0x5513, 0x7513, 0x9613, 0x550B, 0xF302, 0x3413, 0x9523, 0x741B, 
    0x751B, 0x5413, 0x5413, 0x7413, 0x7513, 0x540B, 0x540B, 0x7513, 0x750B, 0x750B, 0x550B, 0x540B, 0x540B, 0x750B, 0x7513, 0x7513, 
    0x9513, 0x550B, 0x540B, 0x340B, 0x540B, 0xD61B, 0x1824, 0xB61B, 0xF302, 0x550B, 0x7513, 0x350B, 0x340B, 0x550B, 0x550B, 0x340B, 
    0x173C, 0x373C, 0x9423, 0x7423, 0x330B, 0x951B, 0x340B, 0xF302, 0x550B, 0x3503, 0x1503, 0x350B, 0x350B, 0x140B, 0xF402, 0xF40A, 
    0xD402, 0xD502, 0xD402, 0xD402, 0xD402, 0xF402, 0x140B, 0x150B, 0xF402, 0x140B, 0x150B, 0x150B, 0xD502, 0xD402, 0xD502, 0xF502, 
    0x1503, 0x1503, 0xF502, 0xF502, 0xD502, 0xD502, 0xD502, 0xD502, 0xB402, 0x9402, 0xD402, 0xB302, 0xD402, 0xF40A, 0x140B, 0xF72B, 
    0x373C, 0x784C, 0x9533, 0x9433, 0xD53B, 0x742B, 0x1644, 0x952B, 0xF312, 0x341B, 0x5844, 0x173C, 0x9433, 0x985C, 0xB764, 0xB343, 
    0x9012, 0x5333, 0x1D8E, 0xBC8D, 0x197D, 0x1FBF, 0x5E96, 0x522B, 0x331B, 0x5313, 0x540B, 0x3303, 0xF302, 0xB202, 0xB20A, 0xD30A, 
    0xB402, 0xB402, 0x360B, 0xB302, 0xF312, 0xB212, 0x2F0A, 0xB864, 0x7FC7, 0xDFD7, 0xBFD7, 0x9DB6, 0x5474, 0x9FD7, 0x9FDF, 0x7FCF, 
    0x7D8E, 0x511B, 0xD00A, 0x9002, 0x3313, 0xB623, 0xD723, 0xD723, 0xB51B, 0x7413, 0x330B, 0x130B, 0x140B, 0xF40A, 0xD402, 0xB402, 
    0xF40A, 0x9302, 0x3513, 0xF40A, 0xB302, 0x3513, 0xF40A, 0xD402, 0xD402, 0xD302, 0xD302, 0xF402, 0xD402, 0xD302, 0xD302, 0xD302, 
    0xD30A, 0xF30A, 0x9523, 0x573C, 0x3634, 0xB423, 0x531B, 0x541B, 0xD30A, 0xD30A, 0xD402, 0xD402, 0xD402, 0xD402, 0xD402, 0xD402, 
    0xF402, 0xF50A, 0x150B, 0x140B, 0x1403, 0x1403, 0x140B, 0x340B, 0x540B, 0x3403, 0x750B, 0x7513, 0x3403, 0xF302, 0xF402, 0xF302, 
    0x350B, 0x3403, 0x1403, 0x1403, 0xF402, 0xF502, 0xF502, 0xF502, 0xF502, 0xD502, 0xD402, 0xD402, 0xD402, 0xB302, 0xD402, 0x150B, 
    0x550B, 0x1403, 0xD302, 0xD302, 0x3413, 0xB623, 0x9523, 0x3413, 0x3413, 0x961B, 0x961B, 0xB72B, 0x9523, 0x5423, 0xD63B, 0xD53B, 
    0xD53B, 0xD53B, 0xF53B, 0xD53B, 0xB433, 0xD53B, 0xB533, 0x131B, 0x9623, 0x961B, 0x7613, 0x340B, 0x140B, 0x541B, 0x7523, 0x7423, 
    0x9523, 0x741B, 0x741B, 0x9523, 0x741B, 0x3313, 0x5413, 0x9523, 0xB51B, 0x7513, 0x340B, 0x340B, 0x540B, 0x7513, 0x9613, 0xB61B, 
    0x9513, 0x340B, 0x140B, 0x1403, 0x140B, 0x961B, 0xF723, 0xB61B, 0xF302, 0x340B, 0x7513, 0x550B, 0x1403, 0x550B, 0x550B, 0xF30A, 
    0x9423, 0xD533, 0xB52B, 0xD62B, 0x7413, 0xB61B, 0x540B, 0x1403, 0x750B, 0x3503, 0x1503, 0x3503, 0x350B, 0x1503, 0xF402, 0xF40A, 
    0xD402, 0xD502, 0xD402, 0xD402, 0xD402, 0xF402, 0x150B, 0x350B, 0x140B, 0x150B, 0x150B, 0xF402, 0xD402, 0xD402, 0xD502, 0xF502, 
    0xD502, 0xF502, 0xD502, 0xD502, 0xD502, 0xD502, 0xD502, 0xD502, 0xB402, 0xB402, 0xD40A, 0xB302, 0xD402, 0xF40A, 0xD302, 0xB623, 
    0xB62B, 0x173C, 0xF63B, 0xD53B, 0xD53B, 0x532B, 0x9854, 0xF63B, 0xB112, 0x331B, 0xD633, 0xB533, 0x742B, 0x574C, 0x5754, 0x3233, 
    0x5002, 0xF21A, 0x1B6D, 0x1A6D, 0xB864, 0x7F9E, 0xFD85, 0x732B, 0x531B, 0x7413, 0x740B, 0x3403, 0xF302, 0xD202, 0xD20A, 0xD30A, 
    0xB402, 0x9402, 0x350B, 0x9302, 0x910A, 0x4F0A, 0x901A, 0x1D96, 0x7FCF, 0xBFD7, 0x9FD7, 0xFEC6, 0xB57C, 0x3FCF, 0x5FD7, 0x5FC7, 
    0xDA7D, 0xF012, 0xB00A, 0xB10A, 0x541B, 0xB623, 0xF72B, 0x382C, 0xD623, 0x9513, 0x330B, 0xF302, 0xF30A, 0xF40A, 0xD402, 0xD402, 
    0xF40A, 0x9302, 0xB402, 0xB302, 0xB402, 0x3513, 0xF40A, 0xD402, 0xF402, 0xD402, 0xD302, 0xD402, 0xD402, 0xD302, 0xD402, 0xF402, 
    0xD30A, 0x1413, 0x3734, 0xD944, 0x1634, 0x531B, 0x3313, 0x3413, 0xD30A, 0xD402, 0xD402, 0xD402, 0xD502, 0xD402, 0xD402, 0xD402, 
    0xD402, 0xF402, 0xF402, 0xF402, 0x1403, 0x1403, 0x1403, 0x1403, 0x7513, 0x550B, 0x7513, 0x9513, 0x3403, 0x1403, 0x3403, 0x1403, 
    0x550B, 0x340B, 0x1403, 0x1403, 0xF402, 0xF402, 0xF502, 0xF502, 0xF502, 0xD502, 0xD502, 0xD402, 0xD402, 0xD402, 0xD402, 0x150B, 
    0x360B, 0x1503, 0xB302, 0xD302, 0x751B, 0xF733, 0xB52B, 0x1313, 0x3413, 0xB723, 0xB723, 0xD72B, 0x962B, 0x5423, 0xB633, 0xD63B, 
    0xD53B, 0xD53B, 0xF543, 0xD543, 0xB43B, 0x1644, 0xF643, 0x5423, 0xD62B, 0xD72B, 0x551B, 0xF30A, 0x1413, 0x7423, 0x952B, 0x742B, 
    0x952B, 0x7423, 0x952B, 0xD533, 0xB52B, 0x7423, 0xB52B, 0x5744, 0x7844, 0xF62B, 0x541B, 0x3313, 0x540B, 0x750B, 0x9613, 0xF71B, 
    0x9613, 0x340B, 0xF402, 0xF302, 0xF402, 0x7613, 0xB71B, 0x961B, 0xF402, 0x1403, 0x5513, 0x550B, 0xF402, 0x350B, 0x5513, 0xD302, 
    0x541B, 0x7423, 0x531B, 0xB523, 0x741B, 0x951B, 0x340B, 0x1403, 0x9613, 0x550B, 0x3503, 0x3503, 0x350B, 0x1503, 0xD402, 0xD402, 
    0xD402, 0xF502, 0xD402, 0xF402, 0xF402, 0x1403, 0x350B, 0x560B, 0x1503, 0x1503, 0x1403, 0xF402, 0xD402, 0xD402, 0xD502, 0xD502, 
    0xB402, 0xD502, 0xD502, 0xD502, 0xD502, 0xD502, 0xD502, 0xD502, 0xD502, 0xF50A, 0x3613, 0xF402, 0xF40A, 0xF40A, 0xD302, 0x751B, 
    0x541B, 0x7423, 0xB52B, 0xD53B, 0xD53B, 0x9433, 0xD95C, 0xB433, 0x900A, 0x331B, 0xB533, 0xD633, 0xB52B, 0x163C, 0xF53B, 0xD11A, 
    0x7102, 0xD312, 0x584C, 0x1644, 0x3333, 0x574C, 0x784C, 0x7423, 0x3313, 0x540B, 0x540B, 0x3403, 0xF302, 0xB202, 0xD20A, 0xF30A, 
    0xF502, 0xD402, 0xD402, 0x9202, 0xB112, 0xD122, 0xF453, 0x1FBF, 0x5FCF, 0x7FD7, 0x7FD7, 0x5FD7, 0x989D, 0x3FCF, 0x3FCF, 0x7FC7, 
    0x996D, 0xCF0A, 0xF00A, 0xF10A, 0x5413, 0x751B, 0xB61B, 0x1724, 0xB51B, 0x7413, 0x130B, 0xF302, 0xD302, 0xD402, 0xF40A, 0xF40A, 
    0xD402, 0xD40A, 0xD40A, 0xB402, 0xB302, 0xB302, 0xD402, 0xF40A, 0xF40A, 0xD402, 0xD302, 0xD402, 0xD402, 0xD302, 0xF402, 0x140B, 
    0x140B, 0x5413, 0x583C, 0xB944, 0xB523, 0x120B, 0x1313, 0x130B, 0xD302, 0xD402, 0xD502, 0xD502, 0xD502, 0xD502, 0xD402, 0xD402, 
    0xD402, 0xD402, 0xF402, 0xF402, 0xF402, 0xF402, 0x1403, 0x1303, 0x7513, 0x550B, 0x7513, 0x7513, 0x1403, 0x1403, 0x550B, 0x550B, 
    0x550B, 0x540B, 0x340B, 0x1403, 0xF402, 0xF402, 0xF502, 0xF502, 0xF502, 0xD502, 0xD502, 0xD502, 0xD402, 0xB402, 0xD502, 0x150B, 
    0x360B, 0x1503, 0xB302, 0xF40A, 0xD633, 0x784C, 0xF73B, 0x331B, 0x131B, 0xB62B, 0xB62B, 0xD733, 0xD72B, 0x5523, 0x962B, 0xD63B, 
    0xD53B, 0xF543, 0x154C, 0xB443, 0x943B, 0x154C, 0x1644, 0x742B, 0xD633, 0xD733, 0x341B, 0xD30A, 0x341B, 0xB52B, 0x952B, 0x9533, 
    0x952B, 0x742B, 0xB533, 0xF643, 0xD53B, 0xB43B, 0x774C, 0x9B75, 0x7B6D, 0x984C, 0xB52B, 0x541B, 0x5413, 0x550B, 0x9613, 0xF71B, 
    0xB71B, 0x350B, 0x1403, 0xF402, 0xF402, 0x5513, 0xB71B, 0x961B, 0x140B, 0xF402, 0x550B, 0x5513, 0xF402, 0x350B, 0x7613, 0xD302, 
    0x7423, 0x7423, 0x1313, 0x7423, 0x541B, 0xB51B, 0x340B, 0x340B, 0x9613, 0x550B, 0x1403, 0x1503, 0x150B, 0x1403, 0xD402, 0xD402, 
    0xD402, 0xD502, 0xD402, 0xF402, 0xF402, 0x150B, 0x560B, 0x7613, 0x150B, 0x1403, 0xF402, 0xF402, 0xD402, 0xD402, 0xD502, 0xD502, 
    0xB502, 0xD502, 0xD502, 0xD502, 0xD502, 0xD502, 0xD502, 0xD502, 0xB402, 0xF50A, 0x5613, 0x150B, 0xF40A, 0xF40A, 0xD302, 0x751B, 
    0x961B, 0x541B, 0x952B, 0x5744, 0x364C, 0x7754, 0x7B75, 0xB433, 0x3223, 0x942B, 0x952B, 0x952B, 0x952B, 0xB52B, 0xF63B, 0x5323, 
    0x3613, 0xB302, 0xB20A, 0x910A, 0xB212, 0x942B, 0x7423, 0xB10A, 0xF20A, 0x330B, 0x540B, 0x3403, 0xF202, 0xB102, 0xD202, 0xF30A, 
    0xF402, 0xD402, 0xB302, 0xD312, 0xB53B, 0xB764, 0xFB9D, 0x5FCF, 0x7FDF, 0x5FDF, 0x5ED7, 0x9FDF, 0x9CBE, 0x5FCF, 0xFEC6, 0x5FC7, 
    0x9A6D, 0xF00A, 0x110B, 0x120B, 0x3313, 0x3413, 0x5413, 0xB61B, 0x5413, 0x540B, 0x330B, 0xF302, 0xF302, 0xF302, 0xF40A, 0xF40A, 
    0xB302, 0x150B, 0xF40A, 0xD402, 0xD402, 0x9302, 0xB302, 0xF40A, 0xF40A, 0xD402, 0xD402, 0xF402, 0xF402, 0xF402, 0xF40A, 0x140B, 
    0x140B, 0x140B, 0xF72B, 0x372C, 0x5313, 0x130B, 0x5413, 0xD302, 0xD402, 0xD402, 0xD502, 0xD502, 0xD502, 0xD502, 0xD402, 0xD402, 
    0xD402, 0xD402, 0xD402, 0xF402, 0xF402, 0x1403, 0xF402, 0xF302, 0x340B, 0x340B, 0x750B, 0x750B, 0x1403, 0x3403, 0x550B, 0x540B, 
    0x750B, 0x540B, 0x3403, 0x3403, 0x1403, 0xF402, 0xF502, 0x1503, 0xF502, 0xD502, 0xD502, 0xF502, 0xD502, 0xD402, 0xD502, 0x150B, 
    0x350B, 0x1503, 0xF40A, 0x5523, 0x784C, 0x3B65, 0x9854, 0x7433, 0xD21A, 0x9533, 0x952B, 0xD733, 0x173C, 0x952B, 0xB62B, 0x173C, 
    0x164C, 0x3754, 0x5754, 0xF54B, 0xB443, 0x1654, 0x3654, 0x943B, 0xB533, 0xB633, 0x141B, 0xD20A, 0x952B, 0xF63B, 0xD533, 0xD53B, 
    0xB53B, 0x9533, 0xD63B, 0x364C, 0xF543, 0xD443, 0xF86C, 0x7E9E, 0xFC85, 0xD85C, 0xB533, 0x7423, 0x5413, 0x540B, 0x760B, 0xF81B, 
    0xD71B, 0x350B, 0x1403, 0x1403, 0xF402, 0x5613, 0xB71B, 0x971B, 0x140B, 0xD302, 0x350B, 0x5513, 0xD302, 0x350B, 0x961B, 0xF30A, 
    0xD62B, 0xD633, 0x541B, 0x541B, 0x3313, 0xD623, 0x951B, 0x550B, 0x9613, 0x350B, 0xF402, 0x1403, 0x1503, 0x1403, 0xF402, 0xD402, 
    0xD402, 0xD502, 0xF502, 0xF402, 0x1503, 0x350B, 0x7613, 0x971B, 0x1503, 0x1403, 0xF402, 0xD402, 0xD402, 0xD402, 0xD502, 0xD502, 
    0xD502, 0xD502, 0xD502, 0xD502, 0xD502, 0xD502, 0xF502, 0xF502, 0xB402, 0x150B, 0x771B, 0x150B, 0xD402, 0xD402, 0xD302, 0x961B, 
    0xB723, 0x961B, 0xB62B, 0xD954, 0x1644, 0xD85C, 0xDC7D, 0x1544, 0xF11A, 0x742B, 0x952B, 0x373C, 0x1734, 0xB52B, 0xB52B, 0x1313, 
    0x7302, 0x9302, 0xD40A, 0xD30A, 0xF312, 0x541B, 0x541B, 0x5413, 0xF202, 0x1303, 0x3403, 0x3403, 0xF202, 0xB202, 0xD102, 0xF30A, 
    0x9302, 0xD402, 0x920A, 0x542B, 0xF96C, 0x9EAE, 0x9FD7, 0x3FD7, 0x9FE7, 0x3EDF, 0x1DD7, 0x7FDF, 0x1DCF, 0x1ECF, 0xBDB6, 0xFFB6, 
    0xBA6D, 0x100B, 0x1213, 0x120B, 0x3413, 0x130B, 0x340B, 0x7513, 0x130B, 0x330B, 0x330B, 0x130B, 0xF302, 0xF302, 0xD402, 0xF40A, 
    0xB402, 0xF40A, 0xB302, 0xD402, 0xF50A, 0xB402, 0xB402, 0xD402, 0xD402, 0xD402, 0xD402, 0x140B, 0x140B, 0x140B, 0x140B, 0x140B, 
    0x140B, 0xB302, 0x5413, 0x751B, 0xF20A, 0x3413, 0x961B, 0xD302, 0xD402, 0xD502, 0xD502, 0xD502, 0xD502, 0xD502, 0xD502, 0xD402, 
    0xD402, 0xD402, 0xD402, 0xF402, 0xF402, 0x1403, 0xF402, 0xF402, 0x1403, 0x3403, 0x750B, 0x7513, 0x340B, 0x550B, 0x750B, 0x540B, 
    0x750B, 0x740B, 0x540B, 0x3403, 0x1403, 0x1403, 0x1403, 0x1503, 0xF502, 0xD502, 0xD502, 0xF502, 0xD502, 0xD402, 0xD502, 0x150B, 
    0x350B, 0x140B, 0xF412, 0x952B, 0xDA5C, 0x9C7D, 0xF96C, 0xD443, 0xB01A, 0x7433, 0x752B, 0xD633, 0x3844, 0xB633, 0xD633, 0x3744, 
    0x985C, 0xB964, 0xD96C, 0x565C, 0xF553, 0x565C, 0x775C, 0xF54B, 0x7433, 0xB533, 0x131B, 0xF312, 0xD633, 0x3844, 0xF643, 0xF643, 
    0xF643, 0xD53B, 0xF64B, 0x3654, 0xF54B, 0xD44B, 0x1975, 0xDFAE, 0xFC8D, 0xB85C, 0x9433, 0x531B, 0x5413, 0x340B, 0x750B, 0xD71B, 
    0xB71B, 0x150B, 0xF402, 0xF402, 0xF402, 0x5613, 0xB71B, 0xB71B, 0x350B, 0xD302, 0x350B, 0x5513, 0xD302, 0x3513, 0xB61B, 0xF30A, 
    0xD62B, 0x373C, 0x9523, 0x1313, 0xD20A, 0xF62B, 0xD623, 0x5413, 0x7513, 0x3403, 0xF402, 0xF402, 0x1503, 0x1503, 0xF402, 0xD402, 
    0xD502, 0xD502, 0xF502, 0xF402, 0x1503, 0x550B, 0x9613, 0xB71B, 0x1503, 0xF402, 0xF402, 0xD402, 0xD402, 0xD402, 0xF502, 0xD502, 
    0xD502, 0xD502, 0xD502, 0xD502, 0xD502, 0xF502, 0xF502, 0xF502, 0xF50A, 0x5613, 0xB823, 0x350B, 0xF402, 0xF402, 0xF302, 0xB71B, 
    0x550B, 0x7613, 0xD62B, 0xDA54, 0x5323, 0x3644, 0x7B75, 0x364C, 0xF11A, 0x7423, 0x7423, 0x1734, 0x1734, 0x541B, 0x9523, 0x3313, 
    0x9402, 0x9402, 0x9302, 0xB302, 0x3413, 0x9523, 0x751B, 0x130B, 0x1303, 0x1303, 0x1403, 0xF302, 0xF302, 0xD202, 0xD202, 0xD202, 
    0xD302, 0x9202, 0x131B, 0xB95C, 0x7E9E, 0xDFB6, 0x1FC7, 0xBFE7, 0x3EDF, 0x3EDF, 0x3EDF, 0x3ED7, 0xFECE, 0xBDBE, 0x5BAE, 0xFB95, 
    0x395D, 0x3534, 0x731B, 0x5413, 0x5413, 0xF302, 0x140B, 0x7513, 0x540B, 0x340B, 0x1303, 0xF302, 0xD302, 0xD302, 0xD402, 0xF40A, 
    0xD402, 0xF402, 0xD402, 0xD402, 0xD402, 0xD402, 0xD402, 0xD402, 0xF50A, 0xD402, 0xB302, 0x5A34, 0xBB44, 0xF40A, 0xB302, 0xF30A, 
    0xF40A, 0xF302, 0xD302, 0xF302, 0x5413, 0x5413, 0x140B, 0xF402, 0xD402, 0xD502, 0xD602, 0xD602, 0xD502, 0xD502, 0xD502, 0xF402, 
    0xF402, 0xF402, 0xF402, 0xF402, 0xF402, 0xF402, 0x1403, 0x1403, 0x1403, 0x1403, 0x1403, 0x550B, 0x550B, 0x550B, 0x550B, 0x750B, 
    0xB513, 0x940B, 0x540B, 0x3403, 0x1403, 0x1403, 0x1403, 0x1503, 0x1503, 0xF402, 0xD502, 0xF502, 0xF502, 0xD402, 0xF502, 0x350B, 
    0x3513, 0xB202, 0xF733, 0x1E86, 0x3B75, 0x5B7D, 0xD86C, 0x9343, 0x733B, 0xF643, 0x3744, 0xB533, 0xD63B, 0xD63B, 0x542B, 0xD63B, 
    0x985C, 0x1A75, 0x9764, 0x1554, 0x565C, 0x1975, 0x7B7D, 0xB864, 0xF643, 0x1323, 0x1323, 0xF31A, 0x584C, 0xB954, 0x9954, 0xB95C, 
    0x164C, 0xD543, 0x3754, 0xF54B, 0xD44B, 0x565C, 0xD76C, 0x1C96, 0xDC8D, 0x196D, 0xD43B, 0x942B, 0x741B, 0x540B, 0xB613, 0xB71B, 
    0xB713, 0x350B, 0x150B, 0x1503, 0xD402, 0x5613, 0xD723, 0x7613, 0x350B, 0xD302, 0x140B, 0x140B, 0xF302, 0x5513, 0x9623, 0x1413, 
    0x383C, 0x583C, 0x3313, 0xF20A, 0x541B, 0x372C, 0xB51B, 0xB61B, 0x7513, 0x1403, 0xF402, 0x1503, 0x1403, 0x1503, 0x1503, 0xD402, 
    0xF502, 0x1503, 0xF502, 0xD402, 0x350B, 0xB71B, 0xB71B, 0x550B, 0x1403, 0x1403, 0xF402, 0xF402, 0xF502, 0xF502, 0xF502, 0xD502, 
    0xF602, 0xD602, 0xD602, 0xD502, 0xB502, 0xB402, 0xD402, 0xD402, 0x150B, 0x5613, 0x5613, 0x140B, 0xD302, 0xF402, 0x350B, 0x5513, 
    0x7613, 0x140B, 0xF72B, 0x5844, 0xD53B, 0x574C, 0xB85C, 0xD53B, 0x3223, 0xF212, 0x7423, 0xB623, 0x741B, 0x9523, 0xB523, 0x3413, 
    0xF602, 0xD502, 0x9302, 0xF40A, 0xF82B, 0x5834, 0x951B, 0xF302, 0xD302, 0xD302, 0xF302, 0xF302, 0xF302, 0xF302, 0xF302, 0xF30A, 
    0xD30A, 0x5102, 0x131B, 0x1A65, 0x9FA6, 0xFFBE, 0xFEC6, 0x1ECF, 0x7FDF, 0x3ED7, 0x3ED7, 0x3ED7, 0x9CB6, 0xDA9D, 0x177D, 0x3454, 
    0x153C, 0xB31B, 0x5313, 0x5413, 0x5513, 0x140B, 0x1403, 0x550B, 0x340B, 0x340B, 0x1303, 0xF302, 0xD302, 0xD302, 0xD402, 0xD40A, 
    0xD402, 0xD402, 0xD402, 0xD402, 0xD402, 0xD502, 0xD502, 0xD502, 0xB402, 0xD402, 0xB402, 0x7A3C, 0xBB44, 0x5513, 0x3413, 0x5513, 
    0x140B, 0xF302, 0xF302, 0x1303, 0x130B, 0x340B, 0x340B, 0x350B, 0xD502, 0xD502, 0xD602, 0xD602, 0xD502, 0xD502, 0xD502, 0xF402, 
    0xF402, 0xF402, 0xF402, 0xF402, 0xF402, 0xF402, 0x1403, 0x1503, 0x1503, 0x1403, 0x1403, 0x3503, 0x340B, 0x3403, 0x3403, 0x5403, 
    0x740B, 0x540B, 0x3403, 0x1303, 0x1403, 0x1403, 0x1503, 0x3503, 0x350B, 0xF502, 0xD402, 0xF502, 0xD402, 0xD402, 0xD402, 0x150B, 
    0x1413, 0x920A, 0x994C, 0xDD7D, 0x5B75, 0xF86C, 0x7664, 0x723B, 0xD443, 0x164C, 0x574C, 0xF63B, 0xD53B, 0xD53B, 0x7433, 0xB53B, 
    0x164C, 0xD96C, 0x9864, 0x7764, 0xB86C, 0x7A85, 0x1D96, 0x9B7D, 0xF643, 0x1323, 0x3423, 0x742B, 0x584C, 0x584C, 0x1644, 0x7854, 
    0x5754, 0x164C, 0x775C, 0x1654, 0x1554, 0x9764, 0xF874, 0x1C96, 0xF86C, 0x5654, 0x7333, 0xD533, 0x9523, 0xF30A, 0x7513, 0xD71B, 
    0x9613, 0x350B, 0x350B, 0x1503, 0xF402, 0x7613, 0xF823, 0xB61B, 0x3513, 0xD302, 0xF40A, 0x340B, 0x140B, 0x751B, 0xB623, 0x3413, 
    0x1734, 0x373C, 0x3313, 0xF20A, 0x3313, 0x162C, 0x951B, 0xB61B, 0x7513, 0xF302, 0xF302, 0x1503, 0x1403, 0x1503, 0x1503, 0xD402, 
    0xD502, 0xF502, 0xF502, 0xD402, 0x350B, 0x9713, 0x9613, 0x350B, 0x1403, 0x1403, 0x1403, 0x1403, 0x1503, 0x1503, 0x1503, 0xF502, 
    0xF602, 0xF502, 0xD502, 0xD502, 0xD402, 0xD402, 0xD402, 0xF402, 0x150B, 0x5513, 0x5513, 0x140B, 0xD302, 0xF402, 0x350B, 0x550B, 
    0x1503, 0xD402, 0x3413, 0x741B, 0x121B, 0x942B, 0x163C, 0xB433, 0x5323, 0xF212, 0x1313, 0x751B, 0x541B, 0x751B, 0x9523, 0x541B, 
    0xF60A, 0xD502, 0x7302, 0xF40A, 0x382C, 0x382C, 0x540B, 0xF302, 0xB302, 0xD302, 0xD302, 0xD402, 0xD302, 0xD302, 0xF302, 0xF30A, 
    0xD30A, 0x7202, 0x3423, 0x7854, 0x1A75, 0x1C96, 0xFFBE, 0x5FD7, 0x5FD7, 0xBDC6, 0x1EC7, 0xFEBE, 0x998D, 0xB66C, 0x345C, 0x7233, 
    0x521B, 0x5213, 0x330B, 0x340B, 0x140B, 0x1403, 0x1403, 0x350B, 0x3403, 0x1403, 0xF302, 0xF302, 0xD302, 0xD402, 0xD402, 0xD50A, 
    0xD402, 0xF402, 0xD402, 0xD402, 0xD502, 0xD502, 0xD502, 0xD502, 0xB402, 0xF50A, 0xF50A, 0x3934, 0x5934, 0xF40A, 0x3413, 0x140B, 
    0x140B, 0xF302, 0x5413, 0x7513, 0x1303, 0x3403, 0x7513, 0x550B, 0xD502, 0xF502, 0xF602, 0xD602, 0xD502, 0xD502, 0xD402, 0xF402, 
    0x1403, 0xF402, 0xF402, 0xF402, 0xF502, 0x1503, 0x1503, 0x1503, 0x1503, 0xF402, 0x1403, 0x3403, 0x3403, 0x1403, 0x1303, 0x1303, 
    0x3403, 0x3303, 0x3303, 0x1303, 0x1403, 0x1403, 0x1503, 0x1503, 0x360B, 0x1503, 0xF402, 0xF402, 0xD402, 0xD402, 0xF402, 0xF40A, 
    0x1313, 0xD212, 0x3B6D, 0x9C7D, 0x5A7D, 0x9764, 0x565C, 0xB343, 0xD864, 0x7754, 0x9854, 0x1644, 0xB53B, 0x1644, 0x1644, 0x364C, 
    0xD543, 0x575C, 0x1654, 0x155C, 0x976C, 0x197D, 0x7B85, 0xD86C, 0x164C, 0x7433, 0x742B, 0x3744, 0x5844, 0x3744, 0xB53B, 0x7854, 
    0x9854, 0x5754, 0x775C, 0x3654, 0x154C, 0x565C, 0xB764, 0x5A75, 0x354C, 0xD43B, 0x9433, 0x363C, 0xF62B, 0xF20A, 0x5413, 0xF723, 
    0x7613, 0x350B, 0x350B, 0x150B, 0xF402, 0x7613, 0xF823, 0xF723, 0x5513, 0xF30A, 0xF30A, 0x3413, 0x551B, 0x9623, 0xB623, 0x751B, 
    0xF733, 0x1734, 0x3313, 0x1313, 0x3313, 0xD623, 0x951B, 0xD623, 0x7513, 0xF302, 0xF302, 0x1503, 0x1403, 0x1503, 0x1503, 0xD402, 
    0xD402, 0xF502, 0xF502, 0xF402, 0x350B, 0x7613, 0x760B, 0x3503, 0x1403, 0x1403, 0x1403, 0x3503, 0x360B, 0x360B, 0x1603, 0x1503, 
    0x160B, 0xF50A, 0xD50A, 0xD40A, 0xF40A, 0x150B, 0x150B, 0x140B, 0x350B, 0x350B, 0x340B, 0xF402, 0xF402, 0x1403, 0x350B, 0x350B, 
    0x3503, 0x1503, 0x140B, 0xF30A, 0xF212, 0x5323, 0xF633, 0x373C, 0xD62B, 0x1313, 0xF30A, 0x541B, 0x751B, 0x7523, 0x9523, 0x7423, 
    0xB502, 0xF50A, 0xD402, 0xF402, 0x7513, 0x340B, 0xD202, 0x140B, 0xD302, 0xD402, 0xB402, 0xB402, 0xB402, 0xB302, 0xD302, 0xD302, 
    0xD30A, 0x9202, 0xF31A, 0x5423, 0x943B, 0x7A7D, 0x1FB7, 0x1FBF, 0xFFBE, 0x3CA6, 0x7DA6, 0x1C96, 0xF44B, 0x112B, 0x5233, 0x111B, 
    0x5313, 0x5313, 0x130B, 0xF302, 0xD302, 0xF402, 0x1503, 0x1503, 0x1403, 0x1403, 0xF302, 0xF302, 0xD402, 0xD402, 0xD502, 0xD502, 
    0xD402, 0xD402, 0xD402, 0xD502, 0xD502, 0xD502, 0xD502, 0xD502, 0xB502, 0xF50A, 0xF50A, 0xD823, 0x961B, 0xB202, 0x3413, 0xF30A, 
    0x140B, 0x1303, 0xD61B, 0x1724, 0x540B, 0x3403, 0x9613, 0x1503, 0xF502, 0xF602, 0xF602, 0xF602, 0xD502, 0xD502, 0xD402, 0xF402, 
    0xF402, 0xF402, 0xF402, 0xF402, 0xF402, 0xF502, 0x1503, 0x1503, 0x1503, 0xF402, 0x1403, 0x3503, 0x3403, 0x1403, 0x1303, 0x1403, 
    0x3403, 0x3403, 0x3403, 0x3403, 0x3403, 0x1403, 0x1503, 0x1503, 0x360B, 0x1503, 0xF402, 0xD402, 0xD402, 0xF402, 0x150B, 0x3513, 
    0x341B, 0x3323, 0x3B6D, 0x196D, 0xB864, 0x975C, 0x3654, 0x164C, 0xBD7D, 0xD954, 0x984C, 0x163C, 0xD533, 0x9854, 0xF964, 0xF964, 
    0xF964, 0xF96C, 0x575C, 0x5664, 0xB874, 0xF874, 0xF874, 0x1554, 0x5754, 0xB53B, 0xB533, 0x5844, 0xF63B, 0x3744, 0xB533, 0x3744, 
    0x574C, 0x364C, 0x364C, 0xF543, 0xD443, 0xD443, 0xD443, 0x154C, 0x9433, 0xB433, 0xB433, 0x5744, 0x1634, 0x3313, 0x951B, 0xD623, 
    0x550B, 0x350B, 0x350B, 0x1403, 0x140B, 0x7513, 0xD723, 0x382C, 0x751B, 0xF30A, 0xD302, 0x5413, 0x9523, 0xB623, 0xB623, 0x9523, 
    0xF62B, 0xF62B, 0x341B, 0x541B, 0x1313, 0xB523, 0xB523, 0xF623, 0x7513, 0xF302, 0xF302, 0x1503, 0x1403, 0x1503, 0x1503, 0xD402, 
    0xD402, 0xD502, 0xF502, 0x1503, 0x350B, 0x560B, 0x350B, 0x1403, 0x1403, 0x1403, 0x1503, 0x3503, 0x360B, 0x360B, 0x1503, 0xF502, 
    0x150B, 0x150B, 0xF40A, 0x150B, 0x3513, 0x5513, 0x5513, 0x5513, 0x340B, 0x340B, 0x140B, 0xF402, 0x1403, 0x350B, 0x350B, 0x1503, 
    0x3503, 0x7613, 0x140B, 0xD302, 0x3413, 0x9523, 0xF633, 0xB94C, 0x3834, 0x541B, 0xF30A, 0x751B, 0xB62B, 0x952B, 0x942B, 0xB533, 
    0xB402, 0x150B, 0xF40A, 0xF402, 0x140B, 0xD202, 0xB202, 0x140B, 0xD302, 0xD402, 0xB40A, 0xB402, 0xB402, 0xB302, 0xB302, 0xB302, 
    0xD402, 0x9202, 0x9202, 0x920A, 0x9533, 0x1E86, 0xDFA6, 0x7B75, 0xDC85, 0x196D, 0x3A75, 0x1965, 0x9433, 0x532B, 0x173C, 0xF633, 
    0x941B, 0x7413, 0x130B, 0xD302, 0xD402, 0x1503, 0x1503, 0xF502, 0x1403, 0x1403, 0xF402, 0xF402, 0xD402, 0xD402, 0xD502, 0xD502, 
    0xD402, 0xF402, 0xD402, 0xD502, 0xD502, 0xD502, 0xD502, 0xD502, 0x9402, 0xD50A, 0xB402, 0x561B, 0x1413, 0xD30A, 0xB623, 0x751B, 
    0x5413, 0x340B, 0xF723, 0x3724, 0x5303, 0x1303, 0x750B, 0x1403, 0xF502, 0xF602, 0xF602, 0xF602, 0xD502, 0xD502, 0xD402, 0xF402, 
    0xF402, 0xF402, 0xF402, 0xF402, 0xF402, 0xF502, 0xF502, 0xF502, 0x1503, 0xF402, 0x1403, 0x3503, 0x5503, 0x3403, 0x3403, 0x5403, 
    0x5403, 0x5403, 0x3403, 0x3403, 0x3403, 0x3503, 0x1503, 0x1503, 0x350B, 0x1503, 0xF402, 0xD302, 0xF402, 0x350B, 0x7613, 0x751B, 
    0x7523, 0xD53B, 0x7854, 0x574C, 0xB43B, 0x564C, 0xD53B, 0x3744, 0xBD6D, 0x7844, 0x1734, 0xB52B, 0xD633, 0xF954, 0x3A65, 0xF964, 
    0x5B75, 0x5B75, 0xD86C, 0xD86C, 0xD86C, 0xB76C, 0xB86C, 0x5654, 0x985C, 0xF643, 0xB533, 0xD633, 0x5423, 0x1744, 0xB533, 0xB533, 
    0xB533, 0xD53B, 0xD53B, 0xD53B, 0xB433, 0x9433, 0x942B, 0x742B, 0x5323, 0xB533, 0xB533, 0xF633, 0xD533, 0x942B, 0xD52B, 0xB523, 
    0x540B, 0x550B, 0x350B, 0x1403, 0x140B, 0x5513, 0xB61B, 0x5834, 0x751B, 0xF30A, 0xD202, 0x541B, 0xD62B, 0xB523, 0x9523, 0xB62B, 
    0xF733, 0xD62B, 0x541B, 0x951B, 0x1313, 0x9523, 0xB523, 0x172C, 0x9513, 0x1303, 0xF402, 0x1503, 0x1403, 0x1503, 0x1503, 0xF502, 
    0xF502, 0xD402, 0xF502, 0x3503, 0x560B, 0x350B, 0x3503, 0x1403, 0x1403, 0x1403, 0x1503, 0x1503, 0x3503, 0x1503, 0xF502, 0xF402, 
    0x150B, 0xF40A, 0xF40A, 0x3513, 0x751B, 0x961B, 0x7513, 0x5413, 0x140B, 0x340B, 0x1403, 0xF402, 0x1403, 0x350B, 0x350B, 0x1503, 
    0xF402, 0x550B, 0xF402, 0xB202, 0x3413, 0x5413, 0x751B, 0x5834, 0xF72B, 0x5513, 0xF302, 0x541B, 0xD62B, 0xB52B, 0x9433, 0xF53B, 
    0xB40A, 0xB402, 0xD402, 0xF302, 0x130B, 0x540B, 0x340B, 0xD302, 0xB302, 0xB40A, 0xB40A, 0xB40A, 0xB40A, 0xD402, 0xD402, 0xD402, 
    0xB402, 0xD402, 0xD402, 0xB202, 0x9623, 0xBD6D, 0x1F7E, 0x994C, 0xF63B, 0x3323, 0x3423, 0x7423, 0x1313, 0x9523, 0xF72B, 0x751B, 
    0x5413, 0x540B, 0x1403, 0x1403, 0x1503, 0x360B, 0x1603, 0xF502, 0x1503, 0x1403, 0x1403, 0xF402, 0xD402, 0xD502, 0xD502, 0xD502, 
    0xD402, 0xD402, 0xD402, 0xD502, 0xD502, 0xD502, 0xD502, 0xD502, 0xB502, 0xF60A, 0xB402, 0xF50A, 0x9302, 0xD30A, 0x1834, 0x951B, 
    0x951B, 0x7513, 0xD51B, 0xB513, 0x1203, 0xF202, 0x5403, 0x1403, 0x1503, 0x1603, 0xF602, 0xF602, 0xD502, 0xD402, 0xD402, 0xF402, 
    0xF402, 0xF402, 0xF402, 0xF402, 0xD402, 0xD402, 0xF502, 0xF502, 0x1503, 0xF502, 0x1503, 0x3503, 0x550B, 0x5503, 0x5403, 0x750B, 
    0x5403, 0x5403, 0x5503, 0x5503, 0x3503, 0x3503, 0x1503, 0x1503, 0x3503, 0x3503, 0x1403, 0x1403, 0x350B, 0x9613, 0xB613, 0x951B, 
    0xD633, 0x9854, 0xF643, 0xD53B, 0x532B, 0xF63B, 0xB533, 0x1734, 0x9A44, 0xB623, 0x751B, 0x5413, 0xD52B, 0x984C, 0x774C, 0x564C, 
    0x364C, 0xB864, 0xB864, 0xD86C, 0x565C, 0x1454, 0xB76C, 0x1975, 0xF964, 0x1644, 0xF63B, 0xB533, 0x3423, 0x173C, 0xD633, 0x5323, 
    0x532B, 0xD533, 0xD433, 0xF53B, 0xD533, 0xB42B, 0xF633, 0xB52B, 0x5323, 0xF633, 0xD533, 0xD533, 0xD533, 0xD533, 0x5744, 0xF633, 
    0x5513, 0x7513, 0x340B, 0x1303, 0x340B, 0x540B, 0x961B, 0x582C, 0x751B, 0xF30A, 0xB202, 0x741B, 0xF62B, 0x9523, 0x541B, 0xF62B, 
    0x1734, 0xB523, 0x541B, 0xB523, 0x1313, 0x951B, 0xB523, 0x172C, 0xB51B, 0x340B, 0xF402, 0x1503, 0xF402, 0x1503, 0x1503, 0xF502, 
    0xF502, 0xD502, 0xF502, 0x350B, 0x560B, 0x350B, 0x3503, 0x3503, 0x3503, 0x1403, 0x1403, 0x1403, 0x1503, 0x1503, 0xF502, 0xD402, 
    0xF40A, 0xF30A, 0xF30A, 0x5513, 0xB61B, 0xB623, 0x951B, 0x540B, 0x1303, 0x130B, 0x1403, 0x1403, 0x1403, 0x350B, 0x1503, 0x1503, 
    0xF402, 0x3503, 0xF402, 0xD302, 0x140B, 0x140B, 0x140B, 0xB61B, 0x550B, 0x140B, 0xD302, 0x130B, 0xB52B, 0xB42B, 0xB433, 0x364C, 
    0xB40A, 0x7302, 0xB302, 0xD302, 0xF202, 0xB51B, 0x1724, 0x3413, 0xD40A, 0xB40A, 0xB50A, 0xB50A, 0xB50A, 0xB40A, 0xD402, 0xD402, 
    0xB402, 0x360B, 0x160B, 0xD402, 0x5513, 0x593C, 0xBA44, 0x593C, 0x3834, 0xD72B, 0xB723, 0x761B, 0x5513, 0xB71B, 0xB71B, 0x1403, 
    0x1303, 0x1303, 0x1403, 0x3503, 0x1603, 0x1503, 0xF502, 0x1503, 0x3503, 0x1503, 0x1403, 0xF402, 0xD502, 0xD502, 0xB502, 0xD502, 
    0xD402, 0xD402, 0xD402, 0xD502, 0xD502, 0xD502, 0xD602, 0xD502, 0xD502, 0x160B, 0xD402, 0xF40A, 0x9202, 0x3413, 0x9944, 0xB623, 
    0xD61B, 0xB51B, 0x9513, 0x730B, 0x3303, 0x1303, 0x3403, 0x3503, 0x1503, 0x1603, 0x1603, 0xF602, 0xD502, 0xD402, 0xD402, 0xF402, 
    0xF402, 0xF402, 0xF402, 0xF402, 0xF402, 0xF402, 0xF502, 0xF502, 0xF502, 0xF502, 0x1503, 0x3503, 0x5503, 0x5403, 0x5403, 0x750B, 
    0x750B, 0x5503, 0x5503, 0x3503, 0x3503, 0x3503, 0x3503, 0x3503, 0x3503, 0x550B, 0x550B, 0x750B, 0x9613, 0xD61B, 0x9613, 0x5413, 
    0xB52B, 0xFA5C, 0xF63B, 0x942B, 0x952B, 0x952B, 0xF62B, 0xB623, 0xF723, 0x9613, 0x7513, 0x340B, 0x9523, 0x1634, 0xB42B, 0xB433, 
    0x9433, 0x364C, 0x775C, 0xD864, 0x565C, 0xF453, 0xD86C, 0x7B7D, 0xF964, 0xD53B, 0x3744, 0xF633, 0xB52B, 0x163C, 0x173C, 0x742B, 
    0xB433, 0x3644, 0xF533, 0x1634, 0xF533, 0xB52B, 0x373C, 0x1734, 0xB523, 0x1734, 0xF633, 0xF633, 0xD533, 0xD533, 0x3744, 0x373C, 
    0x951B, 0xB613, 0x340B, 0x1303, 0x550B, 0x540B, 0x7513, 0x382C, 0x751B, 0x130B, 0xD202, 0x941B, 0x1734, 0x9423, 0x531B, 0x1734, 
    0x3734, 0x9523, 0x3313, 0xB523, 0x1313, 0x741B, 0xB523, 0xF623, 0xD623, 0x5413, 0x140B, 0x1403, 0xF402, 0x1503, 0x3603, 0x1503, 
    0x1503, 0xD502, 0xF502, 0x560B, 0x760B, 0x3503, 0x3503, 0x550B, 0x3503, 0x1403, 0xF402, 0xF402, 0x1503, 0x1503, 0x1503, 0xF502, 
    0xF40A, 0xF30A, 0x130B, 0x751B, 0xF623, 0xF72B, 0xB51B, 0x5413, 0xF202, 0x1303, 0x3403, 0x1403, 0x1403, 0x1503, 0x1503, 0x1503, 
    0x3503, 0x3503, 0xF402, 0xF302, 0x340B, 0x340B, 0x350B, 0x9713, 0x1503, 0x350B, 0xF302, 0xF30A, 0x9423, 0xB433, 0xD43B, 0x7654, 
    0xD40A, 0x7302, 0xF40A, 0xF30A, 0x9102, 0xD623, 0xDA44, 0xF72B, 0xF412, 0xF412, 0xD512, 0xB50A, 0xB40A, 0xB402, 0xB402, 0xB402, 
    0xD502, 0xF502, 0xD502, 0xF502, 0x9713, 0xD823, 0x971B, 0x5613, 0xB302, 0x150B, 0x350B, 0xB302, 0x9302, 0xF502, 0x3603, 0x1503, 
    0x1403, 0xF302, 0x1403, 0x1403, 0xD502, 0xB402, 0xF502, 0x360B, 0x3503, 0x3503, 0x1503, 0x1503, 0xF502, 0xD502, 0xD502, 0xB502, 
    0xD402, 0xD402, 0xD402, 0xD502, 0xD502, 0xD502, 0xD502, 0xD502, 0xB502, 0x160B, 0xF50A, 0x1513, 0xD30A, 0xD62B, 0x5C5D, 0x583C, 
    0xB61B, 0xD61B, 0x9513, 0x740B, 0x750B, 0x5403, 0x1403, 0x3503, 0x1503, 0x1603, 0x1603, 0xF502, 0xD502, 0xD402, 0xD402, 0xF402, 
    0x1403, 0x1403, 0xF402, 0xF402, 0xF502, 0xF502, 0xF502, 0xF502, 0xF502, 0xF402, 0xF402, 0x3503, 0x3503, 0x3403, 0x3403, 0x5403, 
    0x5503, 0x5403, 0x3503, 0x3503, 0x3503, 0x3503, 0x3503, 0x350B, 0x350B, 0x7613, 0x961B, 0xB61B, 0xD623, 0xD623, 0x741B, 0xF20A, 
    0x341B, 0xFB4C, 0x1734, 0x7423, 0x1734, 0x1313, 0xF72B, 0x7413, 0xF723, 0xF71B, 0xB613, 0x1403, 0x7513, 0xD523, 0x5313, 0xB52B, 
    0x9433, 0xB543, 0xD543, 0x5654, 0x3554, 0xB343, 0x5654, 0x975C, 0x985C, 0x332B, 0x173C, 0xF73B, 0x173C, 0xD633, 0x163C, 0xB533, 
    0x3644, 0xB854, 0x363C, 0x1634, 0xD52B, 0x9423, 0x3734, 0xF62B, 0xD62B, 0x1734, 0xF62B, 0x1634, 0xB52B, 0x5323, 0xD533, 0x173C, 
    0xD623, 0xD71B, 0x540B, 0x1303, 0x7513, 0x5513, 0x7513, 0x382C, 0x951B, 0x330B, 0xF20A, 0xB523, 0x3734, 0x741B, 0x3313, 0x3734, 
    0x3734, 0x741B, 0x3313, 0xB523, 0x1313, 0x541B, 0x9523, 0xB623, 0xF62B, 0x7413, 0x3403, 0x1403, 0xF402, 0xF502, 0x3603, 0x1503, 
    0x3503, 0xF402, 0xF402, 0x560B, 0x760B, 0x3503, 0x3503, 0x760B, 0x1503, 0x1403, 0xF402, 0xF402, 0x1403, 0x1503, 0x150B, 0x140B, 
    0x130B, 0xF312, 0x3313, 0x9523, 0x1734, 0x3734, 0xD523, 0x7413, 0xD202, 0x1303, 0x340B, 0x1403, 0x1403, 0x1503, 0x1503, 0x1503, 
    0x1403, 0xD302, 0xB302, 0xD402, 0x1403, 0x140B, 0x5513, 0x9713, 0x550B, 0x961B, 0x5413, 0x1313, 0x742B, 0xB433, 0xF543, 0xB764, 
    0x7202, 0xF40A, 0x7202, 0xF30A, 0xD20A, 0x341B, 0x5C5D, 0x5C65, 0x3423, 0x141B, 0xD312, 0xB30A, 0xD40A, 0xB402, 0xD402, 0xB402, 
    0xF502, 0xF502, 0x1503, 0x3603, 0x770B, 0x7713, 0x570B, 0x360B, 0x1503, 0xF502, 0xF502, 0xD402, 0xD502, 0xD502, 0xD502, 0xD502, 
    0xF402, 0xF402, 0xF402, 0x1403, 0x1503, 0x1503, 0x1503, 0x1503, 0x1503, 0x1503, 0x1403, 0x1403, 0xF402, 0xF402, 0xD402, 0xD402, 
    0xD402, 0xD402, 0xD402, 0xB502, 0xB502, 0xB502, 0xD502, 0xD502, 0xF502, 0x560B, 0xF402, 0xD302, 0xD30A, 0x994C, 0x3F86, 0x5844, 
    0x7513, 0x9513, 0x9513, 0x550B, 0x340B, 0x350B, 0x3503, 0x1503, 0x1503, 0x1503, 0x1503, 0xF502, 0xD402, 0xD402, 0xF402, 0x1503, 
    0x1403, 0x1503, 0x1503, 0xF502, 0xF502, 0xD502, 0xD402, 0xB402, 0xD502, 0xB402, 0xF402, 0xF402, 0x350B, 0x550B, 0x3403, 0x5503, 
    0x5403, 0x3503, 0x5503, 0x3503, 0x3503, 0x3503, 0x3503, 0x3503, 0x5613, 0x761B, 0xB62B, 0x5C65, 0xD95C, 0xD95C, 0xB85C, 0x742B, 
    0xB623, 0xBB34, 0xD71B, 0x7513, 0xB623, 0xB523, 0xF62B, 0x9423, 0xF62B, 0xB51B, 0x7413, 0x7413, 0x950B, 0x950B, 0xB60B, 0xD71B, 
    0x5423, 0x953B, 0xD543, 0x364C, 0x564C, 0x933B, 0x9333, 0xB85C, 0x5854, 0xB53B, 0x7533, 0xF743, 0xD63B, 0xD533, 0x163C, 0x932B, 
    0xF543, 0x9854, 0x163C, 0x573C, 0x1634, 0x362C, 0x9413, 0x1624, 0x1624, 0xD623, 0xD62B, 0x1734, 0xB62B, 0x541B, 0x9523, 0x5834, 
    0xB51B, 0xB51B, 0x340B, 0x1303, 0xB61B, 0xF302, 0x9613, 0x382C, 0x7513, 0xF302, 0xF30A, 0xF62B, 0x783C, 0x531B, 0xF212, 0x573C, 
    0x5734, 0x941B, 0x1313, 0xF62B, 0x7423, 0x5423, 0x3423, 0xD62B, 0x1734, 0xB51B, 0xF202, 0x3403, 0x3403, 0xF502, 0x1603, 0xF502, 
    0x3503, 0xF302, 0x3403, 0x960B, 0x760B, 0x3503, 0x1503, 0x760B, 0x1503, 0x1503, 0x1503, 0xF402, 0xD302, 0x5513, 0x751B, 0xF30A, 
    0xF312, 0xF21A, 0xF21A, 0xB533, 0x1644, 0x3744, 0x5844, 0x7523, 0xD302, 0x340B, 0x3503, 0x3503, 0x560B, 0x550B, 0x3503, 0x550B, 
    0x3503, 0x3503, 0x350B, 0x150B, 0xD402, 0xF50A, 0x3513, 0xF412, 0x9202, 0xB523, 0x531B, 0x3323, 0xF222, 0x743B, 0x1A75, 0x9864, 
    0xD402, 0xF40A, 0xB302, 0xF30A, 0x7202, 0xF733, 0x7F8E, 0xDE75, 0x131B, 0xF312, 0xD30A, 0xD30A, 0xD302, 0xD402, 0xB402, 0xB402, 
    0xD502, 0xF502, 0x3603, 0x5703, 0x770B, 0x770B, 0x560B, 0x360B, 0xF502, 0xD502, 0xD502, 0xD402, 0xB402, 0xB402, 0xD502, 0xD402, 
    0xF402, 0xF402, 0xF402, 0xF402, 0x1403, 0x1403, 0x1403, 0x1503, 0x1403, 0x1403, 0x1403, 0x1403, 0xF402, 0xF402, 0xF402, 0xD402, 
    0xD402, 0xD402, 0xD502, 0xB502, 0xB502, 0xB502, 0xD502, 0xD502, 0x9302, 0xD402, 0xF302, 0xF30A, 0x7102, 0x5423, 0xB954, 0x5423, 
    0x951B, 0xB613, 0x9613, 0x750B, 0x550B, 0x550B, 0x360B, 0x1503, 0xF502, 0xF502, 0xF502, 0xF502, 0xF402, 0xF402, 0x1503, 0x3503, 
    0x1503, 0x3503, 0x1503, 0x1503, 0xF502, 0xF502, 0xD502, 0xB402, 0xD502, 0xB402, 0xD402, 0xF402, 0x350B, 0x550B, 0x550B, 0x750B, 
    0x3403, 0x3403, 0x3503, 0x3503, 0x3603, 0x3603, 0x3603, 0x1603, 0x7613, 0x3513, 0xF733, 0x7F96, 0x9F9E, 0x1D8E, 0x397D, 0x154C, 
    0x5413, 0x391C, 0x760B, 0x750B, 0xD623, 0xB523, 0xD523, 0x941B, 0xF52B, 0xD523, 0xB41B, 0x9413, 0x540B, 0x750B, 0x1814, 0x792C, 
    0x141B, 0xB63B, 0x1644, 0x574C, 0x974C, 0x3644, 0xD43B, 0xF543, 0x174C, 0xD643, 0xF743, 0x384C, 0xF643, 0x163C, 0x363C, 0xB433, 
    0xF64B, 0x775C, 0x1644, 0x3644, 0x3634, 0x773C, 0xF523, 0x162C, 0x1624, 0x172C, 0xD62B, 0x751B, 0x5413, 0x751B, 0xB61B, 0xF723, 
    0xD61B, 0xD61B, 0x7413, 0x540B, 0xF723, 0x340B, 0x9613, 0xF723, 0x5513, 0xF30A, 0xF30A, 0x172C, 0x583C, 0x3213, 0x1213, 0x573C, 
    0x562C, 0xD41B, 0x941B, 0xF633, 0x131B, 0xF31A, 0xF31A, 0x952B, 0x3734, 0xB523, 0x330B, 0x3303, 0x3403, 0x1503, 0x1603, 0x1503, 
    0x3403, 0xF302, 0x3403, 0x960B, 0x960B, 0x1503, 0x1503, 0x560B, 0x560B, 0x1503, 0x1503, 0xF402, 0xD302, 0x3413, 0x751B, 0x1313, 
    0x3423, 0x1323, 0xF222, 0x9433, 0x364C, 0x7854, 0x784C, 0x7423, 0xD30A, 0x140B, 0x1403, 0x1503, 0x550B, 0x5503, 0x1403, 0x3403, 
    0xF302, 0x3403, 0x7613, 0x761B, 0x3613, 0x7723, 0xB72B, 0x9623, 0xD52B, 0x363C, 0x311B, 0xD01A, 0xD122, 0xB543, 0x5C85, 0xDA74, 
    0xF40A, 0xD402, 0xD402, 0xF30A, 0x5102, 0x583C, 0xBF8E, 0x5C65, 0xF312, 0xD312, 0xD30A, 0xB302, 0xD402, 0xD402, 0xD402, 0xB402, 
    0xD502, 0xF602, 0x5603, 0x770B, 0x770B, 0x570B, 0x3603, 0x1503, 0xD502, 0xD502, 0xB402, 0xB402, 0xB402, 0xB402, 0xB402, 0xD402, 
    0xF402, 0xF402, 0xF402, 0xF402, 0xF402, 0xF502, 0xF502, 0xF502, 0x1503, 0x1503, 0x1503, 0xF502, 0xF402, 0xF402, 0xD402, 0xD402, 
    0xD402, 0xD402, 0xD502, 0xB502, 0xB502, 0xB502, 0xD502, 0xD502, 0x1503, 0xF402, 0xF402, 0x5513, 0x9202, 0x331B, 0xFA5C, 0x5844, 
    0x7513, 0x9513, 0x7513, 0x550B, 0x550B, 0x550B, 0x360B, 0x1503, 0xF502, 0xF502, 0xF502, 0xF502, 0xF402, 0xF502, 0x1503, 0x3503, 
    0x3503, 0x3503, 0x3503, 0x1503, 0x1503, 0xF502, 0xF502, 0xD502, 0xD502, 0xB402, 0xD402, 0x1503, 0x350B, 0x350B, 0x550B, 0x550B, 
    0x3403, 0x3403, 0x3503, 0x3503, 0x3603, 0x3603, 0x1603, 0x1603, 0x150B, 0xF40A, 0xD72B, 0x7F8E, 0xDFA6, 0x7F9E, 0x5A7D, 0x1544, 
    0x3313, 0xD61B, 0x740B, 0x9513, 0x1724, 0x172C, 0x372C, 0xF623, 0xF623, 0xF623, 0xD623, 0x951B, 0x3413, 0x5413, 0x172C, 0xBA44, 
    0x3423, 0x994C, 0x3B65, 0xD954, 0x7744, 0x353C, 0xF433, 0xF53B, 0xF53B, 0x1644, 0x9954, 0xB954, 0x3744, 0xF53B, 0xF533, 0xB333, 
    0x575C, 0x375C, 0xF54B, 0x1544, 0x153C, 0x563C, 0xD52B, 0xB423, 0xF52B, 0xF62B, 0x9523, 0x5413, 0x741B, 0x951B, 0xB61B, 0x1724, 
    0x1624, 0xF623, 0x951B, 0x9513, 0x382C, 0x9513, 0xB71B, 0xB61B, 0x340B, 0x340B, 0xF30A, 0x1734, 0x3734, 0xF20A, 0x531B, 0x573C, 
    0xB41B, 0x7313, 0x5313, 0xD62B, 0x131B, 0x3423, 0x1323, 0x3323, 0x5744, 0xF52B, 0x941B, 0x330B, 0x3403, 0xF402, 0x1603, 0x1503, 
    0x3403, 0x1303, 0x3403, 0x960B, 0x960B, 0x1503, 0x1503, 0x5603, 0x560B, 0x1503, 0x1503, 0x150B, 0x3513, 0xB623, 0x3834, 0x173C, 
    0xB954, 0x374C, 0x7433, 0xF643, 0xD964, 0xFA64, 0xD954, 0xF633, 0xF30A, 0x140B, 0xF402, 0x1403, 0x750B, 0x750B, 0x340B, 0x340B, 
    0x3303, 0x7513, 0xF823, 0x182C, 0x9723, 0x972B, 0xF733, 0xD633, 0x1A5D, 0x3A65, 0x3544, 0xB33B, 0x933B, 0x1654, 0x5B85, 0xDA74, 
    0xD402, 0xD402, 0xD402, 0xD302, 0x7202, 0xD72B, 0x3C5D, 0xB62B, 0xB20A, 0xB30A, 0xB302, 0xD302, 0xD402, 0xD402, 0xD402, 0xD402, 
    0xF502, 0x3603, 0x770B, 0x770B, 0x570B, 0x1603, 0xF502, 0xF502, 0xD502, 0xB402, 0xB402, 0xB402, 0xB402, 0xB402, 0xB402, 0xD402, 
    0xD402, 0xF402, 0xF402, 0xF402, 0xF402, 0xF402, 0xF402, 0xF402, 0x1503, 0x1503, 0x1503, 0xF502, 0xF402, 0xF402, 0xF402, 0xD402, 
    0xD402, 0xD402, 0xD502, 0xD502, 0xB502, 0xB502, 0xD502, 0xF502, 0xF502, 0xB302, 0x9202, 0x340B, 0xB202, 0x7523, 0x7C6D, 0xFA54, 
    0x340B, 0x550B, 0x550B, 0x3503, 0x1503, 0x3503, 0x1503, 0xF502, 0xF502, 0xF502, 0xF502, 0xF502, 0xF502, 0x1503, 0x1503, 0x3503, 
    0x5503, 0x5503, 0x3503, 0x3503, 0x3503, 0x1503, 0xF502, 0xF502, 0xD502, 0xF502, 0xF502, 0x560B, 0x7613, 0x3503, 0x3503, 0x1403, 
    0x3403, 0x3403, 0x3503, 0x1503, 0x1603, 0x1603, 0x1603, 0x1603, 0x560B, 0x971B, 0xD72B, 0x1C5D, 0x7C6D, 0xFE8D, 0x3A75, 0x154C, 
    0x5223, 0x731B, 0x320B, 0x5313, 0xB51B, 0xD61B, 0xD71B, 0xD71B, 0xF71B, 0x1724, 0xF723, 0xB61B, 0x3413, 0x541B, 0xD62B, 0x7944, 
    0x9523, 0xBA4C, 0x5C5D, 0xD94C, 0x3534, 0x1534, 0x353C, 0x5644, 0xD53B, 0xF63B, 0xD95C, 0xFA64, 0x984C, 0x3644, 0x5644, 0xF85C, 
    0x3A7D, 0x3664, 0x1654, 0x775C, 0x364C, 0xF53B, 0x942B, 0x5323, 0xB52B, 0x5323, 0xF212, 0x541B, 0xD623, 0x7413, 0x940B, 0x782C, 
    0x3724, 0xF623, 0xB51B, 0xB51B, 0x582C, 0xD61B, 0x1724, 0x961B, 0x140B, 0x5513, 0x140B, 0x1734, 0x1734, 0xF212, 0xB42B, 0x3634, 
    0xB51B, 0x9413, 0x541B, 0x583C, 0x794C, 0x1B65, 0xB95C, 0x574C, 0xF95C, 0x774C, 0x573C, 0x5413, 0x340B, 0xF402, 0xF502, 0x1603, 
    0x1403, 0x1303, 0x3403, 0x760B, 0x760B, 0x1503, 0x1503, 0x3603, 0x1503, 0xF502, 0x150B, 0x5513, 0x5513, 0xF72B, 0xBA44, 0xFB54, 
    0x5C65, 0xB95C, 0x364C, 0x5B75, 0x3E8E, 0x5B6D, 0x3744, 0x331B, 0x541B, 0x3413, 0x1403, 0x3403, 0x9613, 0x9513, 0x540B, 0x5413, 
    0x540B, 0x951B, 0x182C, 0x1834, 0xB72B, 0x962B, 0xF73B, 0x1744, 0x574C, 0xF95C, 0xB75C, 0x975C, 0x565C, 0x986C, 0x5B85, 0xB974, 
    0xB402, 0xF402, 0x9302, 0x9302, 0xF40A, 0x351B, 0x551B, 0xD30A, 0x9202, 0xB302, 0xB302, 0xB302, 0xD402, 0xD502, 0xF502, 0xF502, 
    0x3703, 0x570B, 0x570B, 0x360B, 0x1603, 0xF502, 0xD502, 0xD502, 0xD502, 0xD502, 0xB402, 0xB402, 0xB402, 0xD502, 0xD502, 0xF502, 
    0xD402, 0xF402, 0xF402, 0xF402, 0xF402, 0xF402, 0xF402, 0xF402, 0xF502, 0xF502, 0xF502, 0xF502, 0xF402, 0xF402, 0xF402, 0xD402, 
    0xD402, 0xD502, 0xD502, 0xD502, 0xB502, 0xB502, 0xD502, 0xF502, 0xF502, 0xD402, 0xD302, 0x5513, 0x3413, 0x173C, 0x7D6D, 0x173C, 
    0x140B, 0x3403, 0x3403, 0x1403, 0xF402, 0x1503, 0x1503, 0xF502, 0xF502, 0xF502, 0xF502, 0xF502, 0x1503, 0x1503, 0x3503, 0x3503, 
    0x5503, 0x5503, 0x5503, 0x3503, 0x3503, 0x1503, 0x1503, 0xF502, 0xF502, 0x360B, 0x350B, 0xD81B, 0xD81B, 0x3503, 0x3503, 0x1403, 
    0x3503, 0x1503, 0x1503, 0x1503, 0x1603, 0x1603, 0x1603, 0x1603, 0xF502, 0x150B, 0xD40A, 0xF41A, 0xD21A, 0xF643, 0xF54B, 0xD443, 
    0x9754, 0x1544, 0xB433, 0x7323, 0x541B, 0x7513, 0x9613, 0x960B, 0xB713, 0xD71B, 0xD71B, 0xB61B, 0x751B, 0x741B, 0xB52B, 0xD62B, 
    0x961B, 0xB61B, 0xD623, 0x162C, 0x3634, 0x563C, 0x563C, 0x363C, 0xF53B, 0x942B, 0x5744, 0xB954, 0x984C, 0x974C, 0x395D, 0xFFA6, 
    0x5FA6, 0x9874, 0xB86C, 0x7B85, 0xF96C, 0x1544, 0xF543, 0xD53B, 0xF53B, 0xB533, 0x3323, 0x531B, 0xD523, 0x7413, 0x730B, 0x5724, 
    0x372C, 0xF623, 0x951B, 0x9513, 0x172C, 0xD723, 0x5934, 0x961B, 0xF302, 0x3413, 0x3413, 0xD62B, 0xB523, 0x331B, 0xD52B, 0xF52B, 
    0xB51B, 0x7413, 0x5413, 0x7844, 0xFB5C, 0x1F86, 0x1E8E, 0xDD85, 0xBC7D, 0x396D, 0x3A65, 0x942B, 0x541B, 0xF402, 0xF502, 0x1503, 
    0x1403, 0x1403, 0x3503, 0x760B, 0x560B, 0x1503, 0xF502, 0x1503, 0x1503, 0x1503, 0x360B, 0x350B, 0x140B, 0x761B, 0x5934, 0xBA44, 
    0xDE75, 0x9854, 0x9433, 0xD964, 0xBC7D, 0x574C, 0x732B, 0x7423, 0x951B, 0x5513, 0x1303, 0x340B, 0xB613, 0x9513, 0x5413, 0x5413, 
    0x120B, 0x3313, 0x9523, 0xB62B, 0x7623, 0xB633, 0x5844, 0xB954, 0x1A65, 0x5A75, 0x3975, 0xF86C, 0xB764, 0xD874, 0x197D, 0x5764, 
    0xD502, 0xF502, 0x9302, 0x9302, 0x3513, 0x140B, 0x9302, 0xF40A, 0x9302, 0xB302, 0xB402, 0xD402, 0xD402, 0xD502, 0xF502, 0x1603, 
    0x770B, 0x570B, 0x3603, 0x1603, 0xD502, 0xD502, 0xB402, 0xD402, 0xD502, 0xD502, 0xD402, 0xD402, 0xD502, 0xD502, 0xF50A, 0xF50A, 
    0xF502, 0xF402, 0xF402, 0xF402, 0xF402, 0xF402, 0xF402, 0xF402, 0xF402, 0xF502, 0xF502, 0xF502, 0xF502, 0xF402, 0xF402, 0xF402, 
    0xD502, 0xF502, 0xD502, 0xD502, 0xB502, 0xB502, 0xD502, 0xF502, 0xB81B, 0x9713, 0x350B, 0x961B, 0x961B, 0xBA4C, 0xDE75, 0x183C, 
    0x140B, 0x3403, 0x3503, 0x1403, 0x1503, 0x1503, 0x1503, 0xF502, 0xF502, 0xF502, 0xF502, 0xF502, 0x1503, 0x3503, 0x3503, 0x3503, 
    0x5503, 0x7503, 0x5503, 0x5503, 0x3503, 0x3503, 0x1503, 0x1503, 0x3603, 0x9713, 0x760B, 0x3924, 0x1924, 0x3503, 0x5603, 0x1403, 
    0x1503, 0x1503, 0x1503, 0x1603, 0x1603, 0x1703, 0x1703, 0x1703, 0x9813, 0x570B, 0x150B, 0x1413, 0xD31A, 0xD63B, 0x174C, 0x3A75, 
    0x1D96, 0x5A7D, 0xF86C, 0x1644, 0x7423, 0x9523, 0x961B, 0x7613, 0x760B, 0x960B, 0xB713, 0xB613, 0xB51B, 0xB523, 0x9423, 0x741B, 
    0x550B, 0x1403, 0x7513, 0xF623, 0x162C, 0x1634, 0x363C, 0x153C, 0x153C, 0x5323, 0x9433, 0xB433, 0xD43B, 0x1544, 0xD75C, 0x3FAF, 
    0xFFBE, 0xD87C, 0x1A85, 0xFD95, 0x3A7D, 0x1654, 0x975C, 0x575C, 0xB964, 0x5B75, 0x7854, 0x742B, 0xB523, 0xD523, 0xB413, 0x3624, 
    0x362C, 0xD523, 0x941B, 0x7413, 0xF623, 0xF723, 0x7934, 0x961B, 0xD302, 0x140B, 0x751B, 0x741B, 0x541B, 0xD52B, 0xF533, 0x9423, 
    0x9513, 0x750B, 0x3413, 0x1734, 0x3844, 0x7C75, 0xFD8D, 0x5E9E, 0x1D96, 0x9B7D, 0xFD85, 0xF53B, 0x9523, 0x140B, 0xF402, 0xF502, 
    0x1503, 0x1403, 0x3503, 0x560B, 0x3603, 0x1503, 0xF502, 0x1503, 0xF502, 0x1503, 0x360B, 0x150B, 0xF402, 0x761B, 0x182C, 0x1834, 
    0xBD6D, 0x3744, 0xF11A, 0x1544, 0xF95C, 0xB433, 0x5323, 0x1634, 0x9523, 0x5413, 0x1303, 0x3403, 0x9513, 0x7513, 0x330B, 0x5313, 
    0x130B, 0xF20A, 0x5413, 0x751B, 0x551B, 0x962B, 0x1744, 0x784C, 0xFD85, 0x9B7D, 0xF86C, 0x765C, 0x355C, 0xB76C, 0xD86C, 0x365C, 
    0xF502, 0xB402, 0xB402, 0xD402, 0xF502, 0xF40A, 0xD402, 0xF40A, 0xB302, 0xD402, 0xD402, 0xD502, 0xD502, 0xF502, 0x1603, 0x3703, 
    0x570B, 0x370B, 0x1603, 0xF502, 0xD502, 0xD502, 0xB402, 0xB402, 0xD502, 0xB402, 0xB402, 0xB402, 0xD502, 0xD502, 0xF502, 0xF50A, 
    0xF502, 0xF502, 0xF502, 0xF502, 0xF502, 0xF502, 0xF502, 0xF502, 0xF502, 0xF502, 0xF502, 0xF502, 0xF502, 0xF502, 0xF502, 0xF402, 
    0xF502, 0xD502, 0xD502, 0xD502, 0xB502, 0xB502, 0xD502, 0xF502, 0xD81B, 0x7713, 0xF402, 0x550B, 0x340B, 0x3834, 0x9E65, 0xF833, 
    0xF402, 0x3503, 0x1503, 0x1403, 0x1503, 0x3503, 0x1603, 0x1503, 0xF502, 0xF502, 0xF502, 0x1503, 0x1503, 0x3503, 0x1503, 0x1403, 
    0x5503, 0x5403, 0x5503, 0x5503, 0x3503, 0x3503, 0x1503, 0x1503, 0x5603, 0xB713, 0x560B, 0x3924, 0x191C, 0x1403, 0x560B, 0x1403, 
    0x1503, 0x3503, 0x3603, 0x3603, 0x1703, 0x3703, 0x1703, 0x1703, 0x570B, 0x160B, 0xF50A, 0xF412, 0x141B, 0x5844, 0x9954, 0xBD85, 
    0x3E9E, 0x7B8D, 0x5B85, 0x3654, 0x5433, 0xB633, 0x9623, 0x751B, 0x9613, 0xB613, 0x960B, 0x950B, 0xB513, 0xD513, 0xB413, 0x5403, 
    0x5503, 0x3503, 0xD71B, 0x372C, 0xD523, 0xD52B, 0x153C, 0x153C, 0x153C, 0x732B, 0xD53B, 0x522B, 0x7333, 0xD43B, 0xF443, 0xBB85, 
    0xDFB6, 0xB874, 0x3A85, 0xBB8D, 0xB86C, 0xF553, 0xF974, 0x9864, 0x5B85, 0x9FA6, 0xBD85, 0x374C, 0x373C, 0x3634, 0xF523, 0x562C, 
    0x362C, 0xD523, 0x941B, 0x5413, 0xB61B, 0xD623, 0x9A3C, 0x961B, 0x140B, 0x140B, 0xF72B, 0x3313, 0x3313, 0x9844, 0x3634, 0x741B, 
    0x1724, 0xB61B, 0x5513, 0x1834, 0x173C, 0xDA64, 0x3A75, 0x9B85, 0x5A85, 0x1875, 0x1D8E, 0xF543, 0xB533, 0x3413, 0xF402, 0xF502, 
    0x1503, 0x1503, 0x3503, 0x360B, 0x1503, 0xF502, 0xF502, 0x1603, 0xD502, 0x1503, 0x150B, 0xF402, 0x140B, 0xD723, 0x382C, 0xB623, 
    0xD62B, 0x7423, 0x121B, 0x7744, 0x5B65, 0xD533, 0x1213, 0xB523, 0xB51B, 0x750B, 0x1403, 0x3403, 0x750B, 0x340B, 0x1303, 0x330B, 
    0x5413, 0xF30A, 0x140B, 0x5513, 0x3413, 0x341B, 0x7523, 0x742B, 0xF643, 0xF54B, 0x1554, 0xD44B, 0xD44B, 0x565C, 0x7764, 0x3654, 
    0xD502, 0x7302, 0xF502, 0x1503, 0x7302, 0xD402, 0xF50A, 0x9302, 0xD402, 0xD402, 0xD502, 0xD502, 0xD502, 0xF602, 0x3703, 0x570B, 
    0x370B, 0x1603, 0xD502, 0xD502, 0xD502, 0xD502, 0xB402, 0xB402, 0xB402, 0xB402, 0xB402, 0xB402, 0xB402, 0xD502, 0xF502, 0xF50A, 
    0xF502, 0xF502, 0xF502, 0xF502, 0xF502, 0xF502, 0xF502, 0xF502, 0xF502, 0xF502, 0xF502, 0xF502, 0xF502, 0xF502, 0xF502, 0xF502, 
    0xF502, 0xF502, 0xD502, 0xD502, 0xB502, 0xB502, 0xD502, 0xF502, 0x570B, 0x360B, 0x1503, 0xB713, 0x3513, 0xB723, 0xDB4C, 0x761B, 
    0xF402, 0x1403, 0x1503, 0xF402, 0x1503, 0x1503, 0x1503, 0x1503, 0xF502, 0xF502, 0xF502, 0x1503, 0x3503, 0x3503, 0x1503, 0x1403, 
    0x5503, 0x5403, 0x5503, 0x5503, 0x3503, 0x3503, 0x1503, 0x1503, 0x3603, 0x970B, 0x1503, 0x191C, 0xF81B, 0xD402, 0x5603, 0x1403, 
    0x3503, 0x1503, 0x1603, 0x1603, 0x1703, 0x1703, 0x1703, 0x1703, 0xF602, 0x570B, 0x3613, 0xD40A, 0x551B, 0x5C65, 0x5C6D, 0xDE85, 
    0xFE95, 0x7B8D, 0xBD95, 0x986C, 0xB543, 0x584C, 0x5844, 0x1734, 0xD623, 0xD623, 0xB513, 0x950B, 0x950B, 0xD513, 0x950B, 0x5403, 
    0xB70B, 0x3503, 0x550B, 0xB623, 0xB52B, 0x163C, 0x774C, 0xF53B, 0xF53B, 0xF543, 0x9854, 0xD543, 0x154C, 0x765C, 0xB343, 0xD76C, 
    0x7EA6, 0xB76C, 0x5A7D, 0x397D, 0x355C, 0xD44B, 0x1A7D, 0x7864, 0x5C85, 0x7FAE, 0xFE95, 0xFA6C, 0xDA5C, 0x573C, 0xB423, 0x7734, 
    0x162C, 0xD523, 0xB51B, 0x7413, 0xB51B, 0xD623, 0x9A3C, 0x7513, 0x7513, 0x3413, 0x5834, 0x330B, 0x3313, 0x3B55, 0x783C, 0x741B, 
    0x1824, 0x750B, 0xF302, 0xD72B, 0xF633, 0x784C, 0x3654, 0x1554, 0x7664, 0x5564, 0xBB8D, 0xB443, 0xB533, 0x341B, 0x140B, 0x1503, 
    0x1503, 0x1603, 0x1603, 0x1603, 0x1503, 0xF502, 0xF502, 0xF502, 0xF502, 0x1503, 0x1503, 0xD402, 0x150B, 0xF823, 0x1824, 0x340B, 
    0x5413, 0x5413, 0xB102, 0x7423, 0x573C, 0x7423, 0x3313, 0xF62B, 0xB61B, 0x750B, 0x1403, 0x3403, 0x750B, 0x3403, 0xF302, 0x540B, 
    0x330B, 0xD202, 0xF302, 0x340B, 0x140B, 0x1413, 0xF312, 0xB212, 0xF222, 0xD543, 0x1975, 0xF96C, 0x3554, 0xF54B, 0xD543, 0x943B, 
    0xD502, 0xB402, 0xB402, 0xD402, 0xD502, 0xB402, 0xD402, 0xD502, 0xD502, 0xD502, 0xB402, 0xD502, 0x1603, 0x370B, 0x3703, 0x3703, 
    0x1603, 0xF602, 0xD502, 0xB502, 0xB502, 0xB502, 0xB402, 0xB402, 0xB402, 0xD502, 0xD502, 0xB402, 0xB402, 0xF502, 0xF50A, 0xF502, 
    0x1503, 0x1503, 0xF502, 0xF502, 0x1503, 0x1503, 0x1503, 0xF502, 0x1503, 0x1503, 0xF502, 0xF402, 0xD402, 0xF402, 0xF502, 0xF502, 
    0xF502, 0xF502, 0xD502, 0xD502, 0xD502, 0xD502, 0xD50A, 0xF502, 0x3603, 0x3503, 0x3503, 0x1503, 0x140B, 0x140B, 0x351B, 0x761B, 
    0xF402, 0x1503, 0x1503, 0x1503, 0x1503, 0xF502, 0xF502, 0xF502, 0x1503, 0x1503, 0xF502, 0x3503, 0x7713, 0x560B, 0x3503, 0x760B, 
    0x7503, 0x5503, 0x3503, 0x3403, 0x3503, 0x3503, 0x3503, 0x3603, 0x5603, 0x3603, 0x3603, 0x5603, 0x560B, 0x560B, 0x3503, 0x1503, 
    0x550B, 0x1503, 0xF502, 0x3603, 0x5703, 0x3703, 0xF702, 0xF702, 0x1703, 0x1703, 0x160B, 0xD402, 0xF412, 0x383C, 0x7D6D, 0xBE7D, 
    0x9D7D, 0x7C7D, 0xDD85, 0xD543, 0xD543, 0x7B75, 0x5F8E, 0xFA5C, 0x784C, 0x7423, 0x541B, 0x5413, 0x540B, 0xB613, 0x7503, 0xD302, 
    0x3503, 0x770B, 0xF302, 0x9A44, 0x1744, 0x574C, 0x164C, 0x154C, 0x775C, 0x196D, 0x1E8E, 0xD964, 0xF96C, 0x7A7D, 0x397D, 0xD86C, 
    0x765C, 0x555C, 0xB764, 0x765C, 0x933B, 0xF44B, 0x7764, 0x165C, 0x7C8D, 0x7FAE, 0x5FA6, 0xFE8D, 0x1B6D, 0x163C, 0xF533, 0xF52B, 
    0x162C, 0xF62B, 0x951B, 0x130B, 0xD61B, 0xB61B, 0x582C, 0x9613, 0x140B, 0xF723, 0xB623, 0xF30A, 0xB523, 0x3B55, 0xDA4C, 0x3313, 
    0x7613, 0xF823, 0xF402, 0x961B, 0xDA4C, 0x1B65, 0x5754, 0x3A7D, 0xDB95, 0x5985, 0xF874, 0xD86C, 0xD53B, 0xD20A, 0x140B, 0x360B, 
    0xF502, 0xF502, 0xF502, 0xF502, 0xF502, 0xD502, 0xF502, 0xF502, 0xD502, 0xF502, 0x1503, 0xF402, 0x350B, 0xD71B, 0xF823, 0x550B, 
    0x540B, 0x5513, 0xF30A, 0x3313, 0x3313, 0x741B, 0xF202, 0xD623, 0x9513, 0x7503, 0x1403, 0x3503, 0x960B, 0x550B, 0xF302, 0x1303, 
    0x1303, 0x340B, 0x3403, 0x350B, 0x7613, 0x350B, 0xF30A, 0xD312, 0x3323, 0x364C, 0x7B7D, 0x9C85, 0xB443, 0xD543, 0xF543, 0x322B, 
    0xD502, 0xB402, 0xB402, 0xD502, 0xD502, 0xD402, 0xD502, 0xF502, 0xF502, 0xD402, 0xB402, 0xD502, 0x3703, 0x570B, 0x3703, 0x1603, 
    0xF602, 0xF602, 0xD502, 0xD502, 0xB502, 0xB502, 0xB402, 0xD502, 0xB402, 0xD502, 0xD502, 0xB402, 0xB402, 0xF502, 0xF50A, 0xF502, 
    0x1503, 0x1503, 0xF502, 0xF502, 0x1503, 0x1503, 0x1503, 0xF502, 0x1503, 0x1503, 0xF502, 0xF502, 0xF402, 0xF402, 0xF502, 0xF502, 
    0xF502, 0xF502, 0xD502, 0xD502, 0xD502, 0xD502, 0xD502, 0xD502, 0xF502, 0x1503, 0x1503, 0x1503, 0x1403, 0xF40A, 0x1413, 0x1513, 
    0xF402, 0x1503, 0x1503, 0x1503, 0x1503, 0xF502, 0x1503, 0x1503, 0x360B, 0x1603, 0x1503, 0x1503, 0xF402, 0xF402, 0x1503, 0x3503, 
    0x7503, 0x5503, 0x5503, 0x3503, 0x3503, 0x3503, 0x3503, 0x3603, 0x770B, 0x5603, 0x1503, 0x1503, 0x3503, 0x3503, 0x3503, 0x3503, 
    0x350B, 0x350B, 0x360B, 0x3603, 0xF602, 0xD502, 0xF702, 0x5803, 0x1703, 0xF602, 0xF502, 0xF502, 0xF40A, 0xB62B, 0x994C, 0xFA54, 
    0x1734, 0x531B, 0x5323, 0x7323, 0xF53B, 0x5A6D, 0xBC7D, 0x7A75, 0xD85C, 0xF543, 0xD63B, 0x383C, 0x9623, 0x140B, 0x7613, 0xB713, 
    0x560B, 0x350B, 0x1413, 0xDA54, 0xD53B, 0x3754, 0x775C, 0xD44B, 0xD54B, 0xF96C, 0xFD8D, 0xF96C, 0xF96C, 0x5A85, 0x9B95, 0x7A85, 
    0x965C, 0x7554, 0x7654, 0xF443, 0x7233, 0xF443, 0x775C, 0x365C, 0xD974, 0x7C85, 0x3C7D, 0x1B75, 0x995C, 0xD63B, 0xD633, 0xF633, 
    0x3634, 0x162C, 0x951B, 0x330B, 0xB61B, 0x540B, 0xB61B, 0x1403, 0x140B, 0xD723, 0xD723, 0x3413, 0xF72B, 0x7C5D, 0x3B55, 0xF62B, 
    0x961B, 0x7613, 0x350B, 0xB61B, 0x951B, 0x952B, 0x1223, 0x3233, 0x976C, 0x9B8D, 0x1D9E, 0xBC85, 0x584C, 0x7523, 0x751B, 0xD402, 
    0x360B, 0x1603, 0x1503, 0x1503, 0xF502, 0xF502, 0xF502, 0xF502, 0x1503, 0x1503, 0x1503, 0xF402, 0x340B, 0xB61B, 0xD71B, 0x750B, 
    0x750B, 0xD71B, 0x7513, 0x5413, 0xD202, 0xD202, 0x9102, 0x9513, 0xB713, 0x960B, 0x3503, 0x1403, 0x5503, 0x5503, 0x1403, 0x3403, 
    0x1403, 0x550B, 0x5503, 0x5503, 0x760B, 0x350B, 0xF302, 0xF312, 0x742B, 0x374C, 0x3B75, 0x9C7D, 0xF543, 0xD543, 0xB533, 0x321B, 
    0xD502, 0xB402, 0xB402, 0xB402, 0xD502, 0xD502, 0xF502, 0x160B, 0xF502, 0xD502, 0xB502, 0xF602, 0x570B, 0x780B, 0x1603, 0xD502, 
    0xD502, 0xD502, 0xD502, 0xD502, 0xD502, 0xB502, 0xD502, 0xD502, 0xB402, 0xD502, 0xD502, 0xB402, 0xD502, 0xF502, 0xF50A, 0xF502, 
    0x1503, 0x1503, 0xF502, 0xF502, 0x1503, 0x1503, 0x1503, 0xF502, 0x1503, 0x1503, 0xF502, 0xF502, 0xF502, 0xF502, 0xF502, 0xF502, 
    0x1603, 0xF602, 0xF602, 0xD502, 0xD502, 0xD502, 0xD502, 0xD502, 0xD402, 0xF502, 0x1503, 0x3503, 0x1503, 0xF402, 0xD40A, 0xF40A, 
    0xF502, 0x1503, 0x1603, 0x1603, 0x1503, 0x1503, 0x1603, 0x1603, 0x3603, 0xF502, 0x1603, 0x1503, 0xD402, 0x760B, 0xF81B, 0xB713, 
    0x550B, 0x760B, 0x760B, 0x7603, 0x5603, 0x3503, 0x3603, 0x3603, 0x970B, 0x3503, 0xF402, 0x1503, 0x550B, 0x550B, 0x550B, 0x550B, 
    0xD723, 0x7613, 0xF402, 0xF502, 0x1603, 0x1603, 0x3703, 0x3703, 0x3703, 0xD502, 0xF502, 0x150B, 0xF40A, 0x551B, 0xB62B, 0xF62B, 
    0x3303, 0x7403, 0x3203, 0x530B, 0xD423, 0xDC6D, 0xBB75, 0xDB7D, 0xD864, 0x154C, 0xD543, 0x3C6D, 0xFC64, 0x772B, 0xB833, 0xF933, 
    0x971B, 0x140B, 0x962B, 0x9D75, 0x5754, 0xD974, 0x197D, 0xD453, 0x355C, 0x9B85, 0x3E96, 0x5B7D, 0x1A75, 0x1A7D, 0xFD9D, 0x9B8D, 
    0x196D, 0x1865, 0xB754, 0xF43B, 0x9233, 0xF443, 0x7754, 0x364C, 0x3754, 0x585C, 0xF753, 0x3854, 0x384C, 0xB533, 0xB633, 0xF633, 
    0x162C, 0xF623, 0x9413, 0x7513, 0xB61B, 0x340B, 0x7613, 0x1403, 0x1403, 0x9613, 0x9613, 0x140B, 0x961B, 0x993C, 0x793C, 0x951B, 
    0x182C, 0x9613, 0xF823, 0x9A34, 0x340B, 0x5413, 0x5323, 0xD11A, 0x3654, 0xBC8D, 0x9FA6, 0x5F9E, 0x1A65, 0x1734, 0xD723, 0x1403, 
    0x3603, 0x1603, 0xF502, 0xF502, 0xF502, 0xF502, 0xF502, 0xD402, 0xD402, 0xF402, 0xF402, 0xF402, 0x3403, 0x7513, 0xB613, 0xB613, 
    0xD713, 0xB713, 0x1303, 0x540B, 0x5413, 0x7413, 0xF202, 0x340B, 0xB713, 0xB60B, 0x7603, 0x3503, 0x5503, 0x550B, 0x540B, 0x340B, 
    0x1403, 0x550B, 0x7603, 0x7603, 0x960B, 0x3503, 0x1403, 0x551B, 0xD63B, 0x5854, 0xD96C, 0x5B75, 0x364C, 0xD53B, 0x7323, 0x531B, 
    0xD502, 0xB402, 0xB402, 0xB402, 0xD502, 0xD502, 0xF602, 0x160B, 0xD502, 0xD502, 0xF502, 0x1603, 0x570B, 0x570B, 0xF602, 0xB502, 
    0xD502, 0xB502, 0xD502, 0xD502, 0xD502, 0xD502, 0xD502, 0xD502, 0xB402, 0xD502, 0xD502, 0xD402, 0xD502, 0xF502, 0xF50A, 0xF502, 
    0x1503, 0x1503, 0xF502, 0xF502, 0x1503, 0x1503, 0x1503, 0xF502, 0xF502, 0xF502, 0x1503, 0xF502, 0xF502, 0xF502, 0xF502, 0xD502, 
    0x1603, 0x1603, 0xF602, 0xD502, 0xD502, 0xB502, 0xB502, 0xD502, 0xF502, 0x1503, 0x1503, 0x3503, 0x3503, 0x1503, 0xF502, 0xD402, 
    0xF502, 0x1503, 0x1503, 0x1503, 0x1503, 0x1503, 0x1603, 0x1603, 0x1603, 0xD502, 0x3603, 0x3503, 0x1503, 0x1824, 0xDB3C, 0x392C, 
    0x560B, 0x770B, 0x9713, 0x970B, 0x560B, 0x3603, 0x3603, 0x5603, 0x760B, 0x3503, 0x1403, 0x3503, 0x750B, 0x7513, 0x9613, 0xB61B, 
    0x5934, 0xB623, 0x3513, 0xF502, 0x360B, 0x370B, 0x3603, 0xF602, 0x3703, 0xF502, 0xF502, 0xF402, 0x140B, 0x751B, 0x7523, 0x330B, 
    0x3303, 0x370C, 0x3614, 0x5203, 0x1103, 0x773C, 0xB74C, 0x3965, 0xDC85, 0xB864, 0x5333, 0x595C, 0x5954, 0x352B, 0x5B54, 0x3E65, 
    0x761B, 0x340B, 0x173C, 0xFE85, 0x5B7D, 0xFD9D, 0x9B95, 0x5664, 0x1554, 0x5A7D, 0x7B7D, 0xF96C, 0xFA74, 0xF974, 0x1EA6, 0x7B8D, 
    0x1975, 0x396D, 0xF864, 0x5544, 0xD333, 0xF53B, 0x5644, 0x1644, 0x164C, 0x174C, 0x7433, 0xD643, 0xF73B, 0x752B, 0x952B, 0xF62B, 
    0x162C, 0xF623, 0x9513, 0xD61B, 0xD61B, 0x1403, 0x550B, 0x3503, 0x1403, 0x550B, 0x350B, 0x1403, 0x340B, 0x961B, 0x7513, 0xF302, 
    0xB623, 0x5513, 0xD71B, 0x7A2C, 0x1403, 0x540B, 0x741B, 0x331B, 0x374C, 0x1A6D, 0xBD85, 0xDE85, 0xDA5C, 0xB62B, 0xB61B, 0x550B, 
    0xF502, 0xF502, 0xF502, 0xF502, 0xF502, 0xF502, 0xF502, 0xF402, 0xD402, 0x150B, 0x340B, 0x340B, 0x540B, 0x540B, 0x750B, 0xD613, 
    0x792C, 0xF71B, 0x340B, 0x7934, 0xB93C, 0x7834, 0xB623, 0xB61B, 0x550B, 0x750B, 0x550B, 0x3503, 0x1403, 0x540B, 0x3413, 0xF202, 
    0x1403, 0x550B, 0x760B, 0x9603, 0x9603, 0x5503, 0x5513, 0xD72B, 0xDA5C, 0xDA64, 0xD96C, 0x5B7D, 0x7754, 0xD53B, 0x521B, 0x9423, 
    0xB402, 0xB402, 0xB402, 0xD502, 0xD502, 0xD502, 0x1603, 0x360B, 0xD502, 0xF602, 0x360B, 0x370B, 0x360B, 0xF602, 0xD502, 0xD502, 
    0xB502, 0xB502, 0xD502, 0xD502, 0xD502, 0xD502, 0xD502, 0xD502, 0xB402, 0xD502, 0xD502, 0xD402, 0xD502, 0xF502, 0x150B, 0xF502, 
    0x1503, 0x1503, 0xF502, 0xF502, 0x1503, 0x1503, 0x1503, 0xF502, 0xF502, 0xF502, 0x1503, 0xF502, 0xF502, 0xF502, 0xF502, 0xD502, 
    0x1603, 0x1603, 0xF602, 0xD602, 0xD502, 0xB502, 0xB502, 0xD502, 0x1503, 0x1503, 0x1503, 0x1503, 0x1503, 0x1503, 0xF50A, 0xF502, 
    0xF502, 0xF502, 0x1503, 0x1503, 0xF502, 0xF502, 0xF602, 0x1603, 0x360B, 0xF502, 0x3603, 0x3503, 0x1503, 0x3924, 0xDB3C, 0xD81B, 
    0x360B, 0x570B, 0x9713, 0x770B, 0x5603, 0x3603, 0x3603, 0x3603, 0x3603, 0x3503, 0x5503, 0x760B, 0x9613, 0x9513, 0xB61B, 0xB61B, 
    0xB623, 0xF72B, 0xD72B, 0x961B, 0xF502, 0xD402, 0xF602, 0x3703, 0x1603, 0xF502, 0xF502, 0xF402, 0x3413, 0xD62B, 0xD62B, 0x130B, 
    0x9403, 0xB503, 0x3714, 0x5303, 0x1203, 0xB002, 0x3313, 0x5744, 0x984C, 0xD95C, 0x174C, 0xDA64, 0x5954, 0x142B, 0xF84B, 0x9A54, 
    0x3413, 0x7413, 0x173C, 0x7C75, 0x1D9E, 0xBFB6, 0xDC9D, 0xF87C, 0x397D, 0xBB85, 0x5A75, 0xD864, 0x1A6D, 0xD96C, 0x9D95, 0xF97C, 
    0x575C, 0x975C, 0xD864, 0xB754, 0xF43B, 0xF533, 0x363C, 0x163C, 0x373C, 0x173C, 0x952B, 0xB633, 0xD633, 0x541B, 0x951B, 0xF623, 
    0x572C, 0x372C, 0xB51B, 0x1724, 0xB613, 0xF402, 0xF402, 0x1503, 0x1403, 0x3503, 0x350B, 0x350B, 0x550B, 0x9613, 0x7513, 0x340B, 
    0x7513, 0x5513, 0x3503, 0x960B, 0x1403, 0x1403, 0xF302, 0x541B, 0x952B, 0x7954, 0x1B6D, 0x1B65, 0xF73B, 0x1313, 0x540B, 0x1403, 
    0xF502, 0x1603, 0x360B, 0x160B, 0xF502, 0xF502, 0xF402, 0x150B, 0xF40A, 0x7513, 0x7513, 0x550B, 0x750B, 0x540B, 0x5403, 0xB613, 
    0x382C, 0xD71B, 0x951B, 0x5C55, 0xFA4C, 0xD523, 0x741B, 0xD623, 0xF723, 0xF723, 0xF723, 0x9613, 0x540B, 0xB623, 0xF62B, 0x541B, 
    0x340B, 0x550B, 0x750B, 0x760B, 0x9603, 0x550B, 0xB61B, 0x7944, 0x7D75, 0x1B75, 0xD96C, 0x3B7D, 0x775C, 0xF53B, 0x932B, 0x3634, 
    0xB402, 0xB402, 0xB402, 0xD502, 0xF502, 0xF502, 0xF602, 0x360B, 0xD502, 0x1603, 0x570B, 0x370B, 0xF602, 0xD502, 0xD502, 0xD502, 
    0xB502, 0xB502, 0xD502, 0xD502, 0xD502, 0xD502, 0xD502, 0xD502, 0xB502, 0xD502, 0xD502, 0xD502, 0xD502, 0xF50A, 0x150B, 0xF502, 
    0x1503, 0x1503, 0xF502, 0xF502, 0x1503, 0x1503, 0x1503, 0xF502, 0x1503, 0x1503, 0xF502, 0xF502, 0xF502, 0xF502, 0xF502, 0xF502, 
    0x1603, 0xF602, 0xF602, 0xD602, 0xD502, 0xD502, 0xD502, 0xD502, 0x1503, 0xF502, 0xF502, 0xF502, 0x1503, 0x1503, 0x1503, 0x1503, 
    0xF502, 0xF502, 0x1503, 0x1503, 0xF502, 0xF502, 0xF602, 0xF602, 0x1603, 0xF502, 0x1603, 0x1503, 0x350B, 0x1824, 0x592C, 0x9713, 
    0x1503, 0x360B, 0x570B, 0x560B, 0x1603, 0x1503, 0xF502, 0x1503, 0x3503, 0x560B, 0x760B, 0x750B, 0x9513, 0xD61B, 0xD61B, 0x951B, 
    0xB623, 0xF62B, 0xD72B, 0x761B, 0x150B, 0xF502, 0x1603, 0x3603, 0x1603, 0xF502, 0x1503, 0x350B, 0x961B, 0x1734, 0x373C, 0xB523, 
    0x9413, 0x3303, 0xD61B, 0x1303, 0x540B, 0xF202, 0x330B, 0x751B, 0x583C, 0x9944, 0x952B, 0xB533, 0xB53B, 0x9433, 0x7854, 0xFA5C, 
    0x741B, 0x951B, 0x5744, 0x3A6D, 0x3D9E, 0xFFBE, 0x3DAE, 0xBB95, 0x1C96, 0xBB7D, 0x3965, 0x9754, 0xF964, 0xB864, 0x1A7D, 0xB974, 
    0x3764, 0xF653, 0xF96C, 0x5A6D, 0x163C, 0xB42B, 0x3634, 0xD52B, 0x1634, 0x3734, 0xB523, 0xD623, 0xD623, 0x7413, 0xB513, 0xD61B, 
    0xF623, 0x1724, 0x9513, 0x1724, 0x750B, 0x1403, 0x1503, 0x5603, 0x1503, 0x3503, 0x3503, 0x3503, 0x550B, 0x760B, 0x750B, 0x550B, 
    0x751B, 0x961B, 0xF402, 0x3503, 0x5503, 0x7503, 0xF402, 0xB71B, 0xF312, 0x794C, 0x5C6D, 0xFB64, 0xB52B, 0x130B, 0x750B, 0xF302, 
    0xF502, 0x1503, 0x1603, 0x1503, 0xF502, 0xD402, 0xD402, 0xF402, 0xB302, 0x7513, 0x5513, 0x1403, 0x740B, 0x740B, 0x5403, 0xB613, 
    0x1724, 0x9513, 0x3413, 0x5C5D, 0xD94C, 0x9423, 0x531B, 0x741B, 0x793C, 0x5834, 0x3834, 0xB51B, 0x541B, 0x1634, 0x984C, 0xD52B, 
    0x5413, 0x7513, 0x750B, 0x750B, 0x960B, 0x750B, 0xD623, 0xBA4C, 0xB964, 0x375C, 0x3764, 0xF974, 0x1554, 0xF443, 0x5644, 0x595D, 
    0xB402, 0xB402, 0xB402, 0xF502, 0xF50A, 0xF502, 0xF602, 0x160B, 0x1603, 0x360B, 0x370B, 0x160B, 0xF602, 0xD502, 0xD502, 0xD502, 
    0xD502, 0xD502, 0xB502, 0xB502, 0xB502, 0xB502, 0xD502, 0xD502, 0xB502, 0xD502, 0xD502, 0xD502, 0xD502, 0xF50A, 0x150B, 0xF502, 
    0x1503, 0x1503, 0xF502, 0xF502, 0x1503, 0x1503, 0x1503, 0xF502, 0x1503, 0x1503, 0xF502, 0xF502, 0xF502, 0xF502, 0xF502, 0xF502, 
    0xF602, 0xF602, 0xD602, 0xD602, 0xD502, 0xD502, 0xD502, 0xD502, 0xF502, 0xF502, 0xF402, 0xF502, 0xF502, 0x1503, 0x1503, 0xF502, 
    0xF502, 0x1503, 0x1603, 0x1603, 0xF602, 0xF602, 0xF602, 0xF602, 0xD502, 0x1503, 0x1603, 0x1503, 0x3503, 0x9713, 0xD71B, 0x9713, 
    0x1603, 0x1603, 0x160B, 0x3603, 0x1603, 0x1603, 0x1503, 0x1503, 0x3503, 0x760B, 0x760B, 0x550B, 0xB61B, 0x5834, 0x582C, 0xB51B, 
    0x783C, 0x1734, 0x9623, 0x3513, 0x350B, 0x560B, 0x3603, 0xF502, 0x1603, 0xD502, 0x560B, 0xF823, 0xF72B, 0x1734, 0x7844, 0xB94C, 
    0x994C, 0x5423, 0x7523, 0x551B, 0x3513, 0x5513, 0x350B, 0xF402, 0x550B, 0xB61B, 0x7413, 0xB423, 0x9844, 0xD84C, 0x964C, 0x9644, 
    0xD41B, 0xB41B, 0xF954, 0x9B7D, 0x1C9E, 0x1FBF, 0xBEB6, 0xFB9D, 0xD76C, 0x1444, 0x1544, 0xB433, 0x3644, 0x164C, 0x9864, 0x1B7D, 
    0x9974, 0xB553, 0xFA74, 0xDD85, 0x5744, 0xB42B, 0x3634, 0xB41B, 0xF523, 0x372C, 0xB51B, 0xD51B, 0xF61B, 0xB50B, 0xD50B, 0xB50B, 
    0xB513, 0xF61B, 0x750B, 0xF71B, 0x5503, 0x3503, 0x760B, 0xB713, 0x1503, 0x3503, 0x1503, 0x1403, 0x3503, 0x550B, 0x750B, 0x550B, 
    0x5513, 0x5513, 0xD302, 0x5503, 0x5503, 0x7603, 0x1503, 0x9713, 0x140B, 0xF833, 0x7A4C, 0x594C, 0x9523, 0x3413, 0x9513, 0x1403, 
    0x1503, 0xF502, 0xD502, 0x1503, 0x360B, 0x350B, 0x150B, 0xF402, 0x5513, 0x382C, 0xD61B, 0x3303, 0x740B, 0x740B, 0x5403, 0xB513, 
    0x372C, 0x951B, 0x1313, 0x1A55, 0xB84C, 0xF533, 0xF533, 0x7323, 0xB52B, 0x9523, 0xB523, 0x3313, 0xF212, 0x163C, 0x9854, 0x742B, 
    0x7423, 0x951B, 0x7513, 0x950B, 0x950B, 0x540B, 0x9523, 0x784C, 0x164C, 0x944B, 0x1564, 0xD87C, 0x934B, 0xD443, 0xF85C, 0xFC75, 
    0xB402, 0xB402, 0xD502, 0xF50A, 0x160B, 0xF502, 0xF502, 0x1603, 0x570B, 0x370B, 0x160B, 0x1603, 0xD502, 0xD502, 0xB502, 0xB502, 
    0xD50A, 0xD502, 0xB502, 0xB502, 0xB502, 0xB502, 0xD502, 0xD502, 0xD502, 0xD502, 0xD502, 0xD402, 0xD402, 0xF40A, 0x150B, 0xF40A, 
    0x150B, 0xF502, 0xF502, 0xF502, 0x1503, 0x1503, 0x1503, 0xF502, 0x1603, 0x1503, 0xF502, 0xD502, 0xD502, 0xD502, 0xD502, 0xF502, 
    0xF602, 0xF602, 0xD602, 0xD602, 0xB602, 0xD502, 0xD502, 0xF502, 0xF502, 0xF502, 0xF502, 0xF502, 0x1603, 0x3603, 0x1603, 0xF502, 
    0xF502, 0x1603, 0x1603, 0x1603, 0x1603, 0xF602, 0xF602, 0x1603, 0xD502, 0x360B, 0x1603, 0xD502, 0xF402, 0x1503, 0x1503, 0x560B, 
    0x360B, 0x360B, 0x160B, 0x160B, 0x360B, 0x360B, 0x3603, 0x1503, 0x3503, 0x960B, 0x750B, 0x340B, 0xF723, 0xDA4C, 0xBA4C, 0xD62B, 
    0xB954, 0x984C, 0x173C, 0x551B, 0xF402, 0xF402, 0x3603, 0x5603, 0x3603, 0xF402, 0xB61B, 0x9A3C, 0x783C, 0xF62B, 0x7744, 0x7B6D, 
    0x5FB7, 0x5854, 0x953B, 0xDB5C, 0xF733, 0x351B, 0xD402, 0xD71B, 0x760B, 0xB613, 0xB513, 0x9413, 0x362C, 0xB73C, 0x9644, 0x3955, 
    0xB41B, 0x5213, 0x7B6D, 0x3D96, 0xDB95, 0xDFBE, 0xDFBE, 0xBA8D, 0x597D, 0x354C, 0x764C, 0xB433, 0xD533, 0x9433, 0xD543, 0xFA6C, 
    0xB974, 0x5443, 0xB96C, 0xFD8D, 0x574C, 0xB433, 0x573C, 0xB423, 0xD523, 0x372C, 0xB51B, 0xB51B, 0x171C, 0xF613, 0xD60B, 0x7403, 
    0xD513, 0x3724, 0x9513, 0xF71B, 0x3403, 0x3503, 0x760B, 0xB713, 0x3603, 0x3603, 0x1503, 0xF502, 0x3503, 0x960B, 0xD71B, 0xD71B, 
    0xB623, 0x7513, 0x5403, 0xD713, 0x5503, 0x7603, 0x5503, 0x760B, 0x5513, 0xD30A, 0x9202, 0x351B, 0x3513, 0xD302, 0x3403, 0x1403, 
    0x3503, 0xF502, 0xD502, 0x360B, 0xB71B, 0xD823, 0xB723, 0x551B, 0xBA4C, 0x7C65, 0xB944, 0x941B, 0x941B, 0x9413, 0x3203, 0x7303, 
    0x540B, 0x7413, 0x120B, 0x573C, 0x5323, 0xD012, 0x7323, 0x111B, 0x531B, 0x7423, 0xD62B, 0xB52B, 0x942B, 0xD954, 0x3A65, 0xD533, 
    0x942B, 0x9523, 0x941B, 0xB513, 0x9513, 0x330B, 0x541B, 0x173C, 0x995C, 0x3754, 0xD86C, 0x5A7D, 0xB33B, 0xD43B, 0xF85C, 0xBB75, 
    0xB402, 0xB402, 0xD402, 0xD402, 0xD502, 0xF502, 0x1603, 0x3603, 0x5603, 0x3603, 0x1603, 0xD502, 0xB502, 0xB502, 0xB502, 0xB502, 
    0xD50A, 0xD502, 0xD502, 0xB402, 0xB502, 0xD502, 0xD502, 0xD502, 0x360B, 0x150B, 0x350B, 0xF30A, 0x1413, 0x341B, 0xF212, 0x7523, 
    0x1513, 0x9302, 0xF502, 0xF502, 0xF502, 0x360B, 0xF402, 0xD402, 0x1503, 0xF502, 0xD502, 0xD502, 0xD502, 0xF502, 0xF502, 0xD602, 
    0xD602, 0xD602, 0xD602, 0xD602, 0xD602, 0xF602, 0xD502, 0xD502, 0xF602, 0xD502, 0xD502, 0x1603, 0x3603, 0x1603, 0x1603, 0x3603, 
    0x570B, 0x3703, 0x1603, 0xF602, 0xF502, 0xF602, 0x1603, 0x1503, 0x1503, 0x1603, 0x360B, 0x360B, 0x360B, 0x360B, 0x360B, 0x360B, 
    0x770B, 0x5503, 0x3503, 0x360B, 0x160B, 0xD502, 0xD402, 0x1503, 0x5503, 0x960B, 0x750B, 0x1403, 0x130B, 0xD633, 0x9954, 0x1B6D, 
    0xF96C, 0x7F9E, 0x5B6D, 0x1734, 0x3513, 0x5603, 0xF502, 0x7703, 0x1503, 0xB713, 0xDA3C, 0x9C5D, 0xD94C, 0x722B, 0xB43B, 0x7A75, 
    0xFFAE, 0x975C, 0x154C, 0xFA6C, 0x374C, 0x131B, 0x1413, 0x961B, 0xB71B, 0x9613, 0xF71B, 0xD61B, 0x1203, 0xF62B, 0x1634, 0x363C, 
    0x531B, 0xB42B, 0x3E86, 0x5D96, 0xF77C, 0x3CA6, 0xBEBE, 0xDB95, 0x597D, 0x5A6D, 0x3644, 0xB52B, 0x7323, 0x331B, 0x363C, 0x1644, 
    0x1544, 0xB443, 0x3A75, 0x5B75, 0xF96C, 0xD543, 0xB43B, 0x7433, 0x542B, 0xFA5C, 0x784C, 0x1213, 0x5413, 0xB513, 0x740B, 0xB513, 
    0x9513, 0x5413, 0xB61B, 0xB61B, 0x7513, 0x7613, 0x9713, 0x5A2C, 0x3503, 0xF502, 0x1503, 0x5603, 0x1503, 0x5603, 0xB813, 0xF81B, 
    0x1724, 0xD51B, 0xB513, 0xD613, 0x950B, 0x5403, 0x5503, 0xB613, 0x350B, 0x140B, 0xF40A, 0x350B, 0x150B, 0xF502, 0xF502, 0x3503, 
    0xF502, 0x560B, 0xF502, 0xF402, 0x9613, 0x550B, 0xF30A, 0x952B, 0x1B6D, 0x5B7D, 0xB443, 0x3223, 0xB423, 0x1524, 0x5203, 0xD50B, 
    0xD613, 0xB61B, 0x941B, 0x1634, 0xD00A, 0x111B, 0x7223, 0xD012, 0x531B, 0x9423, 0x9844, 0x120B, 0x531B, 0xF62B, 0xB52B, 0x373C, 
    0x121B, 0x331B, 0x5213, 0x9413, 0xD513, 0x330B, 0x751B, 0xDA54, 0xD633, 0xB633, 0xF633, 0xF533, 0xB423, 0x932B, 0x9754, 0xDD7D, 
    0xB402, 0xB402, 0xB402, 0xD402, 0xF502, 0xF502, 0x3603, 0x5603, 0x5603, 0x3603, 0x1603, 0xD502, 0xB502, 0xB502, 0xB502, 0xB50A, 
    0xD502, 0xD402, 0xB402, 0xD402, 0xD502, 0xD502, 0xF502, 0xF502, 0x1503, 0xF402, 0x140B, 0xF30A, 0x9523, 0x5844, 0x7844, 0x1B5D, 
    0x9A44, 0x761B, 0x150B, 0xB302, 0x9302, 0xF402, 0xF502, 0x560B, 0x1503, 0xF502, 0xD502, 0xD502, 0xD602, 0xD602, 0xD60A, 0xD60A, 
    0xD602, 0xD602, 0xD602, 0xD602, 0xD602, 0xD602, 0xD602, 0xD502, 0x1603, 0xF502, 0xD502, 0xF502, 0x1603, 0x1603, 0xF502, 0x1603, 
    0x3703, 0x3703, 0x1603, 0xF602, 0xF602, 0xF502, 0x1503, 0x1503, 0xF502, 0xF502, 0x1603, 0x1603, 0xF602, 0xF602, 0xF602, 0x1603, 
    0x3503, 0x5503, 0x3503, 0x1503, 0x150B, 0x360B, 0x770B, 0x760B, 0xB70B, 0xD70B, 0xB60B, 0xB61B, 0x1734, 0xBA54, 0xDA64, 0x9964, 
    0x7664, 0x5EA6, 0x5F96, 0x5844, 0x5513, 0xF402, 0x3603, 0x9703, 0x3503, 0x3503, 0xB51B, 0x783C, 0x984C, 0xF53B, 0x154C, 0x396D, 
    0x7D9E, 0x965C, 0xB764, 0x1D8E, 0xBC7D, 0x3744, 0x7523, 0x551B, 0xF723, 0x9613, 0xD71B, 0xD61B, 0xB202, 0x5413, 0xB62B, 0xBA4C, 
    0x7523, 0xB52B, 0xBC7D, 0x5E9E, 0x9A8D, 0x7DAE, 0xBEBE, 0x7A8D, 0x1975, 0x5B75, 0x784C, 0xB52B, 0x9423, 0xD52B, 0x9844, 0x153C, 
    0x974C, 0xD75C, 0xBB85, 0x3D96, 0x7F9E, 0x3B7D, 0x575C, 0xF22A, 0x164C, 0xDE85, 0x9D75, 0x163C, 0xD52B, 0xB523, 0x5313, 0xB41B, 
    0x9834, 0xD623, 0xB51B, 0x5413, 0x340B, 0x340B, 0xF402, 0x9613, 0x560B, 0xF402, 0xF502, 0x1503, 0x1503, 0x3503, 0x560B, 0x5503, 
    0xB613, 0x940B, 0x9413, 0xB513, 0xB513, 0x750B, 0x9513, 0xD71B, 0x350B, 0x1403, 0x1503, 0x350B, 0x1603, 0xF502, 0xF502, 0x1503, 
    0xF402, 0x1503, 0xD402, 0x1503, 0x181C, 0x1724, 0xD62B, 0x9954, 0x3F9E, 0x5B85, 0x7343, 0xD022, 0xD433, 0xB41B, 0x7203, 0x1614, 
    0x5403, 0x540B, 0x5834, 0x773C, 0xF533, 0x732B, 0x5644, 0x111B, 0x321B, 0x7423, 0x783C, 0x3313, 0x9523, 0xB523, 0x9423, 0xB94C, 
    0x9854, 0x163C, 0xB423, 0xB41B, 0x9413, 0x330B, 0x541B, 0x583C, 0x7944, 0x583C, 0xF623, 0x9413, 0x7313, 0x9423, 0x774C, 0xBD7D, 
    0xB402, 0xB402, 0xB402, 0xD402, 0xD502, 0x1503, 0x3603, 0x5603, 0x3603, 0x1603, 0xF502, 0xD502, 0xB502, 0xB502, 0xB502, 0xB50A, 
    0xB402, 0xD402, 0xB402, 0xD502, 0xD502, 0xD502, 0xF502, 0xF502, 0x1503, 0x1503, 0x340B, 0x140B, 0xF733, 0x3B5D, 0x7C6D, 0x1F7E, 
    0xBB44, 0x5613, 0xD402, 0xD402, 0xD402, 0xF502, 0xF402, 0x360B, 0x1503, 0xF502, 0xD502, 0xD502, 0xD602, 0xD602, 0xD60A, 0xD502, 
    0xD602, 0xD602, 0xD602, 0xD502, 0xD502, 0xD502, 0xD502, 0xD502, 0xF602, 0x1603, 0xF502, 0xF502, 0xF502, 0x1603, 0x1503, 0xF502, 
    0x1603, 0x1603, 0x1603, 0x1603, 0xF502, 0xF502, 0x1503, 0x1503, 0xF502, 0xF502, 0xF602, 0xF602, 0xF602, 0xF602, 0xF602, 0x1603, 
    0x1503, 0x5603, 0x5603, 0xF502, 0xF502, 0x560B, 0x770B, 0x3503, 0x3503, 0x960B, 0xB613, 0x9513, 0xB623, 0x5844, 0xDA64, 0xFA74, 
    0x5764, 0x9B8D, 0x1E8E, 0xD633, 0x1413, 0xD402, 0x770B, 0x1503, 0x560B, 0x550B, 0xD623, 0xFA54, 0x1A5D, 0x1644, 0x364C, 0x9B75, 
    0xDB7D, 0x554C, 0x975C, 0x3E8E, 0x1F86, 0xDA54, 0xD733, 0x761B, 0x9613, 0x7513, 0x3824, 0x9934, 0x540B, 0x1313, 0x7523, 0xFA54, 
    0x752B, 0xD63B, 0x5B75, 0x7E9E, 0xBB95, 0xDB9D, 0x5DA6, 0x197D, 0xD96C, 0x5B6D, 0x3744, 0x5423, 0x5323, 0x363C, 0x974C, 0xD43B, 
    0xB33B, 0xF864, 0x3975, 0x9B7D, 0x1D96, 0x5B7D, 0x1A75, 0xF54B, 0x575C, 0x1E8E, 0xFE85, 0x784C, 0xD533, 0x9423, 0x531B, 0xB41B, 
    0x7834, 0x9513, 0x540B, 0x1303, 0x540B, 0x9613, 0x550B, 0xB713, 0xD71B, 0x3503, 0x1403, 0x5503, 0x550B, 0x750B, 0x550B, 0xF302, 
    0x740B, 0x5403, 0x740B, 0x9513, 0xB513, 0x750B, 0x9613, 0xD71B, 0x3503, 0x1403, 0x1503, 0x1503, 0x1503, 0xF502, 0xF502, 0x1503, 
    0x360B, 0x3603, 0x3503, 0xF813, 0xFC3C, 0xFB3C, 0xBA44, 0x5C65, 0xBF9E, 0x7F9E, 0xBC85, 0x5754, 0xB84C, 0xB41B, 0x940B, 0xF513, 
    0x9513, 0x1303, 0x3734, 0xD94C, 0x1A5D, 0x5A6D, 0x7F8E, 0xF95C, 0x3223, 0x942B, 0x583C, 0x9523, 0x3734, 0xD62B, 0xF633, 0x1F7E, 
    0xBD7D, 0xB854, 0x162C, 0xF51B, 0x730B, 0x530B, 0x751B, 0xD62B, 0xF733, 0x583C, 0xD623, 0x530B, 0x7413, 0x9423, 0xF63B, 0xD964, 
    0xB402, 0xB402, 0xB402, 0xB402, 0xF502, 0x1603, 0x3603, 0x560B, 0x1603, 0x1503, 0xF502, 0xD502, 0xB502, 0xB502, 0xB502, 0xB50A, 
    0xB402, 0xB402, 0xD402, 0xD502, 0xD502, 0xF502, 0xF502, 0x1503, 0x1503, 0x1503, 0x140B, 0xF30A, 0xF72B, 0x3B5D, 0x9C65, 0xFF75, 
    0x3934, 0xD402, 0xB302, 0x150B, 0x350B, 0x350B, 0xD402, 0xF502, 0xF502, 0xF502, 0xD502, 0xD502, 0xD502, 0xD602, 0xD60A, 0xD502, 
    0xD502, 0xD502, 0xD502, 0xD502, 0xD502, 0xD502, 0xD502, 0xF502, 0xF502, 0xF502, 0xF502, 0xD502, 0xF502, 0x3603, 0x3603, 0xF502, 
    0xF502, 0x1503, 0xF502, 0xF502, 0xF502, 0xF502, 0xF502, 0x1503, 0x1503, 0x1503, 0x1503, 0xF602, 0xF602, 0xF602, 0xF602, 0x1603, 
    0x3603, 0x7603, 0x5603, 0x3603, 0x3603, 0x560B, 0x560B, 0x3603, 0x5503, 0xB60B, 0xF71B, 0xB61B, 0xB62B, 0x3844, 0xDA64, 0x1A75, 
    0x776C, 0xF974, 0xBD85, 0x3844, 0x351B, 0x350B, 0x560B, 0xD402, 0x1503, 0xD302, 0x9523, 0x3B5D, 0x1B5D, 0x742B, 0x742B, 0x1B65, 
    0xD85C, 0xD43B, 0x3744, 0xBD75, 0xDE75, 0xDA4C, 0xF72B, 0x961B, 0x750B, 0x960B, 0x3824, 0xBA34, 0xB61B, 0x751B, 0x7523, 0xDA54, 
    0x952B, 0x784C, 0x5B75, 0x3E96, 0x5A7D, 0x976C, 0x7A85, 0xF96C, 0xFA6C, 0x1A65, 0xF643, 0x542B, 0x532B, 0x574C, 0x7754, 0xF443, 
    0x765C, 0xDB8D, 0x3975, 0x9B85, 0xFC8D, 0xF974, 0xF974, 0x3654, 0xB864, 0x1E8E, 0x3E96, 0x7B75, 0x1965, 0x974C, 0xB433, 0x9423, 
    0x7834, 0xD61B, 0xB613, 0x750B, 0x750B, 0x9613, 0x3503, 0x7613, 0xF81B, 0x550B, 0x1403, 0x550B, 0x950B, 0xB613, 0xB513, 0x5403, 
    0x740B, 0x5403, 0x5403, 0x750B, 0x750B, 0x550B, 0x750B, 0x9613, 0x1503, 0x1503, 0x1503, 0x1503, 0x1503, 0xF502, 0xF502, 0xF502, 
    0xD502, 0xF502, 0x3603, 0x191C, 0xDC34, 0x592C, 0xF823, 0x7944, 0x5C6D, 0x9F9E, 0x9F9E, 0x1A65, 0x984C, 0xD523, 0x7403, 0x3303, 
    0x540B, 0xD30A, 0x9523, 0x9C6D, 0xF95C, 0x1D86, 0xFF9E, 0x1E86, 0x9854, 0x3B65, 0x7C65, 0x583C, 0xBA4C, 0xD62B, 0xD633, 0x3F86, 
    0xBD75, 0x984C, 0x162C, 0xF51B, 0x730B, 0x740B, 0x9523, 0x9523, 0x351B, 0xF72B, 0xD51B, 0x530B, 0x9413, 0xB523, 0xD533, 0x7854, 
    0xB502, 0xB402, 0xB402, 0xD502, 0xF502, 0x3603, 0x3603, 0x3603, 0x1503, 0xF502, 0xF502, 0xD502, 0xB502, 0xB502, 0xB502, 0xB402, 
    0xB402, 0xD402, 0xD402, 0xD502, 0xF502, 0xF502, 0x1503, 0x1503, 0xD402, 0xD402, 0xF402, 0xF30A, 0xD62B, 0xFA4C, 0x1A55, 0x7C65, 
    0x9A3C, 0x150B, 0xB402, 0xF402, 0x1503, 0x1503, 0xD402, 0x1503, 0xF502, 0xF502, 0xD502, 0xD502, 0xD502, 0xD602, 0xD502, 0xD502, 
    0xD502, 0xD502, 0xD502, 0xD502, 0xB502, 0xD502, 0xF502, 0x160B, 0xF502, 0xF502, 0xF502, 0xD402, 0xD502, 0xF502, 0x1503, 0xF502, 
    0xF502, 0xD502, 0xD402, 0xD402, 0xF402, 0xF402, 0xF402, 0xF402, 0x1503, 0x1503, 0x1503, 0xF602, 0xF602, 0xF602, 0xF602, 0x1703, 
    0x5703, 0x3603, 0x7703, 0xF913, 0xFA1B, 0xB913, 0xB813, 0xF91B, 0x191C, 0x381C, 0x3824, 0x9934, 0x1B55, 0x7C6D, 0x3B75, 0xB964, 
    0xB86C, 0x3A7D, 0x3F96, 0xBE7D, 0xB72B, 0x561B, 0xF402, 0xF40A, 0x5613, 0x5513, 0xD72B, 0xDB54, 0xFB54, 0xD733, 0x752B, 0x5944, 
    0x9523, 0x7423, 0x583C, 0xBE6D, 0xDF6D, 0xBB4C, 0xB723, 0x5613, 0x9613, 0x9613, 0xB613, 0xD61B, 0x7513, 0xF62B, 0xD633, 0xB954, 
    0x3844, 0xDA5C, 0x1B65, 0x7C75, 0x775C, 0xB443, 0x785C, 0x985C, 0xDA5C, 0x9954, 0xF743, 0x374C, 0x164C, 0xD964, 0x9764, 0x9764, 
    0x1975, 0xFC8D, 0x397D, 0x7EA6, 0xFFB6, 0x9B85, 0xB764, 0xB343, 0x1975, 0xFC8D, 0x5E96, 0x5E96, 0x9F9E, 0xDC85, 0x354C, 0x3223, 
    0xF62B, 0x9513, 0xB513, 0x550B, 0x340B, 0x540B, 0x340B, 0xD71B, 0xD61B, 0x3403, 0x1303, 0x3403, 0x740B, 0xB513, 0xB513, 0x940B, 
    0x950B, 0x7503, 0x5403, 0x5403, 0x5403, 0x5503, 0x760B, 0x9613, 0x1403, 0x1503, 0x1503, 0x1503, 0xF502, 0x1503, 0xF502, 0xF502, 
    0xD502, 0xF602, 0x5703, 0xF91B, 0x3A1C, 0x970B, 0x550B, 0x961B, 0x5944, 0x9D6D, 0x5C6D, 0xB954, 0x373C, 0x793C, 0xF71B, 0xB613, 
    0x140B, 0xD30A, 0x952B, 0x9C6D, 0xB85C, 0x1A65, 0xBC7D, 0x3B6D, 0xD53B, 0xDA54, 0xFB54, 0xB62B, 0xF733, 0xD212, 0xD212, 0x994C, 
    0xB954, 0x163C, 0x162C, 0xF51B, 0x530B, 0x530B, 0x751B, 0x341B, 0x351B, 0xF72B, 0xD51B, 0x3303, 0x530B, 0xB523, 0x163C, 0xB954, 
    0xB502, 0xB402, 0xB402, 0xD502, 0x1603, 0x360B, 0x360B, 0x1603, 0xF502, 0xD502, 0xD502, 0xD502, 0xB502, 0xB502, 0xB50A, 0xB402, 
    0xD402, 0xD402, 0xF502, 0xF502, 0xF502, 0xF502, 0xF502, 0xF502, 0xF502, 0xF402, 0x140B, 0x340B, 0xD72B, 0x583C, 0x373C, 0x9944, 
    0x3934, 0xF402, 0xF402, 0xF402, 0xF502, 0x1503, 0xD402, 0x1503, 0xF502, 0xF502, 0xD502, 0xD502, 0xD502, 0xD502, 0xD502, 0xD502, 
    0xD502, 0xD502, 0xD502, 0xD502, 0xD502, 0xD502, 0x160B, 0x3613, 0x560B, 0x1503, 0xF502, 0xF402, 0xF502, 0xD402, 0xD402, 0xF402, 
    0xF40A, 0xD402, 0xD402, 0xF40A, 0x350B, 0x350B, 0xF402, 0xD402, 0xF502, 0x1503, 0xF502, 0xF602, 0xF602, 0xF602, 0xF702, 0x1703, 
    0x7803, 0x3603, 0x7703, 0x1A1C, 0x5B24, 0xD913, 0xB813, 0x3A24, 0xD813, 0xF71B, 0xF723, 0x5834, 0x1B55, 0xBD75, 0x9D7D, 0x3B75, 
    0x5B7D, 0x1A75, 0x9D7D, 0x5D6D, 0x5523, 0x551B, 0x9302, 0x3513, 0xF82B, 0xFC4C, 0xBE65, 0xBE6D, 0x5D5D, 0x9B44, 0xD82B, 0xB723, 
    0x3413, 0x751B, 0x3934, 0x1D55, 0x3D55, 0x5A3C, 0x971B, 0x7713, 0x760B, 0xB713, 0x960B, 0x9613, 0xB623, 0x9944, 0x173C, 0x7844, 
    0xDA54, 0xBA54, 0x3744, 0x1744, 0xD53B, 0x532B, 0x9533, 0xB633, 0x3844, 0xF73B, 0xF73B, 0x1B65, 0xD964, 0x5B7D, 0x9764, 0x197D, 
    0xD874, 0x5A85, 0x597D, 0xFFB6, 0xFFB6, 0x9A85, 0xB764, 0x555C, 0x7A7D, 0xBB85, 0xDB8D, 0x5D9E, 0xFFAE, 0x9EA6, 0x7A85, 0x975C, 
    0xB52B, 0x5413, 0x5413, 0xF30A, 0xF202, 0x340B, 0x7513, 0x382C, 0xF71B, 0x540B, 0x1303, 0x5303, 0x540B, 0x940B, 0xB513, 0x940B, 
    0xB60B, 0x950B, 0x5503, 0x5403, 0x5503, 0x760B, 0x960B, 0xB713, 0x1503, 0x3503, 0x1503, 0x1503, 0xF502, 0x1503, 0x1503, 0xF502, 
    0x370B, 0x370B, 0x9813, 0xD913, 0xB90B, 0x7703, 0x770B, 0xB71B, 0x5513, 0x1834, 0x383C, 0x994C, 0xD72B, 0xD723, 0x9613, 0x592C, 
    0x1834, 0x341B, 0x752B, 0x584C, 0x5B6D, 0x9C75, 0x5F8E, 0x1A65, 0x542B, 0x994C, 0xFB54, 0x383C, 0x994C, 0xB62B, 0xB62B, 0x994C, 
    0xD53B, 0xF633, 0x362C, 0xD51B, 0x530B, 0x530B, 0x3413, 0xF312, 0x341B, 0x9623, 0xD61B, 0x9413, 0x530B, 0x941B, 0xF633, 0x3744, 
    0xB502, 0xB502, 0xB502, 0xD502, 0x160B, 0x360B, 0x1603, 0xF502, 0xD502, 0xD502, 0xD502, 0xB502, 0xB402, 0xB402, 0xB40A, 0xB402, 
    0xD502, 0xF402, 0xF502, 0xF502, 0x1503, 0x1503, 0xF502, 0xF502, 0x360B, 0xF402, 0x350B, 0x5513, 0xB623, 0xB623, 0x551B, 0xD72B, 
    0x3513, 0xB302, 0x1503, 0x350B, 0x1503, 0x1503, 0xD402, 0xF502, 0xF502, 0xD502, 0xD502, 0xD502, 0xD502, 0xD502, 0xD502, 0xD502, 
    0xD502, 0xD502, 0xF502, 0xD502, 0xD502, 0xF502, 0x360B, 0x7713, 0xB81B, 0x360B, 0x150B, 0x560B, 0x560B, 0xF402, 0xF402, 0x350B, 
    0x1513, 0x1413, 0x1513, 0x761B, 0xD723, 0xB723, 0x5613, 0xF402, 0x1503, 0x1503, 0x1503, 0xF602, 0xF602, 0xF602, 0x1703, 0x3703, 
    0x7803, 0x5703, 0x7803, 0xD90B, 0xD913, 0x7803, 0x5703, 0x980B, 0x5603, 0x550B, 0x550B, 0x751B, 0x173C, 0xD95C, 0x3B6D, 0x1A6D, 
    0x985C, 0x164C, 0x9954, 0xF733, 0xF412, 0x3513, 0xD302, 0x761B, 0x3934, 0x3D55, 0x9E65, 0x5D5D, 0xBC44, 0xF92B, 0x5713, 0x160B, 
    0x560B, 0x9613, 0xB71B, 0x1924, 0x1A2C, 0xB81B, 0x7713, 0xB813, 0x3603, 0xB70B, 0xB713, 0xD71B, 0x382C, 0xDA4C, 0xF733, 0x3844, 
    0xDA4C, 0x583C, 0xB52B, 0x1313, 0x541B, 0x751B, 0x1413, 0x7623, 0xD72B, 0xB62B, 0x173C, 0x5C6D, 0xF96C, 0x9B85, 0x9764, 0x5A85, 
    0xDB95, 0x9B8D, 0x9B8D, 0x7EA6, 0x7A85, 0xF76C, 0xD76C, 0x797D, 0xFB8D, 0xFB95, 0x1C96, 0x7DA6, 0xFFBE, 0x1FC7, 0xDFBE, 0xBFAE, 
    0x5B6D, 0xB84C, 0x3744, 0xD533, 0xB52B, 0xD62B, 0xD62B, 0x5834, 0x172C, 0x7513, 0x340B, 0x740B, 0x950B, 0xD513, 0xD513, 0x7403, 
    0xB60B, 0x960B, 0x5503, 0x3503, 0x5503, 0x7603, 0x760B, 0x760B, 0x1503, 0x3503, 0x3603, 0x1503, 0xF502, 0x1603, 0x1603, 0xF502, 
    0xF602, 0xF702, 0x3803, 0x5803, 0x3703, 0x5703, 0x7703, 0x770B, 0xB71B, 0x7A3C, 0x3D55, 0x7E5D, 0xBB44, 0x192C, 0x5A2C, 0x3E4D, 
    0xBB44, 0xF733, 0x331B, 0x131B, 0x1A65, 0x3F8E, 0xDF9E, 0x3B65, 0x7423, 0x1734, 0x383C, 0xD62B, 0x1834, 0x341B, 0x541B, 0xB52B, 
    0x5323, 0xF633, 0x162C, 0xB41B, 0x9413, 0x9413, 0x3413, 0x341B, 0x7523, 0x3413, 0xD61B, 0xF61B, 0x540B, 0x9413, 0xF633, 0x9533, 
    0xB502, 0xB502, 0xB502, 0xF602, 0x360B, 0x360B, 0x1603, 0xD502, 0xD502, 0xD502, 0xD502, 0xB402, 0xB402, 0xB402, 0xB402, 0xB402, 
    0xF402, 0xF502, 0xF502, 0x1503, 0x1503, 0xF502, 0xF502, 0xF502, 0xF402, 0xD302, 0x1503, 0x5513, 0xB623, 0x751B, 0x130B, 0xB623, 
    0x550B, 0xD402, 0x350B, 0x350B, 0xF402, 0x1503, 0xF402, 0x1503, 0xF502, 0xD502, 0xD502, 0xD502, 0xD502, 0xD502, 0xD502, 0xD502, 
    0xD502, 0xD502, 0xF502, 0xF502, 0xD402, 0x1503, 0x5613, 0x971B, 0xF923, 0x7613, 0x550B, 0xB71B, 0xB71B, 0x350B, 0x550B, 0xB71B, 
    0x561B, 0x551B, 0x761B, 0xF82B, 0x7A3C, 0x5934, 0xB71B, 0x150B, 0x150B, 0x1603, 0x3603, 0x1603, 0x1703, 0x3703, 0x3803, 0x7803, 
    0x5803, 0x7803, 0x7803, 0x7803, 0x7803, 0x7803, 0x5703, 0x5703, 0xB813, 0x550B, 0xF40A, 0x541B, 0x5844, 0xFA5C, 0x7854, 0xB43B, 
    0xB012, 0x3323, 0xFA5C, 0xD62B, 0x551B, 0x140B, 0x150B, 0xD823, 0x3D55, 0x5934, 0x961B, 0x971B, 0xF923, 0x7813, 0x3703, 0x980B, 
    0x5703, 0x970B, 0x770B, 0x9813, 0xB91B, 0x9813, 0x570B, 0x780B, 0x770B, 0xB70B, 0x760B, 0x960B, 0xD623, 0x793C, 0xD62B, 0x994C, 
    0xB944, 0x3834, 0xD723, 0x130B, 0x5513, 0xB71B, 0x1503, 0xD71B, 0xD823, 0xF72B, 0x383C, 0x5C65, 0xB85C, 0x9B7D, 0xB76C, 0x9A8D, 
    0x9B8D, 0x976C, 0x5664, 0xF874, 0x555C, 0xF774, 0x3875, 0xFB8D, 0x587D, 0xBA8D, 0x5CA6, 0xBEB6, 0xDEBE, 0xBEBE, 0xBEBE, 0xDFBE, 
    0x7EA6, 0x9B7D, 0x3A6D, 0x1A65, 0x5B6D, 0x9C6D, 0x3B65, 0x7D65, 0xF72B, 0x5413, 0x130B, 0x750B, 0xB613, 0xD613, 0xD60B, 0x5403, 
    0xB60B, 0x760B, 0x5503, 0x3503, 0x3503, 0x5503, 0x3503, 0x3503, 0x1503, 0x3603, 0x3603, 0x1503, 0x1503, 0x3603, 0x3603, 0xF602, 
    0x170B, 0x380B, 0x790B, 0x990B, 0x7803, 0xB903, 0xB90B, 0x5603, 0x5603, 0xB713, 0x592C, 0xB71B, 0xB81B, 0x7713, 0xF923, 0xF923, 
    0x971B, 0x7A3C, 0x341B, 0xD212, 0x542B, 0x3B65, 0x3B65, 0xF633, 0xF212, 0xF30A, 0xF30A, 0xD302, 0x5413, 0x9102, 0x3313, 0x9523, 
    0x121B, 0xF633, 0x162C, 0x9413, 0xD513, 0xD51B, 0x9523, 0xB62B, 0x383C, 0x551B, 0xB513, 0xD613, 0x1303, 0x9513, 0x583C, 0xF733, 
    0xB502, 0xD502, 0x160B, 0x370B, 0x370B, 0x360B, 0xF602, 0xD502, 0xB402, 0xB402, 0xB402, 0xB402, 0xB402, 0xB402, 0xD402, 0xD402, 
    0xF502, 0x1503, 0x1503, 0x1503, 0x1503, 0x1503, 0xF502, 0xF402, 0xF502, 0x1503, 0x350B, 0x5513, 0x5513, 0x3513, 0x340B, 0x140B, 
    0x150B, 0x3503, 0x3503, 0x1503, 0x1503, 0xF502, 0xF502, 0xF502, 0xF502, 0xD502, 0xD502, 0xF502, 0xF602, 0xD502, 0xF502, 0xF602, 
    0xD402, 0xF402, 0xD402, 0xF402, 0x1503, 0x7713, 0xB71B, 0xB81B, 0x7613, 0x7613, 0x9713, 0x9713, 0x9613, 0xF823, 0x7A34, 0x5934, 
    0x551B, 0x793C, 0xBB44, 0x593C, 0x9A3C, 0xFC4C, 0x9B3C, 0xF823, 0x560B, 0x360B, 0xF502, 0xF602, 0x1703, 0x3703, 0x5803, 0x7903, 
    0x7803, 0x7803, 0x7803, 0x7803, 0x7803, 0x7803, 0x7803, 0x7703, 0x770B, 0xB71B, 0xD723, 0xD72B, 0xB633, 0xB533, 0x9433, 0x732B, 
    0x121B, 0xB944, 0x3734, 0x3413, 0xB61B, 0x9613, 0x350B, 0xF823, 0xF823, 0xB71B, 0x5613, 0x560B, 0x5703, 0x5803, 0x5803, 0x5803, 
    0x9803, 0x9803, 0x780B, 0x780B, 0x780B, 0x780B, 0x780B, 0x780B, 0x9803, 0xB80B, 0xD813, 0xD71B, 0xD723, 0x172C, 0x383C, 0x793C, 
    0xFB44, 0xF723, 0x550B, 0x550B, 0x5603, 0x7603, 0x970B, 0x970B, 0xB713, 0xF723, 0x793C, 0xBD75, 0x7B75, 0x1D8E, 0xD864, 0xDB8D, 
    0x5EA6, 0xBB8D, 0x7664, 0xF453, 0x1454, 0xF76C, 0xFB8D, 0xBA8D, 0x387D, 0xBA8D, 0x7DAE, 0x3CA6, 0x3FCF, 0xFEC6, 0x7DBE, 0x5CB6, 
    0xFCA5, 0x7EAE, 0x5A85, 0x9B85, 0x3E9E, 0x7F9E, 0xDF9E, 0x1F86, 0x7944, 0x551B, 0xF302, 0x550B, 0xD713, 0xD713, 0x5503, 0x3403, 
    0x760B, 0xF302, 0x3403, 0x960B, 0x1403, 0x1403, 0x5503, 0x3503, 0x1503, 0x1503, 0x1503, 0x1503, 0x3603, 0x570B, 0x570B, 0x570B, 
    0x580B, 0x580B, 0x580B, 0x5903, 0x7903, 0x7803, 0x9803, 0x9703, 0x7703, 0x7603, 0x760B, 0x760B, 0x570B, 0x5713, 0x5813, 0x7713, 
    0xB71B, 0x182C, 0x5513, 0x1313, 0xB52B, 0x583C, 0x9944, 0x1734, 0x130B, 0x130B, 0x5513, 0x340B, 0x340B, 0x951B, 0x7413, 0x9423, 
    0xD533, 0x163C, 0x7313, 0x530B, 0xD51B, 0x1624, 0x1734, 0x9623, 0x593C, 0xB623, 0x540B, 0xF71B, 0x3303, 0xB513, 0x3834, 0xB72B, 
    0xB502, 0xD502, 0x1603, 0x370B, 0x370B, 0x160B, 0xF502, 0xD502, 0xB402, 0xB402, 0xB402, 0xB402, 0xD402, 0xD402, 0xD402, 0xD402, 
    0xF502, 0x1503, 0x1503, 0x1503, 0x1503, 0x1503, 0xF502, 0xF402, 0xF502, 0x1503, 0x350B, 0x350B, 0x350B, 0x350B, 0x340B, 0x340B, 
    0x350B, 0x3503, 0x350B, 0x3503, 0x1503, 0x1503, 0xF502, 0xF502, 0xF502, 0xD502, 0xD502, 0xF502, 0xF502, 0xD502, 0xD502, 0xF502, 
    0xD402, 0xF402, 0xF502, 0xF502, 0x360B, 0x9713, 0xB713, 0x9713, 0x9713, 0xB71B, 0xF823, 0xD81B, 0x9613, 0xD71B, 0xF823, 0xD823, 
    0x182C, 0x593C, 0x3934, 0x3934, 0x9A3C, 0x9A3C, 0x392C, 0xF823, 0x560B, 0x3603, 0x1603, 0x1603, 0x3703, 0x5803, 0x5803, 0x5803, 
    0x7803, 0x7803, 0x7803, 0x7803, 0x7803, 0x7803, 0x7803, 0x7703, 0xD81B, 0x5A34, 0x9A44, 0xDB4C, 0x3B5D, 0xFA54, 0x5744, 0x163C, 
    0xF94C, 0xFE6D, 0xFA44, 0x550B, 0x5503, 0x760B, 0x560B, 0xD81B, 0xF81B, 0xB713, 0x760B, 0x5703, 0x7703, 0x7803, 0x7903, 0x7803, 
    0x7803, 0x7803, 0x7803, 0x7803, 0x5803, 0x5803, 0x5803, 0x7803, 0xB80B, 0xD80B, 0xF813, 0xF81B, 0x1824, 0x5934, 0xBB4C, 0x3C55, 
    0xFB44, 0x181C, 0x960B, 0x9703, 0x7703, 0x9703, 0xB803, 0xB703, 0x960B, 0xD71B, 0xF72B, 0xD94C, 0x574C, 0xF964, 0x354C, 0x7A7D, 
    0xBB8D, 0xDC8D, 0x1975, 0x9764, 0x7664, 0xB76C, 0x9A85, 0xBA8D, 0x387D, 0xBA8D, 0x5CA6, 0x3CA6, 0xDEBE, 0x9DBE, 0xDEC6, 0x9DBE, 
    0x3895, 0x5995, 0x188D, 0x1DA6, 0xFFB6, 0xBFAE, 0x7F9E, 0x3B6D, 0xDA54, 0x9623, 0xF30A, 0xF302, 0x3503, 0x960B, 0x9703, 0xB70B, 
    0x5503, 0x3403, 0x550B, 0x750B, 0x1403, 0x3503, 0x560B, 0xF402, 0x1503, 0x1503, 0x1503, 0x1503, 0x3603, 0x570B, 0x570B, 0x570B, 
    0x580B, 0x580B, 0x5803, 0x7903, 0x7903, 0x7903, 0x7803, 0x9803, 0x9703, 0x7703, 0x7603, 0x760B, 0x570B, 0x570B, 0x580B, 0x7813, 
    0x9713, 0xF81B, 0x7513, 0x340B, 0x751B, 0xF62B, 0x5834, 0x751B, 0x3303, 0x340B, 0x750B, 0x3403, 0x7513, 0x7834, 0x5734, 0x3734, 
    0x173C, 0x9844, 0xF623, 0xB413, 0xF61B, 0x3724, 0x793C, 0x593C, 0xBA4C, 0xD723, 0x1303, 0xD613, 0x3303, 0x1303, 0x5513, 0x7623, 
    0xB502, 0xD602, 0x1603, 0x360B, 0x370B, 0x1603, 0xF502, 0xD502, 0xD402, 0xD402, 0xD402, 0xB402, 0xD402, 0xD402, 0xD402, 0xF402, 
    0x1503, 0x1503, 0x1503, 0x1503, 0x1503, 0x1503, 0xF402, 0xF402, 0x1503, 0x1503, 0x1503, 0x3503, 0x3503, 0x350B, 0x150B, 0x3503, 
    0x3503, 0x3503, 0x3503, 0x3503, 0x1503, 0x1503, 0xF502, 0xF502, 0xF502, 0xD502, 0xD502, 0xF502, 0xF502, 0xD502, 0xD502, 0xF502, 
    0xF502, 0xF502, 0xF502, 0x1503, 0x560B, 0x9713, 0x9713, 0x560B, 0x3503, 0x560B, 0xB71B, 0xD71B, 0x760B, 0x7613, 0x9713, 0x5613, 
    0xD823, 0xB723, 0xB723, 0x5934, 0xBB44, 0x392C, 0x7613, 0x760B, 0x360B, 0x3603, 0x1603, 0x1703, 0x3703, 0x5803, 0x5803, 0x5903, 
    0x5803, 0x7803, 0x7803, 0x7803, 0x7803, 0x7803, 0x7803, 0x7703, 0x1603, 0xD823, 0xF833, 0x7944, 0x5C65, 0xD954, 0xB52B, 0xB42B, 
    0x5734, 0x1A4D, 0xB934, 0x950B, 0x5503, 0x970B, 0x770B, 0x7703, 0xD813, 0xB80B, 0x770B, 0x7703, 0x7803, 0x9903, 0x9903, 0x7903, 
    0x7803, 0x7803, 0x5803, 0x5803, 0x5803, 0x5803, 0x5803, 0x5803, 0x7803, 0x980B, 0xB80B, 0xB813, 0xD81B, 0x392C, 0xDB44, 0x5D55, 
    0xDB3C, 0x181C, 0x9703, 0x9703, 0x9803, 0x9803, 0xB803, 0x9703, 0xD70B, 0xF723, 0xF62B, 0x573C, 0x942B, 0xF53B, 0x9333, 0xB85C, 
    0x7B75, 0xBB85, 0xB864, 0x9764, 0x1975, 0x1975, 0x3975, 0xF774, 0x387D, 0x9A8D, 0xFB9D, 0x1CA6, 0x1CA6, 0x1BA6, 0x3FD7, 0xBEC6, 
    0xBAA5, 0xD684, 0x3474, 0xB77C, 0x3985, 0x7B8D, 0x7C85, 0x785C, 0xF73B, 0xF312, 0x3413, 0x5613, 0x760B, 0xB713, 0x3603, 0xD302, 
    0x550B, 0x540B, 0x7513, 0x340B, 0x1403, 0x550B, 0x760B, 0xD402, 0x1503, 0x1503, 0x1503, 0x1503, 0x3603, 0x5703, 0x770B, 0x770B, 
    0x580B, 0x5803, 0x5803, 0x7903, 0x7903, 0x7903, 0x7803, 0x7803, 0x9803, 0x9703, 0x7703, 0x7703, 0x570B, 0x580B, 0x580B, 0x580B, 
    0x5703, 0x970B, 0x760B, 0x9613, 0x7513, 0x172C, 0xDA3C, 0x1724, 0x3403, 0x5503, 0x750B, 0x1403, 0xB613, 0xFA44, 0xFA44, 0x783C, 
    0xF633, 0x5844, 0xF523, 0x9413, 0x940B, 0x9413, 0xF72B, 0x383C, 0xBA4C, 0x793C, 0x550B, 0xB60B, 0x5403, 0x3403, 0x340B, 0x9623, 
    0xF602, 0xF602, 0x1603, 0x3703, 0x370B, 0x1603, 0xF502, 0xD502, 0xD502, 0xD402, 0xD402, 0xD402, 0xD402, 0xD402, 0xF402, 0xF402, 
    0x1503, 0x1503, 0x1503, 0x1503, 0x1503, 0x1503, 0xF402, 0xF402, 0x1503, 0x1503, 0x1503, 0x1503, 0x1503, 0x3503, 0x3503, 0x3503, 
    0x3503, 0x3503, 0x3503, 0x3503, 0x1503, 0x1503, 0xF502, 0xF502, 0xF502, 0xD502, 0xD502, 0xF502, 0xF502, 0xD502, 0xD502, 0x1503, 
    0x1503, 0x1503, 0x1503, 0x3603, 0x770B, 0xB713, 0x760B, 0x1503, 0xF402, 0x1503, 0x9713, 0x9713, 0x3503, 0x1503, 0x350B, 0x150B, 
    0x5513, 0x150B, 0x350B, 0xF823, 0x5A34, 0xD71B, 0x1503, 0x1503, 0x1503, 0x1603, 0x3603, 0x3703, 0x5703, 0x5803, 0x5803, 0x5803, 
    0x5803, 0x5803, 0x7803, 0x7803, 0x7803, 0x7803, 0x7803, 0x5703, 0x160B, 0xB823, 0x7623, 0xF833, 0x3B5D, 0x994C, 0x7423, 0xB423, 
    0x110B, 0x7313, 0xB513, 0x960B, 0x7603, 0x9703, 0x9803, 0x3603, 0xB80B, 0x980B, 0x7703, 0x5703, 0x7803, 0x7903, 0x9903, 0x7903, 
    0x7803, 0x7803, 0x5803, 0x5803, 0x3803, 0x5803, 0x5803, 0x5803, 0x5803, 0x7803, 0x9703, 0x7703, 0x760B, 0xB713, 0x3A2C, 0xBB3C, 
    0x7A34, 0xD813, 0x9803, 0x9803, 0x9803, 0x9903, 0xB903, 0x9703, 0x970B, 0x1824, 0x162C, 0x573C, 0xB42B, 0xB433, 0x7423, 0x5744, 
    0x1965, 0x5A75, 0x154C, 0x154C, 0x5A75, 0x7A7D, 0xF974, 0x976C, 0x397D, 0x7A8D, 0x7A8D, 0xFB9D, 0x1885, 0x1885, 0xDFBE, 0xFBA5, 
    0x5DBE, 0x999D, 0xBAA5, 0x1CA6, 0x3DA6, 0xDFB6, 0x7FA6, 0x3B6D, 0x9A54, 0x341B, 0x1413, 0xD402, 0x1403, 0x191C, 0xF81B, 0xB713, 
    0x340B, 0x3413, 0x5413, 0x5413, 0x540B, 0x350B, 0x340B, 0xD302, 0xF502, 0x1503, 0x1503, 0x1603, 0x5703, 0x570B, 0x770B, 0x770B, 
    0x5703, 0x7703, 0x5803, 0x5803, 0x5903, 0x5903, 0x7803, 0x7803, 0x9803, 0x7703, 0x7703, 0x7703, 0x5703, 0x5803, 0x580B, 0x580B, 
    0x5703, 0x5603, 0x5603, 0x970B, 0x550B, 0x1824, 0x5D4D, 0xBA34, 0x5503, 0x5503, 0x7503, 0x3403, 0xB613, 0xB934, 0x7834, 0x162C, 
    0x373C, 0x573C, 0x9413, 0x730B, 0x5303, 0x1203, 0x3413, 0x541B, 0x1834, 0xFB4C, 0xB613, 0x5403, 0x5403, 0xD713, 0x761B, 0x761B, 
    0x1603, 0x1703, 0x3703, 0x3703, 0x3703, 0x3603, 0x1603, 0xF502, 0xF502, 0xF502, 0xF402, 0xD402, 0xD402, 0xF402, 0xF402, 0x1403, 
    0x1503, 0x1503, 0x1503, 0x1503, 0x1403, 0x1403, 0xF402, 0xF402, 0x1503, 0x1503, 0x1503, 0x1503, 0x1503, 0x3503, 0x3603, 0x5603, 
    0x3503, 0x3503, 0x3503, 0x3503, 0x1503, 0x1503, 0xF502, 0xF502, 0xF502, 0xD502, 0xD502, 0xF502, 0xF602, 0xF502, 0xF502, 0x1603, 
    0x3503, 0x3603, 0x3603, 0x5603, 0x970B, 0xB70B, 0x5603, 0x1503, 0x5603, 0x560B, 0xB713, 0xB713, 0x3503, 0x1403, 0x3503, 0x1503, 
    0x350B, 0x150B, 0xF402, 0x1403, 0x760B, 0x560B, 0x350B, 0x560B, 0x1503, 0x3603, 0x3603, 0x5703, 0x5803, 0x5803, 0x5803, 0x5803, 
    0x5803, 0x5803, 0x7803, 0x7803, 0x7803, 0x7803, 0x7803, 0x5703, 0x9813, 0xF92B, 0x972B, 0x183C, 0x3C5D, 0xB944, 0xB423, 0xF52B, 
    0xD523, 0x530B, 0x750B, 0xD713, 0x7703, 0x5703, 0x7803, 0x7803, 0x7803, 0x7803, 0x5703, 0x5703, 0x5803, 0x7803, 0x7903, 0x7903, 
    0x7803, 0x7803, 0x5803, 0x5803, 0x5803, 0x5803, 0x5803, 0x5803, 0x7803, 0x9803, 0x9803, 0x7703, 0x5703, 0x770B, 0xD81B, 0x1A2C, 
    0xF923, 0x970B, 0x7803, 0x9803, 0x7803, 0x9903, 0xB903, 0x9703, 0x3503, 0xF723, 0xF62B, 0x573C, 0xF63B, 0xF633, 0xD633, 0x5844, 
    0x984C, 0xF964, 0xF543, 0xD443, 0xF964, 0x1975, 0x3A7D, 0x397D, 0x7B8D, 0xBB95, 0x5A8D, 0xBB95, 0x766C, 0x756C, 0x1C9E, 0xF77C, 
    0x7574, 0x756C, 0x7A8D, 0x5A85, 0x3A85, 0x9FA6, 0x1F96, 0xDA5C, 0xB633, 0xB20A, 0x3413, 0x140B, 0x961B, 0x9A34, 0xD71B, 0x340B, 
    0xB623, 0xD62B, 0x3734, 0xB93C, 0x993C, 0xD723, 0x5513, 0x5513, 0x1403, 0x1503, 0x1503, 0x3603, 0x5703, 0x7703, 0x780B, 0x7803, 
    0x7703, 0x7703, 0x7803, 0x7803, 0x5803, 0x5903, 0x5803, 0x7803, 0x7803, 0x7703, 0x7703, 0x7703, 0x5703, 0x5703, 0x5803, 0x5803, 
    0x9903, 0x5703, 0x5703, 0x970B, 0x1503, 0x760B, 0x9A2C, 0x181C, 0x760B, 0x3503, 0x7603, 0x760B, 0xD613, 0x1724, 0xB51B, 0xB523, 
    0x3B5D, 0xB94C, 0xB41B, 0x940B, 0xB413, 0x3303, 0xF30A, 0xF312, 0x9623, 0xDB44, 0xB613, 0x5403, 0x9503, 0xD713, 0x5613, 0x5613, 
    0x3703, 0x3703, 0x5703, 0x3703, 0x3703, 0x3603, 0x1603, 0x1503, 0x1503, 0x1503, 0xF502, 0xF402, 0xF402, 0xF402, 0x1403, 0x1503, 
    0x1503, 0x1503, 0x1503, 0x1403, 0x1403, 0x1403, 0xF402, 0xF402, 0x1503, 0x1503, 0x1503, 0x1503, 0x1503, 0x3503, 0x3603, 0x3603, 
    0x3503, 0x3503, 0x3503, 0x3503, 0x1503, 0xF502, 0xF502, 0xF502, 0xF502, 0xD502, 0xD502, 0xF502, 0x1603, 0x1603, 0x1603, 0x3603, 
    0x3603, 0x5603, 0x5603, 0x5603, 0x770B, 0x970B, 0x5603, 0x1503, 0x5603, 0x3503, 0x970B, 0x9713, 0x3503, 0x1503, 0x560B, 0x560B, 
    0xF502, 0x360B, 0x1503, 0xF402, 0x1503, 0x3603, 0x3503, 0x560B, 0x3603, 0x3603, 0x5703, 0x5703, 0x5803, 0x5803, 0x5803, 0x5803, 
    0x5803, 0x5803, 0x5803, 0x7803, 0x7803, 0x7803, 0x5803, 0x5703, 0x570B, 0x781B, 0x7723, 0x193C, 0xFB54, 0x583C, 0x941B, 0xF523, 
    0x162C, 0x941B, 0x9513, 0xD713, 0x9703, 0x3703, 0x5803, 0x9903, 0x5803, 0x5803, 0x3803, 0x3803, 0x3803, 0x5803, 0x5803, 0x5803, 
    0x7803, 0x7803, 0x5803, 0x5803, 0x5803, 0x5803, 0x5803, 0x5803, 0x7803, 0x7803, 0x9803, 0x7803, 0x7703, 0x770B, 0x9813, 0xB81B, 
    0x7813, 0x370B, 0x5803, 0x7903, 0x5903, 0x7903, 0x9903, 0x7703, 0x7613, 0x5934, 0x583C, 0x7844, 0x5844, 0x173C, 0x383C, 0x7944, 
    0x7744, 0x774C, 0x732B, 0x7333, 0x985C, 0x3A75, 0x5B85, 0x3A85, 0x9B8D, 0x7B8D, 0x5A85, 0xBB8D, 0x7664, 0xD76C, 0xFB95, 0x387D, 
    0x966C, 0x766C, 0x5A7D, 0xD44B, 0x733B, 0x5B75, 0x1A6D, 0x9854, 0x752B, 0xD212, 0x341B, 0xB202, 0x951B, 0xDA3C, 0xB61B, 0x7413, 
    0x741B, 0xB52B, 0x583C, 0xFA4C, 0xDA44, 0x751B, 0x9202, 0xB302, 0x1503, 0x1503, 0x1503, 0x3603, 0x5703, 0x7803, 0x7803, 0x7703, 
    0x7703, 0x7703, 0x7703, 0x5803, 0x5803, 0x5803, 0x5803, 0x5803, 0x7703, 0x7703, 0x7703, 0x7703, 0x5703, 0x5703, 0x3803, 0x5803, 
    0x7903, 0x7803, 0x7803, 0x980B, 0x1603, 0x1503, 0xB713, 0x3503, 0x770B, 0x3503, 0x970B, 0xD713, 0xD71B, 0xD61B, 0x5313, 0x741B, 
    0x7C65, 0xB94C, 0x7413, 0x9413, 0xD513, 0x330B, 0xF30A, 0xF312, 0xF833, 0xBA3C, 0xD613, 0x1714, 0x1814, 0xB60B, 0x1503, 0x761B, 
    0x3703, 0x3703, 0x5703, 0x3703, 0x3703, 0x3603, 0x1603, 0x1503, 0x3603, 0x1503, 0x1503, 0xF502, 0x1403, 0x1503, 0x3503, 0x3503, 
    0x3503, 0x3503, 0x1503, 0x1403, 0x1403, 0x1403, 0xF402, 0xF402, 0xF402, 0x1503, 0x1503, 0x1503, 0x1503, 0x3503, 0x1603, 0x3503, 
    0x3503, 0x3503, 0x3503, 0x1503, 0x1503, 0xF402, 0xF502, 0xD402, 0xD502, 0xD502, 0xD502, 0x1603, 0x1603, 0x1603, 0x3603, 0x5703, 
    0x3603, 0x5603, 0x7603, 0x5603, 0x7603, 0x9703, 0x5603, 0x3503, 0x1503, 0xF402, 0x3503, 0x760B, 0x3503, 0x1503, 0x560B, 0x560B, 
    0xD402, 0x1603, 0x3603, 0x3503, 0x560B, 0x5603, 0x1503, 0x3603, 0x3603, 0x5603, 0x5703, 0x5803, 0x5803, 0x3803, 0x3803, 0x5803, 
    0x5803, 0x5803, 0x5803, 0x7803, 0x7803, 0x7803, 0x5803, 0x5703, 0x370B, 0x3613, 0x5723, 0x193C, 0xBA44, 0x3734, 0xF623, 0x572C, 
    0x9423, 0xB51B, 0xB61B, 0x9713, 0x980B, 0x7803, 0x5903, 0x5903, 0x3903, 0x3803, 0x3803, 0x580B, 0x380B, 0x3803, 0x3803, 0x5803, 
    0x7803, 0x7803, 0x5803, 0x5803, 0x5803, 0x5803, 0x5803, 0x5803, 0x5803, 0x5703, 0x5703, 0x7703, 0x7803, 0x7803, 0x570B, 0x570B, 
    0x5713, 0x170B, 0x580B, 0x7903, 0x3903, 0x7903, 0x980B, 0x570B, 0x971B, 0xBA44, 0xDA54, 0xDA54, 0x994C, 0x183C, 0x5944, 0x793C, 
    0x9844, 0x563C, 0x732B, 0xB433, 0x985C, 0x5B7D, 0xBD8D, 0x1A7D, 0x1A7D, 0xF97C, 0xF97C, 0x3A85, 0x7664, 0x5A7D, 0xFC8D, 0x9B7D, 
    0x3975, 0x5A75, 0x1D8E, 0xF543, 0x9433, 0xFA64, 0x1744, 0x1744, 0x331B, 0x952B, 0x9944, 0x162C, 0xFA4C, 0xBD5D, 0x941B, 0x5313, 
    0x573C, 0xFA54, 0x5B5D, 0x7C65, 0x1B55, 0xD62B, 0x140B, 0x5513, 0x150B, 0x1503, 0x3603, 0x5603, 0x5703, 0x7803, 0x5703, 0x5703, 
    0x7703, 0x7703, 0x7703, 0x5803, 0x5803, 0x3803, 0x3803, 0x5803, 0x7703, 0x7703, 0x7703, 0x7703, 0x5703, 0x5703, 0x5803, 0x5803, 
    0x3903, 0x7903, 0x3803, 0x780B, 0x570B, 0x1603, 0x770B, 0x5603, 0x560B, 0x3603, 0xB713, 0x9713, 0xB61B, 0xD623, 0x3313, 0x331B, 
    0x5844, 0xF62B, 0x530B, 0xD513, 0x161C, 0x3303, 0xD20A, 0xD30A, 0xF733, 0x7934, 0xB613, 0x581C, 0x3814, 0xB60B, 0x1503, 0x771B, 
    0x3803, 0x3703, 0x3703, 0x3603, 0x1603, 0x1503, 0x1503, 0xF502, 0x5603, 0x3503, 0x1503, 0x1503, 0x1503, 0x1503, 0x3503, 0x350B, 
    0x3503, 0x3503, 0x1503, 0x1503, 0x1503, 0x1503, 0x1503, 0x1503, 0xF402, 0xF502, 0xF502, 0x1503, 0x1503, 0x1503, 0x1503, 0x1503, 
    0x1503, 0x1503, 0x1503, 0x1503, 0xF502, 0xF502, 0xD402, 0xD502, 0xD502, 0xD502, 0xD502, 0x1603, 0x1603, 0x3603, 0x5703, 0x7703, 
    0x5703, 0x5703, 0x7703, 0x5703, 0x5703, 0x7703, 0x5703, 0x5603, 0x5603, 0x1503, 0x3603, 0x7703, 0x3503, 0x1503, 0x1503, 0x1503, 
    0x3603, 0x1503, 0xF402, 0xF502, 0x3603, 0x3603, 0x3603, 0xB80B, 0x3603, 0x5703, 0x7803, 0x5803, 0x5703, 0x3703, 0x3803, 0x5803, 
    0x5803, 0x5803, 0x5803, 0x5803, 0x7803, 0x7803, 0x7803, 0x5703, 0x570B, 0xF60A, 0x3613, 0x1934, 0x5934, 0x1724, 0x3824, 0xDA3C, 
    0x172C, 0x7934, 0x1824, 0x560B, 0x3703, 0x7803, 0x5903, 0x5903, 0x3903, 0x5903, 0x5803, 0x580B, 0x5803, 0x3803, 0x3803, 0x5803, 
    0x5803, 0x5803, 0x5803, 0x5803, 0x5803, 0x5803, 0x5803, 0x5803, 0x7803, 0x7803, 0x5703, 0x5703, 0x5803, 0x5803, 0x5703, 0x3703, 
    0x380B, 0x380B, 0x590B, 0x7903, 0x3803, 0x5903, 0x780B, 0x3603, 0xD402, 0x793C, 0xFB54, 0x1C5D, 0xFB54, 0x393C, 0x9B44, 0x9A44, 
    0x783C, 0xB84C, 0x984C, 0xB954, 0xB95C, 0x3B75, 0x1E96, 0xDD8D, 0xDA74, 0x9864, 0x9864, 0xB864, 0x154C, 0x5A75, 0x5A75, 0x5A6D, 
    0x5A75, 0x3A6D, 0xDD85, 0xD53B, 0x9333, 0xF95C, 0x1644, 0xB954, 0xD533, 0x373C, 0x984C, 0x331B, 0x363C, 0x3A5D, 0x9423, 0x163C, 
    0x774C, 0x1A5D, 0xFA5C, 0x7844, 0x1734, 0x3413, 0xB202, 0x140B, 0x3503, 0x3603, 0x3603, 0x3703, 0x5703, 0x5703, 0x5703, 0x5703, 
    0x7703, 0x7703, 0x7703, 0x5703, 0x5803, 0x3803, 0x5803, 0x5803, 0x7703, 0x7703, 0x7703, 0x5703, 0x5703, 0x5703, 0x5803, 0x3803, 
    0x5903, 0x9903, 0x1703, 0x3703, 0x780B, 0x1603, 0x570B, 0x980B, 0x3703, 0x570B, 0x9713, 0x560B, 0x7613, 0xD623, 0x3413, 0xD20A, 
    0x1313, 0x3313, 0x7313, 0x572C, 0x782C, 0x530B, 0xD302, 0xF30A, 0x1413, 0xD823, 0x550B, 0x960B, 0x7603, 0x7703, 0x360B, 0x160B, 
    0x5903, 0x1803, 0xF602, 0x9813, 0x5613, 0xD302, 0xF302, 0xB202, 0x5503, 0x3503, 0x9703, 0x3603, 0x1503, 0x7613, 0x5513, 0xF402, 
    0xD402, 0x360B, 0x1503, 0xF502, 0x1503, 0x1503, 0xD502, 0xF502, 0xD402, 0xF502, 0x1503, 0xF402, 0xD402, 0xF402, 0x1403, 0xF502, 
    0x1603, 0x1603, 0x1603, 0x1603, 0xF502, 0xF502, 0xD502, 0xD502, 0xD502, 0xD502, 0xF602, 0x1603, 0x3703, 0x5703, 0x5803, 0x5803, 
    0x5803, 0x5803, 0x5803, 0x5803, 0x5803, 0x5703, 0x5703, 0x5703, 0x5703, 0x5703, 0x5703, 0x5703, 0x5603, 0x3603, 0x1503, 0x1503, 
    0x1503, 0x1503, 0x3603, 0x3603, 0x5603, 0x5603, 0x5703, 0x5703, 0x5703, 0x5703, 0x5703, 0x5803, 0x5803, 0x5803, 0x5803, 0x5803, 
    0x5803, 0x5803, 0x5803, 0x5803, 0x5803, 0x5803, 0x5803, 0x5703, 0x780B, 0x5703, 0x3603, 0xB713, 0x3924, 0x5A24, 0x391C, 0xD813, 
    0xD81B, 0xB813, 0x770B, 0x5703, 0x5703, 0x5703, 0x5803, 0x5803, 0x5803, 0x5803, 0x5803, 0x5803, 0x5803, 0x5803, 0x5803, 0x5803, 
    0x5803, 0x5803, 0x5803, 0x5803, 0x5803, 0x5803, 0x5803, 0x5803, 0x7803, 0x7803, 0x7803, 0x7803, 0x5803, 0x5803, 0x5803, 0x5803, 
    0x5803, 0x5803, 0x5803, 0x5803, 0x5803, 0x5803, 0x5703, 0x5703, 0x770B, 0xF81B, 0x5A2C, 0x592C, 0xF823, 0xD71B, 0x1924, 0x7934, 
    0x383C, 0x784C, 0x1A5D, 0x3B65, 0xD95C, 0xB95C, 0xFA64, 0xFA64, 0xB95C, 0x7854, 0xB95C, 0x7854, 0x9433, 0x574C, 0x7C75, 0x7B75, 
    0xBC7D, 0x9F9E, 0xDC85, 0xD543, 0x733B, 0xB43B, 0x933B, 0xB85C, 0xD53B, 0x9854, 0x7854, 0x7433, 0x1644, 0x7854, 0xF63B, 0xF964, 
    0xF864, 0x7A75, 0x3E8E, 0x9C75, 0xFA54, 0x1313, 0xB302, 0x1503, 0x1603, 0x3603, 0x5703, 0x5703, 0x5703, 0x5703, 0x5703, 0x5703, 
    0x5703, 0x5703, 0x5703, 0x5703, 0x3703, 0x3703, 0x3703, 0x5703, 0x5703, 0x5703, 0x5703, 0x5703, 0x5703, 0x5703, 0x5803, 0x5703, 
    0x5703, 0x5703, 0x5703, 0x5703, 0x5703, 0x3703, 0x3703, 0x3703, 0x570B, 0x3703, 0x3603, 0x7713, 0xD81B, 0xF723, 0x7513, 0xB102, 
    0x120B, 0x941B, 0x7313, 0x7413, 0x9513, 0x540B, 0x340B, 0xF402, 0x7613, 0x760B, 0x770B, 0x770B, 0x7703, 0x5703, 0x5803, 0x5803, 
    0x7903, 0x790B, 0x360B, 0x150B, 0xB202, 0xB102, 0x541B, 0x330B, 0x540B, 0xF302, 0x3503, 0xF502, 0x1503, 0xB713, 0x961B, 0x961B, 
    0x350B, 0x560B, 0x1503, 0xD502, 0x1603, 0x1603, 0xF502, 0xF502, 0xD502, 0xF502, 0x1503, 0x1503, 0x1503, 0x350B, 0x350B, 0x1403, 
    0x1603, 0x1703, 0x1603, 0xF602, 0xD502, 0xD502, 0xD502, 0xD502, 0xD502, 0xD502, 0xF602, 0x1703, 0x3703, 0x5803, 0x5803, 0x5803, 
    0x5803, 0x5803, 0x5803, 0x5803, 0x5803, 0x5803, 0x5803, 0x5803, 0x5703, 0x5703, 0x5703, 0x5703, 0x5603, 0x3603, 0x3603, 0x3603, 
    0x3603, 0x3603, 0x3603, 0x5603, 0x5603, 0x5703, 0x5703, 0x5703, 0x5703, 0x5703, 0x5803, 0x5803, 0x5803, 0x5803, 0x5803, 0x5803, 
    0x5803, 0x5803, 0x5803, 0x5803, 0x5803, 0x5803, 0x5803, 0x5703, 0x5703, 0x3603, 0x3603, 0x7703, 0xB80B, 0xD813, 0xD813, 0xB813, 
    0xFA1B, 0xB913, 0x780B, 0x5703, 0x3703, 0x5703, 0x5703, 0x5803, 0x5803, 0x5803, 0x5803, 0x5803, 0x5803, 0x5803, 0x5803, 0x5803, 
    0x5803, 0x5803, 0x5803, 0x5803, 0x5803, 0x5803, 0x5803, 0x5803, 0x5803, 0x5803, 0x5803, 0x5803, 0x5803, 0x5803, 0x5803, 0x5803, 
    0x5803, 0x7803, 0x7803, 0x7803, 0x5803, 0x7803, 0x5703, 0x5703, 0x5603, 0x970B, 0xD813, 0xD813, 0x9713, 0xD813, 0x5A2C, 0xDB3C, 
    0xBA4C, 0xDA54, 0x5C65, 0x7C6D, 0x1B5D, 0xFA5C, 0x3B65, 0x3B65, 0x3B65, 0xDA54, 0xFA54, 0x994C, 0xD633, 0x3744, 0xDA54, 0x784C, 
    0x7754, 0xFD8D, 0x3E96, 0x196D, 0xD964, 0xB864, 0x3654, 0x1A6D, 0x985C, 0xF964, 0xF964, 0x7754, 0xB85C, 0x364C, 0xD543, 0x9B7D, 
    0xFC8D, 0xFC8D, 0xBC7D, 0x9854, 0x5844, 0x751B, 0x550B, 0x3503, 0x3603, 0x3703, 0x5703, 0x5703, 0x3703, 0x5703, 0x5703, 0x5703, 
    0x5703, 0x5703, 0x5703, 0x5703, 0x5703, 0x5703, 0x5703, 0x5703, 0x5703, 0x5703, 0x5703, 0x5703, 0x5703, 0x5703, 0x5703, 0x5703, 
    0x5603, 0x5603, 0x5703, 0x5703, 0x5703, 0x5703, 0x3703, 0x3703, 0x570B, 0x3703, 0x3603, 0x560B, 0x9713, 0xD71B, 0x9613, 0x1403, 
    0x330B, 0x7313, 0x330B, 0xB513, 0xD61B, 0x3403, 0x1403, 0x350B, 0x560B, 0x560B, 0x5703, 0x5703, 0x5703, 0x5803, 0x5803, 0x5803, 
    0xF602, 0x3603, 0x1503, 0x1413, 0x3423, 0xF63B, 0xFA5C, 0xB94C, 0x593C, 0x5513, 0x350B, 0x1403, 0x1403, 0x9613, 0x7513, 0x9513, 
    0x9613, 0x9613, 0x3503, 0xF402, 0x3603, 0x560B, 0x1503, 0xF502, 0xD402, 0xF502, 0xF502, 0x3503, 0x760B, 0x9613, 0x550B, 0xF402, 
    0x1603, 0x1603, 0xF602, 0xD502, 0xB502, 0xB402, 0xD502, 0xF502, 0xD502, 0xF502, 0x1603, 0x3703, 0x3703, 0x5803, 0x5803, 0x5803, 
    0x5803, 0x5803, 0x5803, 0x5803, 0x5803, 0x5803, 0x5803, 0x5803, 0x5703, 0x5703, 0x5703, 0x5703, 0x5703, 0x5603, 0x5603, 0x5603, 
    0x5603, 0x5603, 0x5603, 0x5703, 0x5703, 0x5703, 0x5703, 0x5703, 0x5703, 0x5803, 0x5803, 0x5803, 0x5803, 0x5803, 0x5803, 0x5803, 
    0x5803, 0x5803, 0x5803, 0x5803, 0x5803, 0x5803, 0x5803, 0x5703, 0x5703, 0x5703, 0x5703, 0x5703, 0x7703, 0x7703, 0xB80B, 0xD813, 
    0xFA1B, 0xB91B, 0x780B, 0x3703, 0x3703, 0x5703, 0x5803, 0x5803, 0x5803, 0x5803, 0x5803, 0x5803, 0x5803, 0x5803, 0x5803, 0x5803, 
    0x5803, 0x5803, 0x5803, 0x5803, 0x5803, 0x5803, 0x5803, 0x5803, 0x5803, 0x5803, 0x5803, 0x5803, 0x5803, 0x5803, 0x5803, 0x5803, 
    0x5803, 0x7803, 0x5803, 0x7803, 0x5803, 0x7803, 0x5703, 0x5703, 0x5703, 0x7703, 0x770B, 0x7603, 0x5603, 0x770B, 0xF81B, 0x392C, 
    0xD723, 0xF72B, 0x593C, 0x593C, 0xF72B, 0xD72B, 0xF733, 0xF733, 0x3834, 0xD72B, 0x1834, 0x1834, 0xD72B, 0x793C, 0xDB4C, 0x5844, 
    0x374C, 0x7B75, 0xBD7D, 0xD964, 0xF964, 0xF964, 0x7754, 0x1A6D, 0x985C, 0x1A6D, 0x7B75, 0x3A75, 0x3A75, 0x5754, 0xF54B, 0x9B7D, 
    0x7A7D, 0xDC85, 0x7B75, 0xD53B, 0x5423, 0xF30A, 0xF402, 0xD402, 0x3603, 0x3703, 0x5703, 0x5703, 0x3703, 0x5703, 0x5703, 0x5703, 
    0x5703, 0x5703, 0x5703, 0x5703, 0x5703, 0x5703, 0x5703, 0x5703, 0x5703, 0x5703, 0x5703, 0x5703, 0x5703, 0x5703, 0x5703, 0x5703, 
    0x5603, 0x5603, 0x5703, 0x5703, 0x5703, 0x5703, 0x3703, 0x3703, 0x3703, 0x3703, 0x3603, 0x3603, 0x560B, 0xB713, 0xD71B, 0xD61B, 
    0x340B, 0x330B, 0x330B, 0x382C, 0x7934, 0x550B, 0x1403, 0x760B, 0x3603, 0x3603, 0x3703, 0x3703, 0x3703, 0x3703, 0x3803, 0x3803, 
    0x5503, 0x5503, 0x140B, 0xD62B, 0x7854, 0x3B75, 0x9D7D, 0xDA64, 0xDB5C, 0x962B, 0x1413, 0x1403, 0x1403, 0x5403, 0x3403, 0x5403, 
    0x750B, 0x9613, 0x550B, 0x1403, 0x5503, 0x5603, 0x1503, 0x1503, 0x1503, 0xF402, 0x1403, 0x7603, 0xD713, 0xD713, 0x960B, 0x1403, 
    0x1503, 0xF602, 0xF502, 0xF502, 0xB502, 0xB402, 0xD502, 0xF602, 0xD502, 0xF602, 0x1703, 0x3703, 0x3803, 0x3803, 0x5803, 0x5803, 
    0x5803, 0x5803, 0x5803, 0x5803, 0x5803, 0x5803, 0x5803, 0x5803, 0x5803, 0x5703, 0x5703, 0x5703, 0x5703, 0x5703, 0x5703, 0x7703, 
    0x5703, 0x5703, 0x5703, 0x5703, 0x5703, 0x5703, 0x5703, 0x5703, 0x5803, 0x5803, 0x5803, 0x5803, 0x5803, 0x5803, 0x5803, 0x5803, 
    0x5803, 0x5803, 0x5803, 0x5803, 0x5803, 0x5803, 0x5803, 0x5803, 0x7803, 0x7803, 0x7803, 0x7703, 0x5703, 0x7703, 0x980B, 0xB813, 
    0xB81B, 0x9813, 0x770B, 0x370B, 0x3703, 0x3703, 0x5703, 0x5803, 0x5803, 0x5803, 0x5803, 0x5803, 0x5803, 0x5703, 0x3703, 0x5703, 
    0x5803, 0x5803, 0x5803, 0x5803, 0x5803, 0x5803, 0x5803, 0x5803, 0x5803, 0x5803, 0x5803, 0x5803, 0x5803, 0x5803, 0x5803, 0x5803, 
    0x7803, 0x7803, 0x7803, 0x7803, 0x5803, 0x5803, 0x5803, 0x5703, 0x5703, 0x5703, 0x770B, 0x770B, 0x5703, 0x5603, 0x560B, 0x560B, 
    0x350B, 0x5513, 0x971B, 0x971B, 0x3513, 0x350B, 0x3513, 0x350B, 0x971B, 0x7613, 0x761B, 0x961B, 0x761B, 0xD723, 0xF82B, 0x961B, 
    0x752B, 0x384C, 0xB95C, 0x7854, 0xFA5C, 0xD95C, 0xD53B, 0xD53B, 0x164C, 0x3A6D, 0x7B7D, 0x3A75, 0x3A75, 0xB864, 0x154C, 0x565C, 
    0xB764, 0x196D, 0x9854, 0x742B, 0x131B, 0x3413, 0x350B, 0x1503, 0x3603, 0x3703, 0x5703, 0x5703, 0x3703, 0x5703, 0x5703, 0x5703, 
    0x5703, 0x5703, 0x5703, 0x5703, 0x5703, 0x5703, 0x5703, 0x5703, 0x5703, 0x5703, 0x5703, 0x5703, 0x5703, 0x5703, 0x5703, 0x5703, 
    0x5603, 0x5603, 0x5703, 0x5703, 0x5703, 0x5703, 0x3703, 0x3703, 0x1703, 0x3703, 0x3603, 0x3603, 0x560B, 0x9613, 0xF823, 0x592C, 
    0x340B, 0x750B, 0x9513, 0xBA3C, 0xDB3C, 0xB713, 0x3503, 0x560B, 0x3603, 0x3603, 0x3603, 0x3703, 0x3703, 0x3703, 0x3703, 0x3703, 
    0x3403, 0x330B, 0x531B, 0x784C, 0x3A75, 0x9C85, 0xBD8D, 0x1B7D, 0x3854, 0xF422, 0xB30A, 0xF302, 0x1403, 0x7503, 0x5403, 0x7403, 
    0x5403, 0x9513, 0x750B, 0x3403, 0x5503, 0x3503, 0x1403, 0x3503, 0x5603, 0x3503, 0x3503, 0x960B, 0xF713, 0xF813, 0xB70B, 0x5603, 
    0x1503, 0xF502, 0xD502, 0xF502, 0xF502, 0xD502, 0xD502, 0xF602, 0xF602, 0x1603, 0x3703, 0x3703, 0x3803, 0x3803, 0x3803, 0x5903, 
    0x3903, 0x3803, 0x3803, 0x3803, 0x3803, 0x5803, 0x5803, 0x5803, 0x5803, 0x5803, 0x3703, 0x3703, 0x5703, 0x5703, 0x5703, 0x7803, 
    0x5703, 0x5703, 0x5703, 0x5703, 0x5703, 0x5703, 0x5703, 0x5803, 0x5803, 0x5803, 0x5803, 0x5803, 0x3803, 0x3803, 0x3803, 0x3803, 
    0x3803, 0x3803, 0x3803, 0x5803, 0x5803, 0x5803, 0x5803, 0x5803, 0x5803, 0x5703, 0x5703, 0x5703, 0x5703, 0x5703, 0x5703, 0x5703, 
    0x770B, 0x570B, 0x570B, 0x570B, 0x570B, 0x5803, 0x5803, 0x5803, 0x5803, 0x5803, 0x5803, 0x5803, 0x5703, 0x5703, 0x3703, 0x5703, 
    0x5803, 0x5803, 0x5803, 0x5803, 0x5803, 0x5803, 0x5803, 0x5803, 0x5803, 0x5803, 0x5803, 0x5803, 0x5803, 0x5803, 0x5803, 0x5803, 
    0x5803, 0x5803, 0x5803, 0x5803, 0x5803, 0x5803, 0x5803, 0x5703, 0x1703, 0x3703, 0x5703, 0x780B, 0x780B, 0x570B, 0x3703, 0x3703, 
    0x560B, 0x560B, 0x9713, 0x9713, 0x360B, 0x560B, 0x570B, 0x560B, 0x7713, 0x770B, 0x7713, 0x560B, 0x360B, 0x560B, 0x7713, 0x560B, 
    0x9623, 0x183C, 0x9A4C, 0x994C, 0xFB5C, 0x1B65, 0x7854, 0xB95C, 0x5B6D, 0xFD85, 0xDD8D, 0xDC8D, 0x1D96, 0x9B85, 0xD86C, 0x3554, 
    0xB864, 0x3644, 0x1223, 0xD212, 0x541B, 0xB61B, 0x560B, 0x3603, 0x3603, 0x3703, 0x5703, 0x5703, 0x3703, 0x3703, 0x3703, 0x5703, 
    0x3703, 0x5703, 0x5703, 0x5703, 0x5703, 0x5703, 0x5703, 0x5703, 0x5703, 0x5703, 0x5703, 0x5703, 0x5703, 0x5703, 0x5703, 0x5703, 
    0x5703, 0x5603, 0x5703, 0x5703, 0x5703, 0x5703, 0x3703, 0x3703, 0x1703, 0x3703, 0x5703, 0x3603, 0x3603, 0x560B, 0xB71B, 0x1824, 
    0x340B, 0x9613, 0xB71B, 0x592C, 0x7A34, 0x9713, 0x560B, 0x1503, 0x3603, 0x3603, 0x3603, 0x3703, 0x3703, 0x3703, 0x3703, 0x3703, 
    0x7313, 0xB423, 0x363C, 0x1A65, 0x7B7D, 0x7B85, 0xFE9D, 0xBE95, 0x3854, 0x142B, 0x141B, 0x3413, 0x340B, 0x7503, 0x5403, 0x5403, 
    0x5403, 0x9513, 0x9513, 0x540B, 0x3403, 0x1403, 0x1403, 0x750B, 0x7603, 0x3503, 0x1403, 0x5503, 0x960B, 0xB60B, 0x960B, 0x760B, 
    0x560B, 0xF502, 0xD402, 0xF502, 0x1503, 0xF502, 0xD502, 0xF602, 0xF602, 0x1703, 0x3803, 0x5803, 0x3803, 0x3803, 0x3903, 0x5903, 
    0x3903, 0x3903, 0x3803, 0x3803, 0x3803, 0x3803, 0x3803, 0x5803, 0x5803, 0x5803, 0x5803, 0x3703, 0x3703, 0x5703, 0x5803, 0x5703, 
    0x5703, 0x5703, 0x5703, 0x5703, 0x5703, 0x5803, 0x5803, 0x5803, 0x5803, 0x5803, 0x5803, 0x5803, 0x3803, 0x3803, 0x3803, 0x3803, 
    0x3803, 0x3803, 0x3803, 0x3803, 0x3803, 0x3803, 0x3803, 0x3803, 0x3803, 0x3703, 0x3703, 0x5703, 0x5703, 0x5703, 0x3703, 0x1603, 
    0x360B, 0x360B, 0x370B, 0x570B, 0x580B, 0x5803, 0x5803, 0x3803, 0x5803, 0x5803, 0x5803, 0x5803, 0x5703, 0x5703, 0x3703, 0x3703, 
    0x3703, 0x3803, 0x3803, 0x3803, 0x3803, 0x3803, 0x3803, 0x3803, 0x5803, 0x5803, 0x5803, 0x5803, 0x5803, 0x5803, 0x5803, 0x5803, 
    0x5803, 0x5803, 0x5803, 0x5803, 0x5803, 0x5803, 0x5803, 0x5803, 0x5803, 0x5703, 0x5703, 0x5703, 0x3703, 0x5703, 0x570B, 0x5703, 
    0x3703, 0x1603, 0x5703, 0x5703, 0x3603, 0x3603, 0x5703, 0x3703, 0x1603, 0x3703, 0x5703, 0x7703, 0x780B, 0x980B, 0xD913, 0xF91B, 
    0x5613, 0x9623, 0x1834, 0xB623, 0xB62B, 0xF733, 0x3744, 0x1A65, 0x7C75, 0x5B75, 0xF96C, 0x9B7D, 0x1D96, 0xBB8D, 0x1875, 0x765C, 
    0xF964, 0x9854, 0xD533, 0x173C, 0x1834, 0xD723, 0x1503, 0x3603, 0x3703, 0x5703, 0x5703, 0x5703, 0x3703, 0x3703, 0x3703, 0x5703, 
    0x3703, 0x5703, 0x5703, 0x5703, 0x5703, 0x5703, 0x5703, 0x5703, 0x3703, 0x3703, 0x3703, 0x3703, 0x3703, 0x3703, 0x3703, 0x3703, 
    0x5703, 0x5703, 0x5703, 0x5703, 0x5703, 0x5703, 0x3703, 0x3703, 0x3703, 0x3703, 0x5703, 0x3603, 0x3503, 0x3503, 0x550B, 0x9713, 
    0x3503, 0x9713, 0x560B, 0x760B, 0x9713, 0x360B, 0x560B, 0x1503, 0x3603, 0x3603, 0x3703, 0x3703, 0x3703, 0x3703, 0x3703, 0x3703, 
    0xB84C, 0x195D, 0x3A65, 0x5A75, 0xF96C, 0xD96C, 0x3B7D, 0xDA6C, 0x174C, 0x752B, 0x9523, 0x751B, 0x540B, 0x7503, 0x3403, 0x3303, 
    0x9513, 0xB51B, 0x7513, 0x130B, 0x1303, 0x3403, 0x3403, 0x750B, 0x760B, 0x3503, 0xF402, 0x1403, 0x1403, 0x3503, 0x7603, 0x970B, 
    0xD81B, 0x350B, 0xD402, 0xF502, 0x1503, 0xF502, 0xF502, 0xF602, 0xF602, 0x1703, 0x580B, 0x5803, 0x3803, 0x1803, 0x3903, 0x5903, 
    0x3903, 0x3903, 0x3903, 0x3803, 0x3803, 0x3803, 0x3803, 0x5803, 0x3803, 0x5803, 0x5803, 0x5803, 0x5803, 0x3703, 0x3803, 0x3703, 
    0x3703, 0x5703, 0x5703, 0x3703, 0x5803, 0x5803, 0x5803, 0x5803, 0x5803, 0x5803, 0x3803, 0x3803, 0x3803, 0x3803, 0x3803, 0x3803, 
    0x3803, 0x3803, 0x3803, 0x3803, 0x3803, 0x3803, 0x3803, 0x3803, 0x3803, 0x3803, 0x3803, 0x5803, 0x5803, 0x5803, 0x5703, 0x3703, 
    0x570B, 0x370B, 0x3703, 0x5703, 0x5803, 0x5803, 0x5803, 0x5803, 0x5803, 0x5803, 0x5803, 0x5803, 0x5803, 0x5703, 0x3703, 0x5703, 
    0x3703, 0x3703, 0x3703, 0x3703, 0x3703, 0x3703, 0x3703, 0x3703, 0x5803, 0x5803, 0x5803, 0x5803, 0x5803, 0x5803, 0x5803, 0x5803, 
    0x5803, 0x5803, 0x5803, 0x5803, 0x5803, 0x5803, 0x5803, 0x5803, 0x780B, 0x780B, 0x780B, 0x5803, 0x3703, 0x3703, 0x3703, 0x5803, 
    0x5803, 0x3703, 0x5803, 0x7803, 0x3703, 0x5803, 0x7803, 0x5703, 0x7803, 0x990B, 0x7803, 0x5803, 0x7803, 0x7803, 0x5803, 0x980B, 
    0x570B, 0xB81B, 0x9B3C, 0xBB44, 0x7A3C, 0x593C, 0xD733, 0x3744, 0x7C6D, 0xBC7D, 0x5B75, 0xFD8D, 0x9FA6, 0x9EA6, 0x1D9E, 0x1975, 
    0xF95C, 0x5C65, 0x5C65, 0x9D65, 0xBB44, 0xF823, 0x1503, 0x770B, 0x3703, 0x5703, 0x5703, 0x5703, 0x3703, 0x3703, 0x3703, 0x3703, 
    0x3703, 0x5703, 0x5703, 0x5703, 0x5703, 0x5703, 0x5703, 0x5703, 0x3703, 0x3703, 0x3703, 0x3703, 0x3703, 0x3703, 0x3703, 0x3703, 
    0x5703, 0x5703, 0x5703, 0x5703, 0x3703, 0x3703, 0x3703, 0x3703, 0x5803, 0x3703, 0x3603, 0x3603, 0x3603, 0x3503, 0x560B, 0x7613, 
    0x1603, 0x7713, 0x1503, 0x1603, 0x360B, 0x1603, 0x3603, 0x3603, 0x3603, 0x3703, 0x3703, 0x3703, 0x3703, 0x3703, 0x3703, 0x3703, 
    0x975C, 0x196D, 0xD864, 0xB85C, 0x775C, 0xB864, 0xFA64, 0xF643, 0x5423, 0xD312, 0x3413, 0x340B, 0x3403, 0x960B, 0x760B, 0x960B, 
    0xD61B, 0xD623, 0x5413, 0xF202, 0x130B, 0x340B, 0x340B, 0x550B, 0xB71B, 0x760B, 0x1503, 0x1403, 0xF402, 0x1403, 0x760B, 0xF81B, 
    0x392C, 0x7613, 0xD402, 0xD402, 0x1503, 0xF502, 0xD502, 0xF602, 0xF602, 0x3703, 0x580B, 0x580B, 0x3803, 0x1803, 0x3903, 0x5903, 
    0x3903, 0x3903, 0x3903, 0x3803, 0x3803, 0x3803, 0x3803, 0x3803, 0x3803, 0x3803, 0x5803, 0x5803, 0x5803, 0x3803, 0x3703, 0x3703, 
    0x3803, 0x3703, 0x3703, 0x3703, 0x3803, 0x5803, 0x5803, 0x5803, 0x5803, 0x5803, 0x3803, 0x3803, 0x3803, 0x3803, 0x3803, 0x3803, 
    0x3803, 0x3803, 0x3803, 0x3803, 0x3803, 0x3803, 0x3803, 0x3803, 0x3703, 0x3703, 0x3803, 0x3803, 0x3703, 0x3703, 0x3703, 0x5803, 
    0x780B, 0x580B, 0x5803, 0x5803, 0x5803, 0x5803, 0x5803, 0x5903, 0x5903, 0x5803, 0x5803, 0x5803, 0x5803, 0x5803, 0x5803, 0x5703, 
    0x3703, 0x3703, 0x3703, 0x3703, 0x3703, 0x3703, 0x3703, 0x3703, 0x5803, 0x5803, 0x5803, 0x5803, 0x5803, 0x5803, 0x5803, 0x5803, 
    0x5803, 0x5803, 0x5803, 0x5803, 0x5803, 0x5803, 0x5803, 0x5803, 0x1703, 0x3803, 0x5803, 0x5803, 0x5803, 0x3803, 0x3803, 0x5803, 
    0x7803, 0x3703, 0x5803, 0x7803, 0x3703, 0x5703, 0x7803, 0x5703, 0x3703, 0x5803, 0x3703, 0x3703, 0x5803, 0x5703, 0x1703, 0x5703, 
    0x780B, 0x3603, 0xB813, 0xD823, 0xF82B, 0xF82B, 0x551B, 0x341B, 0x3844, 0x7C75, 0x5B75, 0x5B75, 0xBC85, 0x1D96, 0x9B85, 0xB443, 
    0x3744, 0x9944, 0x583C, 0x9A44, 0xF82B, 0xD71B, 0xF502, 0x5603, 0x3703, 0x5703, 0x5703, 0x5703, 0x3703, 0x3703, 0x3703, 0x3703, 
    0x3703, 0x5703, 0x5703, 0x5703, 0x5703, 0x5703, 0x5703, 0x5703, 0x3703, 0x3703, 0x3703, 0x3703, 0x3703, 0x3703, 0x3703, 0x3703, 
    0x5703, 0x5703, 0x5703, 0x5703, 0x3703, 0x3703, 0x3703, 0x3703, 0x5703, 0x1703, 0xF602, 0x3603, 0x570B, 0x770B, 0x770B, 0xB813, 
    0x1603, 0x570B, 0xF602, 0x3703, 0x780B, 0x1603, 0x3703, 0x3703, 0x1603, 0x1603, 0x3603, 0x3703, 0x3703, 0x3703, 0x3703, 0x3703, 
    0x9764, 0x9764, 0xF96C, 0xF964, 0x574C, 0x373C, 0x1634, 0x541B, 0x130B, 0x340B, 0x540B, 0x350B, 0x3503, 0x3503, 0x9713, 0xF823, 
    0x3F76, 0x7C5D, 0x3734, 0x751B, 0x3413, 0x130B, 0x5413, 0xF72B, 0x382C, 0x5513, 0xD402, 0xF402, 0xF402, 0xF402, 0x560B, 0x1924, 
    0x392C, 0xF823, 0x1503, 0xB302, 0x1503, 0xF502, 0xB402, 0xF602, 0x3703, 0x3703, 0x3803, 0x3803, 0x3803, 0x3803, 0x3903, 0x3903, 
    0x3903, 0x3803, 0x3803, 0x3803, 0x3803, 0x3803, 0x3803, 0x3803, 0x3803, 0x3803, 0x3803, 0x3803, 0x3803, 0x3803, 0x3803, 0x3803, 
    0x3803, 0x3803, 0x3803, 0x3803, 0x3803, 0x3803, 0x3803, 0x3803, 0x3803, 0x3803, 0x3803, 0x3803, 0x3803, 0x3803, 0x3803, 0x3803, 
    0x3803, 0x3803, 0x3803, 0x3803, 0x3803, 0x3803, 0x3803, 0x3803, 0x3803, 0x3803, 0x3803, 0x3803, 0x3803, 0x3803, 0x3803, 0x3803, 
    0x5803, 0x3803, 0x5803, 0x7903, 0x7903, 0x5803, 0x3803, 0x3803, 0x3803, 0x5803, 0x7803, 0x7903, 0x5803, 0x3803, 0x5803, 0x5803, 
    0x5803, 0x5703, 0x5703, 0x5703, 0x5703, 0x5703, 0x5703, 0x5703, 0x5703, 0x5703, 0x5703, 0x5703, 0x5703, 0x5703, 0x5703, 0x5703, 
    0x5703, 0x5703, 0x5703, 0x5703, 0x5803, 0x5803, 0x5803, 0x5803, 0x3803, 0x3803, 0x3803, 0x3803, 0x3803, 0x3803, 0x3803, 0x3803, 
    0x3703, 0x5703, 0x3703, 0x5703, 0x3703, 0x5703, 0x3703, 0x5703, 0x5803, 0x5703, 0x5803, 0x5703, 0x5803, 0x5703, 0x5803, 0x5703, 
    0x5703, 0x3703, 0x3703, 0x3603, 0x360B, 0x350B, 0x3513, 0x1413, 0x962B, 0xFA5C, 0xDD7D, 0xDD7D, 0xBC85, 0xDC85, 0x5A7D, 0x7754, 
    0x794C, 0x1834, 0xB723, 0xB723, 0xB71B, 0x760B, 0x3603, 0x5703, 0x3703, 0x5703, 0x5703, 0x5703, 0x3703, 0x3703, 0x3703, 0x3703, 
    0x3703, 0x3703, 0x3703, 0x3703, 0x3703, 0x3703, 0x3703, 0x3703, 0x3703, 0x3703, 0x3703, 0x3703, 0x3703, 0x3703, 0x3703, 0x3703, 
    0x5703, 0x5703, 0x5703, 0x5703, 0x3703, 0x3703, 0x3703, 0x3703, 0x3703, 0x3703, 0x3703, 0x3603, 0x3603, 0x3603, 0x3603, 0x3603, 
    0x3703, 0x3703, 0x3703, 0x3703, 0x3703, 0x3703, 0x3703, 0x3703, 0x3703, 0x3703, 0x3703, 0x3703, 0x3703, 0x3703, 0x3703, 0x3703, 
    0x7C8D, 0x5B85, 0x1A75, 0x7854, 0xB52B, 0x741B, 0x740B, 0x3303, 0x3403, 0x3403, 0x3403, 0x3503, 0x3503, 0x1503, 0x1603, 0x360B, 
    0xDB4C, 0x1B55, 0xDA4C, 0x1734, 0x9523, 0x751B, 0xF72B, 0xBA44, 0x761B, 0x3513, 0xF40A, 0xF402, 0xD402, 0xD402, 0xF502, 0x150B, 
    0x7613, 0x7613, 0x350B, 0xD402, 0xF502, 0xD502, 0xD502, 0xF602, 0x3703, 0x3703, 0x3803, 0x3803, 0x3803, 0x3803, 0x3803, 0x3803, 
    0x3803, 0x3803, 0x3803, 0x3803, 0x3803, 0x3803, 0x3803, 0x3803, 0x3803, 0x3803, 0x3803, 0x3803, 0x3803, 0x3803, 0x3803, 0x3803, 
    0x3803, 0x3803, 0x3803, 0x3803, 0x3803, 0x3803, 0x3803, 0x3803, 0x3803, 0x3803, 0x3803, 0x3803, 0x3803, 0x3803, 0x3803, 0x3803, 
    0x3803, 0x3803, 0x3803, 0x3803, 0x3803, 0x3803, 0x3803, 0x3803, 0x3803, 0x3803, 0x3803, 0x3803, 0x3803, 0x3803, 0x3803, 0x3803, 
    0x1703, 0x7903, 0x7903, 0xF702, 0xD602, 0x3803, 0x7903, 0x7803, 0x790B, 0x7803, 0x5803, 0x1703, 0x3803, 0x7903, 0x5803, 0xF702, 
    0x5803, 0x5703, 0x5703, 0x5703, 0x5703, 0x5703, 0x5703, 0x5703, 0x5703, 0x5703, 0x5703, 0x5703, 0x5703, 0x5703, 0x5703, 0x5703, 
    0x5703, 0x5703, 0x5703, 0x5703, 0x5803, 0x5803, 0x5803, 0x5803, 0x3803, 0x3803, 0x3803, 0x3803, 0x3803, 0x3803, 0x3803, 0x3803, 
    0x3703, 0x3703, 0x3703, 0x3703, 0x3703, 0x3703, 0x3703, 0x3703, 0x5703, 0x5703, 0x5703, 0x5703, 0x5703, 0x5703, 0x5703, 0x5703, 
    0x5703, 0x5703, 0x3703, 0x3703, 0x3603, 0x360B, 0x350B, 0x3513, 0x7623, 0x183C, 0xDA54, 0x7C6D, 0x3F8E, 0x9F96, 0xBC7D, 0x784C, 
    0xF733, 0xB61B, 0x5613, 0x7613, 0x7713, 0x3603, 0x1603, 0x3703, 0x5703, 0x5703, 0x5703, 0x3703, 0x3703, 0x3703, 0x3703, 0x3703, 
    0x3703, 0x3703, 0x3703, 0x3703, 0x3703, 0x3703, 0x3703, 0x3703, 0x3703, 0x3703, 0x3703, 0x3703, 0x3703, 0x3703, 0x3703, 0x3703, 
    0x5703, 0x5703, 0x5703, 0x5703, 0x3703, 0x3703, 0x3703, 0x3703, 0x3703, 0x3703, 0x3703, 0x3703, 0x3603, 0x3603, 0x3603, 0x3603, 
    0x3703, 0x3703, 0x3703, 0x3703, 0x3703, 0x3703, 0x3703, 0x3703, 0x3703, 0x3703, 0x3703, 0x3703, 0x3703, 0x3703, 0x3703, 0x3703, 
    0xBD9D, 0x9C8D, 0xB964, 0xB633, 0x3413, 0x1303, 0x1403, 0x5503, 0x7503, 0x5403, 0x3403, 0x5503, 0x350B, 0x1503, 0xD502, 0xD402, 
    0x551B, 0x583C, 0xB944, 0xF733, 0x7523, 0x751B, 0xB623, 0x3834, 0x1413, 0x140B, 0xF40A, 0xD402, 0xD40A, 0x150B, 0xF50A, 0xD402, 
    0xF502, 0x150B, 0x7613, 0x5613, 0xD502, 0xD502, 0xF602, 0x1603, 0x3703, 0x3703, 0x3803, 0x3803, 0x3803, 0x3803, 0x3803, 0x3803, 
    0x3803, 0x3803, 0x3803, 0x3803, 0x3803, 0x3803, 0x3803, 0x3803, 0x3803, 0x3803, 0x3803, 0x3803, 0x3803, 0x3803, 0x3803, 0x3803, 
    0x3803, 0x3803, 0x3803, 0x3803, 0x3803, 0x3803, 0x3803, 0x3803, 0x3803, 0x3803, 0x3803, 0x3803, 0x3803, 0x3803, 0x3803, 0x3803, 
    0x3803, 0x3803, 0x3803, 0x3803, 0x3803, 0x3803, 0x3803, 0x3803, 0x3803, 0x3803, 0x3803, 0x3803, 0x3803, 0x3803, 0x3803, 0x3803, 
    0xBA0B, 0x5803, 0x1703, 0x5803, 0x990B, 0x580B, 0xF602, 0xB402, 0x370B, 0x3603, 0x3703, 0x5703, 0x780B, 0x7903, 0x7903, 0x5803, 
    0x5803, 0x3703, 0x3703, 0x3703, 0x3703, 0x3703, 0x3703, 0x3703, 0x3703, 0x3703, 0x3703, 0x3703, 0x3703, 0x3703, 0x3703, 0x5703, 
    0x5703, 0x5703, 0x5703, 0x5703, 0x5703, 0x5703, 0x5703, 0x5703, 0x3803, 0x3803, 0x3803, 0x3803, 0x3803, 0x3803, 0x3803, 0x3803, 
    0x3703, 0x3703, 0x3703, 0x3703, 0x3703, 0x3703, 0x3703, 0x3703, 0x5703, 0x5703, 0x5703, 0x5703, 0x5703, 0x5703, 0x5703, 0x5703, 
    0x5703, 0x5703, 0x3703, 0x3703, 0x3703, 0x3603, 0x360B, 0x350B, 0xF40A, 0xF412, 0x551B, 0x183C, 0x1B5D, 0x5C65, 0x5844, 0x341B, 
    0x761B, 0x350B, 0x1503, 0x360B, 0x3603, 0x1603, 0x1603, 0x3703, 0x5703, 0x5703, 0x3703, 0x3703, 0x3703, 0x3703, 0x3703, 0x3703, 
    0x3703, 0x3703, 0x3703, 0x3703, 0x3703, 0x3703, 0x3703, 0x3703, 0x3703, 0x3703, 0x3703, 0x3703, 0x3703, 0x3703, 0x3703, 0x3703, 
    0x3703, 0x3703, 0x3703, 0x3703, 0x3703, 0x3703, 0x3703, 0x3703, 0x3703, 0x3703, 0x3703, 0x3703, 0x3703, 0x3603, 0x3603, 0x3703, 
    0x3703, 0x3703, 0x3703, 0x3703, 0x3703, 0x3703, 0x3703, 0x3703, 0x3703, 0x3703, 0x3703, 0x3703, 0x3703, 0x3703, 0x3703, 0x3703, 
    0x9C95, 0x5B85, 0x174C, 0x3423, 0x350B, 0x3503, 0x1403, 0x9603, 0x9603, 0x5403, 0x3403, 0x3403, 0x350B, 0x150B, 0xF502, 0xD50A, 
    0xF40A, 0x9623, 0xB623, 0x751B, 0x751B, 0x551B, 0x551B, 0x961B, 0xF72B, 0x761B, 0xF40A, 0xF40A, 0x150B, 0x5713, 0x3613, 0x160B, 
    0xF50A, 0x150B, 0x971B, 0xB81B, 0xF502, 0xD502, 0x1703, 0xF602, 0x3703, 0x3803, 0x3803, 0x3803, 0x3803, 0x3803, 0x3803, 0x3803, 
    0x3803, 0x3803, 0x3803, 0x3803, 0x3803, 0x3803, 0x3803, 0x3803, 0x3803, 0x3803, 0x3803, 0x3803, 0x3803, 0x3803, 0x3803, 0x3803, 
    0x3803, 0x3803, 0x3803, 0x3803, 0x3803, 0x3703, 0x3803, 0x3703, 0x3803, 0x3703, 0x3803, 0x3703, 0x3703, 0x3703, 0x3703, 0x3703, 
    0x3703, 0x3703, 0x3703, 0x3703, 0x3703, 0x3703, 0x3803, 0x3703, 0x3803, 0x3703, 0x3803, 0x3803, 0x3803, 0x3803, 0x3803, 0x3803, 
    0x5803, 0x5803, 0x5803, 0x3703, 0x1603, 0x1503, 0x5613, 0x9723, 0x3513, 0xF40A, 0x150B, 0x360B, 0xF602, 0x9502, 0x1703, 0xDA13, 
    0x3703, 0x3703, 0x3703, 0x3703, 0x3703, 0x3703, 0x3703, 0x3703, 0x3703, 0x3703, 0x3703, 0x3703, 0x3703, 0x3703, 0x3703, 0x3703, 
    0x3703, 0x3703, 0x3703, 0x3703, 0x3703, 0x3703, 0x3703, 0x3703, 0x3703, 0x3703, 0x3703, 0x3703, 0x3703, 0x3703, 0x3703, 0x3703, 
    0x3703, 0x3703, 0x3703, 0x3703, 0x3703, 0x3703, 0x3703, 0x3703, 0x3703, 0x3703, 0x3703, 0x3703, 0x3703, 0x3703, 0x3703, 0x3703, 
    0x3703, 0x5703, 0x3703, 0x5703, 0x3703, 0x3703, 0x3603, 0x360B, 0x360B, 0x150B, 0x1513, 0x761B, 0xB723, 0x9623, 0x551B, 0x1413, 
    0x560B, 0x1503, 0x1503, 0x1603, 0x3603, 0x3603, 0x3703, 0x3703, 0x5703, 0x5703, 0x3703, 0x3703, 0x3703, 0x3703, 0x3703, 0x3703, 
    0x3703, 0x3703, 0x3703, 0x3703, 0x3703, 0x3703, 0x3703, 0x3703, 0x3703, 0x3703, 0x3703, 0x3703, 0x3703, 0x3703, 0x3703, 0x3703, 
    0x3703, 0x3703, 0x3703, 0x3703, 0x3703, 0x3703, 0x3703, 0x3703, 0x3703, 0x3703, 0x3703, 0x3703, 0x3703, 0x3703, 0x3703, 0x3703, 
    0x3703, 0x3703, 0x3703, 0x3703, 0x3703, 0x3703, 0x3703, 0x3703, 0x3703, 0x3703, 0x3703, 0x3703, 0x3703, 0x3703, 0x3703, 0x3703, 
    0xFE95, 0x5C7D, 0xF743, 0x1413, 0x350B, 0x1503, 0xF402, 0x5503, 0x5503, 0x5403, 0x550B, 0x9513, 0x7513, 0x150B, 0xF502, 0xF402, 
    0xF40A, 0x140B, 0x140B, 0x5513, 0x961B, 0x7513, 0x961B, 0x172C, 0x1C4D, 0xF723, 0x140B, 0x350B, 0x7713, 0x3613, 0x160B, 0x160B, 
    0x360B, 0x150B, 0x7713, 0x9813, 0xF602, 0xF602, 0x3703, 0xF602, 0x3703, 0x3803, 0x3803, 0x3703, 0x3703, 0x3703, 0x3703, 0x3703, 
    0x3703, 0x3703, 0x3703, 0x3703, 0x3703, 0x3703, 0x3803, 0x3703, 0x3803, 0x3703, 0x3803, 0x3803, 0x3803, 0x3803, 0x3803, 0x3803, 
    0x3803, 0x3703, 0x3703, 0x3703, 0x3703, 0x3703, 0x3703, 0x3703, 0x3703, 0x3703, 0x3703, 0x3703, 0x3703, 0x3703, 0x3703, 0x3703, 
    0x3703, 0x3703, 0x3703, 0x3703, 0x3703, 0x3703, 0x3703, 0x3703, 0x3703, 0x3703, 0x3703, 0x3703, 0x3703, 0x3703, 0x3703, 0x3803, 
    0x1803, 0x7903, 0x780B, 0x1603, 0x150B, 0x351B, 0x131B, 0x710A, 0xD31A, 0xB212, 0xD312, 0x761B, 0xF923, 0xD91B, 0x3703, 0xD602, 
    0x3703, 0x3703, 0x3703, 0x3703, 0x3703, 0x3703, 0x3703, 0x3703, 0x3703, 0x3703, 0x3703, 0x3703, 0x3703, 0x3703, 0x3703, 0x3703, 
    0x3703, 0x3703, 0x3703, 0x3703, 0x3703, 0x3703, 0x3703, 0x3703, 0x3703, 0x3703, 0x3703, 0x3703, 0x3703, 0x3703, 0x3703, 0x3703, 
    0x3703, 0x3703, 0x3703, 0x3703, 0x3703, 0x3703, 0x3703, 0x3703, 0x3703, 0x3703, 0x3703, 0x3703, 0x3703, 0x3703, 0x3703, 0x3703, 
    0x5703, 0x5703, 0x5703, 0x5703, 0x3703, 0x3703, 0x3703, 0x3703, 0x570B, 0x360B, 0x560B, 0x5713, 0x560B, 0x150B, 0x360B, 0x9713, 
    0x560B, 0x3603, 0x1603, 0x3603, 0x5703, 0x3703, 0x5703, 0x5703, 0x3703, 0x3703, 0x3703, 0x3703, 0x3703, 0x3703, 0x3703, 0x3703, 
    0x3703, 0x3703, 0x3703, 0x3703, 0x3703, 0x3703, 0x3703, 0x3703, 0x3703, 0x3703, 0x3703, 0x3703, 0x3703, 0x3703, 0x3703, 0x3703, 
    0x3703, 0x3703, 0x3703, 0x3703, 0x3703, 0x3703, 0x3703, 0x3703, 0x3703, 0x3703, 0x3703, 0x3703, 0x3703, 0x3703, 0x3703, 0x3703, 
    0x3703, 0x3703, 0x3703, 0x3703, 0x3703, 0x3703, 0x3703, 0x3703, 0x3703, 0x3703, 0x3703, 0x3703, 0x3703, 0x3703, 0x3703, 0x3703, 
    0xFD8D, 0x1A6D, 0xB633, 0xF412, 0xF402, 0xF502, 0xF502, 0x1503, 0x1403, 0x550B, 0xD623, 0x172C, 0xD723, 0x7513, 0x1403, 0xF402, 
    0x1403, 0x3403, 0x340B, 0x550B, 0x550B, 0x1403, 0x750B, 0x382C, 0xBA3C, 0xB61B, 0x1403, 0x760B, 0x9713, 0x360B, 0xF502, 0xF502, 
    0x160B, 0xF502, 0x160B, 0x360B, 0xF602, 0x1703, 0x3703, 0x1703, 0x3703, 0x3703, 0x3703, 0x3703, 0x3703, 0x3703, 0x3703, 0x3703, 
    0x3703, 0x3703, 0x3703, 0x3703, 0x3703, 0x3703, 0x3703, 0x3703, 0x3703, 0x3703, 0x3703, 0x3703, 0x3703, 0x3703, 0x3703, 0x3703, 
    0x3703, 0x3703, 0x3703, 0x3703, 0x3703, 0x3703, 0x3703, 0x3703, 0x3703, 0x3703, 0x3703, 0x3703, 0x3703, 0x3703, 0x3703, 0x3703, 
    0x3703, 0x3703, 0x3703, 0x3703, 0x3703, 0x3703, 0x3703, 0x3703, 0x3703, 0x3703, 0x3703, 0x3703, 0x3703, 0x3703, 0x3703, 0x3703, 
    0x7903, 0x1703, 0x1703, 0x5713, 0x551B, 0xD21A, 0xD222, 0x5333, 0xD543, 0x1A6D, 0x9C75, 0x5944, 0x3513, 0x1503, 0x780B, 0x980B, 
    0x3703, 0x3703, 0x3703, 0x3703, 0x3703, 0x3703, 0x3703, 0x3703, 0x3703, 0x3703, 0x3703, 0x3703, 0x3703, 0x3703, 0x3703, 0x3703, 
    0x3703, 0x3703, 0x3703, 0x3703, 0x3703, 0x3703, 0x3703, 0x3703, 0x3703, 0x3703, 0x3703, 0x3703, 0x3703, 0x3603, 0x3703, 0x3703, 
    0x3703, 0x3703, 0x3703, 0x3703, 0x3703, 0x3703, 0x3703, 0x3703, 0x3703, 0x3703, 0x3703, 0x3703, 0x3703, 0x3703, 0x3703, 0x3703, 
    0x3703, 0x5703, 0x5703, 0x5703, 0x3703, 0x3703, 0x3703, 0x3703, 0x1603, 0xF602, 0x1603, 0x3703, 0x3703, 0x1603, 0x1603, 0x3603, 
    0x3703, 0x3703, 0x3703, 0x3703, 0x3703, 0x3703, 0x3703, 0x5703, 0x3703, 0x3703, 0x3703, 0x3703, 0x3703, 0x3703, 0x3703, 0x3703, 
    0x3703, 0x3703, 0x3703, 0x3703, 0x3703, 0x3703, 0x3703, 0x3703, 0x3703, 0x3703, 0x3703, 0x3703, 0x3703, 0x3703, 0x3703, 0x3703, 
    0x3703, 0x3703, 0x3703, 0x3703, 0x3703, 0x3703, 0x3703, 0x3703, 0x3603, 0x3603, 0x3703, 0x3703, 0x3703, 0x3703, 0x3703, 0x3703, 
    0x3703, 0x3703, 0x3703, 0x3703, 0x3703, 0x3703, 0x3703, 0x3703, 0x3603, 0x3603, 0x3603, 0x3603, 0x3603, 0x3603, 0x3603, 0x3603, 
    0xD85C, 0xF53B, 0x5423, 0x140B, 0xD402, 0xF502, 0x1503, 0xF50A, 0xF40A, 0x351B, 0xB623, 0xF72B, 0xF723, 0x9513, 0x5503, 0x5503, 
    0x1403, 0x5503, 0x550B, 0x3403, 0x3403, 0xF302, 0x1303, 0x950B, 0xB613, 0x3403, 0x1403, 0x5503, 0x760B, 0x3603, 0xF502, 0xF502, 
    0xD502, 0xF50A, 0xD502, 0xD502, 0x170B, 0x3703, 0x1703, 0x3703, 0x3703, 0x3703, 0x3703, 0x3703, 0x3703, 0x3703, 0x3703, 0x3703, 
    0x3703, 0x3703, 0x3703, 0x3703, 0x3703, 0x3703, 0x3703, 0x3703, 0x3703, 0x3703, 0x3703, 0x3703, 0x3703, 0x3703, 0x3703, 0x3703, 
    0x3703, 0x3703, 0x3703, 0x3703, 0x3703, 0x3703, 0x3703, 0x3703, 0x3703, 0x3703, 0x3703, 0x3703, 0x3703, 0x3703, 0x3703, 0x3703, 
    0x3703, 0x3703, 0x3703, 0x3703, 0x3703, 0x3703, 0x3703, 0x3703, 0x3703, 0x3703, 0x3703, 0x3703, 0x3703, 0x3703, 0x3703, 0x3703, 
    0x1703, 0xF602, 0xF602, 0x1513, 0xD212, 0x332B, 0x1975, 0x3FBF, 0xDFB6, 0xBB8D, 0xF54B, 0xB112, 0xB20A, 0x5613, 0x570B, 0xD602, 
    0x3703, 0x3703, 0x3703, 0x3703, 0x3703, 0x3703, 0x3703, 0x3703, 0x3703, 0x3703, 0x3703, 0x3703, 0x3703, 0x3703, 0x3703, 0x3703, 
    0x3703, 0x3703, 0x3703, 0x3703, 0x3703, 0x3703, 0x3703, 0x3703, 0x3703, 0x3603, 0x3703, 0x3603, 0x3603, 0x3603, 0x3603, 0x3603, 
    0x3703, 0x3703, 0x3703, 0x3703, 0x3703, 0x3703, 0x3703, 0x3703, 0x3703, 0x3703, 0x3703, 0x3703, 0x3703, 0x3703, 0x3703, 0x3703, 
    0x3703, 0x3703, 0x3703, 0x3703, 0x3703, 0x3703, 0x3703, 0x5703, 0x5803, 0x3703, 0x3703, 0x7803, 0x7803, 0x5803, 0x3703, 0x1703, 
    0x3703, 0x3703, 0x3703, 0x3703, 0x3703, 0x3703, 0x3703, 0x3703, 0x3703, 0x3703, 0x3703, 0x3703, 0x3703, 0x3703, 0x3703, 0x3703, 
    0x3703, 0x3703, 0x3703, 0x3703, 0x3703, 0x3703, 0x3703, 0x3703, 0x3703, 0x3703, 0x3703, 0x3703, 0x3703, 0x3703, 0x3703, 0x3703, 
    0x3703, 0x3703, 0x3703, 0x3703, 0x3703, 0x3703, 0x3703, 0x3703, 0x3603, 0x3603, 0x3703, 0x3703, 0x3703, 0x3703, 0x3703, 0x3703, 
    0x3703, 0x3603, 0x3603, 0x3603, 0x3603, 0x3603, 0x3603, 0x3603, 0x3603, 0x3603, 0x3603, 0x3603, 0x3603, 0x3603, 0x3603, 0x3603, 
    0xB42B, 0x1213, 0x1313, 0x3413, 0xD402, 0xD402, 0xF502, 0xB402, 0xD40A, 0xF40A, 0x141B, 0x751B, 0x951B, 0x7513, 0x750B, 0x7503, 
    0x1403, 0x750B, 0x7503, 0x3403, 0x5403, 0x750B, 0x5403, 0x3403, 0x5403, 0x5503, 0x3503, 0x3503, 0x1503, 0x1503, 0x1503, 0xF502, 
    0xD502, 0x160B, 0xD502, 0xD502, 0x370B, 0x3703, 0xF602, 0x3803, 0x3703, 0x3703, 0x3703, 0x3703, 0x3703, 0x3703, 0x3703, 0x3703, 
    0x3703, 0x3703, 0x3703, 0x3703, 0x3703, 0x3703, 0x3703, 0x3703, 0x3703, 0x3703, 0x3703, 0x3703, 0x3703, 0x3703, 0x3703, 0x3703, 
    0x3703, 0x3703, 0x3703, 0x3703, 0x3703, 0x3703, 0x3703, 0x3703, 0x3703, 0x3703, 0x3703, 0x3703, 0x3703, 0x3703, 0x3703, 0x3703, 
    0x3603, 0x3603, 0x3703, 0x3703, 0x3703, 0x3703, 0x3703, 0x3703, 0x3603, 0x3603, 0x3603, 0x3703, 0x3703, 0x3703, 0x3803, 0x3703, 
    0x360B, 0x971B, 0x141B, 0x9112, 0x374C, 0xBFA6, 0x1FBF, 0xBC95, 0x0D1A, 0xAC09, 0x2F0A, 0xF31A, 0x351B, 0xD402, 0xF502, 0x780B, 
    0x3703, 0x3703, 0x3703, 0x3703, 0x3703, 0x3703, 0x3703, 0x3703, 0x3703, 0x3703, 0x3703, 0x3703, 0x3703, 0x3703, 0x3703, 0x3703, 
    0x3703, 0x3703, 0x3703, 0x3703, 0x3703, 0x3703, 0x3703, 0x3603, 0x3603, 0x3603, 0x3603, 0x3603, 0x3603, 0x3603, 0x3603, 0x3603, 
    0x3703, 0x3703, 0x3703, 0x3703, 0x3703, 0x3703, 0x3703, 0x3703, 0x3703, 0x3703, 0x3703, 0x3703, 0x3703, 0x3703, 0x3703, 0x3703, 
    0x5703, 0x5703, 0x5703, 0x5703, 0x3703, 0x3703, 0x5703, 0x5703, 0x3703, 0x5703, 0x5803, 0x5803, 0x5803, 0x3803, 0x5803, 0x7803, 
    0x3703, 0x3703, 0x5703, 0x3703, 0x3703, 0x3703, 0x3703, 0x3703, 0x3703, 0x3703, 0x3703, 0x3703, 0x3703, 0x3703, 0x3703, 0x3703, 
    0x3703, 0x3703, 0x3703, 0x3703, 0x3703, 0x3703, 0x3703, 0x3703, 0x3703, 0x3703, 0x3703, 0x3703, 0x3703, 0x3703, 0x3703, 0x3703, 
    0x3703, 0x3703, 0x3703, 0x3703, 0x3703, 0x3703, 0x3703, 0x3703, 0x3603, 0x3603, 0x3703, 0x3703, 0x3703, 0x3703, 0x3703, 0x3703, 
    0x3703, 0x3603, 0x3603, 0x3603, 0x3603, 0x3603, 0x3603, 0x3603, 0x3603, 0x3603, 0x3603, 0x3603, 0x3603, 0x3603, 0x3603, 0x3603, 
    0xD202, 0xF302, 0x340B, 0x1403, 0xF402, 0xD402, 0xD402, 0xD402, 0xD402, 0xD402, 0xD402, 0x150B, 0x150B, 0xF402, 0x1403, 0x1403, 
    0x3403, 0x3403, 0x3403, 0x3403, 0x3403, 0x3403, 0x3403, 0x3403, 0x3403, 0x3503, 0x3503, 0x3503, 0x1503, 0xF502, 0xF502, 0xF502, 
    0xF502, 0x1503, 0x1603, 0x1603, 0x3603, 0x3703, 0x3703, 0x3703, 0x1703, 0x1703, 0x1703, 0x1703, 0x1703, 0x1703, 0x1703, 0x1703, 
    0x3703, 0x3703, 0x3703, 0x3703, 0x3703, 0x3703, 0x3703, 0x3703, 0x3703, 0x3703, 0x3703, 0x3703, 0x3703, 0x3703, 0x3703, 0x3703, 
    0x3603, 0x160B, 0x3603, 0x3703, 0x3703, 0x3703, 0x3803, 0x3803, 0x3803, 0x3803, 0x3803, 0x3803, 0x3703, 0x3703, 0x3703, 0x3703, 
    0x150B, 0x150B, 0x3603, 0x3703, 0x3803, 0x3703, 0x3703, 0x3603, 0x350B, 0x350B, 0x150B, 0x1603, 0x790B, 0x7A03, 0x3903, 0xF702, 
    0x3323, 0xAF22, 0x523B, 0xDC8D, 0xDFD7, 0x9FAE, 0x954B, 0xAE09, 0xD32A, 0xF322, 0xF41A, 0x1513, 0x160B, 0x3603, 0x3603, 0x3703, 
    0x1703, 0x1703, 0x1703, 0x3703, 0x3703, 0x3703, 0x3703, 0x3703, 0x3703, 0x3703, 0x3703, 0x3703, 0x3703, 0x3703, 0x3703, 0x3703, 
    0x3703, 0x3703, 0x3703, 0x3703, 0x3703, 0x3703, 0x3703, 0x3603, 0x3603, 0x3603, 0x3603, 0x3603, 0x3603, 0x3603, 0x3603, 0x3603, 
    0x1603, 0x1603, 0x1603, 0x3603, 0x3603, 0x360B, 0x360B, 0x360B, 0x3603, 0x1603, 0x3603, 0x3703, 0x3703, 0x3703, 0x1703, 0x3703, 
    0x1603, 0x3603, 0x5703, 0x7703, 0x7703, 0x5703, 0x3703, 0x1603, 0xF602, 0x1703, 0x5703, 0x5803, 0x3703, 0x3703, 0x3703, 0x3803, 
    0x1703, 0x3703, 0x3703, 0x580B, 0x570B, 0x370B, 0x160B, 0xF602, 0x160B, 0xF50A, 0xD502, 0xD502, 0xF502, 0x1503, 0x150B, 0x1603, 
    0x3603, 0x3703, 0x3703, 0x3703, 0x3703, 0x3703, 0x3703, 0x3703, 0x3703, 0x3703, 0x3703, 0x3703, 0x3703, 0x3703, 0x3703, 0x3703, 
    0x3603, 0x3603, 0x3603, 0x3603, 0x3603, 0x3603, 0x3603, 0x3603, 0x3603, 0x3603, 0x3603, 0x3603, 0x3603, 0x3703, 0x3703, 0x3603, 
    0x3603, 0x3603, 0x3603, 0x3603, 0x3603, 0x3603, 0x3603, 0x3603, 0x1603, 0x1603, 0x1603, 0x1603, 0x1603, 0x1603, 0x1603, 0x1603, 
    0x1403, 0x3403, 0x3403, 0x1403, 0xF402, 0xF302, 0xF402, 0xF402, 0xD402, 0xD302, 0xD402, 0xF402, 0xF502, 0xD402, 0xF502, 0x150B, 
    0xF302, 0x9513, 0xD61B, 0x750B, 0x3403, 0x550B, 0x550B, 0x1403, 0x3503, 0x3503, 0x3503, 0x3503, 0x1503, 0xF502, 0xF502, 0x1503, 
    0xF502, 0x1503, 0x1603, 0x3603, 0x3603, 0x3603, 0x3703, 0x3703, 0x1703, 0x1703, 0x1703, 0x1703, 0x1803, 0x1803, 0x1803, 0x1803, 
    0x3703, 0x3703, 0x3703, 0x3703, 0x3703, 0x3703, 0x3703, 0x3703, 0x3703, 0x3703, 0x3703, 0x3703, 0x3703, 0x3703, 0x3703, 0x3703, 
    0x3603, 0x160B, 0x3603, 0x3703, 0x3703, 0x3703, 0x3803, 0x3803, 0x5803, 0x5803, 0x3803, 0x3803, 0x3703, 0x3703, 0x3703, 0x3703, 
    0x160B, 0x160B, 0x3703, 0x3703, 0x3703, 0x3703, 0x3703, 0x3603, 0x560B, 0x1503, 0x360B, 0x160B, 0xB502, 0x1703, 0xBB13, 0x981B, 
    0xAF22, 0xD25B, 0xDEB6, 0x9FCF, 0xF55B, 0x2B01, 0xCE01, 0xF42A, 0xF41A, 0xF51A, 0x1513, 0x160B, 0x1603, 0x3703, 0x3703, 0x3703, 
    0x3703, 0x1703, 0x3703, 0x3703, 0x3703, 0x3703, 0x3703, 0x3703, 0x3703, 0x3703, 0x3703, 0x3703, 0x3703, 0x3703, 0x3703, 0x3703, 
    0x3703, 0x3703, 0x3703, 0x3703, 0x3703, 0x3703, 0x3703, 0x3603, 0x3603, 0x3603, 0x3603, 0x3703, 0x3703, 0x3703, 0x3703, 0x3703, 
    0x3603, 0x3603, 0x3603, 0x3603, 0x3603, 0x3603, 0x3603, 0x3603, 0x770B, 0x5703, 0x3703, 0x3703, 0x5703, 0x5703, 0x780B, 0x980B, 
    0x770B, 0x5603, 0x1603, 0xF502, 0xF502, 0x3603, 0x570B, 0x980B, 0xB913, 0x780B, 0x3703, 0x1703, 0x3703, 0x3703, 0x3703, 0x1603, 
    0x770B, 0x560B, 0x150B, 0xF40A, 0xD40A, 0xB312, 0xB31A, 0xB322, 0x921A, 0x9633, 0x9A54, 0xBB54, 0x1834, 0x761B, 0x550B, 0x760B, 
    0x3603, 0x3703, 0x3703, 0x3703, 0x3703, 0x3703, 0x3703, 0x3703, 0x3703, 0x3703, 0x3703, 0x3703, 0x3703, 0x3703, 0x3703, 0x3703, 
    0x3603, 0x3603, 0x3603, 0x3603, 0x3603, 0x3603, 0x3603, 0x3603, 0x3603, 0x3603, 0x3603, 0x3603, 0x3603, 0x3603, 0x3603, 0x3603, 
    0x3603, 0x3603, 0x3603, 0x3603, 0x3603, 0x3603, 0x3603, 0x3603, 0x1603, 0x1603, 0x1603, 0x1603, 0x1603, 0x1603, 0x1603, 0x1603, 
    0x750B, 0x550B, 0x3403, 0x1403, 0xF402, 0x1403, 0x1403, 0x1403, 0xD402, 0xD402, 0xF402, 0xF402, 0xD402, 0xB402, 0xD402, 0x1503, 
    0xD302, 0xD61B, 0x3824, 0x9613, 0x1403, 0x3403, 0x550B, 0x3503, 0x3503, 0x3503, 0x360B, 0x1603, 0x1503, 0xF502, 0xF502, 0xF502, 
    0xF502, 0x1503, 0x1603, 0x1603, 0x3603, 0x3603, 0x3703, 0x3703, 0x1703, 0x1703, 0x1703, 0x1703, 0x1803, 0x1803, 0x1803, 0x1703, 
    0x3703, 0x3703, 0x3703, 0x3703, 0x3703, 0x3703, 0x3703, 0x3703, 0x3703, 0x3703, 0x3703, 0x3703, 0x3703, 0x3703, 0x3703, 0x3703, 
    0x3703, 0x3703, 0x3703, 0x3703, 0x3703, 0x3703, 0x3703, 0x3703, 0x3703, 0x3703, 0x3703, 0x3703, 0x3703, 0x3603, 0x3603, 0x3703, 
    0x3803, 0x3903, 0x3703, 0x3603, 0x350B, 0x350B, 0x3603, 0x3703, 0xF602, 0x3703, 0x160B, 0xF50A, 0x1513, 0xF412, 0xD412, 0xF322, 
    0x7B8D, 0x1FCF, 0x7B8D, 0x2E22, 0xCD09, 0xD222, 0x131B, 0xF312, 0x140B, 0x150B, 0x160B, 0x1603, 0x1603, 0x170B, 0x170B, 0x170B, 
    0x3703, 0x3703, 0x3703, 0x3703, 0x3703, 0x3703, 0x3703, 0x3703, 0x3703, 0x3703, 0x3703, 0x3703, 0x3703, 0x3703, 0x3703, 0x3703, 
    0x3703, 0x3703, 0x370B, 0x3703, 0x3703, 0x3703, 0x3703, 0x3703, 0x3703, 0x3703, 0x3703, 0x3703, 0x3703, 0x5703, 0x3703, 0x5703, 
    0x5703, 0x5703, 0x3703, 0x5803, 0x5803, 0x5803, 0x5803, 0x5803, 0xF702, 0x1703, 0x3703, 0x5703, 0x3703, 0x1603, 0xD502, 0xB402, 
    0x1503, 0x360B, 0x360B, 0x360B, 0x560B, 0x360B, 0x1603, 0x1603, 0xF602, 0xF602, 0x1703, 0x370B, 0x580B, 0x380B, 0x1703, 0xF602, 
    0xF302, 0xD202, 0xD212, 0x122B, 0x734B, 0x166C, 0xB88C, 0x199D, 0xDCB5, 0x7BA5, 0xB87C, 0xB54B, 0xF21A, 0xB102, 0xF302, 0x3403, 
    0x3603, 0x3703, 0x3703, 0x3703, 0x3703, 0x3703, 0x3703, 0x3703, 0x3703, 0x3703, 0x3703, 0x3703, 0x3703, 0x3703, 0x3703, 0x3703, 
    0x1603, 0x1603, 0x1603, 0x1603, 0x1603, 0x1603, 0x1603, 0x1603, 0x1603, 0x1603, 0x1603, 0x1603, 0x1603, 0x1603, 0x1603, 0x1603, 
    0x3603, 0x3603, 0x3603, 0x3603, 0x3603, 0x3603, 0x3603, 0x3603, 0x1603, 0x1603, 0x1603, 0x1603, 0x1603, 0x1603, 0x1603, 0x1603, 
    0x9613, 0x560B, 0x3503, 0x1503, 0x3503, 0x350B, 0x1503, 0xF402, 0xF402, 0xF402, 0x1503, 0x1503, 0xF402, 0xB402, 0xD402, 0xF402, 
    0x1403, 0xB71B, 0x1824, 0x7613, 0xF402, 0xF402, 0x3503, 0x560B, 0x3503, 0x3503, 0x360B, 0x1603, 0x1503, 0xF502, 0xF502, 0xF502, 
    0xF502, 0x1603, 0x1603, 0x1603, 0x3603, 0x3703, 0x3703, 0x3703, 0x1703, 0x1703, 0x1703, 0x1703, 0x1703, 0x1703, 0x1703, 0x1703, 
    0x1703, 0x1703, 0x1703, 0x1703, 0x1703, 0x1703, 0x1703, 0x1703, 0x1703, 0x1703, 0x1703, 0x1703, 0x1703, 0x1703, 0x1703, 0x1703, 
    0x3703, 0x3703, 0x3703, 0x3703, 0x3703, 0x3703, 0x3703, 0x3703, 0x3703, 0x1603, 0x1603, 0x1603, 0x1603, 0x1603, 0x1603, 0x3703, 
    0x3903, 0x3903, 0x3803, 0x1603, 0x150B, 0x150B, 0x3603, 0x3703, 0x3703, 0x3703, 0x3703, 0x5613, 0xF31A, 0x9022, 0x766C, 0x5FD7, 
    0x5FB6, 0x334B, 0x6C09, 0x0E12, 0xF222, 0x131B, 0x3413, 0x340B, 0x3503, 0x3503, 0x1603, 0x1603, 0x1703, 0x170B, 0x170B, 0x170B, 
    0x370B, 0x3703, 0x3703, 0x3703, 0x3703, 0x1703, 0x1703, 0x1703, 0x3703, 0x3703, 0x3703, 0x3703, 0x3703, 0x3703, 0x3703, 0x3703, 
    0x3703, 0x3703, 0x3703, 0x3703, 0x3703, 0x3703, 0x3703, 0x3703, 0x3703, 0x3703, 0x3703, 0x3803, 0x3803, 0x3803, 0x3803, 0x3803, 
    0x3703, 0x3703, 0x3703, 0x3703, 0x5803, 0x5803, 0x5803, 0x5803, 0x9903, 0x7903, 0x5803, 0x3703, 0x1703, 0x3703, 0x570B, 0x770B, 
    0x1603, 0x1603, 0x1603, 0x1603, 0xF60A, 0x160B, 0x1613, 0x3613, 0xF512, 0xF512, 0xF412, 0xB412, 0xB312, 0xF422, 0x9633, 0x1744, 
    0xD954, 0x1965, 0x5A75, 0x7A85, 0x198D, 0x7684, 0xB473, 0x526B, 0x8F4A, 0xED31, 0x4A09, 0x4B01, 0x0E02, 0xF20A, 0x540B, 0x750B, 
    0x3603, 0x3603, 0x3603, 0x3603, 0x3603, 0x3603, 0x3603, 0x3603, 0x3603, 0x3603, 0x3603, 0x3603, 0x3603, 0x3603, 0x3603, 0x3603, 
    0x1603, 0x1603, 0x1603, 0x1603, 0x1603, 0x1603, 0x1603, 0x1603, 0x1603, 0x1603, 0x1603, 0x1603, 0x1603, 0x1603, 0x1603, 0x1603, 
    0x1603, 0x1603, 0x1603, 0x1603, 0x1603, 0x1603, 0x1603, 0x1603, 0x1603, 0x1603, 0x1603, 0x1603, 0x1603, 0x1603, 0x1603, 0x1603, 
    0x770B, 0x560B, 0x350B, 0x350B, 0x560B, 0x560B, 0x1503, 0xF402, 0xF402, 0xF402, 0x1503, 0x350B, 0x1503, 0xD402, 0xD402, 0xF402, 
    0x350B, 0x760B, 0xB713, 0x9713, 0x350B, 0xD402, 0xF402, 0x3503, 0x1503, 0x3603, 0x360B, 0x1603, 0x1603, 0xF502, 0xF602, 0xF602, 
    0xF602, 0x1603, 0x1603, 0x1603, 0x1603, 0x1603, 0x1703, 0x1703, 0x1703, 0x1703, 0x1703, 0x1703, 0x1703, 0x1703, 0x1703, 0x1703, 
    0x1703, 0x1703, 0x1703, 0x1703, 0x1703, 0x1703, 0x1703, 0x1703, 0x1703, 0x1703, 0x1703, 0x1703, 0x1703, 0x1703, 0x1703, 0x3703, 
    0x3803, 0x3803, 0x3803, 0x3703, 0x3703, 0x3703, 0x1603, 0x1603, 0x1603, 0x1603, 0x1603, 0x160B, 0x160B, 0x160B, 0x160B, 0x1603, 
    0x3703, 0x3803, 0x3803, 0x3703, 0x3603, 0x1603, 0x1603, 0x3603, 0x7803, 0x5803, 0x3803, 0x9402, 0x342B, 0x7EB6, 0x3EEF, 0x5294, 
    0x8B19, 0xEF11, 0xB222, 0xF322, 0xB212, 0xF30A, 0x350B, 0xF402, 0x3503, 0x3603, 0x3603, 0x1603, 0x1703, 0x170B, 0xF70A, 0x170B, 
    0x370B, 0x5703, 0x5703, 0x3703, 0x3703, 0x3703, 0x3703, 0x1703, 0x3703, 0x3703, 0x3703, 0x3703, 0x3703, 0x3703, 0x3703, 0x3703, 
    0x5603, 0x7603, 0x7603, 0x5703, 0x5703, 0x5703, 0x5703, 0x3703, 0x3703, 0x1803, 0x1803, 0xF80A, 0xF80A, 0xF80A, 0xF80A, 0xF80A, 
    0x1703, 0x1603, 0x160B, 0x160B, 0x160B, 0x1513, 0x3613, 0x3613, 0xF502, 0x160B, 0x370B, 0x1703, 0x3803, 0x7903, 0x7903, 0x5903, 
    0x5903, 0x5903, 0x5803, 0x370B, 0xF60A, 0xD40A, 0x9312, 0x921A, 0xF332, 0x5343, 0xF563, 0x767C, 0xB68C, 0xB694, 0x9594, 0x758C, 
    0x925B, 0x3143, 0x8F2A, 0xEC19, 0x8B09, 0x6B01, 0x6C01, 0x8D01, 0x2F0A, 0x7112, 0xB212, 0xF31A, 0x141B, 0x141B, 0xF312, 0xD30A, 
    0x1603, 0x3603, 0x3603, 0x3603, 0x3603, 0x3603, 0x3603, 0x3603, 0x3603, 0x3603, 0x3603, 0x3603, 0x3603, 0x3603, 0x3603, 0x3603, 
    0x1603, 0x1603, 0x1603, 0x1603, 0x1603, 0x1603, 0x1603, 0x1603, 0x1603, 0x1603, 0x1603, 0x1603, 0x1603, 0x1603, 0x1603, 0x1603, 
    0x1603, 0x1603, 0x1603, 0x1603, 0x1603, 0x1603, 0x1603, 0x1603, 0x1603, 0x1603, 0x1603, 0x1603, 0x1603, 0x1603, 0x1603, 0x1603, 
    0x560B, 0x3603, 0x360B, 0x560B, 0x770B, 0x570B, 0x360B, 0xF502, 0xD402, 0xD402, 0xD402, 0x1503, 0x1503, 0xF402, 0xF402, 0xF402, 
    0x350B, 0x3503, 0x760B, 0xD81B, 0x9713, 0x1503, 0xD402, 0xF502, 0x1603, 0x1603, 0x3603, 0x1603, 0x1603, 0xF602, 0xF602, 0xF602, 
    0x1603, 0x1603, 0x1603, 0x3603, 0x1603, 0x1603, 0x1703, 0x1703, 0x1703, 0x1703, 0x1703, 0x1703, 0x1703, 0x1703, 0x1703, 0x1703, 
    0x1703, 0x1703, 0x1703, 0x1703, 0x1703, 0x1703, 0x1703, 0x1703, 0x1703, 0x1703, 0x1703, 0x1703, 0x1703, 0x1703, 0x1703, 0x1703, 
    0x3803, 0x3803, 0x3803, 0x3703, 0x1703, 0x1703, 0x1603, 0x1603, 0x1603, 0x1503, 0x1503, 0x1503, 0x1603, 0x1603, 0x1603, 0x1603, 
    0x1603, 0x1603, 0x1703, 0x3703, 0x3703, 0x3703, 0x1703, 0x1603, 0xF602, 0xF502, 0xD40A, 0x3C65, 0xFFD7, 0x99A5, 0xA839, 0x4729, 
    0xEE11, 0x3523, 0xF41A, 0xB30A, 0x561B, 0x150B, 0xD402, 0x9713, 0x3603, 0x3603, 0x1603, 0x1603, 0x1703, 0x1703, 0x1703, 0x170B, 
    0x570B, 0x5703, 0x5703, 0x3703, 0x3703, 0x3703, 0x3703, 0x3703, 0x3703, 0x3703, 0x3703, 0x3703, 0x3703, 0x3703, 0x3703, 0x3703, 
    0x5603, 0x5603, 0x5603, 0x5603, 0x5703, 0x3703, 0x3703, 0x3703, 0x3703, 0x1703, 0x1703, 0x170B, 0xF80A, 0xF80A, 0xF80A, 0xF70A, 
    0x1703, 0x1603, 0x1603, 0x160B, 0x160B, 0x150B, 0x1513, 0x1513, 0xF50A, 0x3613, 0x5713, 0x360B, 0x370B, 0x570B, 0x3703, 0xF602, 
    0x9502, 0x9402, 0xB40A, 0xD412, 0x552B, 0xF84B, 0xDA6C, 0x5C85, 0x1EA6, 0xD884, 0x515B, 0x2C3A, 0xAA31, 0x6931, 0x2729, 0x0721, 
    0x6B19, 0xAD19, 0x0E1A, 0x9022, 0xF222, 0x3423, 0x551B, 0x751B, 0x1403, 0x550B, 0x560B, 0x560B, 0xF502, 0xB402, 0xB40A, 0xF50A, 
    0x1603, 0x1603, 0x1603, 0x1603, 0x1603, 0x1603, 0x1603, 0x1603, 0x1603, 0x1603, 0x1603, 0x1603, 0x1603, 0x1603, 0x1603, 0x1603, 
    0x1603, 0x1603, 0x1603, 0x1603, 0x1603, 0x1603, 0x1603, 0x1603, 0x1603, 0x1603, 0x1603, 0x1603, 0x1603, 0x1603, 0x1603, 0x1603, 
    0x1603, 0x1603, 0x1603, 0x1603, 0x1603, 0x1603, 0x1603, 0x1603, 0x1603, 0x1603, 0x1603, 0x1603, 0x1603, 0x1603, 0x1603, 0x1603, 
    0x1603, 0x1603, 0x3603, 0x360B, 0x570B, 0x570B, 0x360B, 0x1503, 0x360B, 0xF502, 0xD402, 0xF402, 0x1503, 0xF502, 0xF402, 0xF402, 
    0x1503, 0x3603, 0x560B, 0x7713, 0x770B, 0x3603, 0xF502, 0xF502, 0xF602, 0x1603, 0x1603, 0x1603, 0x1603, 0xF602, 0xF602, 0x1603, 
    0x1603, 0x1603, 0x1603, 0x1603, 0x1603, 0x1603, 0x1703, 0x1703, 0x1703, 0x1703, 0x1703, 0x1703, 0x1703, 0x1703, 0xF702, 0x1703, 
    0x1703, 0x1703, 0x1703, 0x1703, 0x1703, 0x1703, 0x1703, 0x1703, 0x1703, 0x1703, 0x1703, 0x1703, 0x1703, 0x1703, 0x1703, 0x1703, 
    0x3803, 0x3803, 0x3803, 0x1703, 0x1703, 0x1603, 0x1603, 0x1603, 0x1603, 0x1603, 0x1603, 0x1603, 0x1603, 0x1703, 0x1703, 0x1603, 
    0xF50A, 0xF50A, 0x150B, 0x1603, 0x3703, 0x3803, 0x3803, 0x1703, 0x1513, 0x953B, 0x7EB6, 0x7FDF, 0xF36B, 0x8A19, 0x2E1A, 0xD222, 
    0x9623, 0xB402, 0x150B, 0x5713, 0xB402, 0xF50A, 0x5713, 0x9402, 0x170B, 0x1703, 0x1703, 0x1703, 0x1703, 0x1703, 0x3703, 0x3703, 
    0x5703, 0x5703, 0x5703, 0x3703, 0x3703, 0x3703, 0x3703, 0x3703, 0x3703, 0x3703, 0x3703, 0x3703, 0x3703, 0x3703, 0x3703, 0x1703, 
    0x160B, 0xF60A, 0xF60A, 0x160B, 0x170B, 0x1703, 0x1703, 0x1703, 0x3703, 0x3703, 0x3703, 0x3703, 0x3703, 0x3703, 0x3603, 0x3703, 
    0x3703, 0x3703, 0x1803, 0x3803, 0x1803, 0x1803, 0x1703, 0x1703, 0x1703, 0x160B, 0xD40A, 0x5202, 0x710A, 0xF222, 0x5333, 0x323B, 
    0x356C, 0xB784, 0x9A9D, 0xFCA5, 0xBB9D, 0x1985, 0x566C, 0xD45B, 0xCD19, 0x6B09, 0x2B01, 0x4C01, 0x0F1A, 0xB22A, 0x1333, 0x1433, 
    0x1533, 0xF62A, 0xF51A, 0xD412, 0xF40A, 0xF402, 0x1403, 0x3503, 0x5503, 0x3603, 0x3603, 0x3703, 0x3803, 0x3903, 0x1903, 0xF802, 
    0x1703, 0x1603, 0x1603, 0x1603, 0x1603, 0x1603, 0x1603, 0x1603, 0x1603, 0x1603, 0x1603, 0x1603, 0x1603, 0x1603, 0x1603, 0x1603, 
    0x1603, 0x1603, 0x1603, 0x1603, 0x1603, 0x1603, 0x1603, 0x1603, 0x1603, 0x1603, 0x1603, 0x1603, 0x1603, 0x1603, 0x1603, 0x1603, 
    0x1603, 0x1503, 0x1503, 0x1503, 0x1503, 0x1503, 0x1503, 0x1503, 0x1603, 0x1603, 0x1603, 0x1603, 0x1603, 0x1603, 0x1603, 0x1603, 
    0x1603, 0x1603, 0x1603, 0x3603, 0x370B, 0x570B, 0x570B, 0x360B, 0x9813, 0x360B, 0xF502, 0xF402, 0xF502, 0xF502, 0xF402, 0xF502, 
    0x3603, 0x570B, 0x360B, 0xD502, 0xD502, 0x1603, 0x370B, 0x1603, 0xF602, 0xF602, 0x1603, 0x1703, 0x1603, 0xF602, 0x1603, 0x1703, 
    0x1603, 0x1603, 0x1603, 0x1603, 0x1603, 0x1603, 0x1703, 0x1703, 0x1703, 0x1703, 0x1703, 0x1703, 0x1703, 0x1703, 0xF702, 0x1703, 
    0x1703, 0x1703, 0x1703, 0x1703, 0x1703, 0x1703, 0x1703, 0x1703, 0x1703, 0x1703, 0x1703, 0x1703, 0x1703, 0x1703, 0x1703, 0x1703, 
    0x1803, 0x3803, 0x1703, 0x1703, 0x1703, 0x1603, 0x1603, 0x1603, 0x1603, 0x1603, 0x1603, 0x1703, 0x1703, 0x1703, 0x3803, 0x1703, 
    0x150B, 0xF412, 0x150B, 0x1503, 0x1603, 0x1603, 0x150B, 0xF412, 0xDD8D, 0x5FCF, 0xDAAD, 0x4C3A, 0x4911, 0x9022, 0x351B, 0x360B, 
    0x3603, 0x5703, 0xF602, 0xF502, 0x570B, 0x170B, 0xD602, 0x3713, 0x170B, 0x170B, 0x1703, 0x1703, 0x1703, 0x3703, 0x3703, 0x3703, 
    0x5703, 0x5703, 0x5703, 0x3703, 0x3703, 0x3703, 0x3703, 0x3703, 0x3703, 0x3703, 0x3703, 0x3703, 0x3703, 0x3703, 0x3703, 0x170B, 
    0xF712, 0xD712, 0xD712, 0xD712, 0xF712, 0xF70A, 0xF70A, 0x1603, 0x3603, 0x3603, 0x3603, 0x3503, 0x5503, 0x5503, 0x5503, 0x3503, 
    0x360B, 0x360B, 0x160B, 0x160B, 0xF60A, 0xF502, 0xD50A, 0xD40A, 0x351B, 0xF73B, 0xBA64, 0x5B7D, 0xBB95, 0xDB9D, 0x9A9D, 0xF78C, 
    0x347C, 0xB16B, 0xEF52, 0xEB29, 0x2911, 0xE800, 0x2A01, 0x6B01, 0x2F1A, 0x911A, 0xF422, 0x1523, 0x151B, 0xD512, 0xD50A, 0xD50A, 
    0xD60A, 0xD60A, 0xF60A, 0xF60A, 0x1603, 0x1503, 0x3503, 0x3503, 0x5603, 0x5603, 0x3703, 0x1703, 0x1803, 0x1903, 0x1A03, 0x3903, 
    0x1703, 0x1603, 0x1603, 0x1603, 0x1603, 0x1603, 0x1603, 0x1603, 0x1603, 0x1603, 0x1603, 0x1603, 0x1603, 0x1603, 0x1603, 0x1603, 
    0x1603, 0x1603, 0x1603, 0x1603, 0x1603, 0x1603, 0x1603, 0x1603, 0x1603, 0x1603, 0x1603, 0x1603, 0x1603, 0x1603, 0x1603, 0x1603, 
    0x1503, 0x1503, 0x1503, 0x1503, 0x1503, 0x1503, 0x1503, 0x1503, 0x1603, 0x1603, 0x1603, 0x1603, 0x1603, 0x1603, 0x1603, 0x1603, 
    0x1703, 0x1603, 0x1703, 0x1603, 0x1603, 0x1603, 0x1603, 0x1603, 0x1603, 0x1503, 0xF502, 0xD402, 0xD402, 0xF402, 0x1503, 0x1503, 
    0x1603, 0x1603, 0x1603, 0x1603, 0x1603, 0x1603, 0x1603, 0x1703, 0x1703, 0x1703, 0x1703, 0x1703, 0x1703, 0x1703, 0x1703, 0x1703, 
    0x1703, 0x1703, 0x1703, 0x1703, 0x1703, 0x1703, 0x1703, 0x1703, 0x1703, 0x1703, 0x1703, 0x1703, 0x1703, 0x1703, 0x1703, 0x1703, 
    0x1703, 0x1703, 0x1703, 0x1703, 0x1703, 0x1703, 0x1703, 0x1703, 0x1703, 0x1703, 0x1703, 0x1703, 0x1703, 0x1703, 0x1703, 0x1703, 
    0x1703, 0x1703, 0x1703, 0x1703, 0x1703, 0x1703, 0x1603, 0x1603, 0x1603, 0x1703, 0x1703, 0x1703, 0x1803, 0x1803, 0x1803, 0x3803, 
    0xF502, 0xF50A, 0x360B, 0x3613, 0xD30A, 0x9012, 0x3564, 0x1FCF, 0x5BC6, 0x2F5B, 0x4909, 0x0E12, 0x5523, 0x360B, 0xD602, 0x3803, 
    0x3703, 0x3703, 0x3703, 0x3703, 0x1703, 0x1703, 0x1703, 0x1703, 0x170B, 0x170B, 0x1703, 0x1703, 0x3703, 0x3703, 0x3703, 0x3703, 
    0x3703, 0x3603, 0x3703, 0x3703, 0x5703, 0x5703, 0x3703, 0x1603, 0x3703, 0x3603, 0x3603, 0x1603, 0x1603, 0x3603, 0x3603, 0x1703, 
    0xF712, 0xD712, 0xD712, 0xD712, 0xF712, 0xF70A, 0xF60A, 0x160B, 0x160B, 0x350B, 0x350B, 0x340B, 0x130B, 0x1203, 0x1203, 0xF20A, 
    0xB112, 0xB11A, 0x701A, 0x7022, 0x934B, 0xF87C, 0xF78C, 0x1374, 0xF694, 0xD694, 0xB594, 0x5384, 0x906B, 0x6C42, 0x4719, 0x8600, 
    0xC800, 0x2B01, 0xAC01, 0x2F0A, 0x911A, 0xD21A, 0xF31A, 0x141B, 0xF412, 0xF512, 0xF50A, 0xF50A, 0x1603, 0x1603, 0x1603, 0x1703, 
    0x1703, 0x1703, 0x1703, 0x1603, 0x1503, 0x150B, 0x150B, 0x150B, 0x150B, 0x1503, 0x1603, 0x1603, 0x3703, 0x3703, 0x3803, 0x3703, 
    0x1703, 0x1603, 0x1603, 0x1603, 0x1603, 0x1603, 0x1603, 0x1603, 0x1603, 0x1603, 0x1603, 0x1603, 0x1603, 0x1603, 0x1603, 0x1603, 
    0x1603, 0x1603, 0x1603, 0x1603, 0x1603, 0x1603, 0x1603, 0x1603, 0x1603, 0x1603, 0x1603, 0x1603, 0x1603, 0x1603, 0x1603, 0x1603, 
    0x1503, 0x1503, 0x1503, 0x1503, 0x1503, 0x1503, 0x1503, 0x1503, 0x1503, 0x1503, 0x1503, 0x1503, 0x1503, 0x1503, 0x1503, 0x1503, 
    0x1703, 0x1703, 0x1703, 0x1703, 0x1603, 0x1603, 0x1603, 0x1603, 0x1603, 0x1503, 0xF502, 0xD502, 0xD502, 0xF502, 0x1503, 0x1603, 
    0x1603, 0x1603, 0x1703, 0x1703, 0x1703, 0x1703, 0x1703, 0x1703, 0x1703, 0x1703, 0x1703, 0x1703, 0x1703, 0x1703, 0x1703, 0x1703, 
    0x1703, 0x1703, 0x1703, 0x1703, 0x1703, 0x1703, 0x1703, 0x1703, 0x1703, 0x1703, 0x1703, 0x1703, 0x1703, 0x1703, 0x1703, 0x1703, 
    0x1703, 0x1703, 0x1703, 0x1703, 0x1703, 0x1703, 0x1703, 0x1703, 0x1703, 0x1703, 0x1703, 0x1703, 0x1703, 0x1703, 0x1703, 0x1703, 
    0x1703, 0x1703, 0x1703, 0x1703, 0x1703, 0x1703, 0x1703, 0x1703, 0x580B, 0xF602, 0xF702, 0x5803, 0x7903, 0x3803, 0x1803, 0x1703, 
    0x770B, 0x150B, 0xF40A, 0x910A, 0x9443, 0x9EB6, 0xFED6, 0x5384, 0x0611, 0xAB19, 0xB122, 0x351B, 0x370B, 0xF702, 0x1803, 0x5903, 
    0x3803, 0x3703, 0x3703, 0x3703, 0x3703, 0x3703, 0x3703, 0x3703, 0x3703, 0x3703, 0x3703, 0x3703, 0x3703, 0x3703, 0x3703, 0x3703, 
    0x3703, 0x3603, 0x3703, 0x5703, 0x5703, 0x5703, 0x3703, 0x3603, 0x3703, 0x3603, 0x3603, 0x1603, 0x1603, 0x3603, 0x3603, 0x3703, 
    0x1703, 0x1703, 0x1703, 0x1703, 0x1703, 0x1703, 0x160B, 0x160B, 0xF50A, 0xF40A, 0xF412, 0xF312, 0x131B, 0x332B, 0x9433, 0xD443, 
    0x5664, 0x5985, 0x3DA6, 0x5DAE, 0x1CAE, 0x799D, 0x3374, 0xAD4A, 0xC929, 0x6821, 0x2711, 0x0711, 0x4911, 0xCB19, 0x2D2A, 0xAF2A, 
    0x1323, 0x351B, 0x351B, 0x351B, 0x3513, 0x1513, 0xF50A, 0xF502, 0x1503, 0x1603, 0x1603, 0x1603, 0x1703, 0x3703, 0x1703, 0x3703, 
    0x1703, 0x1603, 0x1603, 0x1603, 0x1603, 0x150B, 0xF50A, 0xF50A, 0xF50A, 0x150B, 0x150B, 0x1503, 0x1503, 0x1503, 0x1503, 0x1603, 
    0x1603, 0x1603, 0x1603, 0x1603, 0x1603, 0x1603, 0x1603, 0x1603, 0x1603, 0x1603, 0x1603, 0x1603, 0x1603, 0x1603, 0x1603, 0x1603, 
    0x1603, 0x1603, 0x1603, 0x1603, 0x1603, 0x1603, 0x1603, 0x1603, 0x1603, 0x1603, 0x1603, 0x1603, 0x1603, 0x1603, 0x1603, 0x1503, 
    0x1503, 0x1503, 0x1503, 0x1503, 0x1503, 0x1503, 0x1503, 0x1503, 0x1503, 0x1503, 0x1503, 0x1503, 0x1503, 0x1503, 0x1503, 0x1503, 
    0x1703, 0x1703, 0x1703, 0x1703, 0x1603, 0x1603, 0x1603, 0x1603, 0x1603, 0xF602, 0xF602, 0xF502, 0xF502, 0xF502, 0xF602, 0x1603, 
    0x1703, 0x1703, 0x1703, 0x1703, 0x1703, 0x1703, 0x1703, 0x1703, 0x1703, 0x1703, 0x1703, 0x1703, 0x1703, 0x1703, 0x1703, 0x1703, 
    0x1703, 0x1703, 0x1703, 0x1703, 0x1703, 0x1703, 0x1703, 0x1703, 0x1703, 0x1703, 0x1703, 0x1703, 0x1703, 0x1703, 0x1703, 0x1703, 
    0x1703, 0x1703, 0x1703, 0x1703, 0x1703, 0x1703, 0x1703, 0x1703, 0x1703, 0x1703, 0x1703, 0x1703, 0x1703, 0x1703, 0x1703, 0x1703, 
    0x1703, 0x1703, 0x1703, 0x1703, 0x1703, 0x1703, 0x1703, 0x1703, 0xB502, 0x5803, 0x780B, 0xF702, 0xD702, 0x5803, 0x790B, 0x1703, 
    0x1603, 0xD40A, 0xD122, 0x3985, 0x7FE7, 0x169D, 0x0B32, 0x2D22, 0xB21A, 0x151B, 0x160B, 0xD602, 0x1703, 0x790B, 0x5803, 0xD602, 
    0xF702, 0xF702, 0x1703, 0x1703, 0x3703, 0x5703, 0x5703, 0x5703, 0x5703, 0x5703, 0x5703, 0x3703, 0x1703, 0x1703, 0xF702, 0x1703, 
    0x1703, 0x3603, 0x3703, 0x3703, 0x5703, 0x570B, 0x5703, 0x3703, 0x3603, 0x3603, 0x1603, 0x1603, 0x1603, 0x1603, 0x3603, 0x3703, 
    0x5703, 0x5703, 0x5703, 0x5703, 0x5703, 0x3703, 0x3603, 0x160B, 0x1513, 0xD41A, 0xB31A, 0xB32A, 0x3443, 0x386C, 0x7C9D, 0x5FB6, 
    0xDBAD, 0x589D, 0x136C, 0x8E32, 0x8B09, 0x6B01, 0xAD01, 0x0F02, 0x9212, 0x930A, 0xB30A, 0xF412, 0x1513, 0x3513, 0x3513, 0x3513, 
    0xF502, 0xF502, 0xF502, 0xF502, 0xF502, 0x1503, 0x3603, 0x3603, 0x1603, 0x1603, 0x3603, 0x3603, 0x3603, 0x3703, 0x3703, 0x1603, 
    0x150B, 0xF50A, 0xF50A, 0x1603, 0x1603, 0x1703, 0x1703, 0x3703, 0x1703, 0x1603, 0x1503, 0x150B, 0xF40A, 0xF312, 0xF312, 0xF312, 
    0x1503, 0x1603, 0x1603, 0x1603, 0x1603, 0x1603, 0x1603, 0x1603, 0x1503, 0x1503, 0x1503, 0x1503, 0x1503, 0x1503, 0x1503, 0x1503, 
    0x1603, 0x1603, 0x1603, 0x1603, 0x1603, 0x1603, 0x1603, 0x1603, 0x1503, 0x1503, 0x1503, 0x1503, 0x1503, 0x1503, 0x1503, 0x1503, 
    0x1503, 0x1503, 0x1503, 0x1503, 0x1503, 0x1503, 0x1503, 0x1503, 0x1503, 0x1503, 0x1503, 0x1503, 0x1503, 0x1503, 0x1503, 0x1503, 
    0x1603, 0x1603, 0x1603, 0x1603, 0x1603, 0x1603, 0x1603, 0x1603, 0xF602, 0x1603, 0x1603, 0x1603, 0x1603, 0xF602, 0xF602, 0xF602, 
    0x1603, 0xF702, 0xF702, 0xF702, 0xF702, 0xF702, 0xF702, 0xF702, 0xF702, 0xF702, 0xF702, 0xF702, 0xF702, 0xF702, 0xF702, 0xF702, 
    0xF702, 0xF702, 0xF702, 0xF702, 0xF702, 0xF702, 0xF702, 0xF702, 0xF702, 0xF702, 0xF702, 0xF702, 0xF702, 0xF702, 0xF702, 0xF702, 
    0x1703, 0x1703, 0x1703, 0x1703, 0x1703, 0x1703, 0x1703, 0x1703, 0x1703, 0x1703, 0x1703, 0x1703, 0x1703, 0x1703, 0x1703, 0x1703, 
    0x1703, 0x1603, 0x1703, 0x1703, 0x1703, 0x1703, 0x1703, 0x1703, 0x5803, 0x1603, 0xD602, 0xF602, 0xD502, 0xB402, 0xD502, 0x1513, 
    0x920A, 0xD53B, 0xDFB6, 0xDEBE, 0xCE42, 0x6A11, 0xD132, 0x1423, 0x571B, 0x380B, 0x3803, 0x1803, 0x1703, 0xF602, 0xF602, 0xF702, 
    0xF70A, 0xF702, 0xF702, 0x1703, 0x3703, 0x5703, 0x7703, 0x7703, 0x7703, 0x7703, 0x5703, 0x3703, 0x1703, 0xF702, 0xF70A, 0xF70A, 
    0x1603, 0x1603, 0x3603, 0x3703, 0x5703, 0x570B, 0x5703, 0x5703, 0x3603, 0x3603, 0x1603, 0x1603, 0x1603, 0x1603, 0x3603, 0x3703, 
    0x5703, 0x7703, 0x5703, 0x5703, 0x5703, 0x3703, 0x3603, 0x1603, 0xB402, 0x5623, 0x3954, 0xBB6C, 0x596C, 0x965B, 0xB242, 0x4F32, 
    0x8F3A, 0x6E2A, 0x4E22, 0x8F22, 0xD222, 0xF31A, 0x1513, 0x1613, 0x370B, 0x3703, 0x1703, 0x1703, 0x1703, 0x1703, 0xF702, 0xD602, 
    0x1603, 0x1503, 0xF502, 0xF502, 0xF502, 0xF502, 0xF502, 0x1503, 0x1503, 0x1503, 0x1503, 0x1503, 0x1603, 0x1503, 0x1603, 0x1503, 
    0xF50A, 0xF50A, 0xF60A, 0x1603, 0x1603, 0x1703, 0x3703, 0x3703, 0x3603, 0x3603, 0x1503, 0x1503, 0xF40A, 0xF412, 0xD312, 0xF412, 
    0x150B, 0x1503, 0x1503, 0x1503, 0x1503, 0x1503, 0x1503, 0x1503, 0x1503, 0x1503, 0x1503, 0x1503, 0x1503, 0x1503, 0x1503, 0x1503, 
    0x1503, 0x1503, 0x1503, 0x1503, 0x1503, 0x1503, 0x1503, 0x1503, 0x1503, 0x1503, 0x1503, 0x1503, 0x1503, 0x1503, 0x1503, 0x1503, 
    0x1503, 0x1503, 0x1503, 0x1503, 0x1503, 0x1503, 0x1503, 0x1503, 0x1503, 0x1503, 0x1503, 0x1503, 0x1503, 0x1503, 0x1503, 0x1503, 
    0x1603, 0x1603, 0x1603, 0x1603, 0x1603, 0x1603, 0x1603, 0x1603, 0xF602, 0x1603, 0x1703, 0x1703, 0x1703, 0x1703, 0x1603, 0xF602, 
    0xF702, 0xF702, 0xF702, 0xF702, 0xF702, 0xF702, 0xF702, 0xF702, 0x1603, 0x1603, 0x1603, 0x1603, 0x1603, 0x1603, 0x1603, 0x1603, 
    0xF702, 0xF702, 0xF702, 0xF702, 0xF702, 0xF702, 0xF702, 0xF702, 0x1603, 0x1603, 0x1603, 0x1603, 0x1603, 0x1603, 0x1603, 0x1603, 
    0x1703, 0x1703, 0x1703, 0x1703, 0x1703, 0x1703, 0x1703, 0x1703, 0x1703, 0x1703, 0x1703, 0x1703, 0x1703, 0x1703, 0x1703, 0x1703, 
    0x1703, 0x1603, 0x1703, 0x1703, 0x1703, 0x1703, 0x1703, 0x1703, 0xB502, 0xD502, 0x160B, 0x561B, 0x3523, 0xF31A, 0x1323, 0x533B, 
    0x3CAE, 0x9DBE, 0xF45B, 0xAD01, 0xD312, 0x361B, 0x7302, 0xB502, 0xB502, 0xB502, 0xF602, 0x370B, 0xF602, 0xB502, 0xD502, 0x3713, 
    0xF70A, 0xF70A, 0xF702, 0x1703, 0x3703, 0x5703, 0x7603, 0x7703, 0x7603, 0x7603, 0x5603, 0x3603, 0x1703, 0xF702, 0xF70A, 0xF70A, 
    0x1603, 0x1603, 0x3603, 0x3603, 0x5703, 0x570B, 0x5703, 0x5703, 0x3603, 0x1603, 0x1603, 0x1603, 0x1603, 0x1603, 0x1603, 0x3603, 
    0x1703, 0x1703, 0x1703, 0x1703, 0x1703, 0x1703, 0x1703, 0x1603, 0xD502, 0x1513, 0x351B, 0x3523, 0xF422, 0xD222, 0xB222, 0xB21A, 
    0x141B, 0xD40A, 0xB302, 0xF40A, 0x3513, 0x1513, 0xF40A, 0xD402, 0x360B, 0x1603, 0xF602, 0xF602, 0x1703, 0x3803, 0x7903, 0x7903, 
    0x360B, 0x350B, 0x150B, 0x150B, 0x150B, 0x150B, 0xF402, 0xF402, 0x150B, 0x150B, 0x150B, 0x1403, 0x1503, 0x1403, 0x1503, 0x1503, 
    0xF702, 0xF802, 0x1703, 0x1703, 0x1603, 0x3603, 0x3503, 0x3503, 0x3503, 0x3503, 0x3503, 0x1503, 0x1603, 0xF602, 0xF60A, 0xF60A, 
    0x1603, 0x1503, 0x1503, 0x1503, 0x1503, 0x1503, 0x1503, 0x1503, 0x1503, 0x1503, 0x1503, 0x1503, 0x1503, 0x1503, 0x1503, 0x1503, 
    0x1503, 0x1503, 0x1503, 0x1503, 0x1503, 0x1503, 0x1503, 0x1503, 0x1503, 0x1503, 0x1503, 0x1503, 0x1503, 0x1503, 0x1503, 0x1503, 
    0x1503, 0x1503, 0x1503, 0x1503, 0x1503, 0x1503, 0x1503, 0x1503, 0x1503, 0x1503, 0x1503, 0x1503, 0x1503, 0x1503, 0x1503, 0x1503, 
    0x1603, 0x1603, 0x1603, 0x1603, 0x1603, 0x1603, 0xF602, 0xF602, 0xF602, 0x1603, 0xF702, 0x1703, 0x1703, 0xF702, 0xF702, 0xF702, 
    0xF602, 0xF602, 0xF602, 0xF602, 0xF602, 0xF602, 0xF602, 0xF602, 0xF602, 0xF602, 0xF602, 0xF602, 0xF602, 0xF602, 0xF602, 0xF602, 
    0xF602, 0xF602, 0xF602, 0xF602, 0xF602, 0xF602, 0xF602, 0xF602, 0xF602, 0xF602, 0xF602, 0xF602, 0xF602, 0xF602, 0xF602, 0xF602, 
    0x1703, 0x1703, 0x1703, 0x1703, 0x1703, 0x1703, 0x1703, 0x1703, 0x1703, 0x1703, 0x1703, 0x1703, 0x1703, 0x1703, 0x1703, 0x1703, 
    0x1703, 0x1703, 0x1703, 0x1703, 0x1703, 0x1703, 0x1703, 0x1703, 0x370B, 0x150B, 0xD412, 0x9212, 0x0F0A, 0x9022, 0x197D, 0xBFDF, 
    0xB584, 0x6811, 0x4A01, 0xF31A, 0xF60A, 0x1703, 0x9A13, 0x1703, 0x791B, 0x5813, 0xD602, 0xB502, 0xF602, 0x370B, 0x160B, 0xD502, 
    0xF60A, 0xF70A, 0x1703, 0x1603, 0x3603, 0x5603, 0x5603, 0x7603, 0x5603, 0x5603, 0x5603, 0x3603, 0x1603, 0x1703, 0xF702, 0x1703, 
    0x1603, 0x1603, 0x1603, 0x3603, 0x3703, 0x5703, 0x5703, 0x5703, 0x1603, 0x1603, 0x1603, 0x1603, 0x1603, 0x1603, 0x1603, 0x1603, 
    0xF60A, 0xF60A, 0xF60A, 0xF702, 0xF702, 0x1703, 0x1703, 0x1703, 0x570B, 0x570B, 0x360B, 0x150B, 0xF40A, 0xD312, 0xD312, 0xF40A, 
    0x1603, 0x1703, 0x1603, 0x3703, 0x1603, 0xF502, 0xF502, 0x360B, 0xD402, 0xF502, 0x1603, 0x5703, 0x5703, 0x3703, 0xF602, 0xB502, 
    0xB502, 0xD402, 0xD502, 0xF50A, 0x150B, 0x150B, 0x150B, 0x150B, 0xF502, 0xF502, 0xF402, 0xF402, 0xF402, 0xF402, 0xF402, 0xF502, 
    0xF702, 0xF802, 0x1703, 0x1703, 0x1603, 0x1503, 0x1503, 0x1503, 0x1503, 0x1503, 0x1503, 0x1603, 0x1603, 0x1603, 0x1703, 0xF702, 
    0x1603, 0x1503, 0x1503, 0x1503, 0x1503, 0x1503, 0x1503, 0x1503, 0x1503, 0x1503, 0x1503, 0x1503, 0x1503, 0x1503, 0x1503, 0x1503, 
    0x1503, 0x1503, 0x1503, 0x1503, 0x1503, 0x1503, 0x1503, 0x1503, 0x1503, 0x1503, 0x1503, 0x1503, 0x1503, 0x1503, 0x1503, 0x1503, 
    0x1503, 0x1503, 0x1503, 0x1503, 0x1503, 0x1503, 0x1503, 0x1503, 0xF502, 0xF502, 0xF502, 0xF502, 0xF502, 0xF502, 0xF502, 0xF502, 
    0x1603, 0x1603, 0x1603, 0x1603, 0x1603, 0x1603, 0x1603, 0x1603, 0x1703, 0xF602, 0xF702, 0xF702, 0xF702, 0xF702, 0xF702, 0xF702, 
    0xF702, 0xF602, 0xF602, 0xF602, 0xF602, 0xF602, 0xF602, 0xF602, 0xF602, 0xF602, 0xF602, 0xF602, 0xF602, 0xF602, 0xF602, 0xF602, 
    0xF602, 0xF702, 0xF702, 0xF702, 0xF602, 0xF602, 0xF602, 0xF602, 0xF602, 0xF602, 0xF602, 0xF602, 0xF602, 0xF602, 0xF602, 0xF602, 
    0x1703, 0x1703, 0x1703, 0x1703, 0x1703, 0x1703, 0x1703, 0x1703, 0x1703, 0x1703, 0x1703, 0x1703, 0x1703, 0x1703, 0x1703, 0x1703, 
    0x1703, 0x1703, 0x1703, 0x1703, 0x1703, 0x1703, 0x1703, 0x1703, 0xB402, 0x5623, 0xB212, 0x0E12, 0x976C, 0x9FDF, 0x3CB6, 0x6D32, 
    0x6B01, 0x332B, 0x5423, 0x920A, 0xF412, 0xF50A, 0x9402, 0x160B, 0x5402, 0xF60A, 0x3713, 0x160B, 0xF602, 0x160B, 0x1603, 0xD502, 
    0x1603, 0x1603, 0x1603, 0x1603, 0x360B, 0x360B, 0x360B, 0x360B, 0x360B, 0x3603, 0x3603, 0x3603, 0x3603, 0x1703, 0x3703, 0x3703, 
    0x3703, 0x1603, 0x1603, 0x1603, 0x3603, 0x3703, 0x3603, 0x3603, 0x1603, 0x1603, 0x1603, 0x1603, 0x1603, 0x1603, 0x1603, 0x1603, 
    0xF60A, 0xF60A, 0xF60A, 0xF60A, 0xF702, 0x1703, 0x1703, 0x1703, 0xF702, 0xF602, 0xF602, 0xF502, 0x1503, 0x150B, 0x150B, 0x150B, 
    0xF502, 0x3603, 0x5703, 0x5703, 0x3703, 0x1603, 0x1603, 0x3603, 0x360B, 0x1503, 0xF502, 0xF502, 0xF502, 0x150B, 0x350B, 0x360B, 
    0x570B, 0x370B, 0x370B, 0x370B, 0x1603, 0x1603, 0xF602, 0xF502, 0x1603, 0x1603, 0x1603, 0x1603, 0x1603, 0x1603, 0x1603, 0x1603, 
    0x1503, 0x1503, 0x1503, 0xF502, 0xF502, 0xF602, 0xF602, 0xF602, 0xF602, 0xF602, 0xF602, 0x1603, 0x1603, 0x1603, 0x3603, 0x1503, 
    0x1503, 0x1503, 0x1503, 0x1503, 0x1503, 0x1503, 0x1503, 0x1503, 0x1503, 0x1503, 0x1503, 0x1503, 0x1503, 0x1503, 0x1503, 0x1503, 
    0x1503, 0xF502, 0xF502, 0xF502, 0xF502, 0xF502, 0xF502, 0xF502, 0x1503, 0x1503, 0x1503, 0x1503, 0x1503, 0x1503, 0x1503, 0x1503, 
    0x1503, 0x1503, 0x1503, 0x1503, 0x1503, 0x1503, 0x1503, 0x1503, 0xF502, 0xF502, 0xF502, 0xF502, 0xF502, 0xF502, 0xF502, 0xF502, 
    0x1603, 0x1603, 0x1603, 0x1603, 0x1603, 0x1603, 0xF602, 0xF602, 0x1703, 0xF602, 0xF602, 0xF702, 0xF702, 0xF702, 0xF702, 0xF702, 
    0xF602, 0xF602, 0xF602, 0xF602, 0xF602, 0xF602, 0xF602, 0xF602, 0xF602, 0xF602, 0xF602, 0xF602, 0xF602, 0xF602, 0xF602, 0xF602, 
    0xF602, 0xF702, 0xF702, 0xF702, 0xF602, 0xF602, 0xF602, 0xF602, 0xF602, 0xF602, 0xF602, 0xF602, 0xF602, 0xF602, 0xF602, 0xF602, 
    0x1703, 0x1703, 0x1703, 0x1703, 0x1703, 0x1703, 0x1703, 0x1703, 0x1703, 0x1703, 0x1703, 0x1703, 0x1703, 0x1703, 0x1703, 0x1703, 
    0x1703, 0x1703, 0x1703, 0x1703, 0x1703, 0x1703, 0x1603, 0xF512, 0xD31A, 0x2F0A, 0xF553, 0xFFBE, 0x9EB6, 0x0F43, 0x4911, 0x6E22, 
    0x3523, 0xD402, 0xD40A, 0x351B, 0xF512, 0xD412, 0xF512, 0xF50A, 0x3713, 0xF60A, 0xD602, 0xD602, 0xF602, 0x1603, 0x1603, 0x1603, 
    0x1603, 0x1603, 0x1603, 0x3603, 0x360B, 0x360B, 0x360B, 0x360B, 0x160B, 0x160B, 0x160B, 0x1603, 0x3603, 0x3603, 0x3603, 0x3603, 
    0x3603, 0x1603, 0x1603, 0x1603, 0x3603, 0x3603, 0x3603, 0x3603, 0x1603, 0x1603, 0x1603, 0x1603, 0x1603, 0x1603, 0x1603, 0x1603, 
    0xF50A, 0xF50A, 0xF60A, 0xF60A, 0xF602, 0x1703, 0x1703, 0x1703, 0x3803, 0x1703, 0xF602, 0xF602, 0x1603, 0x1603, 0xF502, 0xD502, 
    0x3603, 0x1603, 0xF602, 0xF602, 0x1603, 0x1603, 0x1603, 0x1603, 0x1603, 0x1503, 0x1503, 0x1503, 0x150B, 0xF50A, 0xF40A, 0xD402, 
    0xF602, 0xF602, 0xF602, 0xF602, 0xF602, 0x1603, 0x1703, 0x1703, 0x1603, 0x1603, 0x1603, 0x1603, 0x1603, 0x1603, 0x1603, 0x1603, 
    0x1403, 0x1403, 0x1403, 0x1503, 0xF502, 0xF50A, 0xF60A, 0xF60A, 0xF602, 0xF602, 0xF602, 0x1603, 0x1503, 0x1503, 0x3503, 0x3503, 
    0x1503, 0x1503, 0x1503, 0x1503, 0x1503, 0x1503, 0x1503, 0x1503, 0x1503, 0x1503, 0x1503, 0x1503, 0x1503, 0x1503, 0x1503, 0x1503, 
    0x1503, 0x1503, 0x1503, 0x1503, 0x1503, 0x1503, 0x1503, 0x1503, 0x1503, 0x1503, 0x1503, 0x1503, 0x1503, 0x1503, 0x1503, 0x1503, 
    0x1503, 0x1503, 0x1503, 0x1503, 0x1503, 0x1503, 0x1503, 0x1503, 0xF502, 0xF502, 0xF502, 0xF502, 0xF502, 0xF502, 0xF502, 0xF502, 
    0xF602, 0xF602, 0xF602, 0xF602, 0xF602, 0xF602, 0xF602, 0xF602, 0xF602, 0xF602, 0xF602, 0xF602, 0xF602, 0xF602, 0xF602, 0xF602, 
    0xF602, 0xF602, 0xF602, 0xF602, 0xF602, 0xF602, 0xF602, 0xF602, 0xF602, 0xF602, 0xF602, 0xF602, 0xF602, 0xF602, 0xF602, 0xF602, 
    0xF602, 0xF602, 0xF602, 0xF602, 0xF602, 0xF602, 0xF602, 0xF602, 0xF602, 0xF602, 0xF602, 0xF602, 0xF602, 0xF602, 0xF602, 0xF602, 
    0xF602, 0xF602, 0xF602, 0xF602, 0xF602, 0xF602, 0xF602, 0xF602, 0xF602, 0xF602, 0xF602, 0xF602, 0xF602, 0xF602, 0xF602, 0xF602, 
    0xD602, 0x3803, 0x1703, 0xB602, 0x1703, 0x160B, 0xD312, 0xB122, 0x514B, 0x3BB6, 0x3FDF, 0x9484, 0xEB21, 0xEC11, 0xF222, 0x551B, 
    0xF50A, 0x1603, 0xF502, 0xF50A, 0xF50A, 0xF50A, 0xF60A, 0xF602, 0xF602, 0xF602, 0xF602, 0xF602, 0xF602, 0xF602, 0x1603, 0x1603, 
    0x1603, 0x1503, 0x1503, 0x1603, 0x1603, 0x3603, 0x360B, 0x360B, 0x1603, 0x1603, 0x1603, 0x3603, 0x3603, 0x1603, 0x1603, 0x1603, 
    0x1603, 0x1603, 0x1603, 0x1603, 0x1603, 0x1603, 0x1603, 0x1603, 0x1603, 0x1603, 0x1603, 0x1603, 0x1603, 0x1603, 0x1603, 0x1603, 
    0x1603, 0x1603, 0x1603, 0x1603, 0x1603, 0x1603, 0x1703, 0x1703, 0x1603, 0x1603, 0x1603, 0x1603, 0x1603, 0x1603, 0x1603, 0x1603, 
    0xF602, 0x1603, 0x1603, 0x1603, 0x1603, 0x1603, 0x1603, 0x1603, 0x1603, 0x1603, 0x1603, 0x1603, 0x1503, 0x1503, 0xF502, 0x1503, 
    0x1603, 0x1603, 0x1603, 0xF602, 0xF602, 0xF602, 0xF602, 0xF602, 0x1603, 0x1603, 0x1603, 0x1603, 0x1603, 0x1603, 0x1603, 0x1603, 
    0x1503, 0x1503, 0x1503, 0x1503, 0x1503, 0x1503, 0xF502, 0xF502, 0x1503, 0x1503, 0x1503, 0x1503, 0x1503, 0x1503, 0x1503, 0x1503, 
    0x1503, 0x1503, 0x1503, 0x1503, 0x1503, 0x1503, 0x1503, 0x1503, 0x1503, 0x1503, 0x1503, 0x1503, 0x1503, 0x1503, 0x1503, 0x1503, 
    0x1503, 0x1503, 0x1503, 0x1503, 0x1503, 0x1503, 0x1503, 0x1503, 0x1503, 0x1503, 0x1503, 0x1503, 0x1503, 0x1503, 0x1503, 0x1503, 
    0x1503, 0x1503, 0x1503, 0x1503, 0x1503, 0x1503, 0x1503, 0x1503, 0x1503, 0x1503, 0x1503, 0x1503, 0x1503, 0x1503, 0x1503, 0x1503, 
    0xF602, 0xF602, 0xF602, 0xF602, 0xF602, 0xF602, 0xF602, 0xF602, 0xF602, 0xF602, 0xF602, 0xF602, 0xF602, 0xF602, 0xF602, 0xF602, 
    0xF602, 0xF602, 0xF602, 0xF602, 0xF602, 0xF602, 0xF602, 0xF602, 0xF602, 0xF602, 0xF602, 0xF602, 0xF602, 0xF602, 0xF602, 0xF602, 
    0xF602, 0xF602, 0xF602, 0xF602, 0xF602, 0xF602, 0xF602, 0xF602, 0xF602, 0xF602, 0xF602, 0xF602, 0xF602, 0xF602, 0xF602, 0xF602, 
    0xF602, 0xF602, 0xF602, 0xF602, 0xF602, 0xF602, 0xF602, 0xF602, 0xF602, 0xF602, 0xF602, 0xF602, 0xF602, 0xF602, 0xF602, 0xF602, 
    0xF602, 0x170B, 0x1703, 0x5713, 0x771B, 0x720A, 0x122B, 0x3985, 0x3FCF, 0xB584, 0x4B3A, 0xCA19, 0x4E1A, 0xD21A, 0xF40A, 0x1503, 
    0x1603, 0x1603, 0x1603, 0x1603, 0x1603, 0x1603, 0x1603, 0x1603, 0x1603, 0x1603, 0x1603, 0x1603, 0x1603, 0x1603, 0x1603, 0x1603, 
    0x1603, 0x1503, 0x1503, 0x1603, 0x3603, 0x3603, 0x3603, 0x560B, 0x1503, 0x1603, 0x1603, 0x1603, 0x1603, 0x1603, 0x1503, 0x1503, 
    0x1603, 0x1603, 0x1603, 0x1603, 0x1603, 0x1603, 0x1603, 0x1603, 0x1603, 0x1603, 0x1603, 0x1603, 0x1603, 0x1603, 0x1603, 0x1603, 
    0x1603, 0x1603, 0x1603, 0x1603, 0x1603, 0x1603, 0x1603, 0x1603, 0x1603, 0x1603, 0x1603, 0x1603, 0x1603, 0x1603, 0x1603, 0x1603, 
    0xF602, 0xF602, 0xF602, 0xF602, 0xF602, 0xF602, 0xF602, 0xF602, 0x1603, 0x1603, 0x1603, 0x1603, 0x1603, 0x1603, 0x1603, 0x1603, 
    0x1603, 0x1603, 0x1603, 0x1603, 0x1603, 0xF502, 0xF502, 0xF502, 0x1603, 0x1603, 0x1603, 0x1603, 0x1603, 0x1603, 0x1603, 0x1503, 
    0x1503, 0x1503, 0x1503, 0x1503, 0x1503, 0x1503, 0x1503, 0x1503, 0x1503, 0x1503, 0x1503, 0x1503, 0x1503, 0x1503, 0x1503, 0x1503, 
    0x1503, 0x1503, 0x1503, 0x1503, 0x1503, 0x1503, 0x1503, 0x1503, 0x1503, 0x1503, 0x1503, 0x1503, 0x1503, 0x1503, 0x1503, 0x1503, 
    0x1503, 0x1503, 0x1503, 0x1503, 0x1503, 0x1503, 0x1503, 0x1503, 0x1503, 0x1503, 0x1503, 0x1503, 0x1503, 0x1503, 0x1503, 0x1503, 
    0x1403, 0x1403, 0x1403, 0x1403, 0x1403, 0x1403, 0x1403, 0x1403, 0x1403, 0x1403, 0x1403, 0x1403, 0x1403, 0x1403, 0x1403, 0x1403, 
    0xF602, 0xF602, 0xF602, 0xF602, 0xF602, 0xF602, 0xF602, 0xF602, 0xF602, 0xF602, 0xF602, 0xF602, 0xF602, 0xF602, 0xF602, 0xF602, 
    0xF602, 0xF602, 0xF602, 0xF602, 0xF602, 0xF602, 0xF602, 0xF602, 0xF602, 0xF602, 0xF602, 0xF602, 0xF602, 0xF602, 0xF602, 0xF602, 
    0xF602, 0xF602, 0xF602, 0xF602, 0xF602, 0xF602, 0xF602, 0xF602, 0xF602, 0xF602, 0xF602, 0xF602, 0xF602, 0xF602, 0xF602, 0xF602, 
    0xF602, 0xF602, 0xF602, 0xF602, 0xF602, 0xF602, 0xF602, 0xF602, 0xF602, 0xF602, 0xF602, 0xF602, 0xF602, 0xF602, 0xF602, 0xF602, 
    0x370B, 0x9402, 0x9202, 0x500A, 0xB022, 0x3A7D, 0x3FC7, 0xDFBE, 0x0D1A, 0xAC01, 0xCD01, 0xB212, 0x551B, 0x7613, 0x150B, 0xF502, 
    0x1603, 0x1603, 0x1603, 0x1603, 0x1603, 0x1603, 0x1603, 0x1603, 0x1603, 0x1603, 0x1603, 0x1603, 0x1603, 0x1603, 0x1603, 0x1603, 
    0x1603, 0x1503, 0x1503, 0x1603, 0x3603, 0x3603, 0x3603, 0x560B, 0x1503, 0x1503, 0x1503, 0x1503, 0x1503, 0x1503, 0x1503, 0x1503, 
    0x1603, 0x1603, 0x1603, 0x1603, 0x1603, 0x1603, 0x1603, 0x1603, 0x1603, 0x1603, 0x1603, 0x1603, 0x1603, 0x1603, 0x1603, 0x1603, 
    0x1603, 0x1603, 0x1603, 0x1603, 0x1603, 0x1603, 0x1603, 0x1603, 0x1603, 0x1603, 0x1603, 0x1603, 0x1603, 0x1603, 0x1603, 0x1603, 
    0x1603, 0x1603, 0x1603, 0x1603, 0x1603, 0x1603, 0x1603, 0x1603, 0x1603, 0x1603, 0x1603, 0x1603, 0x1603, 0x1603, 0x1603, 0x1603, 
    0x1603, 0x1503, 0x1503, 0x1503, 0x1503, 0xF502, 0xF502, 0xF502, 0x1503, 0x1503, 0x1503, 0x1503, 0x1503, 0x1503, 0x1503, 0x1503, 
    0x1503, 0x1503, 0x1503, 0x1503, 0x1503, 0x1503, 0x1503, 0x1503, 0x1503, 0x1503, 0x1503, 0x1503, 0x1503, 0x1503, 0x1503, 0x1503, 
    0x1503, 0x1503, 0x1503, 0x1503, 0x1503, 0x1503, 0x1503, 0x1503, 0x1503, 0x1503, 0x1503, 0x1503, 0x1503, 0x1503, 0x1503, 0x1503, 
    0x1503, 0x1503, 0x1503, 0x1503, 0x1503, 0x1503, 0x1503, 0x1503, 0x1503, 0x1503, 0x1503, 0x1503, 0x1503, 0x1503, 0x1503, 0x1503, 
    0x1403, 0x1403, 0x1403, 0x1403, 0x1403, 0x1403, 0x1403, 0x1403, 0x1403, 0x1403, 0x1403, 0x1403, 0x1403, 0x1403, 0x1403, 0x1403, 
    0xF602, 0xF602, 0xF602, 0xF602, 0xF602, 0xF602, 0xF602, 0xF602, 0xF602, 0xF602, 0xF602, 0xF602, 0xF602, 0xF602, 0xF602, 0xF602, 
    0xF602, 0xF602, 0xF602, 0xF602, 0xF602, 0xF602, 0xF602, 0xF602, 0xF602, 0xF602, 0xF602, 0xF602, 0xF602, 0xF602, 0xF602, 0xF602, 
    0xF602, 0xF602, 0xF602, 0xF602, 0xF602, 0xF602, 0xF602, 0xF602, 0xF602, 0xF602, 0xF602, 0xF602, 0xF602, 0xF602, 0xF602, 0xF602, 
    0xF602, 0xF602, 0xF602, 0xF602, 0xF602, 0xF602, 0xF602, 0xF602, 0xF602, 0xF602, 0xF602, 0xF602, 0xF602, 0xF602, 0xF602, 0xF602, 
    0x160B, 0x9302, 0xF322, 0x3A7D, 0x5FCF, 0x7DB6, 0x9153, 0xAB11, 0x2F0A, 0x341B, 0x9713, 0x1603, 0x9502, 0xD502, 0x1603, 0xF502, 
    0xF602, 0xF602, 0xF602, 0xF602, 0xF602, 0xF602, 0xF602, 0xF602, 0x1603, 0x1603, 0x1603, 0x1603, 0x1603, 0x1603, 0x1603, 0x1603, 
    0x1603, 0x1503, 0x1503, 0x1603, 0x3603, 0x3603, 0x3603, 0x560B, 0x1503, 0x1503, 0x1503, 0x1503, 0x1503, 0x1503, 0x1503, 0x1503, 
    0x1603, 0x1603, 0x1603, 0x1603, 0x1603, 0x1603, 0x1603, 0x1603, 0x1603, 0x1603, 0x1603, 0x1603, 0x1603, 0x1603, 0x1603, 0x1603, 
    0x1603, 0x1603, 0x1603, 0x1603, 0x1603, 0x1603, 0x1603, 0x1603, 0x1603, 0x1603, 0x1603, 0x1603, 0x1603, 0x1603, 0x1603, 0x1603, 
    0x1603, 0x1603, 0x1603, 0x1603, 0x1603, 0x1603, 0x1603, 0x1603, 0x1603, 0x1603, 0x1603, 0x1603, 0x1603, 0x1603, 0x1603, 0x1603, 
    0x1503, 0x1503, 0x1503, 0x1503, 0x1503, 0xF502, 0xF502, 0xF502, 0x1503, 0x1503, 0x1503, 0x1503, 0x1503, 0x1503, 0x1503, 0x1503, 
    0x1503, 0x1503, 0x1503, 0x1503, 0x1503, 0x1503, 0x1503, 0x1503, 0x1503, 0x1503, 0x1503, 0x1503, 0x1503, 0x1503, 0x1503, 0x1503, 
    0x1503, 0x1503, 0x1503, 0x1503, 0x1503, 0x1503, 0x1503, 0x1503, 0x1503, 0x1503, 0x1503, 0x1503, 0x1503, 0x1503, 0x1503, 0x1503, 
    0x1503, 0x1503, 0x1503, 0x1503, 0x1503, 0x1503, 0x1503, 0x1503, 0x1503, 0x1503, 0x1503, 0x1503, 0x1503, 0x1503, 0x1503, 0x1503, 
    0x1403, 0x1403, 0x1403, 0x1403, 0x1403, 0x1403, 0x1403, 0x1403, 0x1403, 0x1403, 0x1403, 0x1403, 0x1403, 0x1403, 0x1403, 0x1403, 
    0xF602, 0xF602, 0xF602, 0xF602, 0xF602, 0xF602, 0xF602, 0xF602, 0xF602, 0xF602, 0xF602, 0xF602, 0xF602, 0xF602, 0xF602, 0xF602, 
    0xF602, 0xF602, 0xF602, 0xF602, 0xF602, 0xF602, 0xF602, 0xF602, 0xF602, 0xF602, 0xF602, 0xF602, 0xF602, 0xF602, 0xF602, 0xF602, 
    0xF602, 0xF602, 0xF602, 0xF602, 0xF602, 0xF602, 0xF602, 0xF602, 0xF602, 0xF602, 0xF602, 0xF602, 0xF602, 0xF602, 0xF602, 0xF602, 
    0xF602, 0xF602, 0xF602, 0xF602, 0xF602, 0xF602, 0xF602, 0xF602, 0xF602, 0xF602, 0xF602, 0xF602, 0xF602, 0xF602, 0xF602, 0xF602, 
    0x3613, 0xD30A, 0xFA64, 0x3D9E, 0x9153, 0x2711, 0x8A11, 0x2E12, 0xB20A, 0xD502, 0x1803, 0x7A03, 0x9A03, 0x5903, 0x3703, 0x360B, 
    0xF602, 0xF602, 0xF602, 0xF602, 0xF602, 0xF602, 0xF602, 0xF602, 0x1603, 0x1603, 0x1603, 0x1603, 0x1603, 0x1603, 0x1603, 0x1603, 
    0x1603, 0x1503, 0x1503, 0x1603, 0x3603, 0x3603, 0x3603, 0x560B, 0x3603, 0x1603, 0x1503, 0x1503, 0x1503, 0x1503, 0x1503, 0x1503, 
    0x1603, 0x1603, 0x1603, 0x1603, 0x1603, 0x1603, 0x1603, 0x1603, 0x1603, 0x1603, 0x1603, 0x1603, 0x1603, 0x1603, 0x1603, 0x1603, 
    0x1603, 0x1603, 0x1603, 0x1603, 0x1603, 0x1603, 0x1603, 0x1603, 0x1603, 0x1603, 0x1603, 0x1603, 0x1603, 0x1603, 0x1603, 0x1603, 
    0x1603, 0x1603, 0x1603, 0x1603, 0x1603, 0x1603, 0x1603, 0x1603, 0x1603, 0x1603, 0x1603, 0x1603, 0x1603, 0x1603, 0x1603, 0x1603, 
    0x1503, 0x1503, 0x1503, 0x1503, 0x1503, 0xF502, 0xF502, 0xF502, 0x1503, 0x1503, 0x1503, 0x1503, 0x1503, 0x1503, 0x1503, 0x1503, 
    0x1503, 0x1503, 0x1503, 0x1503, 0x1503, 0x1503, 0x1503, 0x1503, 0x1503, 0x1503, 0x1503, 0x1503, 0x1503, 0x1503, 0x1503, 0x1503, 
    0x1503, 0x1503, 0x1503, 0x1503, 0x1503, 0x1503, 0x1503, 0x1503, 0x1503, 0x1503, 0x1503, 0x1503, 0x1503, 0x1503, 0x1503, 0x1503, 
    0x1503, 0x1503, 0x1503, 0x1503, 0x1503, 0x1503, 0x1503, 0x1503, 0x1503, 0x1503, 0x1503, 0x1503, 0x1503, 0x1503, 0x1503, 0x1503, 
    0x1403, 0x1403, 0x1403, 0x1403, 0x1403, 0x1403, 0x1403, 0x1403, 0x1403, 0x1403, 0x1403, 0x1403, 0x1403, 0x1403, 0x1403, 0x1403, 
    0xF602, 0xF602, 0xF602, 0xF602, 0xF602, 0xF602, 0xF602, 0xF602, 0xF602, 0xF602, 0xF602, 0xF602, 0xF602, 0xF602, 0xF602, 0xF602, 
    0xF602, 0xF602, 0xF602, 0xF602, 0xF602, 0xF602, 0xF602, 0xF602, 0xF602, 0xF602, 0xF602, 0xF602, 0xF602, 0xF602, 0xF602, 0xF602, 
    0xF602, 0xF602, 0xF602, 0xF602, 0xF602, 0xF602, 0xF602, 0xF602, 0xF602, 0xF602, 0xF602, 0xF602, 0xF602, 0xF602, 0xF602, 0xF602, 
    0xF602, 0xF602, 0xF602, 0xF602, 0xF602, 0xF602, 0xF602, 0xF602, 0xF602, 0xF602, 0xF602, 0xF602, 0xF602, 0xF602, 0xF602, 0xF602, 
    0x5202, 0x9623, 0x532B, 0xED09, 0xCB11, 0x4D22, 0xD02A, 0x7433, 0x561B, 0x1703, 0xF802, 0x1803, 0xD702, 0x9502, 0xB502, 0x1603, 
    0xF602, 0xF602, 0xF602, 0xF602, 0xF602, 0xF602, 0xF602, 0xF602, 0x1603, 0x1603, 0x1603, 0x1603, 0x1603, 0x1603, 0x1603, 0x1603, 
    0x1603, 0x1503, 0x1503, 0x1603, 0x3603, 0x3603, 0x3603, 0x560B, 0x560B, 0x3603, 0x3603, 0x1503, 0x1503, 0x1503, 0x1503, 0x1503, 
    0x1603, 0x1603, 0x1603, 0x1603, 0x1603, 0x1603, 0x1603, 0x1603, 0x1603, 0x1603, 0x1603, 0x1603, 0x1603, 0x1603, 0x1603, 0x1603, 
    0x1603, 0x1603, 0x1603, 0x1603, 0x1603, 0x1603, 0x1603, 0x1603, 0x1603, 0x1603, 0x1603, 0x1603, 0x1603, 0x1603, 0x1603, 0x1603, 
    0x1603, 0x1603, 0x1603, 0x1603, 0x1603, 0x1603, 0x1603, 0x1603, 0xF502, 0xF502, 0xF502, 0xF502, 0xF502, 0xF502, 0xF502, 0xF502, 
    0x1503, 0x1503, 0x1503, 0x1503, 0x1503, 0xF502, 0xF502, 0xF502, 0x1503, 0x1503, 0x1503, 0x1503, 0x1503, 0x1503, 0x1503, 0x1503, 
    0x1503, 0x1503, 0x1503, 0x1503, 0x1503, 0x1503, 0x1503, 0x1503, 0xF502, 0xF502, 0xF502, 0xF502, 0xF502, 0xF502, 0xF502, 0x1503, 
    0x1503, 0x1503, 0x1503, 0x1503, 0x1503, 0x1503, 0x1503, 0x1503, 0xF502, 0xF502, 0xF502, 0xF502, 0xF502, 0xF502, 0xF502, 0xF402, 
    0xF402, 0xF402, 0xF402, 0xF402, 0xF402, 0xF402, 0xF402, 0xF402, 0xF402, 0xF402, 0xF402, 0xF402, 0xF402, 0xF402, 0xF402, 0xF402, 
    0xF402, 0xF402, 0xF402, 0xF402, 0xF402, 0xF402, 0xF402, 0xF402, 0xF402, 0xF402, 0xF402, 0xF402, 0xF402, 0xF402, 0xF402, 0xF402, 
    0xF602, 0xF602, 0xF602, 0xF602, 0xF602, 0xF602, 0xF602, 0xF602, 0xF602, 0xF602, 0xF602, 0xF602, 0xF602, 0xF602, 0xF602, 0xF602, 
    0xF602, 0xF602, 0xF602, 0xF602, 0xF602, 0xF602, 0xF602, 0xF602, 0xF602, 0xF602, 0xF602, 0xF602, 0xF602, 0xF602, 0xF602, 0xF602, 
    0xF602, 0xF602, 0xF602, 0xF602, 0xF602, 0xF602, 0xF602, 0xF602, 0xF602, 0xF602, 0xF602, 0xF602, 0xF602, 0xF602, 0xF602, 0xF602, 
    0xF602, 0xF602, 0xF602, 0xF602, 0xF602, 0xF602, 0xF602, 0xF602, 0xF602, 0xF602, 0xF602, 0xF602, 0xF602, 0xF602, 0xF602, 0xF602, 
    0x350B, 0x1413, 0xF30A, 0xB20A, 0x910A, 0xF312, 0x141B, 0x9202, 0xD40A, 0xF502, 0xF602, 0x1603, 0x570B, 0x7813, 0x370B, 0xB502, 
    0xF602, 0xF602, 0xF602, 0xF602, 0xF602, 0xF602, 0xF602, 0xF602, 0x1603, 0x1603, 0x1603, 0x1603, 0x1603, 0x1603, 0x1603, 0x1603, 
    0x1603, 0x1503, 0x1503, 0x1603, 0x3603, 0x3603, 0x3603, 0x560B, 0x770B, 0x560B, 0x3603, 0x1603, 0x1503, 0x1503, 0x1503, 0x1503, 
    0x1503, 0x1503, 0x1503, 0x1503, 0x1503, 0x1503, 0x1503, 0x1503, 0x1503, 0x1503, 0x1503, 0x1503, 0x1503, 0x1503, 0x1503, 0x1503, 
    0x1503, 0x1503, 0x1503, 0x1503, 0x1503, 0x1503, 0x1503, 0x1503, 0x1503, 0x1503, 0x1503, 0x1503, 0x1503, 0x1503, 0x1503, 0x1503, 
    0x1503, 0x1503, 0x1503, 0x1503, 0x1503, 0x1503, 0x1503, 0x1503, 0xF502, 0xF502, 0xF502, 0xF502, 0xF502, 0xF502, 0xF502, 0xF502, 
    0x1503, 0x1503, 0x1503, 0x1503, 0x1503, 0xF502, 0xF502, 0xF502, 0x1503, 0x1503, 0x1503, 0x1503, 0x1503, 0x1503, 0x1503, 0x1503, 
    0x1503, 0x1503, 0x1503, 0x1503, 0x1503, 0x1503, 0x1503, 0x1503, 0xF502, 0xF502, 0xF502, 0xF502, 0xF502, 0xF502, 0xF502, 0xF502, 
    0xF502, 0xF502, 0xF502, 0xF502, 0xF502, 0xF502, 0xF502, 0xF502, 0xF402, 0xF402, 0xF402, 0xF402, 0xF402, 0xF402, 0xF402, 0xF402, 
    0xF402, 0xF402, 0xF402, 0xF402, 0xF402, 0xF402, 0xF402, 0xF402, 0xF402, 0xF402, 0xF402, 0xF402, 0xF402, 0xF402, 0xF402, 0xF402, 
    0xF402, 0xF402, 0xF402, 0xF402, 0xF402, 0xF402, 0xF402, 0xF402, 0xF402, 0xF402, 0xF402, 0xF402, 0xF402, 0xF402, 0xF402, 0xF402, 
    0xF602, 0xF602, 0xF602, 0xF602, 0xF602, 0xF602, 0xF602, 0xF602, 0xF602, 0xF602, 0xF602, 0xF602, 0xF602, 0xF602, 0xF602, 0xF602, 
    0xF602, 0xF602, 0xF602, 0xF602, 0xF602, 0xF602, 0xF602, 0xF602, 0xF602, 0xF602, 0xF602, 0xF602, 0xF602, 0xF602, 0xF602, 0xF602, 
    0xF602, 0xF602, 0xF602, 0xF602, 0xF602, 0xF602, 0xF602, 0xF602, 0xF602, 0xF602, 0xF602, 0xF602, 0xF602, 0xF602, 0xF602, 0xF602, 
    0xF602, 0xF602, 0xF602, 0xF602, 0xF602, 0xF602, 0xF602, 0xF602, 0xF602, 0xF602, 0xF602, 0xF602, 0xF602, 0xF602, 0xF602, 0xF502, 
    0xD402, 0x3513, 0xF502, 0xF502, 0x570B, 0x1703, 0xB502, 0x360B, 0x150B, 0xD402, 0xD40A, 0xF512, 0xF50A, 0xB402, 0xD502, 0x160B, 
    0xF602, 0xF602, 0xF602, 0xF602, 0xF602, 0xF602, 0xF602, 0xF602, 0x1603, 0x1603, 0x1603, 0x1603, 0x1603, 0x1603, 0x1603, 0x1603, 
    0x1503, 0x1503, 0x1503, 0x1603, 0x3603, 0x3603, 0x3603, 0x560B, 0x770B, 0x770B, 0x560B, 0x3603, 0x1503, 0x1503, 0x1503, 0x1503, 
    0x1503, 0x1503, 0x1503, 0x1503, 0x1503, 0x1503, 0x1503, 0x1503, 0x1503, 0x1503, 0x1503, 0x1503, 0x1503, 0x1503, 0x1503, 0x1503, 
    0x1503, 0x1503, 0x1503, 0x1503, 0x1503, 0x1503, 0x1503, 0x1503, 0x1503, 0x1503, 0x1503, 0x1503, 0x1503, 0x1503, 0x1503, 0x1503, 
    0x1503, 0x1503, 0x1503, 0x1503, 0x1503, 0x1503, 0x1503, 0x1503, 0xF502, 0xF502, 0xF502, 0xF502, 0xF502, 0xF502, 0xF502, 0xF502, 
    0x1503, 0x1503, 0x1503, 0x1503, 0x1503, 0xF502, 0xF502, 0xF502, 0x1503, 0x1503, 0x1503, 0x1503, 0x1503, 0x1503, 0x1503, 0x1503, 
    0x1503, 0x1503, 0x1503, 0x1503, 0x1503, 0x1503, 0x1503, 0x1503, 0xF502, 0xF502, 0xF502, 0xF502, 0xF502, 0xF502, 0xF502, 0xF502, 
    0xF502, 0xF502, 0xF502, 0xF502, 0xF502, 0xF502, 0xF502, 0xF502, 0xF402, 0xF402, 0xF402, 0xF402, 0xF402, 0xF402, 0xF402, 0xF402, 
    0xF402, 0xF402, 0xF402, 0xF402, 0xF402, 0xF402, 0xF402, 0xF402, 0xF402, 0xF402, 0xF402, 0xF402, 0xF402, 0xF402, 0xF402, 0xF402, 
    0xF402, 0xF402, 0xF402, 0xF402, 0xF402, 0xF402, 0xF402, 0xF402, 0xF402, 0xF402, 0xF402, 0xF402, 0xF402, 0xF402, 0xF402, 0xF402, 
    0xF602, 0xF602, 0xF602, 0xF602, 0xF602, 0xF602, 0xF602, 0xF602, 0xF602, 0xF602, 0xF602, 0xF602, 0xF602, 0xF602, 0xF602, 0xF602, 
    0xF602, 0xF602, 0xF602, 0xF602, 0xF602, 0xF602, 0xF602, 0xF602, 0xF602, 0xF602, 0xF602, 0xF602, 0xF602, 0xF602, 0xF602, 0xF602, 
    0xF602, 0xF602, 0xF602, 0xF602, 0xF602, 0xF602, 0xF602, 0xF602, 0xF602, 0xF602, 0xF602, 0xF602, 0xF602, 0xF602, 0xF602, 0xF602, 
    0xF602, 0xF602, 0xF602, 0xF602, 0xF602, 0xF602, 0xF602, 0xF602, 0xF602, 0xF602, 0xF602, 0xF602, 0xF602, 0xF602, 0xF602, 0xF502, 
    0xF40A, 0xF40A, 0x1603, 0x1703, 0x3803, 0x3903, 0x3803, 0x1703, 0xF502, 0xD40A, 0xD312, 0xD312, 0xD312, 0xD50A, 0xF602, 0xF602, 
    0xF602, 0xF502, 0xF502, 0xF502, 0xF502, 0xF502, 0xF502, 0xF502, 0xF502, 0xF502, 0xF502, 0xF502, 0xF502, 0xF502, 0xF502, 0xF502, 
    0x1503, 0x1503, 0x1503, 0x1603, 0x3603, 0x3603, 0x560B, 0x560B, 0x560B, 0x560B, 0x560B, 0x3603, 0x3603, 0x1603, 0x1503, 0x1503, 
    0x1503, 0x1503, 0x1503, 0x1503, 0x1503, 0x1603, 0x1603, 0x1603, 0x1503, 0x1503, 0x1503, 0x1503, 0x1503, 0x1503, 0x1503, 0x1503, 
    0x1503, 0x1503, 0x1503, 0x1503, 0x1503, 0x1503, 0x1503, 0x1503, 0x1503, 0x1503, 0x1503, 0x1503, 0x1503, 0x1503, 0x1503, 0x1503, 
    0x1503, 0x1503, 0x1503, 0x1503, 0x1503, 0x1503, 0x1503, 0x1503, 0xF502, 0xF502, 0xF502, 0xF502, 0xF502, 0xF502, 0xF502, 0xF502, 
    0xF502, 0xF502, 0xF502, 0xF502, 0xF502, 0xF502, 0xF502, 0xF502, 0xF502, 0xF502, 0xF502, 0xF502, 0xF502, 0xF502, 0xF502, 0xF502, 
    0x1503, 0xF502, 0xF502, 0xF502, 0xF502, 0xF502, 0xF502, 0xF502, 0xF502, 0xF502, 0xF502, 0xF502, 0xF502, 0xF502, 0xF502, 0xF502, 
    0x1503, 0x1503, 0x1503, 0x1403, 0xF402, 0xF402, 0xF402, 0xF402, 0xF402, 0xF402, 0xF402, 0xF402, 0xF402, 0xF402, 0xF402, 0xF402, 
    0xF402, 0xF402, 0xF402, 0xF402, 0xF402, 0xF402, 0xF402, 0xF402, 0xF402, 0xF402, 0xF402, 0xF402, 0xF402, 0xF402, 0xF402, 0xF402, 
    0x1403, 0xF402, 0xF402, 0xF402, 0xF402, 0xF402, 0xF402, 0x1403, 0xF402, 0xF402, 0xF402, 0xF402, 0xF402, 0xF402, 0xF402, 0xF402, 
    0xF602, 0xF602, 0xF602, 0xF602, 0xF602, 0xF602, 0xF602, 0xF602, 0xF602, 0xF602, 0xF602, 0xF602, 0xF602, 0xF602, 0xF602, 0xF602, 
    0xF602, 0xF602, 0xF602, 0xF602, 0xF602, 0xF602, 0xF602, 0xF602, 0xF602, 0xF602, 0xF602, 0xF602, 0xF602, 0xF602, 0xF602, 0xF602, 
    0xF602, 0xF602, 0xF602, 0xF602, 0xF602, 0xF602, 0xF602, 0xF602, 0xF602, 0xF602, 0xF602, 0xF602, 0xF602, 0xF602, 0xF602, 0xF602, 
    0xF602, 0xF602, 0xF602, 0xF602, 0xF602, 0xF602, 0xF602, 0xF602, 0xF602, 0xF602, 0xF602, 0xF602, 0xF602, 0xF602, 0xF602, 0xF502, 
    0xF40A, 0xF40A, 0x1603, 0x1703, 0x3903, 0x3903, 0x3803, 0x1703, 0xF502, 0xF40A, 0xD312, 0xD312, 0xD412, 0xD50A, 0xF602, 0xF602, 
    0xF602, 0xF502, 0xF502, 0xF502, 0xF502, 0xF502, 0xF502, 0xF502, 0xF502, 0xF502, 0xF502, 0xF502, 0xF502, 0xF502, 0xF502, 0xF502, 
    0x1503, 0x1503, 0x1503, 0x1503, 0x1603, 0x3603, 0x3603, 0x3603, 0x3603, 0x3603, 0x3603, 0x3603, 0x3603, 0x1603, 0x1503, 0x1503, 
    0x1503, 0x1503, 0x1503, 0x1503, 0x1503, 0x1503, 0x1603, 0x1603, 0x1503, 0x1503, 0x1503, 0x1503, 0x1503, 0x1503, 0x1503, 0x1503, 
    0x1503, 0x1503, 0x1503, 0x1503, 0x1503, 0x1503, 0x1503, 0x1503, 0x1503, 0x1503, 0x1503, 0x1503, 0x1503, 0x1503, 0x1503, 0x1503, 
    0x1503, 0x1503, 0x1503, 0x1503, 0x1503, 0x1503, 0x1503, 0x1503, 0xF502, 0xF502, 0xF502, 0xF502, 0xF502, 0xF502, 0xF502, 0xF502, 
    0xF502, 0xF502, 0xF502, 0xF502, 0xF502, 0xF502, 0xF502, 0xF502, 0xF502, 0xF502, 0xF502, 0xF502, 0xF502, 0xF502, 0xF502, 0x1503, 
    0xF502, 0xF502, 0xF502, 0xF502, 0xF502, 0xF502, 0xF502, 0xF502, 0xF502, 0xF502, 0xF502, 0xF502, 0xF502, 0xF502, 0xF502, 0xF502, 
    0x1503, 0x1403, 0x1403, 0xF402, 0xF402, 0xF402, 0xF402, 0xF402, 0xF402, 0xF402, 0xF402, 0xF402, 0xF402, 0xF402, 0xF402, 0xF402, 
    0xF402, 0xF402, 0xF402, 0xF402, 0xF402, 0xF402, 0xF402, 0xF402, 0xF402, 0xF402, 0xF402, 0xF402, 0xF402, 0xF402, 0xF402, 0xF402, 
    0x1403, 0xF402, 0xF402, 0xF402, 0xF402, 0xF402, 0xF402, 0x1403, 0xF402, 0xF402, 0xF402, 0xF402, 0xF402, 0xF402, 0xF402, 0xF402, 
    0xF602, 0xF602, 0xF602, 0xF602, 0xF602, 0xF602, 0xF602, 0xF602, 0xF602, 0xF602, 0xF602, 0xF602, 0xF602, 0xF602, 0xF602, 0xF602, 
    0xF602, 0xF602, 0xF602, 0xF602, 0xF602, 0xF602, 0xF602, 0xF602, 0xF602, 0xF602, 0xF602, 0xF602, 0xF602, 0xF602, 0xF602, 0xF602, 
    0xF602, 0xF602, 0xF602, 0xF602, 0xF602, 0xF602, 0xF602, 0xF602, 0xF602, 0xF602, 0xF602, 0xF602, 0xF602, 0xF602, 0xF602, 0xF602, 
    0xF602, 0xF602, 0xF602, 0xF602, 0xF602, 0xF602, 0xF602, 0xF602, 0xF602, 0xF602, 0xF602, 0xF602, 0xF602, 0xF602, 0xF602, 0xF502, 
    0xF40A, 0xF40A, 0xF502, 0x1603, 0x1703, 0x1703, 0x1703, 0x1703, 0x1603, 0xF502, 0xF502, 0xF502, 0xF502, 0xF602, 0xF602, 0xF602, 
    0xF602, 0xF502, 0xF502, 0xF502, 0xF502, 0xF502, 0xF502, 0xF502, 0xF502, 0xF502, 0xF502, 0xF502, 0xF502, 0xF502, 0xF502, 0xF502, 
    0x1503, 0x1503, 0x1503, 0x1503, 0x1503, 0x1503, 0x1603, 0x3603, 0x3603, 0x3603, 0x1603, 0x1603, 0x1503, 0x1503, 0x1503, 0x1503, 
    0x1503, 0x1503, 0x1503, 0x1503, 0x1503, 0x1503, 0x1503, 0x1503, 0x1503, 0x1503, 0x1503, 0x1503, 0x1503, 0x1503, 0x1503, 0x1503, 
    0x1503, 0x1503, 0x1503, 0x1503, 0x1503, 0x1503, 0x1503, 0x1503, 0x1503, 0x1503, 0x1503, 0x1503, 0x1503, 0x1503, 0x1503, 0x1503, 
    0x1503, 0x1503, 0x1503, 0x1503, 0x1503, 0x1503, 0x1503, 0x1503, 0xF502, 0xF502, 0xF502, 0xF502, 0xF502, 0xF502, 0xF502, 0xF502, 
    0xF502, 0x1503, 0x1503, 0x1503, 0x1503, 0x1503, 0x1503, 0x1503, 0x1503, 0x1503, 0x1503, 0x1503, 0x1503, 0x1503, 0x1503, 0x1503, 
    0xF502, 0x1503, 0x1503, 0x1503, 0x1503, 0x1503, 0x1503, 0x1503, 0xF502, 0xF502, 0xF502, 0xF502, 0xF502, 0xF502, 0xF502, 0xF502, 
    0xF402, 0xF402, 0xF402, 0xF402, 0xF402, 0xF402, 0xF402, 0xD402, 0xD402, 0xF402, 0xF402, 0xF402, 0xF402, 0xF402, 0xF402, 0xF402, 
    0xF402, 0xF402, 0xF402, 0xF402, 0xF402, 0xF402, 0xF402, 0xF402, 0xF402, 0xF402, 0xF402, 0xF402, 0xF402, 0xF402, 0xF402, 0xF402, 
    0x1403, 0xF402, 0xF402, 0xF402, 0xF402, 0xF402, 0xF402, 0x1403, 0xF402, 0xF402, 0xF402, 0xF402, 0xF402, 0xF402, 0xF402, 0xF402, 
    0xF602, 0xF602, 0xF602, 0xF602, 0xF602, 0xF602, 0xF602, 0xF602, 0xD602, 0xD602, 0xD602, 0xD602, 0xD602, 0xD602, 0xD602, 0xD602, 
    0xD602, 0xD602, 0xD602, 0xD602, 0xD602, 0xD602, 0xD602, 0xD602, 0xF602, 0xF602, 0xF602, 0xF602, 0xF602, 0xF602, 0xF602, 0xF602, 
    0xF602, 0xF602, 0xF602, 0xF602, 0xF602, 0xF602, 0xF602, 0xF602, 0xF602, 0xF602, 0xF602, 0xF602, 0xF602, 0xF602, 0xF602, 0xF602, 
    0xF602, 0xF602, 0xF602, 0xF602, 0xF602, 0xF602, 0xF602, 0xF602, 0xF602, 0xF602, 0xF602, 0xF602, 0xF602, 0xF602, 0xF602, 0xF502, 
    0xF40A, 0xF40A, 0xF40A, 0xF502, 0x1603, 0x1603, 0x1603, 0x1603, 0x1703, 0x1703, 0x1603, 0x1603, 0x1603, 0x1603, 0xF702, 0x1603, 
    0xF502, 0xF502, 0xF502, 0xF502, 0xF502, 0xF502, 0xF502, 0xF502, 0xF502, 0xF502, 0xF502, 0xF502, 0xF502, 0xF502, 0xF502, 0xF502, 
    0x1503, 0x1503, 0x1503, 0x1503, 0xF502, 0x1503, 0x1503, 0x1503, 0x1503, 0x1503, 0x1503, 0x1503, 0x1503, 0x1503, 0x1503, 0x1503, 
    0xF502, 0xF502, 0x1503, 0x1503, 0x1503, 0x1503, 0x1503, 0x1503, 0x1503, 0x1503, 0x1503, 0x1503, 0x1503, 0x1503, 0x1503, 0x1503, 
    0x1503, 0x1503, 0x1503, 0x1503, 0x1503, 0x1503, 0x1503, 0x1503, 0x1503, 0x1503, 0x1503, 0x1503, 0x1503, 0x1503, 0x1503, 0x1503, 
    0x1503, 0x1503, 0x1503, 0x1503, 0x1503, 0x1503, 0x1503, 0x1503, 0xF502, 0xF502, 0xF502, 0xF502, 0xF502, 0xF502, 0xF502, 0xF502, 
    0x1503, 0x1503, 0x1503, 0x1503, 0x1503, 0x1503, 0x1503, 0x1503, 0x1503, 0x1503, 0x1503, 0x1503, 0x1503, 0x1503, 0x1503, 0xF502, 
    0xF502, 0xF502, 0xF502, 0xF502, 0xF502, 0xF502, 0xF502, 0xF502, 0xF402, 0xF402, 0xF402, 0xF402, 0xF402, 0xF402, 0xF402, 0xF402, 
    0xF402, 0xF402, 0xF402, 0xF402, 0xF402, 0xD402, 0xD402, 0xD402, 0xD402, 0xD402, 0xD402, 0xF402, 0xF402, 0xF402, 0xF402, 0xF402, 
    0xF402, 0xF402, 0xF402, 0xF402, 0xF402, 0xF402, 0xF402, 0xF402, 0xF402, 0xF402, 0xF402, 0xF402, 0xF402, 0xF402, 0xF402, 0xF402, 
    0x1403, 0xF402, 0xF402, 0xF402, 0xF402, 0xF402, 0xF402, 0x1403, 0xF402, 0xF402, 0xF402, 0xF402, 0xF402, 0xF402, 0xF402, 0xF402, 
    0xF602, 0xF602, 0xF602, 0xF602, 0xF602, 0xF602, 0xF602, 0xF602, 0xD602, 0xD602, 0xD602, 0xD602, 0xD602, 0xD602, 0xD602, 0xD602, 
    0xD602, 0xD602, 0xD602, 0xD602, 0xD602, 0xD602, 0xD602, 0xD602, 0xD602, 0xD602, 0xD602, 0xD602, 0xD602, 0xD602, 0xD602, 0xF602, 
    0xF602, 0xF602, 0xF602, 0xF602, 0xF602, 0xF602, 0xF602, 0xF602, 0xF602, 0xF602, 0xF602, 0xF602, 0xF602, 0xF602, 0xF602, 0xF602, 
    0xF602, 0xF502, 0xF502, 0xF502, 0xF502, 0xF502, 0xF502, 0xF502, 0x1603, 0x1603, 0x1603, 0x1603, 0x1603, 0x1603, 0x1603, 0xF502, 
    0xF502, 0xF50A, 0xF40A, 0xF40A, 0xF40A, 0xF50A, 0xF502, 0x1603, 0x1703, 0x1703, 0x1703, 0x1703, 0x1703, 0x1703, 0x1603, 0x1603, 
    0xF502, 0xF502, 0xF502, 0xF502, 0xF502, 0xF502, 0xF502, 0xF502, 0xF502, 0xF502, 0xF502, 0xF502, 0xF502, 0xF502, 0xF502, 0xF502, 
    0x1503, 0x1503, 0x1503, 0xF502, 0xF502, 0xF502, 0xF502, 0xF502, 0x1503, 0x1503, 0x1503, 0x1503, 0x1503, 0x1503, 0x1503, 0x1503, 
    0xF502, 0xF502, 0xF502, 0x1503, 0x1503, 0x1503, 0x1503, 0x1503, 0x1503, 0x1503, 0x1503, 0x1503, 0x1503, 0x1503, 0x1503, 0x1503, 
    0x1503, 0x1503, 0x1503, 0x1503, 0x1503, 0x1503, 0x1503, 0x1503, 0x1503, 0x1503, 0x1503, 0x1503, 0x1503, 0x1503, 0x1503, 0x1503, 
    0x1503, 0x1503, 0x1503, 0x1503, 0x1503, 0x1503, 0x1503, 0x1503, 0xF502, 0xF502, 0xF502, 0xF502, 0xF502, 0xF502, 0xF502, 0xF502, 
    0x1503, 0x1503, 0x1503, 0x1503, 0x1503, 0x1503, 0x1503, 0x1503, 0x1503, 0x1503, 0x1503, 0x1503, 0x1503, 0x1503, 0x1503, 0xF502, 
    0xF502, 0xF502, 0xF502, 0xF502, 0xF502, 0xF502, 0xF502, 0xF502, 0xF402, 0xF402, 0xF402, 0xF402, 0xF402, 0xF402, 0xF402, 0xF402, 
    0xD402, 0xD402, 0xD402, 0xD402, 0xD402, 0xD402, 0xD402, 0xD402, 0xD402, 0xD402, 0xD402, 0xD402, 0xD402, 0xD402, 0xF402, 0xF402, 
    0xF402, 0xF402, 0xF402, 0xF402, 0xF402, 0xF402, 0xF402, 0xF402, 0xF402, 0xF402, 0xF402, 0xF402, 0xF402, 0xF402, 0xF402, 0xF402, 
    0x1403, 0x1403, 0x1403, 0xF302, 0xF302, 0x1403, 0x1403, 0x1403, 0x1403, 0x1403, 0x1403, 0x1403, 0x1403, 0x1403, 0x1403, 0x1403, 
    0xD602, 0xD602, 0xD602, 0xD602, 0xD602, 0xD602, 0xD602, 0xD602, 0xD602, 0xD602, 0xD602, 0xD602, 0xD602, 0xD602, 0xD602, 0xD602, 
    0xD602, 0xD602, 0xD602, 0xD602, 0xD602, 0xD602, 0xD602, 0xD602, 0xD602, 0xD602, 0xD602, 0xD602, 0xD602, 0xD602, 0xD602, 0xF602, 
    0xF602, 0xF602, 0xF602, 0xF602, 0xF602, 0xF602, 0xF602, 0xF602, 0xF602, 0xF602, 0xF602, 0xF602, 0xF602, 0xF602, 0xF602, 0xF602, 
    0xF502, 0xF502, 0xF502, 0xF502, 0xF502, 0xF502, 0xF502, 0xF502, 0x1603, 0x1603, 0x1603, 0x1603, 0x1603, 0x1603, 0x1603, 0x1603, 
    0xF602, 0xF602, 0xF50A, 0xF50A, 0xF40A, 0xF40A, 0xF50A, 0xF502, 0x1603, 0x1703, 0x1703, 0x1703, 0x1703, 0x1603, 0x1503, 0xF502, 
    0xF502, 0xF502, 0xF502, 0xF502, 0xF502, 0xF502, 0xF502, 0xF502, 0xF502, 0xF502, 0xF502, 0xF502, 0xF502, 0xF502, 0xF502, 0xF502, 
    0x1503, 0x1503, 0xF502, 0xF502, 0xF502, 0xF502, 0xF502, 0x1503, 0x1503, 0x1503, 0x1503, 0x1503, 0x1503, 0x1503, 0x1503, 0x1503, 
    0xF502, 0xF502, 0xF502, 0xF502, 0x1503, 0x1503, 0x1503, 0x1503, 0x1503, 0x1503, 0x1503, 0x1503, 0x1503, 0x1503, 0x1503, 0x1503, 
    0x1503, 0x1503, 0x1503, 0x1503, 0x1503, 0x1503, 0x1503, 0x1503, 0x1503, 0x1503, 0x1503, 0x1503, 0x1503, 0x1503, 0x1503, 0x1503, 
    0x1503, 0x1503, 0x1503, 0x1503, 0x1503, 0x1503, 0x1503, 0x1503, 0xF502, 0xF502, 0xF502, 0xF502, 0xF502, 0xF502, 0xF502, 0xF502, 
    0x1503, 0x1503, 0x1503, 0x1503, 0x1503, 0x1503, 0x1503, 0x1503, 0x1503, 0x1503, 0x1503, 0x1503, 0x1503, 0x1503, 0x1503, 0xF502, 
    0xF402, 0xF402, 0xF402, 0xF402, 0xF402, 0xF402, 0xF402, 0xF402, 0xF402, 0xF402, 0xF402, 0xF402, 0xF402, 0xF402, 0xF402, 0xF402, 
    0xD402, 0xD402, 0xD402, 0xD402, 0xD402, 0xD402, 0xD402, 0xD402, 0xD402, 0xD402, 0xD402, 0xD402, 0xF402, 0xF402, 0xF402, 0xF402, 
    0xF402, 0xF402, 0xF402, 0xF402, 0xF402, 0xF402, 0xF402, 0xF402, 0xF402, 0xF402, 0xF402, 0xF402, 0xF402, 0xF402, 0xF402, 0xF402, 
    0x1403, 0x1403, 0x1403, 0xF302, 0xF302, 0x1403, 0x1403, 0x1403, 0x1403, 0x1403, 0x1403, 0x1403, 0x1403, 0x1403, 0x1403, 0x1403, 
    0xD602, 0xD602, 0xD602, 0xD602, 0xD602, 0xD602, 0xD602, 0xD602, 0xF602, 0xF602, 0xF602, 0xF602, 0xF602, 0xF602, 0xF602, 0xF602, 
    0xD602, 0xD602, 0xD602, 0xD602, 0xD602, 0xD602, 0xD602, 0xD602, 0xD602, 0xD602, 0xD602, 0xD602, 0xD602, 0xD602, 0xD602, 0xF602, 
    0xF602, 0xF602, 0xF602, 0xF602, 0xF602, 0xF602, 0xF602, 0xF602, 0xF602, 0xF602, 0xF602, 0xF602, 0xF602, 0xF602, 0xF602, 0xF602, 
    0xF502, 0xF502, 0xF502, 0xF502, 0xF502, 0xF502, 0xF502, 0xF502, 0x1603, 0x1603, 0x1603, 0x1603, 0x1603, 0x1603, 0x1603, 0x1603, 
    0xF702, 0xF702, 0xF602, 0xF602, 0xF602, 0xF502, 0xF502, 0xF502, 0xF502, 0xF602, 0x1603, 0x1503, 0x1503, 0x1503, 0xF502, 0xF502, 
    0xF502, 0xF502, 0xF502, 0xF502, 0xF502, 0xF502, 0xF502, 0xF502, 0xF502, 0xF502, 0xF502, 0xF502, 0xF502, 0xF502, 0xF502, 0xF502, 
    0x1503, 0x1503, 0xF502, 0xF502, 0xF502, 0x1503, 0x1503, 0x1503, 0x1503, 0x1503, 0x1503, 0x1503, 0x1503, 0x1503, 0x1503, 0xF502, 
    0xF502, 0xF502, 0xF502, 0xF502, 0xF502, 0xF502, 0xF502, 0xF502, 0xF502, 0xF502, 0xF502, 0xF502, 0xF502, 0xF502, 0xF502, 0x1503, 
    0x1503, 0x1503, 0x1503, 0x1503, 0x1503, 0x1503, 0x1503, 0x1503, 0x1503, 0x1503, 0x1503, 0x1503, 0x1503, 0x1503, 0x1503, 0x1503, 
    0x1503, 0x1503, 0x1503, 0x1503, 0x1503, 0x1503, 0x1503, 0x1503, 0xF502, 0xF502, 0xF502, 0xF502, 0xF502, 0xF502, 0xF502, 0xF502, 
    0x1503, 0x1503, 0x1503, 0x1503, 0x1503, 0x1503, 0x1503, 0x1503, 0x1503, 0x1503, 0x1503, 0x1503, 0x1503, 0x1503, 0x1503, 0xF502, 
    0xF402, 0xF402, 0xF402, 0xF402, 0xF402, 0xF402, 0xF402, 0xF402, 0xF402, 0xF402, 0xF402, 0xF402, 0xF402, 0xF402, 0xF402, 0xF402, 
    0xD402, 0xD402, 0xD402, 0xF402, 0xF402, 0xF402, 0xF402, 0xF402, 0xD402, 0xF402, 0xF402, 0xF402, 0xF402, 0xF402, 0xF402, 0xF402, 
    0xF402, 0xF402, 0xF402, 0xF402, 0xF402, 0xF402, 0xF402, 0xF402, 0xF402, 0xF402, 0xF402, 0xF402, 0xF402, 0xF402, 0xF402, 0xF402, 
    0x1403, 0x1403, 0x1403, 0xF302, 0xF302, 0x1403, 0x1403, 0x1403, 0x1403, 0x1403, 0x1403, 0x1403, 0x1403, 0x1403, 0x1403, 0x1403, 
    0xD602, 0xD602, 0xD602, 0xD602, 0xD602, 0xD602, 0xD602, 0xD602, 0xF602, 0xF602, 0xF602, 0xF602, 0xF602, 0xF602, 0xF602, 0xF602, 
    0xD602, 0xD602, 0xD602, 0xD602, 0xD602, 0xD602, 0xD602, 0xD602, 0xD602, 0xD602, 0xD602, 0xD602, 0xD602, 0xD602, 0xD602, 0xF602, 
    0xF602, 0xF602, 0xF602, 0xF602, 0xF602, 0xF602, 0xF602, 0xF602, 0xF602, 0xF602, 0xF602, 0xF602, 0xF602, 0xF602, 0xF602, 0xF602, 
    0xF502, 0xF502, 0xF502, 0xF502, 0xF502, 0xF502, 0xF502, 0xF502, 0x1603, 0x1603, 0x1603, 0x1603, 0x1603, 0x1603, 0x1603, 0x1603, 
    0x1703, 0x1703, 0xF702, 0xF702, 0xF602, 0xF602, 0xF602, 0xF502, 0xF502, 0xF502, 0xF502, 0xF502, 0xF502, 0xF402, 0xF402, 0xF402, 
    0xF502, 0xF502, 0xF502, 0xF502, 0xF502, 0xF502, 0xF502, 0xF502, 0xF502, 0xF502, 0xF502, 0xF502, 0xF502, 0xF502, 0xF502, 0xF502, 
    0x1503, 0xF502, 0xF502, 0xF502, 0xF502, 0x1503, 0x1503, 0x1503, 0x1503, 0x1503, 0x1503, 0x1503, 0x1503, 0x1503, 0x1503, 0xF502, 
    0xF502, 0xF502, 0xF502, 0xF502, 0xF502, 0xF502, 0xF502, 0xF502, 0xF502, 0xF502, 0xF502, 0xF502, 0xF502, 0xF502, 0xF502, 0x1503, 
    0x1503, 0x1503, 0x1503, 0x1503, 0x1503, 0x1503, 0x1503, 0x1503, 0x1503, 0x1503, 0x1503, 0x1503, 0x1503, 0x1503, 0x1503, 0x1503, 
    0x1503, 0x1503, 0x1503, 0x1503, 0x1503, 0x1503, 0x1503, 0x1503, 0xF502, 0xF502, 0xF502, 0xF502, 0xF502, 0xF502, 0xF502, 0x1503, 
    0x1503, 0x1503, 0x1503, 0x1503, 0x1503, 0x1503, 0x1503, 0x1503, 0x1503, 0x1503, 0x1503, 0x1503, 0x1503, 0x1503, 0x1503, 0xF502, 
    0xF402, 0xF402, 0xF402, 0xF402, 0xF402, 0xF402, 0xF402, 0xF402, 0xF402, 0xF402, 0xF402, 0xF402, 0xF402, 0xF402, 0xF402, 0xF402, 
    0xF402, 0xF402, 0xF402, 0xF402, 0xF402, 0xF402, 0xF402, 0xF402, 0xF402, 0xF402, 0xF402, 0xF402, 0xF402, 0xF402, 0xF402, 0xF402, 
    0xF402, 0xF402, 0xF402, 0xF402, 0xF402, 0xF402, 0xF402, 0xF402, 0xF402, 0xF402, 0xF402, 0xF402, 0xF402, 0xF402, 0xF402, 0xF402, 
    0x1403, 0x1403, 0x1403, 0xF302, 0xF302, 0x1403, 0x1403, 0x1403, 0x1403, 0x1403, 0x1403, 0x1403, 0x1403, 0x1403, 0x1403, 0x1403

};
