#pragma once
#include <cstdint>

constexpr uint16_t sample_width  = 240;
constexpr uint16_t sample_height = 120;

const uint16_t sample_data[28800] = {
    0x19C2, 0x19C2, 0x21C2, 0x21C2, 0x21E2, 0x21C2, 0x21E2, 0x21E2, 0x21E2, 0x21E2, 0x21C2, 0x21E2, 0x21E2, 0x21C2, 0x21E2, 0x21E2, 
    0x21E2, 0x21C2, 0x21C2, 0x21C2, 0x19C2, 0x19C2, 0x19C2, 0x19C2, 0x19C2, 0x19A2, 0x19A2, 0x1981, 0x1161, 0x1121, 0x1121, 0x1161, 
    0x19A2, 0x21E2, 0x21E2, 0x21E2, 0x21E2, 0x2202, 0x2202, 0x2202, 0x2202, 0x2222, 0x2222, 0x2222, 0x2222, 0x2242, 0x2A42, 0x2A42, 
    0x2A42, 0x2A42, 0x2A62, 0x2A62, 0x2A62, 0x2A62, 0x2A82, 0x2222, 0x1121, 0x1141, 0x1141, 0x1141, 0x1141, 0x1141, 0x1141, 0x1141, 
    0x1121, 0x1121, 0x1121, 0x1121, 0x1121, 0x1121, 0x1121, 0x1121, 0x1121, 0x1101, 0x1101, 0x1101, 0x1101, 0x1101, 0x0901, 0x0901, 
    0x1101, 0x1141, 0x1161, 0x1981, 0x19A2, 0x21C2, 0x21E2, 0x21E2, 0x21E2, 0x21E2, 0x21E2, 0x21E2, 0x21E2, 0x21E2, 0x21E2, 0x21E2, 
    0x21E2, 0x21E2, 0x21E2, 0x21E2, 0x21E2, 0x21E2, 0x21E2, 0x21E2, 0x21E2, 0x21E2, 0x21E2, 0x21C2, 0x21E2, 0x2A62, 0x2A62, 0x2A62, 
    0x2A83, 0x2A83, 0x2A83, 0x2AA3, 0x2AA3, 0x2AA3, 0x32A3, 0x2AA3, 0x32C3, 0x32C3, 0x32C3, 0x32C3, 0x32C3, 0x32C3, 0x32A3, 0x2A83, 
    0x2A83, 0x2A83, 0x2A83, 0x2A83, 0x2A83, 0x2A83, 0x2A83, 0x2A83, 0x2A83, 0x2A83, 0x2A83, 0x2A83, 0x2A83, 0x2A83, 0x32A3, 0x32A3, 
    0x2A83, 0x2A43, 0x21C2, 0x1981, 0x1982, 0x1981, 0x1981, 0x1981, 0x1981, 0x1981, 0x1981, 0x1961, 0x1961, 0x1961, 0x1961, 0x1161, 
    0x1141, 0x1141, 0x21C2, 0x29E3, 0x29E3, 0x29E3, 0x29E3, 0x29E3, 0x29E3, 0x2A03, 0x29E3, 0x29E3, 0x29E3, 0x29E3, 0x2A03, 0x2A03, 
    0x29E3, 0x2A03, 0x2A03, 0x2A03, 0x2A03, 0x2A03, 0x3204, 0x2A03, 0x21C3, 0x1962, 0x1121, 0x08E1, 0x1941, 0x2202, 0x2202, 0x21C2, 
    0x19A2, 0x1981, 0x1981, 0x1981, 0x1981, 0x1981, 0x1981, 0x1981, 0x1981, 0x1981, 0x1981, 0x1981, 0x1981, 0x1981, 0x19A1, 0x1981, 
    0x19A1, 0x19A1, 0x19A1, 0x19A1, 0x19A1, 0x19A1, 0x1981, 0x2A82, 0x32C3, 0x2A62, 0x2A42, 0x2242, 0x2A42, 0x2A42, 0x2A42, 0x2A42, 
    0x2A42, 0x2A42, 0x2A42, 0x2A42, 0x2A42, 0x2A42, 0x2A42, 0x2A42, 0x2A42, 0x2A42, 0x2A42, 0x2A42, 0x2A42, 0x2A42, 0x2A42, 0x2A42, 
    0x21E2, 0x21C2, 0x21E2, 0x21E2, 0x21E2, 0x21E2, 0x21E2, 0x21E2, 0x21E2, 0x21E2, 0x21E2, 0x21E2, 0x21E2, 0x21E2, 0x21E2, 0x21E2, 
    0x21E2, 0x21C2, 0x21C2, 0x21C2, 0x21C2, 0x21C2, 0x19C2, 0x19C2, 0x19A2, 0x19A1, 0x1981, 0x1981, 0x1161, 0x1141, 0x1121, 0x1101, 
    0x1121, 0x1141, 0x19A1, 0x21C2, 0x21E2, 0x21E2, 0x21E2, 0x2202, 0x2202, 0x2202, 0x2202, 0x2222, 0x2222, 0x2222, 0x2222, 0x2222, 
    0x2242, 0x2A42, 0x2A42, 0x2A62, 0x2A62, 0x2A42, 0x2A62, 0x2A62, 0x19C2, 0x1161, 0x1121, 0x1121, 0x1141, 0x1141, 0x1121, 0x1121, 
    0x1121, 0x1121, 0x1121, 0x1121, 0x1121, 0x1121, 0x1121, 0x1101, 0x1101, 0x1101, 0x1101, 0x0901, 0x0901, 0x1101, 0x1101, 0x1121, 
    0x1141, 0x1141, 0x1161, 0x1981, 0x1981, 0x19A1, 0x19A2, 0x21C2, 0x21E2, 0x21E2, 0x21E2, 0x21E2, 0x21E2, 0x21E2, 0x21E2, 0x21E2, 
    0x21E2, 0x21E2, 0x21E2, 0x21E2, 0x21E2, 0x21E2, 0x21E2, 0x21E2, 0x21E2, 0x21E2, 0x21C2, 0x21C2, 0x21E2, 0x2A42, 0x2A62, 0x2A62, 
    0x2A62, 0x2A82, 0x2A83, 0x2A83, 0x2A83, 0x2A83, 0x2AA3, 0x2AA3, 0x32A3, 0x32C3, 0x32A3, 0x32C3, 0x32C3, 0x32E3, 0x32C3, 0x32C3, 
    0x32A3, 0x2A83, 0x2A83, 0x2A83, 0x2A83, 0x2A83, 0x2A83, 0x2A83, 0x2A83, 0x2A83, 0x2A83, 0x2A83, 0x32A3, 0x32A3, 0x2A83, 0x2222, 
    0x19C2, 0x1982, 0x1982, 0x1981, 0x1981, 0x1981, 0x1981, 0x1981, 0x1961, 0x1961, 0x1961, 0x1961, 0x1961, 0x1161, 0x1141, 0x1141, 
    0x1161, 0x1981, 0x19A2, 0x21E2, 0x2202, 0x2A03, 0x2A03, 0x2A03, 0x2A03, 0x2A03, 0x2A03, 0x2A03, 0x2A03, 0x2A03, 0x2A03, 0x2A03, 
    0x2A03, 0x2A03, 0x2A03, 0x3224, 0x3224, 0x2A03, 0x21A3, 0x1942, 0x1121, 0x1101, 0x10E1, 0x08C0, 0x1121, 0x19A2, 0x21E2, 0x2202, 
    0x2222, 0x21E2, 0x19C2, 0x19A1, 0x19A1, 0x19A1, 0x19A1, 0x19A1, 0x19A1, 0x19A1, 0x19A1, 0x19A1, 0x19A1, 0x19A1, 0x19A1, 0x19A1, 
    0x19A1, 0x19A1, 0x19A1, 0x19A1, 0x19A1, 0x19A1, 0x1981, 0x2A83, 0x3303, 0x32C3, 0x32A3, 0x2A82, 0x2A42, 0x2A42, 0x2A42, 0x2A42, 
    0x2A42, 0x2A42, 0x2A42, 0x2A42, 0x2A42, 0x2A42, 0x2A42, 0x2A42, 0x2A42, 0x2A42, 0x2A42, 0x2A42, 0x2A42, 0x2A42, 0x2A42, 0x2A62, 
    0x21E2, 0x21E2, 0x21E2, 0x21E2, 0x21E2, 0x21E2, 0x21E2, 0x21E2, 0x21E2, 0x21E2, 0x21E2, 0x21E2, 0x21E2, 0x21E2, 0x21E2, 0x21E2, 
    0x21E2, 0x21E2, 0x21E2, 0x21E2, 0x21E2, 0x19C2, 0x19A2, 0x19A1, 0x19A1, 0x1981, 0x1981, 0x1981, 0x1161, 0x1161, 0x1141, 0x1141, 
    0x1121, 0x1101, 0x0901, 0x1121, 0x1981, 0x19C2, 0x21E2, 0x21E2, 0x21E2, 0x2202, 0x2202, 0x2202, 0x2202, 0x2222, 0x2222, 0x2222, 
    0x2222, 0x2242, 0x2242, 0x2242, 0x2A62, 0x2A83, 0x2A83, 0x32A3, 0x32C3, 0x2A63, 0x2202, 0x1981, 0x1121, 0x1101, 0x1121, 0x1121, 
    0x1121, 0x1121, 0x1121, 0x1121, 0x1121, 0x1101, 0x1101, 0x1101, 0x1101, 0x0901, 0x1101, 0x1101, 0x1101, 0x1121, 0x1121, 0x1141, 
    0x1161, 0x1161, 0x1161, 0x1981, 0x1981, 0x1981, 0x19A1, 0x19A1, 0x19C2, 0x21C2, 0x21E2, 0x21E2, 0x21E2, 0x21E2, 0x21E2, 0x21E2, 
    0x21E2, 0x21E2, 0x21E2, 0x21E2, 0x21E2, 0x21E2, 0x21E2, 0x21E2, 0x21C2, 0x21C2, 0x21C2, 0x21C2, 0x21C2, 0x2242, 0x2A42, 0x2A42, 
    0x2A62, 0x2A62, 0x2A62, 0x2A82, 0x2A82, 0x2A82, 0x2A83, 0x2AA3, 0x2AA3, 0x2AA3, 0x2AA3, 0x32A3, 0x32A3, 0x32C3, 0x32C3, 0x32C3, 
    0x32C3, 0x32C3, 0x32C3, 0x32A3, 0x2A83, 0x2A83, 0x2A83, 0x2A83, 0x2A83, 0x2A83, 0x32A3, 0x2AA3, 0x2A63, 0x2202, 0x19A2, 0x1981, 
    0x1981, 0x1981, 0x1981, 0x1961, 0x1981, 0x1961, 0x1961, 0x1961, 0x1961, 0x1961, 0x1161, 0x1141, 0x1141, 0x1141, 0x1961, 0x1981, 
    0x19A2, 0x19C2, 0x21E2, 0x21E2, 0x2202, 0x2222, 0x2A22, 0x2A23, 0x2A23, 0x2A03, 0x2A03, 0x2A03, 0x2A03, 0x3204, 0x3204, 0x3224, 
    0x3223, 0x3224, 0x3224, 0x2A03, 0x2182, 0x1141, 0x1101, 0x1101, 0x1101, 0x1101, 0x08C1, 0x08A0, 0x1101, 0x1961, 0x19A2, 0x21E2, 
    0x2202, 0x2A03, 0x2A23, 0x2222, 0x2202, 0x21C2, 0x19C2, 0x19A2, 0x19C2, 0x19C2, 0x19A1, 0x19C2, 0x19A2, 0x19A2, 0x19A2, 0x19A2, 
    0x19A2, 0x19A1, 0x19A2, 0x19A1, 0x19A1, 0x19A1, 0x1981, 0x2A62, 0x32E3, 0x32E3, 0x32E3, 0x32E3, 0x32C3, 0x2AA3, 0x2A62, 0x2A42, 
    0x2A42, 0x2A42, 0x2A42, 0x2A42, 0x2A42, 0x2A62, 0x2A42, 0x2A62, 0x2A42, 0x2A62, 0x2A42, 0x2A62, 0x2A42, 0x2A62, 0x2A62, 0x2A62, 
    0x21E2, 0x21E2, 0x21E2, 0x21E2, 0x21E2, 0x21E2, 0x21E2, 0x21E2, 0x21E2, 0x21E2, 0x21E2, 0x21E2, 0x21E2, 0x21E2, 0x21E2, 0x21E2, 
    0x21E2, 0x21E2, 0x21E2, 0x19C2, 0x19C2, 0x19A1, 0x19A1, 0x19A1, 0x19A1, 0x19A1, 0x1981, 0x1981, 0x1161, 0x1161, 0x1161, 0x1141, 
    0x1141, 0x1141, 0x1121, 0x1101, 0x0901, 0x1121, 0x1161, 0x19A1, 0x21E2, 0x21E2, 0x2202, 0x2202, 0x2202, 0x2202, 0x2222, 0x2222, 
    0x2242, 0x2242, 0x2A42, 0x2A83, 0x32A3, 0x32A3, 0x32A3, 0x32A3, 0x32A3, 0x32C3, 0x32C3, 0x32A3, 0x2222, 0x19C2, 0x1161, 0x1121, 
    0x1101, 0x1121, 0x1121, 0x1121, 0x1101, 0x1101, 0x1101, 0x1101, 0x1101, 0x1101, 0x1121, 0x1121, 0x1121, 0x1141, 0x1141, 0x1161, 
    0x1161, 0x1161, 0x1961, 0x1981, 0x1981, 0x1981, 0x19A1, 0x19A1, 0x19A1, 0x19A2, 0x19C2, 0x21C2, 0x21E2, 0x21E2, 0x21E2, 0x21E2, 
    0x21E2, 0x21E2, 0x21E2, 0x21E2, 0x21E2, 0x21E2, 0x21E2, 0x21E2, 0x21C2, 0x21C2, 0x21C2, 0x21C2, 0x21C2, 0x2222, 0x2A42, 0x2A42, 
    0x2A42, 0x2A62, 0x2A62, 0x2A62, 0x2A82, 0x2A82, 0x2A83, 0x2A83, 0x2A83, 0x2AA3, 0x2AA3, 0x2AA3, 0x2AA3, 0x2AA3, 0x32C3, 0x32C3, 
    0x32C3, 0x32C3, 0x32E3, 0x32E3, 0x32C3, 0x32A3, 0x2A83, 0x2A83, 0x32A3, 0x2A83, 0x2A42, 0x21E2, 0x1981, 0x1981, 0x1981, 0x19A2, 
    0x19A2, 0x1982, 0x1982, 0x1982, 0x1961, 0x1961, 0x1961, 0x1161, 0x1161, 0x1161, 0x1961, 0x1961, 0x1961, 0x1981, 0x19A2, 0x19C2, 
    0x21E2, 0x2202, 0x2202, 0x2202, 0x2222, 0x2222, 0x2A22, 0x2A42, 0x2A42, 0x2A43, 0x2A23, 0x2A23, 0x3204, 0x3224, 0x3224, 0x3244, 
    0x3224, 0x29C3, 0x1982, 0x1121, 0x1101, 0x1101, 0x1101, 0x1101, 0x10E1, 0x08E1, 0x08C1, 0x08A0, 0x10E1, 0x1141, 0x1982, 0x21C2, 
    0x21E2, 0x21E2, 0x2202, 0x2A23, 0x2A43, 0x2A23, 0x2202, 0x21E2, 0x19C2, 0x19C2, 0x19C2, 0x19C2, 0x19C2, 0x19C2, 0x19C2, 0x19C2, 
    0x19A2, 0x19A2, 0x19A2, 0x19A1, 0x19A1, 0x19A1, 0x1981, 0x2A62, 0x32E3, 0x32C3, 0x32C3, 0x32C3, 0x32E3, 0x3303, 0x32E3, 0x32C3, 
    0x2A83, 0x2A62, 0x2A42, 0x2A42, 0x2A62, 0x2A42, 0x2A42, 0x2A62, 0x2A62, 0x2A42, 0x2A62, 0x2A42, 0x2A62, 0x2A62, 0x2A62, 0x2A62, 
    0x2202, 0x2202, 0x21E2, 0x21E2, 0x2202, 0x2202, 0x2202, 0x21E2, 0x2202, 0x2202, 0x21E2, 0x21E2, 0x21E2, 0x21E2, 0x21E2, 0x21E2, 
    0x21E2, 0x19E2, 0x19C2, 0x19C2, 0x19C2, 0x19A1, 0x19A1, 0x19A1, 0x19A1, 0x19A1, 0x19A1, 0x1981, 0x1981, 0x1161, 0x1161, 0x1161, 
    0x1161, 0x1141, 0x1141, 0x1141, 0x1121, 0x1121, 0x1101, 0x1101, 0x1141, 0x19A1, 0x19E2, 0x2202, 0x21E2, 0x2202, 0x21E2, 0x19A1, 
    0x19C2, 0x2242, 0x32A3, 0x32A3, 0x32A3, 0x32A3, 0x32A3, 0x32A3, 0x2A43, 0x2222, 0x2222, 0x2A82, 0x32C3, 0x2A42, 0x21E2, 0x1181, 
    0x1141, 0x1101, 0x08E1, 0x1101, 0x1101, 0x1101, 0x1101, 0x1121, 0x1121, 0x1121, 0x1121, 0x1141, 0x1141, 0x1141, 0x1161, 0x1161, 
    0x1961, 0x1981, 0x1981, 0x1981, 0x1981, 0x19A1, 0x19A1, 0x19A1, 0x19A2, 0x19A2, 0x19A2, 0x19C2, 0x19C2, 0x21C2, 0x21E2, 0x21E2, 
    0x21E2, 0x21E2, 0x21E2, 0x21E2, 0x21E2, 0x21E2, 0x21E2, 0x21C2, 0x21C2, 0x21C2, 0x21C2, 0x19A2, 0x19C2, 0x2222, 0x2242, 0x2242, 
    0x2A42, 0x2A42, 0x2A42, 0x2A62, 0x2A62, 0x2A62, 0x2A82, 0x2A82, 0x2A83, 0x2A83, 0x2A83, 0x2AA3, 0x2AA3, 0x2AA3, 0x2AA3, 0x32A3, 
    0x32C3, 0x32C3, 0x32C3, 0x32C3, 0x32E3, 0x32E3, 0x32E3, 0x32C3, 0x2222, 0x19C2, 0x1981, 0x1981, 0x1981, 0x1981, 0x1961, 0x1121, 
    0x1121, 0x1121, 0x1121, 0x1121, 0x1141, 0x1961, 0x1141, 0x1141, 0x1121, 0x1101, 0x1121, 0x1961, 0x19A2, 0x19C2, 0x21E2, 0x19C2, 
    0x1982, 0x19A1, 0x21E1, 0x2222, 0x2A22, 0x2A22, 0x2A42, 0x2A42, 0x2A42, 0x2A43, 0x2A62, 0x2A43, 0x2A43, 0x3223, 0x2A03, 0x21A3, 
    0x1941, 0x1121, 0x1101, 0x1101, 0x1101, 0x1101, 0x1101, 0x1101, 0x08E1, 0x08C1, 0x08A0, 0x08A0, 0x08E1, 0x1121, 0x1961, 0x19A2, 
    0x21C2, 0x21E2, 0x21E2, 0x21E2, 0x2203, 0x2A23, 0x2A43, 0x2A43, 0x2A23, 0x2202, 0x21E2, 0x19C2, 0x19C2, 0x19C2, 0x19C2, 0x19C2, 
    0x19C2, 0x19A2, 0x19A1, 0x19A2, 0x19A1, 0x19A1, 0x1981, 0x2A42, 0x32C3, 0x32A3, 0x32C3, 0x32C3, 0x32C3, 0x32E3, 0x32E3, 0x3303, 
    0x3303, 0x32E3, 0x2AA3, 0x2A62, 0x2A42, 0x2A42, 0x2A62, 0x2A62, 0x2A62, 0x2A62, 0x2A62, 0x2A62, 0x2A62, 0x2A62, 0x2A62, 0x2A62, 
    0x2202, 0x2202, 0x2202, 0x2202, 0x2202, 0x2202, 0x2202, 0x2202, 0x2202, 0x2202, 0x2202, 0x2202, 0x2202, 0x2202, 0x21E2, 0x19E2, 
    0x19C2, 0x19C2, 0x19C2, 0x19C2, 0x19C1, 0x19C2, 0x19A2, 0x19A1, 0x19A1, 0x19A1, 0x19A1, 0x19A1, 0x1981, 0x1981, 0x1981, 0x1961, 
    0x1161, 0x1161, 0x1161, 0x1141, 0x1141, 0x1121, 0x1121, 0x1121, 0x1101, 0x1101, 0x1121, 0x1141, 0x19C1, 0x2222, 0x21E2, 0x0000, 
    0x0000, 0x4B08, 0x32C3, 0x2AA3, 0x32A3, 0x32A3, 0x2A83, 0x32C3, 0x1101, 0x0000, 0x18E3, 0x4B87, 0x2A82, 0x0881, 0x0000, 0x31C5, 
    0x4346, 0x2202, 0x1981, 0x0901, 0x0901, 0x1101, 0x1121, 0x1121, 0x1141, 0x1141, 0x1141, 0x1161, 0x1161, 0x1161, 0x1961, 0x1981, 
    0x1981, 0x1981, 0x1981, 0x1981, 0x19A1, 0x19A1, 0x19A1, 0x19A1, 0x19A2, 0x19A2, 0x19A2, 0x19C2, 0x19C2, 0x19C2, 0x19C2, 0x19C2, 
    0x21E2, 0x21E2, 0x21E2, 0x21E2, 0x21E2, 0x21E2, 0x21E2, 0x21C2, 0x21C2, 0x21C2, 0x19A2, 0x19A2, 0x19A2, 0x2202, 0x2222, 0x2222, 
    0x2242, 0x2242, 0x2A42, 0x2A42, 0x2A62, 0x2A62, 0x2A62, 0x2A62, 0x2A82, 0x2A82, 0x2A83, 0x2A83, 0x2A83, 0x2A83, 0x2AA3, 0x2AA3, 
    0x32A3, 0x32C3, 0x32C3, 0x32C3, 0x32C3, 0x32C3, 0x32E3, 0x32C3, 0x19A1, 0x1981, 0x1981, 0x1981, 0x1981, 0x1982, 0x1121, 0x0000, 
    0x0000, 0x0000, 0x0000, 0x2964, 0x2A04, 0x1121, 0x1161, 0x1981, 0x0880, 0x0000, 0x18E3, 0x42C6, 0x19A1, 0x21E2, 0x2222, 0x1141, 
    0x0000, 0x0841, 0x4B07, 0x2202, 0x2A43, 0x2A42, 0x2A42, 0x2A43, 0x2A43, 0x2A43, 0x2A43, 0x2A62, 0x2A63, 0x2A63, 0x2A22, 0x19A2, 
    0x1121, 0x1101, 0x1101, 0x1101, 0x1101, 0x1101, 0x08E1, 0x08E1, 0x08C1, 0x08C0, 0x08A0, 0x08A0, 0x08E1, 0x1101, 0x1141, 0x1962, 
    0x1982, 0x21C2, 0x21C2, 0x21E2, 0x21E2, 0x2202, 0x2202, 0x2A23, 0x2A43, 0x2A43, 0x2A43, 0x2222, 0x21E2, 0x19C2, 0x19C2, 0x19C2, 
    0x19C2, 0x19C2, 0x19A1, 0x19A1, 0x19A1, 0x1981, 0x1961, 0x2A42, 0x32A3, 0x2AA3, 0x32C3, 0x32C3, 0x32C3, 0x32C3, 0x32C3, 0x32C3, 
    0x32E3, 0x3303, 0x3303, 0x3303, 0x32C3, 0x2A83, 0x2A42, 0x2A42, 0x2A42, 0x2A62, 0x2A62, 0x2A62, 0x2A62, 0x2A62, 0x2A62, 0x2A62, 
    0x2202, 0x2202, 0x2202, 0x2202, 0x2202, 0x2202, 0x2202, 0x2202, 0x2202, 0x2202, 0x2202, 0x2202, 0x21E2, 0x21E2, 0x19C2, 0x19C2, 
    0x19C2, 0x19C2, 0x19C2, 0x19C2, 0x19C1, 0x19C2, 0x19A2, 0x19A1, 0x19A1, 0x19A1, 0x19A1, 0x19A1, 0x19A1, 0x1981, 0x1981, 0x1981, 
    0x1181, 0x1161, 0x1161, 0x1161, 0x1161, 0x1141, 0x1141, 0x1141, 0x1121, 0x1121, 0x1121, 0x19A2, 0x2A22, 0x32C3, 0x2222, 0x0000, 
    0x0000, 0x742D, 0x32E3, 0x2AA3, 0x2A83, 0x32A3, 0x32A3, 0x3303, 0x1121, 0x0000, 0x2965, 0x640A, 0x2282, 0x08A1, 0x0000, 0x4A68, 
    0x53C8, 0x2A62, 0x32A3, 0x2A42, 0x21E2, 0x1161, 0x1121, 0x1121, 0x1141, 0x1161, 0x1161, 0x1161, 0x1961, 0x1961, 0x1981, 0x1981, 
    0x1981, 0x1981, 0x19A1, 0x19A1, 0x19A1, 0x19A1, 0x19A1, 0x19A1, 0x19A2, 0x19A2, 0x19C2, 0x19C2, 0x19C2, 0x19C2, 0x19C2, 0x19C2, 
    0x19C2, 0x19C2, 0x21C2, 0x21E2, 0x21E2, 0x21E2, 0x21E2, 0x21C2, 0x21C2, 0x21C2, 0x19A2, 0x19A2, 0x19A2, 0x2202, 0x2202, 0x2222, 
    0x2222, 0x2222, 0x2222, 0x2242, 0x2A42, 0x2A42, 0x2A62, 0x2A62, 0x2A62, 0x2A82, 0x2A82, 0x2A83, 0x2A83, 0x2A83, 0x2AA3, 0x2AA3, 
    0x2AA3, 0x2AA3, 0x32A3, 0x32A3, 0x32C3, 0x32C3, 0x32C3, 0x2AA3, 0x19A2, 0x1981, 0x1981, 0x1961, 0x1981, 0x1982, 0x1121, 0x0000, 
    0x0000, 0x0000, 0x0000, 0x4228, 0x4286, 0x0920, 0x1982, 0x21C2, 0x08C1, 0x0000, 0x2965, 0x5B8A, 0x19A1, 0x2202, 0x2A42, 0x1141, 
    0x0000, 0x1082, 0x6C0C, 0x2201, 0x2A43, 0x2A42, 0x2A42, 0x2A43, 0x2A43, 0x2A63, 0x2A63, 0x2A63, 0x2A63, 0x2A63, 0x2A63, 0x2A63, 
    0x2A43, 0x21E2, 0x1161, 0x08E1, 0x08E1, 0x08E1, 0x08E1, 0x08E1, 0x08C1, 0x08A0, 0x08A0, 0x0880, 0x08C1, 0x1101, 0x1121, 0x1141, 
    0x1962, 0x1982, 0x19A2, 0x21C2, 0x21E2, 0x21E2, 0x21E2, 0x2202, 0x2202, 0x2A23, 0x2A23, 0x2A43, 0x2A43, 0x2A22, 0x2202, 0x19C2, 
    0x19C1, 0x19A2, 0x19A2, 0x19A2, 0x19A1, 0x1981, 0x1961, 0x2242, 0x2AA3, 0x2A83, 0x2AA3, 0x2AA3, 0x32A3, 0x32A3, 0x32C3, 0x32C3, 
    0x32C3, 0x32E3, 0x32E3, 0x3303, 0x3303, 0x3303, 0x32E3, 0x32A3, 0x2A62, 0x2A42, 0x2A42, 0x2A62, 0x2A62, 0x2A62, 0x2A62, 0x2A62, 
    0x2202, 0x2202, 0x2202, 0x2202, 0x2202, 0x2202, 0x2202, 0x2202, 0x2202, 0x2202, 0x21E2, 0x21E2, 0x19E2, 0x21E2, 0x21C2, 0x21E2, 
    0x19E2, 0x19C2, 0x19C2, 0x19C2, 0x19C2, 0x19C2, 0x19C2, 0x19C2, 0x19C1, 0x19A1, 0x19A1, 0x19A1, 0x19A1, 0x19A1, 0x19A1, 0x1981, 
    0x1981, 0x1981, 0x1981, 0x1981, 0x1961, 0x1161, 0x1141, 0x1141, 0x1981, 0x21E2, 0x2A63, 0x32C3, 0x32A3, 0x32C3, 0x2222, 0x0000, 
    0x0000, 0x10E2, 0x08A1, 0x21A3, 0x3AE4, 0x2A63, 0x08A0, 0x08A1, 0x0040, 0x0000, 0x2944, 0x640A, 0x2241, 0x32A4, 0x6BCC, 0x744D, 
    0x4326, 0x2A82, 0x32A3, 0x32A3, 0x32A3, 0x2A83, 0x2202, 0x19A2, 0x1161, 0x1141, 0x1161, 0x1961, 0x1981, 0x1981, 0x1981, 0x1981, 
    0x19A1, 0x19A1, 0x19A1, 0x19A1, 0x19A1, 0x19A1, 0x19A1, 0x19A1, 0x19A2, 0x19A2, 0x19C2, 0x19C2, 0x19C2, 0x19C2, 0x19C2, 0x19C2, 
    0x19C2, 0x19C2, 0x19C2, 0x19C2, 0x19C2, 0x21C2, 0x21C2, 0x21C2, 0x21C2, 0x21C2, 0x19A2, 0x19A2, 0x19A2, 0x21E2, 0x2202, 0x2202, 
    0x2202, 0x2222, 0x2222, 0x2222, 0x2222, 0x2242, 0x2242, 0x2A42, 0x2A62, 0x2A62, 0x2A62, 0x2A82, 0x2A83, 0x2A83, 0x2A83, 0x2A83, 
    0x2A83, 0x2A83, 0x2AA3, 0x2AA3, 0x2AA3, 0x32A3, 0x32C3, 0x2AA3, 0x19A2, 0x1961, 0x1961, 0x1982, 0x08C1, 0x0040, 0x0861, 0x4AA8, 
    0x5B2B, 0x5B2A, 0x5B2A, 0x6BCC, 0x3224, 0x1981, 0x19A2, 0x2202, 0x08C1, 0x0000, 0x2144, 0x5369, 0x19C1, 0x2A23, 0x2A22, 0x21E2, 
    0x5329, 0x73ED, 0x5BA9, 0x2202, 0x2A43, 0x2A42, 0x2A43, 0x2A43, 0x2A42, 0x2A42, 0x2A43, 0x2A43, 0x2A63, 0x2A63, 0x2A63, 0x2A63, 
    0x2A63, 0x2A83, 0x2A63, 0x2202, 0x1982, 0x1101, 0x08A0, 0x08C0, 0x08C0, 0x08A0, 0x08A0, 0x0080, 0x08C1, 0x10E1, 0x1101, 0x1121, 
    0x1961, 0x1962, 0x1982, 0x19A2, 0x21C2, 0x21C2, 0x21E2, 0x21E2, 0x21E2, 0x2202, 0x2202, 0x2A23, 0x2A23, 0x2A43, 0x2A43, 0x2A43, 
    0x2202, 0x21E2, 0x19A1, 0x19A1, 0x1981, 0x1981, 0x1961, 0x2222, 0x2A83, 0x2A83, 0x2A83, 0x2A83, 0x2AA3, 0x2AA3, 0x32A3, 0x32A3, 
    0x32C3, 0x32C3, 0x32C3, 0x32E3, 0x32E3, 0x32E3, 0x3303, 0x3323, 0x3303, 0x32C3, 0x2AA3, 0x2A62, 0x2A42, 0x2A62, 0x2A62, 0x2A62, 
    0x2202, 0x2222, 0x2222, 0x2222, 0x2222, 0x2202, 0x2202, 0x2202, 0x21E2, 0x21E2, 0x21E2, 0x21E2, 0x21E2, 0x21E2, 0x21E2, 0x21E2, 
    0x21E2, 0x21E2, 0x19E2, 0x21E2, 0x21C2, 0x19C2, 0x19C2, 0x19C2, 0x19C2, 0x19C2, 0x19C2, 0x19A1, 0x19A1, 0x19A1, 0x19A1, 0x19A1, 
    0x19A1, 0x1981, 0x1981, 0x1981, 0x1161, 0x1981, 0x19C2, 0x2222, 0x2AA3, 0x32A3, 0x32A3, 0x32A3, 0x2AA3, 0x32C3, 0x2222, 0x0000, 
    0x0000, 0x0000, 0x0000, 0x4227, 0x5C08, 0x2A62, 0x0000, 0x0000, 0x0000, 0x0000, 0x2944, 0x640A, 0x2242, 0x32E4, 0x3303, 0x32C3, 
    0x2A83, 0x32A3, 0x32C3, 0x32C3, 0x32C3, 0x32E3, 0x32E3, 0x32E3, 0x2AA3, 0x2222, 0x19C2, 0x19A2, 0x1981, 0x19A1, 0x19A1, 0x19A1, 
    0x19A1, 0x19A2, 0x19A2, 0x19C2, 0x19C2, 0x21C2, 0x21E2, 0x21E2, 0x21E2, 0x21E2, 0x21C2, 0x19C2, 0x19C2, 0x19C2, 0x19C2, 0x19C2, 
    0x19C2, 0x21E2, 0x21E2, 0x21E2, 0x21E2, 0x21E2, 0x21E2, 0x21E2, 0x21E2, 0x21C2, 0x19A2, 0x19A2, 0x1982, 0x2202, 0x2222, 0x2222, 
    0x2202, 0x2202, 0x2242, 0x2A42, 0x2A42, 0x2A62, 0x2A62, 0x2A42, 0x2A42, 0x2A42, 0x2A62, 0x2A62, 0x2A62, 0x2A82, 0x2AA3, 0x32C3, 
    0x32C3, 0x32C3, 0x32C3, 0x32E3, 0x32E3, 0x32A3, 0x32A3, 0x2A83, 0x1982, 0x1961, 0x1981, 0x19A2, 0x0880, 0x0000, 0x2965, 0x5B6A, 
    0x0940, 0x21C2, 0x21C2, 0x19C2, 0x19C2, 0x21E2, 0x2202, 0x2A63, 0x10E1, 0x0000, 0x2965, 0x63EA, 0x2201, 0x2A43, 0x2A22, 0x2A63, 
    0x2A83, 0x2A83, 0x2242, 0x2A43, 0x2A43, 0x2A43, 0x2A63, 0x2A83, 0x2A83, 0x2A83, 0x2A83, 0x2AA3, 0x2A83, 0x2A83, 0x2A63, 0x2A63, 
    0x2A63, 0x2A63, 0x2A63, 0x2A83, 0x2A83, 0x2A43, 0x19A2, 0x1101, 0x08A0, 0x0080, 0x0080, 0x0880, 0x08C1, 0x08E1, 0x1101, 0x1121, 
    0x1141, 0x1961, 0x1962, 0x1982, 0x19A2, 0x19A2, 0x21C2, 0x21C2, 0x21E2, 0x21E2, 0x21E2, 0x2202, 0x2202, 0x2202, 0x2A23, 0x2A43, 
    0x2A43, 0x2A43, 0x2A22, 0x21E2, 0x19A2, 0x1981, 0x1141, 0x2202, 0x2A63, 0x2A62, 0x2A62, 0x2A83, 0x2A83, 0x2A83, 0x2AA3, 0x2AA3, 
    0x32A3, 0x32A3, 0x32C3, 0x32C3, 0x32C3, 0x32E3, 0x32E3, 0x32E3, 0x3303, 0x3B23, 0x3B23, 0x3303, 0x32A3, 0x2A82, 0x2A42, 0x2A42, 
    0x2A23, 0x2222, 0x2222, 0x2222, 0x2202, 0x2202, 0x2202, 0x21E2, 0x21E2, 0x21E2, 0x21E2, 0x21E2, 0x21E2, 0x21E2, 0x21E2, 0x21E2, 
    0x21E2, 0x21E2, 0x21E2, 0x21E2, 0x21C2, 0x19E2, 0x19C2, 0x19C2, 0x19C2, 0x19C2, 0x19C2, 0x19C2, 0x19C1, 0x19A1, 0x19A1, 0x19A1, 
    0x19A1, 0x1981, 0x1981, 0x19A2, 0x2202, 0x2A63, 0x32A3, 0x32A3, 0x32A3, 0x32A3, 0x32A3, 0x32A3, 0x2AA3, 0x32C3, 0x2222, 0x0000, 
    0x0000, 0x31C6, 0x4A89, 0x52C9, 0x3244, 0x1161, 0x2183, 0x4AA9, 0x18E3, 0x0000, 0x2965, 0x640A, 0x2262, 0x21E2, 0x1982, 0x21E2, 
    0x32A3, 0x2A83, 0x19A2, 0x19A2, 0x19A2, 0x19A2, 0x19A2, 0x19A2, 0x19A2, 0x19A2, 0x1982, 0x1981, 0x21E2, 0x19A1, 0x19A1, 0x19A1, 
    0x19A2, 0x19C2, 0x1981, 0x1101, 0x1101, 0x1101, 0x1101, 0x1101, 0x1101, 0x1121, 0x19A1, 0x21C2, 0x19C2, 0x19C2, 0x19C2, 0x19C2, 
    0x19C2, 0x1121, 0x1121, 0x1121, 0x1101, 0x1101, 0x1101, 0x1101, 0x1141, 0x19A1, 0x19A2, 0x19A2, 0x1982, 0x1141, 0x1121, 0x1161, 
    0x21E2, 0x21E2, 0x1141, 0x1141, 0x1141, 0x1941, 0x1981, 0x2222, 0x2A42, 0x2A42, 0x2A42, 0x2A42, 0x2A62, 0x2A62, 0x1981, 0x1981, 
    0x1981, 0x1981, 0x1981, 0x19A1, 0x19A2, 0x2A42, 0x32C3, 0x2A83, 0x1982, 0x1161, 0x08E1, 0x10E1, 0x0040, 0x0000, 0x18C2, 0x31E5, 
    0x08C0, 0x1101, 0x1101, 0x1961, 0x2202, 0x21E2, 0x1141, 0x1961, 0x0880, 0x0000, 0x18C3, 0x3A46, 0x1121, 0x2202, 0x2A63, 0x21E2, 
    0x1961, 0x1961, 0x2242, 0x2A63, 0x2A63, 0x2A63, 0x2222, 0x1961, 0x1981, 0x1962, 0x1962, 0x1962, 0x1962, 0x1981, 0x2A42, 0x2A63, 
    0x2A63, 0x2A63, 0x2A63, 0x2A63, 0x2A63, 0x2A83, 0x2A83, 0x2A63, 0x2202, 0x1141, 0x08A0, 0x0060, 0x08A0, 0x08E1, 0x10E1, 0x1101, 
    0x1121, 0x1141, 0x1961, 0x1962, 0x1982, 0x19A2, 0x19A2, 0x19A2, 0x21C2, 0x21C2, 0x21E2, 0x21E2, 0x21E2, 0x21E2, 0x2202, 0x2202, 
    0x2202, 0x2A23, 0x2A23, 0x2A43, 0x2A23, 0x2202, 0x1981, 0x2202, 0x2A62, 0x2A42, 0x2A42, 0x2A62, 0x2A63, 0x2A83, 0x2A83, 0x2A83, 
    0x2A83, 0x2AA3, 0x2AA3, 0x32A3, 0x32C3, 0x32C3, 0x32E3, 0x32E3, 0x3303, 0x3303, 0x3303, 0x3B23, 0x3B23, 0x3B23, 0x3303, 0x2AA3, 
    0x3224, 0x2A23, 0x2A23, 0x2202, 0x21E2, 0x21E2, 0x2202, 0x21E2, 0x2202, 0x21E2, 0x21E2, 0x21E2, 0x21E2, 0x21E2, 0x21E2, 0x21E2, 
    0x21E2, 0x21E2, 0x21E2, 0x21E2, 0x21E2, 0x21E2, 0x21E2, 0x21E2, 0x19C2, 0x19C2, 0x19C2, 0x19C2, 0x19C2, 0x19C2, 0x19C2, 0x19A1, 
    0x19A1, 0x21E2, 0x2242, 0x2A83, 0x32A3, 0x32A3, 0x32A3, 0x32A3, 0x32A3, 0x32A3, 0x32A3, 0x32A3, 0x2AA3, 0x32C3, 0x2222, 0x0000, 
    0x0000, 0x744D, 0x5C29, 0x2A04, 0x0000, 0x0001, 0x6C2B, 0x53E8, 0x2183, 0x0000, 0x2965, 0x640A, 0x2A82, 0x0881, 0x0000, 0x31E6, 
    0x4B87, 0x2242, 0x0000, 0x0000, 0x0000, 0x0000, 0x0000, 0x0000, 0x0000, 0x0000, 0x0000, 0x31E6, 0x4B87, 0x2222, 0x2222, 0x21C2, 
    0x19A1, 0x19E2, 0x1961, 0x0000, 0x0000, 0x0000, 0x0000, 0x0000, 0x0000, 0x0021, 0x5329, 0x19A1, 0x21E2, 0x19C2, 0x21C2, 0x21C2, 
    0x21E2, 0x0040, 0x0000, 0x0000, 0x0000, 0x0000, 0x0000, 0x0000, 0x4268, 0x2A23, 0x1981, 0x19A2, 0x19A1, 0x0040, 0x0000, 0x31C6, 
    0x42E6, 0x19A1, 0x0000, 0x0000, 0x0000, 0x0000, 0x18E3, 0x5368, 0x19E1, 0x2A43, 0x2A42, 0x2242, 0x2A42, 0x2242, 0x0000, 0x0000, 
    0x0000, 0x0000, 0x0000, 0x0000, 0x0000, 0x5B69, 0x32C3, 0x2A83, 0x1961, 0x1121, 0x0000, 0x0000, 0x0000, 0x0000, 0x0000, 0x0000, 
    0x0000, 0x0000, 0x0000, 0x31A6, 0x4306, 0x19C1, 0x0000, 0x0000, 0x0000, 0x0000, 0x0000, 0x0000, 0x0000, 0x5329, 0x32A3, 0x1941, 
    0x0000, 0x0841, 0x5B89, 0x2242, 0x2A63, 0x2A83, 0x21E2, 0x0000, 0x0000, 0x0000, 0x0000, 0x0000, 0x0000, 0x0000, 0x5BA9, 0x2262, 
    0x3283, 0x2A63, 0x2A63, 0x2A63, 0x2A63, 0x2A63, 0x2A63, 0x2A83, 0x2A83, 0x2A83, 0x2222, 0x19A2, 0x1101, 0x08A0, 0x08C1, 0x1101, 
    0x1121, 0x1121, 0x1141, 0x1941, 0x1961, 0x1982, 0x1982, 0x19A2, 0x19A2, 0x19A2, 0x21C2, 0x21C2, 0x21C2, 0x21C2, 0x21E2, 0x21E2, 
    0x21E2, 0x21E2, 0x21E2, 0x21E2, 0x2202, 0x2202, 0x21C2, 0x1981, 0x21C2, 0x2222, 0x2A42, 0x2A42, 0x2A42, 0x2A62, 0x2A62, 0x2A63, 
    0x2A83, 0x2A83, 0x2AA3, 0x2AA3, 0x2AA3, 0x32C3, 0x32C3, 0x32C3, 0x32E3, 0x32E3, 0x32E3, 0x3303, 0x3303, 0x3B23, 0x3B44, 0x3B43, 
    0x2A23, 0x2A43, 0x2A63, 0x2A43, 0x2A23, 0x2202, 0x21E2, 0x21E2, 0x2202, 0x2202, 0x2202, 0x2202, 0x21E2, 0x2202, 0x21E2, 0x21E2, 
    0x21E2, 0x21E2, 0x21E2, 0x21E2, 0x21E2, 0x21E2, 0x21E2, 0x21E2, 0x21E2, 0x21C2, 0x19C2, 0x19C2, 0x19C2, 0x19A1, 0x19C2, 0x2202, 
    0x2A43, 0x32A3, 0x32A3, 0x32A3, 0x32A3, 0x32A3, 0x32A3, 0x32A3, 0x32A3, 0x32A3, 0x32A3, 0x32A3, 0x2AA3, 0x32C3, 0x2222, 0x0000, 
    0x0000, 0x63AB, 0x2AA2, 0x1981, 0x0861, 0x2104, 0x6C2C, 0x2261, 0x1101, 0x0000, 0x2965, 0x640A, 0x2A82, 0x08A1, 0x0000, 0x4268, 
    0x53C8, 0x2242, 0x0020, 0x0000, 0x0020, 0x1082, 0x1082, 0x1082, 0x1082, 0x10A2, 0x1082, 0x4A89, 0x5387, 0x2242, 0x2A83, 0x2A83, 
    0x2222, 0x21E2, 0x1141, 0x0040, 0x1082, 0x1082, 0x1082, 0x1082, 0x1082, 0x2104, 0x5B8A, 0x1180, 0x19A1, 0x19C2, 0x21C2, 0x19A2, 
    0x21C2, 0x0060, 0x1082, 0x1082, 0x1082, 0x1082, 0x1082, 0x1082, 0x5B0A, 0x2A24, 0x1161, 0x1181, 0x1981, 0x0060, 0x0000, 0x4207, 
    0x42A6, 0x1160, 0x0040, 0x1082, 0x1082, 0x1082, 0x31A6, 0x5369, 0x19A1, 0x2202, 0x2222, 0x2222, 0x2A42, 0x2222, 0x0861, 0x1082, 
    0x1082, 0x1082, 0x1082, 0x1082, 0x1082, 0x6BCB, 0x2A83, 0x2242, 0x21E2, 0x19A2, 0x0841, 0x1082, 0x0020, 0x0000, 0x0000, 0x0861, 
    0x1082, 0x1082, 0x1082, 0x52AA, 0x4B67, 0x19C1, 0x0861, 0x1082, 0x0020, 0x0000, 0x0000, 0x0881, 0x1082, 0x73ED, 0x2AA3, 0x1961, 
    0x0000, 0x1082, 0x6C0B, 0x2222, 0x2A63, 0x2A83, 0x21E2, 0x0861, 0x1082, 0x1082, 0x1082, 0x1082, 0x1082, 0x20E4, 0x63EB, 0x2222, 
    0x2A42, 0x2A63, 0x2A63, 0x2A83, 0x2A83, 0x2A83, 0x2A83, 0x2A83, 0x2A63, 0x2A83, 0x2A83, 0x2A83, 0x2A22, 0x1101, 0x08A0, 0x08C1, 
    0x08E1, 0x1101, 0x1121, 0x1141, 0x1941, 0x1961, 0x1961, 0x1982, 0x1982, 0x1982, 0x19A2, 0x19A2, 0x19A2, 0x21C2, 0x21C2, 0x21C2, 
    0x21C2, 0x21C2, 0x21C2, 0x21C2, 0x21C2, 0x19A2, 0x1981, 0x1161, 0x1121, 0x1161, 0x19A2, 0x2202, 0x2A42, 0x2A42, 0x2A42, 0x2A62, 
    0x2A62, 0x2A62, 0x2A83, 0x2A83, 0x2AA3, 0x2AA3, 0x32A3, 0x32A3, 0x32C3, 0x32C3, 0x32E3, 0x3303, 0x3303, 0x3303, 0x3303, 0x3B23, 
    0x2A63, 0x2A63, 0x2A63, 0x2A63, 0x2A63, 0x2A63, 0x2A43, 0x2202, 0x2202, 0x21E2, 0x2202, 0x2202, 0x2202, 0x2202, 0x21E2, 0x21E2, 
    0x21E2, 0x21E2, 0x21E2, 0x21E2, 0x21E2, 0x21E2, 0x21E2, 0x21E2, 0x21E2, 0x21E2, 0x21E2, 0x21E2, 0x19C2, 0x2A63, 0x2A83, 0x2A83, 
    0x32A3, 0x32A3, 0x32A3, 0x32A3, 0x32A3, 0x32A3, 0x32A3, 0x32A3, 0x32A3, 0x32A3, 0x32A3, 0x32A3, 0x2AA3, 0x32C3, 0x2222, 0x0000, 
    0x0000, 0x6BCB, 0x32C3, 0x2A83, 0x5BC9, 0x744C, 0x5388, 0x32C3, 0x1121, 0x0000, 0x2965, 0x640A, 0x2A82, 0x08A1, 0x0000, 0x4247, 
    0x53A8, 0x2242, 0x0040, 0x0000, 0x5B0A, 0x7C8D, 0x640B, 0x6C0B, 0x6C0B, 0x6C0B, 0x746C, 0x4287, 0x0020, 0x0861, 0x4306, 0x32C3, 
    0x1121, 0x0020, 0x10A2, 0x5B6A, 0x638A, 0x5B8A, 0x638A, 0x638A, 0x638A, 0x5B6A, 0x0861, 0x0000, 0x29E4, 0x2A43, 0x1961, 0x0000, 
    0x0000, 0x4287, 0x63AB, 0x5B8A, 0x638A, 0x5B8A, 0x5B6A, 0x63CB, 0x2984, 0x0020, 0x10E2, 0x3224, 0x1161, 0x0040, 0x0000, 0x0020, 
    0x0020, 0x0841, 0x4AE8, 0x63AB, 0x638A, 0x63CB, 0x52E8, 0x0020, 0x0020, 0x3A65, 0x2222, 0x2222, 0x2222, 0x2201, 0x3AC5, 0x6BEB, 
    0x63CA, 0x63CB, 0x63CB, 0x63CB, 0x6C0B, 0x1902, 0x0020, 0x21A4, 0x3B25, 0x2241, 0x42E6, 0x744D, 0x2984, 0x0000, 0x2124, 0x7C8E, 
    0x63AA, 0x63CB, 0x63CB, 0x6C0C, 0x3AA4, 0x2201, 0x3AC6, 0x746D, 0x2984, 0x0000, 0x2124, 0x7C8E, 0x63EB, 0x5BAA, 0x2A82, 0x1962, 
    0x0000, 0x1082, 0x63EB, 0x2242, 0x2A63, 0x2A63, 0x2242, 0x4B48, 0x6C0C, 0x63EB, 0x6BEB, 0x63EB, 0x6BEB, 0x63CA, 0x0861, 0x0020, 
    0x3225, 0x32C4, 0x2A62, 0x2A83, 0x2A83, 0x2A83, 0x2A83, 0x2A83, 0x2A83, 0x2A63, 0x2202, 0x21C2, 0x19A2, 0x1121, 0x08A0, 0x08A0, 
    0x08A0, 0x08C0, 0x10E1, 0x1101, 0x1121, 0x1941, 0x1941, 0x1961, 0x1962, 0x1982, 0x1982, 0x1982, 0x19A2, 0x19A2, 0x19A2, 0x19A2, 
    0x19A2, 0x21C2, 0x21C2, 0x21E2, 0x19C2, 0x19A2, 0x19A1, 0x1981, 0x1961, 0x1141, 0x1141, 0x1121, 0x1981, 0x21E2, 0x2222, 0x2A42, 
    0x2A42, 0x2A62, 0x2A62, 0x2A63, 0x2A83, 0x2A83, 0x2AA3, 0x2AA3, 0x32A3, 0x32C3, 0x32C3, 0x32E3, 0x32E3, 0x3303, 0x3303, 0x3B23, 
    0x2A63, 0x2A63, 0x2A63, 0x2A63, 0x2A63, 0x2A63, 0x2A63, 0x2A63, 0x2A43, 0x2222, 0x2202, 0x2202, 0x2202, 0x2202, 0x2202, 0x2202, 
    0x2202, 0x2202, 0x2202, 0x21E2, 0x21E2, 0x21E2, 0x21E2, 0x21E2, 0x21E2, 0x21E2, 0x21E2, 0x21E2, 0x21C2, 0x53C6, 0x6447, 0x4365, 
    0x32C3, 0x2A83, 0x2A83, 0x32A3, 0x32A3, 0x32A3, 0x32A3, 0x32A3, 0x32A3, 0x32A3, 0x32A3, 0x32A3, 0x2AA3, 0x32C3, 0x2222, 0x0000, 
    0x0000, 0x6BCB, 0x32C3, 0x32A3, 0x2A82, 0x2A62, 0x2A62, 0x32E3, 0x1101, 0x0000, 0x2965, 0x640A, 0x2A82, 0x08A1, 0x0000, 0x4248, 
    0x53A8, 0x2242, 0x0040, 0x0000, 0x5B2A, 0x3B04, 0x2261, 0x2A82, 0x2A82, 0x2A62, 0x2AA2, 0x1981, 0x0000, 0x1082, 0x6C2C, 0x2AA2, 
    0x1101, 0x0000, 0x3185, 0x5BCA, 0x0960, 0x19E1, 0x19C1, 0x19C1, 0x19E1, 0x19C1, 0x0020, 0x0000, 0x5B0A, 0x3284, 0x1161, 0x0000, 
    0x0000, 0x638B, 0x19A1, 0x19A1, 0x11A1, 0x1181, 0x1181, 0x19A1, 0x0080, 0x0000, 0x2104, 0x5349, 0x0920, 0x0040, 0x0000, 0x0000, 
    0x0000, 0x0821, 0x5B2A, 0x00A0, 0x1140, 0x19A1, 0x1160, 0x0000, 0x0000, 0x63AB, 0x2222, 0x2202, 0x2202, 0x2222, 0x2242, 0x2221, 
    0x2241, 0x2241, 0x2241, 0x2242, 0x2282, 0x0880, 0x0000, 0x4268, 0x5387, 0x2241, 0x2A82, 0x2282, 0x1101, 0x0000, 0x2965, 0x5BA9, 
    0x11C0, 0x2222, 0x2221, 0x2221, 0x2A42, 0x2A63, 0x2242, 0x2262, 0x10E1, 0x0000, 0x2965, 0x5BC9, 0x19E0, 0x2222, 0x2A83, 0x1962, 
    0x0000, 0x1082, 0x6BEB, 0x2242, 0x2A63, 0x2A63, 0x2A83, 0x2A82, 0x2A82, 0x2A82, 0x2A82, 0x2A82, 0x2A82, 0x2262, 0x0020, 0x0000, 
    0x5B4B, 0x3B05, 0x2A42, 0x2A83, 0x2A83, 0x2A83, 0x2A83, 0x2A42, 0x21E2, 0x21C2, 0x19A2, 0x19A2, 0x21A2, 0x1121, 0x08C1, 0x08C1, 
    0x08C1, 0x08C1, 0x08C0, 0x08C1, 0x08E1, 0x1101, 0x1121, 0x1141, 0x1961, 0x1961, 0x1962, 0x1982, 0x1962, 0x1982, 0x1982, 0x21C2, 
    0x21E2, 0x21E2, 0x21E2, 0x21E2, 0x21C2, 0x19C2, 0x19A2, 0x19A1, 0x1981, 0x1981, 0x1961, 0x1961, 0x1141, 0x1141, 0x1141, 0x19A2, 
    0x2202, 0x2A42, 0x2A62, 0x2A42, 0x2A63, 0x2A63, 0x2A83, 0x2A83, 0x2AA3, 0x32A3, 0x32A3, 0x32C3, 0x32C3, 0x32E3, 0x32E3, 0x3303, 
    0x2A63, 0x2A63, 0x2A63, 0x2A63, 0x2A63, 0x2A63, 0x2A63, 0x2A63, 0x2A63, 0x2A63, 0x2A43, 0x2A43, 0x2202, 0x2202, 0x2202, 0x2202, 
    0x2202, 0x2202, 0x2202, 0x2202, 0x2202, 0x2202, 0x2202, 0x21E2, 0x21E2, 0x21E2, 0x21E2, 0x21E2, 0x19E2, 0x53C6, 0x6C87, 0x6487, 
    0x5C47, 0x53C5, 0x3B04, 0x2A83, 0x2A83, 0x2AA3, 0x32A3, 0x32A3, 0x32A3, 0x32A3, 0x32A3, 0x32A3, 0x2AA3, 0x32C3, 0x2222, 0x0000, 
    0x0000, 0x6BCB, 0x32C3, 0x2AA3, 0x32A3, 0x32A3, 0x32A3, 0x32E3, 0x1101, 0x0000, 0x2965, 0x640A, 0x2A82, 0x08A1, 0x0000, 0x4248, 
    0x53A8, 0x2242, 0x0040, 0x0000, 0x5B2A, 0x4345, 0x2A83, 0x32A3, 0x32A3, 0x32A3, 0x32E3, 0x19A2, 0x0000, 0x1082, 0x6BEB, 0x2A43, 
    0x10E1, 0x0000, 0x1082, 0x2163, 0x08C0, 0x10E1, 0x10C1, 0x10C1, 0x10E1, 0x10C1, 0x0020, 0x0000, 0x52EA, 0x3284, 0x1161, 0x0000, 
    0x0000, 0x636B, 0x2202, 0x21E2, 0x21E2, 0x21E2, 0x21C2, 0x21E2, 0x1962, 0x4AC9, 0x6B8C, 0x4AE8, 0x1160, 0x0860, 0x0000, 0x2124, 
    0x5B0A, 0x5B0B, 0x5B2A, 0x08E0, 0x1121, 0x1141, 0x0900, 0x3206, 0x5B2B, 0x6BEC, 0x21E1, 0x21E2, 0x2202, 0x21E2, 0x10E1, 0x10E1, 
    0x10E1, 0x10E1, 0x10E1, 0x1101, 0x1101, 0x0040, 0x0000, 0x4227, 0x4B67, 0x2221, 0x2A63, 0x32C3, 0x1101, 0x0000, 0x2965, 0x63EA, 
    0x2221, 0x2A63, 0x2A63, 0x2A63, 0x2A63, 0x2A63, 0x2A63, 0x32A3, 0x1101, 0x0000, 0x2945, 0x63CA, 0x2222, 0x2A63, 0x2AA3, 0x1982, 
    0x0000, 0x1082, 0x6BEB, 0x2242, 0x2A63, 0x2A83, 0x2222, 0x1101, 0x1101, 0x1101, 0x1101, 0x1101, 0x1101, 0x1101, 0x0020, 0x0000, 
    0x5B0A, 0x3B05, 0x2A62, 0x2A83, 0x2A83, 0x2222, 0x21E2, 0x19A2, 0x19A2, 0x19A2, 0x19A2, 0x19A2, 0x19A2, 0x1121, 0x08E1, 0x08E1, 
    0x08E1, 0x08E1, 0x08E1, 0x08E1, 0x08C1, 0x08C0, 0x08C1, 0x1101, 0x1121, 0x1141, 0x1141, 0x1941, 0x1982, 0x21C2, 0x21E2, 0x2202, 
    0x2202, 0x21E2, 0x21E2, 0x21E2, 0x21E2, 0x21C2, 0x19C2, 0x19C2, 0x19A2, 0x19A2, 0x1981, 0x1981, 0x1981, 0x1961, 0x1141, 0x1121, 
    0x1141, 0x1981, 0x21E2, 0x2A42, 0x2A62, 0x2A62, 0x2A62, 0x2A62, 0x2A83, 0x2A83, 0x2AA3, 0x2AA3, 0x32A3, 0x32C3, 0x32C3, 0x32E3, 
    0x2A63, 0x2A63, 0x2A63, 0x2A63, 0x2A63, 0x2A63, 0x2A63, 0x2A63, 0x2A63, 0x2A63, 0x2A63, 0x3263, 0x2A63, 0x2A43, 0x2222, 0x2202, 
    0x2202, 0x2202, 0x2202, 0x2202, 0x2202, 0x2202, 0x2202, 0x2202, 0x2202, 0x21E2, 0x21E2, 0x21E2, 0x21E2, 0x53C6, 0x6487, 0x6447, 
    0x6467, 0x6487, 0x6467, 0x53E6, 0x4344, 0x32A3, 0x2A83, 0x2A83, 0x32A3, 0x32A3, 0x32A3, 0x32A3, 0x2AA3, 0x32C3, 0x2222, 0x0000, 
    0x0000, 0x6BCB, 0x32C3, 0x2AA3, 0x32A3, 0x32A3, 0x2A83, 0x32E3, 0x1101, 0x0000, 0x2965, 0x640A, 0x2A82, 0x08A1, 0x0000, 0x4248, 
    0x53A8, 0x2242, 0x0040, 0x0000, 0x5B2A, 0x4325, 0x2A83, 0x32A3, 0x32A3, 0x2AA3, 0x32C3, 0x1982, 0x0000, 0x1082, 0x6BCB, 0x2A23, 
    0x10E1, 0x0000, 0x0000, 0x0000, 0x0000, 0x0000, 0x0000, 0x0000, 0x0000, 0x0000, 0x0000, 0x0000, 0x52C9, 0x32A4, 0x1161, 0x0000, 
    0x0000, 0x636B, 0x21E2, 0x21C2, 0x21E2, 0x19C2, 0x19C2, 0x19C2, 0x21E2, 0x2A44, 0x2A44, 0x19A2, 0x19A1, 0x0860, 0x0000, 0x4248, 
    0x4B08, 0x19A2, 0x1982, 0x1141, 0x1141, 0x1121, 0x1101, 0x1962, 0x21C3, 0x21A2, 0x19C2, 0x21E2, 0x2202, 0x21E2, 0x0000, 0x0000, 
    0x0000, 0x0000, 0x0000, 0x0000, 0x0000, 0x0000, 0x0000, 0x4227, 0x4B67, 0x2221, 0x2A62, 0x2AA3, 0x1101, 0x0000, 0x2945, 0x63E9, 
    0x2241, 0x2A83, 0x2A83, 0x2A63, 0x2A63, 0x2A63, 0x2A63, 0x32A3, 0x1101, 0x0000, 0x2945, 0x5BCA, 0x2221, 0x2A63, 0x2AA3, 0x1982, 
    0x0000, 0x1082, 0x6BEB, 0x2242, 0x2A83, 0x32C3, 0x2202, 0x0000, 0x0000, 0x0000, 0x0000, 0x0000, 0x0000, 0x0000, 0x0000, 0x0000, 
    0x5B2A, 0x4305, 0x2222, 0x2202, 0x21C2, 0x21A2, 0x21A2, 0x19A2, 0x19A2, 0x19A2, 0x19A2, 0x19A2, 0x19A2, 0x1141, 0x1101, 0x1101, 
    0x1101, 0x1101, 0x08E1, 0x08E1, 0x08E1, 0x08E1, 0x08E1, 0x08C1, 0x08C0, 0x1101, 0x1982, 0x21C2, 0x2202, 0x2202, 0x2202, 0x2202, 
    0x2202, 0x21E2, 0x2202, 0x21E2, 0x21E2, 0x21E2, 0x21C2, 0x21C2, 0x21C2, 0x19C2, 0x19A2, 0x19A2, 0x19A1, 0x1981, 0x1981, 0x1961, 
    0x1161, 0x1141, 0x1121, 0x1161, 0x19C2, 0x2202, 0x2A62, 0x2A62, 0x2A62, 0x2A62, 0x2A83, 0x2A83, 0x2A83, 0x32A3, 0x32C3, 0x32C3, 
    0x2A63, 0x2A63, 0x2A63, 0x2A63, 0x2A63, 0x2A63, 0x2A63, 0x2A63, 0x2A63, 0x2A63, 0x2A63, 0x2A63, 0x2A63, 0x3263, 0x2A63, 0x2A63, 
    0x2A43, 0x2202, 0x2202, 0x2202, 0x2202, 0x2202, 0x2202, 0x2202, 0x2202, 0x2202, 0x2202, 0x2202, 0x21E2, 0x53A6, 0x6467, 0x5C47, 
    0x6447, 0x6447, 0x6447, 0x6467, 0x6487, 0x5C27, 0x4B85, 0x3AE4, 0x2A83, 0x2A83, 0x32A3, 0x32A3, 0x2AA3, 0x32C3, 0x2222, 0x0000, 
    0x0000, 0x6BCB, 0x32C3, 0x2AA3, 0x32A3, 0x32A3, 0x2A83, 0x32E3, 0x1101, 0x0000, 0x2965, 0x640A, 0x2A82, 0x08A1, 0x0000, 0x4248, 
    0x53A8, 0x2242, 0x0040, 0x0000, 0x5B2A, 0x4325, 0x2A82, 0x32A3, 0x32A3, 0x2A63, 0x3264, 0x1942, 0x0000, 0x1082, 0x6BCB, 0x2A23, 
    0x10E1, 0x0000, 0x0040, 0x2144, 0x2945, 0x2944, 0x2944, 0x2944, 0x2944, 0x2944, 0x2965, 0x2945, 0x6BAC, 0x3284, 0x1161, 0x0000, 
    0x0000, 0x636B, 0x2202, 0x21E2, 0x21E2, 0x21E2, 0x21C2, 0x21C2, 0x1981, 0x1141, 0x1140, 0x1981, 0x19C2, 0x0860, 0x0000, 0x3A07, 
    0x3A66, 0x0900, 0x1961, 0x1161, 0x1141, 0x1141, 0x1141, 0x1121, 0x08E0, 0x08E0, 0x1121, 0x1141, 0x1981, 0x1961, 0x10A1, 0x2965, 
    0x2944, 0x2944, 0x2944, 0x2944, 0x2965, 0x0861, 0x0000, 0x4247, 0x4B47, 0x2201, 0x2A42, 0x2A83, 0x1101, 0x0000, 0x2965, 0x5BE9, 
    0x2221, 0x2A83, 0x2A83, 0x2A83, 0x2A83, 0x2A83, 0x2A63, 0x32A3, 0x1101, 0x0000, 0x2965, 0x5BCA, 0x2221, 0x2A63, 0x32A3, 0x1982, 
    0x0000, 0x1082, 0x6C0B, 0x2262, 0x2A23, 0x2202, 0x1981, 0x18E2, 0x2965, 0x2944, 0x2945, 0x2945, 0x2965, 0x2944, 0x0020, 0x0000, 
    0x5B0A, 0x3284, 0x1981, 0x19A2, 0x19A2, 0x19A2, 0x19A2, 0x19A2, 0x19A2, 0x19A2, 0x1982, 0x1982, 0x1982, 0x1141, 0x1101, 0x1121, 
    0x1101, 0x1101, 0x1101, 0x1101, 0x1101, 0x08E1, 0x08E1, 0x1101, 0x1961, 0x21C2, 0x2202, 0x2202, 0x2202, 0x2202, 0x2202, 0x2202, 
    0x2202, 0x2202, 0x2202, 0x2202, 0x21E2, 0x21E2, 0x21E2, 0x21E2, 0x21E2, 0x21C2, 0x19C2, 0x19C2, 0x19C2, 0x19A2, 0x19A2, 0x19A1, 
    0x1981, 0x1981, 0x1961, 0x1141, 0x1141, 0x1141, 0x1981, 0x2202, 0x2A42, 0x2A62, 0x2A62, 0x2A63, 0x2A83, 0x2A83, 0x2AA3, 0x32A3, 
    0x2A63, 0x2A63, 0x2A63, 0x2A63, 0x2A63, 0x2A63, 0x2A63, 0x2A63, 0x2A63, 0x2A63, 0x2A63, 0x2A63, 0x2A63, 0x2A63, 0x2A63, 0x2A63, 
    0x2A63, 0x2A63, 0x2A43, 0x2222, 0x2202, 0x2202, 0x2202, 0x2202, 0x2202, 0x2202, 0x2202, 0x2202, 0x21E2, 0x4BA5, 0x6467, 0x5C27, 
    0x6447, 0x6447, 0x6447, 0x6447, 0x6447, 0x6467, 0x6487, 0x6447, 0x53E6, 0x3B24, 0x32A3, 0x2A83, 0x2A83, 0x32C3, 0x2222, 0x0000, 
    0x0000, 0x6BCB, 0x32C3, 0x2AA3, 0x32A3, 0x32A3, 0x2A83, 0x32E3, 0x1101, 0x0000, 0x2965, 0x640A, 0x2A82, 0x08A1, 0x0000, 0x4248, 
    0x53A8, 0x2242, 0x0040, 0x0000, 0x5B2A, 0x4325, 0x2A62, 0x3263, 0x3243, 0x3223, 0x3244, 0x1942, 0x0000, 0x1082, 0x6BAB, 0x2A23, 
    0x10E2, 0x0000, 0x2144, 0x7C6E, 0x5348, 0x5B69, 0x5B69, 0x5369, 0x5369, 0x5369, 0x5B69, 0x5B89, 0x5348, 0x2202, 0x1981, 0x0000, 
    0x0000, 0x636B, 0x21E2, 0x21C2, 0x21E2, 0x21C2, 0x19C2, 0x21E2, 0x08A1, 0x0000, 0x18E3, 0x3AA6, 0x1981, 0x0860, 0x0000, 0x4227, 
    0x3AA6, 0x1140, 0x1982, 0x1961, 0x1161, 0x1161, 0x1141, 0x1141, 0x1141, 0x1121, 0x1141, 0x08A0, 0x0000, 0x0821, 0x5B49, 0x5349, 
    0x5B69, 0x5B89, 0x5B69, 0x5369, 0x5BA9, 0x10C2, 0x0000, 0x4247, 0x4B27, 0x19E1, 0x2242, 0x2A62, 0x10E1, 0x0000, 0x2945, 0x5BC9, 
    0x2221, 0x2A83, 0x2A82, 0x2A82, 0x2A82, 0x2AA3, 0x2A83, 0x32C3, 0x1101, 0x0000, 0x2965, 0x5BC9, 0x2221, 0x2A83, 0x32A3, 0x1982, 
    0x0000, 0x1082, 0x6BEB, 0x2A82, 0x1101, 0x0000, 0x10E2, 0x6C4B, 0x5BC9, 0x63EA, 0x63EA, 0x63EA, 0x63EA, 0x5BA9, 0x0040, 0x0000, 
    0x52EA, 0x2A24, 0x1981, 0x19A2, 0x19A2, 0x19A2, 0x19A2, 0x19A2, 0x1982, 0x1982, 0x1982, 0x1982, 0x1982, 0x1141, 0x1121, 0x1121, 
    0x1121, 0x1121, 0x1121, 0x1101, 0x1101, 0x1121, 0x19A2, 0x21E2, 0x2222, 0x2222, 0x2202, 0x2202, 0x2202, 0x2202, 0x2202, 0x2202, 
    0x2202, 0x2202, 0x2202, 0x2202, 0x2202, 0x2202, 0x2202, 0x21E2, 0x21E2, 0x21E2, 0x21E2, 0x21E2, 0x21C2, 0x21C2, 0x19C2, 0x19C2, 
    0x19A2, 0x19A2, 0x1981, 0x1981, 0x1981, 0x1961, 0x1141, 0x1141, 0x1961, 0x19C2, 0x2222, 0x2A62, 0x2A63, 0x2A82, 0x2A83, 0x2A83, 
    0x2A63, 0x2A63, 0x2A63, 0x2A63, 0x2A63, 0x2A63, 0x2A63, 0x2A63, 0x2A63, 0x2A63, 0x2A63, 0x2A63, 0x2A63, 0x2A63, 0x2A63, 0x2A63, 
    0x2A63, 0x2A63, 0x3263, 0x2A63, 0x2A63, 0x2A43, 0x2202, 0x2202, 0x2202, 0x2202, 0x2202, 0x2202, 0x21E2, 0x4BA5, 0x6447, 0x5C27, 
    0x5C47, 0x6447, 0x6447, 0x6447, 0x6447, 0x6447, 0x6447, 0x6467, 0x6487, 0x6467, 0x5C06, 0x4B85, 0x32C3, 0x2AA3, 0x2202, 0x0000, 
    0x0000, 0x6BCB, 0x32C3, 0x2AA3, 0x32A3, 0x32A3, 0x2A83, 0x32E3, 0x1101, 0x0000, 0x2965, 0x640A, 0x2A82, 0x08A1, 0x0000, 0x4248, 
    0x53A8, 0x2242, 0x0040, 0x0000, 0x5B0A, 0x42E5, 0x2A23, 0x3224, 0x3224, 0x3223, 0x3264, 0x1942, 0x0000, 0x1082, 0x6BAB, 0x2A23, 
    0x10E1, 0x0000, 0x2945, 0x5369, 0x0960, 0x19E1, 0x19C1, 0x19C1, 0x19C1, 0x19C1, 0x19C1, 0x19C1, 0x11A0, 0x2202, 0x1981, 0x0000, 
    0x0000, 0x63AB, 0x2222, 0x21E2, 0x2202, 0x21E2, 0x21E2, 0x2222, 0x08A0, 0x0000, 0x2965, 0x5B69, 0x1180, 0x0881, 0x0000, 0x4227, 
    0x42C6, 0x1160, 0x1982, 0x1981, 0x1981, 0x1981, 0x1961, 0x1161, 0x1161, 0x1141, 0x1161, 0x08C0, 0x0000, 0x1082, 0x5B2A, 0x00A0, 
    0x1120, 0x1160, 0x19A0, 0x19C1, 0x19E1, 0x0860, 0x0000, 0x4227, 0x4B27, 0x19E1, 0x2222, 0x2A62, 0x10E1, 0x0000, 0x2944, 0x5BC9, 
    0x1A01, 0x2A63, 0x2A62, 0x2A62, 0x2A82, 0x2A83, 0x2A83, 0x32C3, 0x1101, 0x0000, 0x2945, 0x640A, 0x2241, 0x2A63, 0x32A3, 0x1982, 
    0x0000, 0x1082, 0x6BEB, 0x2A82, 0x1101, 0x0000, 0x2965, 0x640A, 0x1A00, 0x2A62, 0x2261, 0x2221, 0x19E1, 0x1981, 0x0020, 0x0000, 
    0x52EA, 0x3224, 0x1981, 0x19A2, 0x19A2, 0x19A2, 0x1982, 0x1982, 0x1982, 0x1982, 0x1982, 0x1982, 0x1982, 0x1141, 0x1121, 0x1121, 
    0x1121, 0x1121, 0x1121, 0x1961, 0x21C2, 0x2202, 0x2222, 0x2202, 0x2202, 0x2202, 0x2222, 0x2222, 0x2222, 0x2222, 0x2222, 0x2222, 
    0x2222, 0x2202, 0x2202, 0x2202, 0x2202, 0x2202, 0x2202, 0x2202, 0x2202, 0x2202, 0x21E2, 0x21E2, 0x21E2, 0x21E2, 0x21E2, 0x21E2, 
    0x21C2, 0x19C2, 0x19C2, 0x19A2, 0x19A2, 0x19A1, 0x1981, 0x1961, 0x1141, 0x1141, 0x1141, 0x1981, 0x21E2, 0x2A42, 0x2A63, 0x2A83, 
    0x3263, 0x2A63, 0x3283, 0x3263, 0x3263, 0x2A83, 0x2A83, 0x3263, 0x2A63, 0x2A63, 0x3263, 0x2A63, 0x2A63, 0x2A63, 0x2A63, 0x2A63, 
    0x2A63, 0x2A63, 0x3263, 0x2A63, 0x2A63, 0x3263, 0x2A63, 0x2A43, 0x2222, 0x2202, 0x2202, 0x2202, 0x2202, 0x4B85, 0x6447, 0x5C06, 
    0x5C26, 0x5C27, 0x5C27, 0x5C47, 0x6447, 0x6447, 0x6447, 0x6447, 0x6447, 0x6467, 0x6467, 0x6C87, 0x5C47, 0x53C5, 0x3283, 0x0000, 
    0x0020, 0x6BCB, 0x32C3, 0x32A3, 0x32A3, 0x32A3, 0x2A83, 0x32E3, 0x1121, 0x0000, 0x2965, 0x640A, 0x2A82, 0x08A1, 0x0000, 0x4268, 
    0x53A7, 0x2242, 0x0840, 0x0000, 0x5B0A, 0x42A6, 0x2A03, 0x3223, 0x3223, 0x2A23, 0x3244, 0x1942, 0x0000, 0x10A2, 0x6BCB, 0x21E2, 
    0x29E3, 0x6BAC, 0x5B2A, 0x10C2, 0x0881, 0x0881, 0x0881, 0x0881, 0x0881, 0x0881, 0x0881, 0x0881, 0x29C3, 0x2A43, 0x19A1, 0x42A7, 
    0x6BCC, 0x2164, 0x0880, 0x0880, 0x0860, 0x0860, 0x0880, 0x0880, 0x2183, 0x636B, 0x6BCC, 0x42C7, 0x19A1, 0x0881, 0x0000, 0x4227, 
    0x42C6, 0x1160, 0x19A2, 0x19A1, 0x1981, 0x1981, 0x1981, 0x1961, 0x1981, 0x1961, 0x1961, 0x1121, 0x4AC9, 0x5B2B, 0x10C2, 0x0040, 
    0x0040, 0x0860, 0x0881, 0x0881, 0x0881, 0x0040, 0x0000, 0x4248, 0x4306, 0x19C1, 0x2202, 0x2A42, 0x10E1, 0x0000, 0x2965, 0x5BA9, 
    0x1A01, 0x2A63, 0x2A62, 0x2A62, 0x2A62, 0x2A62, 0x2A82, 0x2A82, 0x2A42, 0x6BEB, 0x5B4A, 0x10C2, 0x0880, 0x3264, 0x32C3, 0x1981, 
    0x0000, 0x10A2, 0x6C0B, 0x2262, 0x2A43, 0x6BCB, 0x5B4A, 0x10C2, 0x08A1, 0x08A1, 0x08A1, 0x0881, 0x0861, 0x0861, 0x0020, 0x0000, 
    0x52EA, 0x2A24, 0x1981, 0x19A2, 0x19A2, 0x1982, 0x1982, 0x1982, 0x1982, 0x1982, 0x1962, 0x1962, 0x1961, 0x1141, 0x1121, 0x1121, 
    0x1141, 0x1981, 0x21C2, 0x2202, 0x2202, 0x2202, 0x2202, 0x2202, 0x2222, 0x2222, 0x2222, 0x2222, 0x2222, 0x2222, 0x2222, 0x2222, 
    0x2222, 0x2222, 0x2222, 0x2222, 0x2202, 0x2202, 0x2202, 0x2202, 0x2202, 0x2202, 0x2202, 0x2202, 0x2202, 0x2202, 0x21E2, 0x21E2, 
    0x21E2, 0x21E2, 0x21E2, 0x19C2, 0x19C2, 0x19C2, 0x19A2, 0x19A2, 0x19A1, 0x1981, 0x1961, 0x1141, 0x1141, 0x1981, 0x19C2, 0x2222, 
    0x2A63, 0x3263, 0x2A63, 0x3263, 0x3283, 0x3283, 0x2A83, 0x3263, 0x3283, 0x3283, 0x2A63, 0x3283, 0x2A63, 0x3263, 0x2A63, 0x2A63, 
    0x2A63, 0x2A63, 0x3263, 0x2A63, 0x3263, 0x2A63, 0x3263, 0x3263, 0x3263, 0x2A63, 0x2222, 0x2202, 0x21E2, 0x4B85, 0x5C27, 0x5C06, 
    0x5C06, 0x5C06, 0x5C26, 0x5C27, 0x5C27, 0x5C47, 0x5C47, 0x5C47, 0x6447, 0x6447, 0x6447, 0x6447, 0x6467, 0x6CA8, 0x5386, 0x0000, 
    0x0000, 0x63CB, 0x32A3, 0x2A83, 0x32A3, 0x32A3, 0x2A83, 0x32E3, 0x10E1, 0x0000, 0x1903, 0x640A, 0x2A82, 0x0880, 0x0000, 0x3A07, 
    0x5388, 0x21E2, 0x0000, 0x0000, 0x52E9, 0x42C6, 0x2A03, 0x3223, 0x3223, 0x2A23, 0x3244, 0x1942, 0x0000, 0x0000, 0x6BAB, 0x21E2, 
    0x3224, 0x3244, 0x21A2, 0x0000, 0x0000, 0x0000, 0x0000, 0x0000, 0x0000, 0x0000, 0x0000, 0x0000, 0x52C9, 0x3284, 0x19C1, 0x2202, 
    0x2222, 0x0000, 0x0000, 0x0000, 0x0000, 0x0000, 0x0000, 0x0000, 0x52C9, 0x3284, 0x19A1, 0x19C1, 0x21E2, 0x0040, 0x0000, 0x39E6, 
    0x42E6, 0x1160, 0x19C2, 0x19A2, 0x19A1, 0x19A2, 0x19A1, 0x1981, 0x1981, 0x1981, 0x1961, 0x1961, 0x1981, 0x1161, 0x0000, 0x0000, 
    0x0000, 0x0000, 0x0000, 0x0000, 0x0000, 0x0000, 0x0000, 0x39E6, 0x4307, 0x19C1, 0x2202, 0x2A42, 0x08C1, 0x0000, 0x1903, 0x5BA9, 
    0x19E1, 0x2A42, 0x2A42, 0x2A42, 0x2A62, 0x2A62, 0x2A62, 0x2A62, 0x2A82, 0x32C3, 0x2202, 0x0000, 0x0000, 0x63AB, 0x32E3, 0x1961, 
    0x0000, 0x0000, 0x6BEB, 0x2242, 0x32A3, 0x32C3, 0x2202, 0x0000, 0x0000, 0x0000, 0x0000, 0x0000, 0x0000, 0x0000, 0x0000, 0x0000, 
    0x4AA9, 0x3224, 0x1961, 0x19A2, 0x1982, 0x1982, 0x1982, 0x1982, 0x1962, 0x1961, 0x1961, 0x1961, 0x1961, 0x1941, 0x1961, 0x1981, 
    0x21C2, 0x2202, 0x2202, 0x2202, 0x2202, 0x2202, 0x2202, 0x2222, 0x2222, 0x2222, 0x2222, 0x2222, 0x2222, 0x2222, 0x2222, 0x2222, 
    0x2222, 0x2222, 0x2222, 0x2222, 0x2222, 0x2222, 0x2222, 0x2222, 0x2222, 0x2202, 0x2202, 0x2202, 0x2202, 0x2202, 0x2202, 0x2202, 
    0x21E2, 0x21E2, 0x21E2, 0x21E2, 0x21E2, 0x21E2, 0x21C2, 0x19C2, 0x19C2, 0x19A2, 0x19A2, 0x19A1, 0x1981, 0x1961, 0x1141, 0x1161, 
    0x2A63, 0x3263, 0x2A63, 0x3263, 0x3283, 0x3283, 0x3283, 0x3263, 0x3283, 0x3283, 0x3283, 0x3263, 0x3263, 0x3283, 0x3263, 0x3263, 
    0x2A63, 0x3263, 0x3263, 0x2A63, 0x3263, 0x2A63, 0x2A63, 0x3263, 0x3263, 0x3263, 0x2A63, 0x2A63, 0x2A43, 0x4B85, 0x5C06, 0x5C06, 
    0x5C06, 0x5C06, 0x5C06, 0x5C27, 0x5C26, 0x5C27, 0x5C27, 0x5C47, 0x5C27, 0x5C47, 0x6447, 0x6447, 0x6447, 0x6467, 0x53C5, 0x3A26, 
    0x52A9, 0x8D2F, 0x4BA5, 0x32E4, 0x2A83, 0x2A83, 0x2A83, 0x32C3, 0x21C2, 0x4227, 0x634B, 0x640A, 0x2261, 0x21A3, 0x4248, 0x6BAD, 
    0x5328, 0x21C2, 0x2984, 0x4A48, 0x73EE, 0x3A85, 0x2A03, 0x3223, 0x2A23, 0x2A23, 0x3244, 0x2182, 0x39E6, 0x52AA, 0x6BEC, 0x21C2, 
    0x2A03, 0x2A03, 0x21A2, 0x29A5, 0x4248, 0x4227, 0x4227, 0x4227, 0x4227, 0x4227, 0x4248, 0x4227, 0x73ED, 0x2A44, 0x19E1, 0x21E2, 
    0x21E2, 0x1942, 0x4248, 0x4227, 0x4227, 0x4227, 0x4248, 0x4227, 0x73ED, 0x2A43, 0x19C1, 0x21E2, 0x19C1, 0x1942, 0x4228, 0x6B8C, 
    0x42C6, 0x1181, 0x21C2, 0x19C2, 0x19A2, 0x19A2, 0x19A1, 0x19A1, 0x19A1, 0x19A1, 0x1981, 0x1981, 0x1981, 0x1141, 0x2143, 0x4228, 
    0x3A07, 0x3A07, 0x3A07, 0x3A07, 0x3A07, 0x4207, 0x3A07, 0x6B6C, 0x3A86, 0x19A1, 0x2202, 0x2202, 0x1941, 0x3A07, 0x5B2B, 0x5B89, 
    0x19E1, 0x2A42, 0x2222, 0x2242, 0x2A42, 0x2A42, 0x2A42, 0x2A62, 0x2A62, 0x2A83, 0x2202, 0x29C5, 0x4A68, 0x744D, 0x2AC3, 0x21E2, 
    0x3A06, 0x52CA, 0x6C2C, 0x2242, 0x2A63, 0x2A22, 0x1961, 0x2985, 0x4248, 0x4227, 0x4227, 0x4227, 0x4227, 0x4227, 0x4228, 0x4227, 
    0x73CD, 0x2A03, 0x1961, 0x1982, 0x1982, 0x1982, 0x1982, 0x1962, 0x1962, 0x1961, 0x1961, 0x1961, 0x1941, 0x1141, 0x19A2, 0x21E2, 
    0x21E2, 0x21E2, 0x21E2, 0x2202, 0x2202, 0x2202, 0x2202, 0x2222, 0x2222, 0x2222, 0x2222, 0x2222, 0x2222, 0x2222, 0x2222, 0x2222, 
    0x2222, 0x2222, 0x2222, 0x2222, 0x2222, 0x2222, 0x2222, 0x2222, 0x2222, 0x2222, 0x2222, 0x2222, 0x2222, 0x2202, 0x2202, 0x2202, 
    0x2202, 0x2202, 0x2202, 0x2202, 0x2202, 0x21E2, 0x21E2, 0x21E2, 0x21E2, 0x21E2, 0x21E2, 0x21C2, 0x21C2, 0x19C2, 0x19C2, 0x19A2, 
    0x3263, 0x2A63, 0x3283, 0x3263, 0x2A63, 0x3283, 0x3263, 0x3263, 0x3263, 0x3283, 0x3283, 0x3283, 0x3283, 0x3283, 0x3283, 0x3263, 
    0x2A63, 0x2A63, 0x2A63, 0x2A63, 0x2A63, 0x2A63, 0x3263, 0x2A63, 0x2A63, 0x2A63, 0x2A63, 0x3263, 0x3283, 0x4B85, 0x5C06, 0x5BE6, 
    0x5C06, 0x5C06, 0x5C06, 0x5C06, 0x5C06, 0x5C06, 0x5C27, 0x5C26, 0x5C27, 0x5C27, 0x5C27, 0x5C27, 0x5C47, 0x6447, 0x6447, 0x750A, 
    0x854C, 0x74C9, 0x6487, 0x6447, 0x53E6, 0x4344, 0x32A3, 0x2A83, 0x32C3, 0x53A7, 0x5388, 0x3AA4, 0x2A23, 0x3A85, 0x5348, 0x4B28, 
    0x3244, 0x2A23, 0x42A5, 0x5348, 0x4AE7, 0x2A23, 0x2A23, 0x2A23, 0x2A23, 0x2A03, 0x2A03, 0x2A03, 0x4AE7, 0x5328, 0x3A65, 0x2A03, 
    0x2A03, 0x2A03, 0x29E3, 0x4B06, 0x5368, 0x4B27, 0x4306, 0x4306, 0x4306, 0x4307, 0x4307, 0x4307, 0x3AC5, 0x21E2, 0x21E2, 0x21E2, 
    0x21E2, 0x2A43, 0x4B07, 0x4306, 0x4306, 0x4306, 0x4306, 0x4307, 0x3AA5, 0x21E2, 0x21E2, 0x21E2, 0x19C2, 0x2A43, 0x4307, 0x3AA6, 
    0x21E2, 0x19C2, 0x19C2, 0x19C2, 0x19C2, 0x19C2, 0x19C2, 0x19A1, 0x19A1, 0x19A1, 0x19A1, 0x19A1, 0x1982, 0x1981, 0x2A03, 0x42A6, 
    0x3A86, 0x3A86, 0x3A86, 0x3A66, 0x3A66, 0x3A66, 0x3A46, 0x3225, 0x1121, 0x1121, 0x1961, 0x19C2, 0x2222, 0x4306, 0x4306, 0x2A43, 
    0x2202, 0x2222, 0x2222, 0x2222, 0x2222, 0x2222, 0x2A42, 0x2A42, 0x2A42, 0x2A42, 0x2A62, 0x4325, 0x53A8, 0x4305, 0x2A82, 0x2AA2, 
    0x4B66, 0x53A8, 0x3B05, 0x2202, 0x21C2, 0x19A2, 0x19A2, 0x3265, 0x42C7, 0x42A6, 0x42C6, 0x42A6, 0x42A6, 0x42A6, 0x42A6, 0x42A6, 
    0x3A65, 0x1982, 0x1982, 0x1982, 0x1982, 0x1962, 0x1962, 0x1961, 0x1961, 0x1961, 0x1961, 0x1941, 0x1121, 0x1101, 0x1941, 0x1982, 
    0x19C2, 0x21E2, 0x2202, 0x2202, 0x2202, 0x2202, 0x2222, 0x2222, 0x2222, 0x2222, 0x2222, 0x2222, 0x2222, 0x2222, 0x2222, 0x2222, 
    0x2222, 0x2222, 0x2222, 0x2222, 0x2222, 0x2222, 0x2222, 0x2222, 0x2222, 0x2222, 0x2222, 0x2222, 0x2222, 0x2222, 0x2222, 0x2222, 
    0x2222, 0x2222, 0x2222, 0x2202, 0x2202, 0x2202, 0x2202, 0x2202, 0x2202, 0x2202, 0x2202, 0x2202, 0x21E2, 0x21E2, 0x2202, 0x2202, 
    0x3283, 0x3283, 0x2A83, 0x2A83, 0x3283, 0x3283, 0x3283, 0x3263, 0x3263, 0x3283, 0x3283, 0x3283, 0x3283, 0x2A63, 0x3283, 0x3283, 
    0x2A83, 0x2A63, 0x3283, 0x3283, 0x3263, 0x2A63, 0x3263, 0x2A63, 0x3283, 0x3283, 0x3283, 0x3284, 0x3263, 0x4B85, 0x5BE6, 0x53C6, 
    0x5BE6, 0x5BE6, 0x5BE6, 0x5C06, 0x5C06, 0x5C06, 0x5C06, 0x5C06, 0x5C06, 0x5C27, 0x5C27, 0x5C27, 0x5C27, 0x5C47, 0x5C47, 0x5C26, 
    0x5C26, 0x5C26, 0x6447, 0x6467, 0x6487, 0x6487, 0x5C06, 0x4B85, 0x32A3, 0x2A22, 0x2A02, 0x3223, 0x3244, 0x2A23, 0x29E2, 0x2A02, 
    0x2A23, 0x3223, 0x2A03, 0x21E2, 0x29E3, 0x2A23, 0x2A23, 0x2A03, 0x2A03, 0x2A03, 0x2A03, 0x2A03, 0x21C2, 0x21C2, 0x29E3, 0x2A03, 
    0x29E3, 0x29E3, 0x2A03, 0x2A23, 0x2A23, 0x2A23, 0x2202, 0x21E2, 0x19C1, 0x19A1, 0x19A1, 0x19A1, 0x19C1, 0x21E2, 0x21E2, 0x21E2, 
    0x21E2, 0x21E2, 0x19A1, 0x19A1, 0x19A1, 0x19A1, 0x19A1, 0x19A1, 0x19A1, 0x21E2, 0x21E2, 0x2202, 0x2222, 0x2222, 0x19E1, 0x19E1, 
    0x21E2, 0x21C2, 0x19C2, 0x19C2, 0x21C2, 0x19C2, 0x19C2, 0x19C2, 0x19C2, 0x19A2, 0x19A2, 0x19A2, 0x19A2, 0x19A2, 0x1981, 0x1140, 
    0x1140, 0x1140, 0x1120, 0x1120, 0x0920, 0x0920, 0x0900, 0x0900, 0x1141, 0x1121, 0x1101, 0x1121, 0x1141, 0x1160, 0x19A1, 0x21E2, 
    0x2202, 0x2202, 0x2202, 0x2202, 0x2222, 0x2222, 0x2222, 0x2222, 0x2242, 0x2242, 0x2A62, 0x2222, 0x2221, 0x2242, 0x2A62, 0x2A83, 
    0x2242, 0x2241, 0x2A82, 0x21E2, 0x1982, 0x19A2, 0x19A2, 0x1961, 0x1161, 0x1161, 0x1161, 0x1161, 0x1141, 0x1141, 0x1141, 0x1141, 
    0x1141, 0x1982, 0x1982, 0x1962, 0x1962, 0x1962, 0x1961, 0x1961, 0x1961, 0x1941, 0x1141, 0x1121, 0x08E1, 0x1101, 0x1141, 0x1941, 
    0x1982, 0x19A2, 0x21E2, 0x2202, 0x2202, 0x2222, 0x2222, 0x2222, 0x2222, 0x2222, 0x2222, 0x2222, 0x2222, 0x2A22, 0x2A42, 0x2A22, 
    0x2222, 0x2A22, 0x2A22, 0x2A42, 0x2A42, 0x2A22, 0x2A22, 0x2A42, 0x2A22, 0x2222, 0x2A22, 0x2A22, 0x2A22, 0x2A22, 0x2222, 0x2222, 
    0x2222, 0x2222, 0x2222, 0x2222, 0x2222, 0x2222, 0x2222, 0x2222, 0x2222, 0x2222, 0x2222, 0x2222, 0x2222, 0x2222, 0x2222, 0x2222, 
    0x2A63, 0x3263, 0x3283, 0x3283, 0x3283, 0x3283, 0x3283, 0x3283, 0x3283, 0x3283, 0x3263, 0x3263, 0x3283, 0x3283, 0x3263, 0x3283, 
    0x3263, 0x3283, 0x3263, 0x2A63, 0x2A63, 0x2A63, 0x3283, 0x3283, 0x3284, 0x3284, 0x3283, 0x3283, 0x3263, 0x4B65, 0x5BE6, 0x53C6, 
    0x53E6, 0x53E6, 0x5BE6, 0x5BE6, 0x5BE6, 0x5BE6, 0x5C06, 0x5C06, 0x5C06, 0x5C06, 0x5C06, 0x5C27, 0x5C27, 0x5C27, 0x5C27, 0x5C47, 
    0x6447, 0x5C47, 0x6447, 0x5C47, 0x6447, 0x6467, 0x6467, 0x6487, 0x4305, 0x2A03, 0x3244, 0x3224, 0x3223, 0x3223, 0x3224, 0x3224, 
    0x3223, 0x2A23, 0x3223, 0x3223, 0x3223, 0x2A03, 0x2A03, 0x2A03, 0x2A03, 0x2A03, 0x2A03, 0x2A03, 0x2A03, 0x2A03, 0x2A03, 0x29E3, 
    0x29E3, 0x29E3, 0x29E3, 0x3244, 0x3264, 0x3264, 0x3264, 0x3264, 0x3244, 0x2A23, 0x2202, 0x21E2, 0x21E2, 0x21E2, 0x21E2, 0x21E2, 
    0x21E2, 0x21E2, 0x21E2, 0x21E2, 0x21E2, 0x21E2, 0x21E2, 0x21E2, 0x2202, 0x2202, 0x2222, 0x2222, 0x2222, 0x2242, 0x2A42, 0x2A42, 
    0x2242, 0x2222, 0x2202, 0x21E2, 0x21C2, 0x21C2, 0x19C2, 0x19C2, 0x19C2, 0x19C2, 0x19C2, 0x19C2, 0x19C2, 0x19A2, 0x19A2, 0x19A2, 
    0x19A2, 0x19A2, 0x19A2, 0x1982, 0x1982, 0x1981, 0x1961, 0x1961, 0x1161, 0x1141, 0x1141, 0x1121, 0x1121, 0x1121, 0x1141, 0x1981, 
    0x19C2, 0x2202, 0x2202, 0x2202, 0x2202, 0x2202, 0x2222, 0x2222, 0x2222, 0x2222, 0x2242, 0x2A42, 0x2A62, 0x2A62, 0x2A62, 0x2A62, 
    0x2A63, 0x2A83, 0x2A83, 0x21E2, 0x1982, 0x19A2, 0x19A2, 0x19A2, 0x19A2, 0x19A2, 0x19A2, 0x1982, 0x1982, 0x1982, 0x1982, 0x1982, 
    0x1982, 0x1982, 0x1962, 0x1961, 0x1961, 0x1962, 0x1961, 0x1961, 0x1941, 0x1141, 0x1121, 0x1101, 0x08C1, 0x1101, 0x1121, 0x1941, 
    0x1961, 0x1982, 0x19A2, 0x21C2, 0x2202, 0x2202, 0x2222, 0x2222, 0x2222, 0x2A22, 0x2222, 0x2A22, 0x2A22, 0x2222, 0x2A22, 0x2A42, 
    0x2A22, 0x2A42, 0x2A42, 0x2A42, 0x2A22, 0x2A42, 0x2A42, 0x2A42, 0x2A42, 0x2A42, 0x2A42, 0x2A42, 0x2A22, 0x2A42, 0x2A42, 0x2A22, 
    0x2A42, 0x2A22, 0x2A22, 0x2A42, 0x2A22, 0x2222, 0x2A22, 0x2222, 0x2222, 0x2A22, 0x2A22, 0x2222, 0x2222, 0x2222, 0x2222, 0x2222, 
    0x3283, 0x3283, 0x3283, 0x3283, 0x2A63, 0x3283, 0x3283, 0x3283, 0x3283, 0x3283, 0x3283, 0x3283, 0x2A63, 0x2A63, 0x3263, 0x3283, 
    0x2A63, 0x2A63, 0x2A63, 0x2A63, 0x3283, 0x3283, 0x3284, 0x3283, 0x3283, 0x3283, 0x3283, 0x3263, 0x2A63, 0x4B65, 0x53C6, 0x53A6, 
    0x53C6, 0x53C6, 0x53E6, 0x53E6, 0x53E6, 0x53E6, 0x5BE6, 0x5BE6, 0x5C06, 0x5C06, 0x5C06, 0x5C06, 0x5C06, 0x5C06, 0x5C26, 0x5C26, 
    0x5C27, 0x5C27, 0x5C47, 0x5C47, 0x6447, 0x6447, 0x6447, 0x6467, 0x4305, 0x2A03, 0x3223, 0x3223, 0x3223, 0x3223, 0x2A23, 0x2A23, 
    0x2A23, 0x2A23, 0x2A23, 0x2A03, 0x2A03, 0x2A03, 0x2A03, 0x2A03, 0x2A03, 0x2A03, 0x2A03, 0x2A03, 0x29E3, 0x29E3, 0x29E3, 0x29E3, 
    0x29E3, 0x29E3, 0x29E3, 0x3244, 0x3264, 0x3244, 0x3244, 0x3244, 0x3244, 0x3264, 0x3244, 0x3223, 0x2202, 0x21E2, 0x21E2, 0x21E2, 
    0x21E2, 0x21E2, 0x21E2, 0x21E2, 0x21E2, 0x21E2, 0x2202, 0x2222, 0x2222, 0x2222, 0x2222, 0x2222, 0x2222, 0x2222, 0x2222, 0x2242, 
    0x2242, 0x2242, 0x2242, 0x2222, 0x2202, 0x21E2, 0x21C2, 0x21C2, 0x21C2, 0x19C2, 0x21C2, 0x19C2, 0x19C2, 0x19C2, 0x19C2, 0x19C2, 
    0x19A1, 0x19A1, 0x19A1, 0x19A1, 0x19A1, 0x19A1, 0x1981, 0x1981, 0x1981, 0x1961, 0x1961, 0x1161, 0x1141, 0x1141, 0x1121, 0x1101, 
    0x1121, 0x1161, 0x19C2, 0x21E2, 0x2202, 0x2202, 0x2202, 0x2202, 0x2222, 0x2222, 0x2222, 0x2222, 0x2222, 0x2242, 0x2A42, 0x2A62, 
    0x2A62, 0x2A62, 0x2A82, 0x21E2, 0x1982, 0x19A2, 0x1982, 0x1982, 0x1982, 0x1982, 0x1982, 0x1982, 0x1982, 0x1982, 0x1962, 0x1962, 
    0x1961, 0x1961, 0x1961, 0x1961, 0x1961, 0x1961, 0x1141, 0x1141, 0x1121, 0x1121, 0x1101, 0x08E1, 0x08C0, 0x10E1, 0x1121, 0x1141, 
    0x1961, 0x1982, 0x19A2, 0x21C2, 0x21C2, 0x2202, 0x2202, 0x2A22, 0x2A22, 0x2222, 0x2A22, 0x2A22, 0x2A42, 0x2A42, 0x2A42, 0x2A42, 
    0x2A42, 0x2A42, 0x2A42, 0x2A42, 0x2A42, 0x2A42, 0x2A42, 0x2A42, 0x2A42, 0x2A42, 0x2A42, 0x2A42, 0x2A42, 0x2A42, 0x2A42, 0x2A42, 
    0x2A42, 0x2A42, 0x2A42, 0x2A42, 0x2A42, 0x2A42, 0x2A42, 0x2A42, 0x2A42, 0x2A42, 0x2242, 0x2A42, 0x2A42, 0x2242, 0x2A22, 0x2A42, 
    0x2A63, 0x2A83, 0x3263, 0x3283, 0x2A63, 0x3283, 0x3283, 0x3263, 0x2A83, 0x3283, 0x3283, 0x3263, 0x2A63, 0x2A83, 0x2A83, 0x2A63, 
    0x2A83, 0x3283, 0x3283, 0x3284, 0x3283, 0x3283, 0x3283, 0x3283, 0x3283, 0x3283, 0x3283, 0x3263, 0x2A63, 0x4B45, 0x53A6, 0x53A6, 
    0x53A6, 0x53C6, 0x53C6, 0x53C6, 0x53C6, 0x53C6, 0x53C6, 0x53E6, 0x5BE6, 0x5BE6, 0x5C06, 0x5BE6, 0x5C06, 0x5C06, 0x5C06, 0x5C06, 
    0x5C26, 0x5C27, 0x5C27, 0x5C27, 0x5C27, 0x5C47, 0x6447, 0x6467, 0x4305, 0x2A03, 0x3243, 0x3223, 0x3223, 0x2A23, 0x2A03, 0x2A03, 
    0x2A03, 0x2A03, 0x2A03, 0x2A03, 0x2A03, 0x2A03, 0x2A03, 0x2A03, 0x2A03, 0x29E3, 0x29E3, 0x29E3, 0x29E3, 0x29E3, 0x29E3, 0x29E3, 
    0x29E3, 0x29E3, 0x29E3, 0x3244, 0x3244, 0x3244, 0x3244, 0x3244, 0x3244, 0x3244, 0x3244, 0x3244, 0x3244, 0x3243, 0x2A23, 0x21E2, 
    0x21E2, 0x21E2, 0x21E2, 0x21E2, 0x2202, 0x2222, 0x2222, 0x2222, 0x2222, 0x2222, 0x2222, 0x2222, 0x2222, 0x2222, 0x2242, 0x2242, 
    0x2242, 0x2242, 0x2242, 0x2242, 0x2242, 0x2242, 0x2222, 0x2202, 0x21E2, 0x21C2, 0x21C2, 0x21C2, 0x21C2, 0x19C2, 0x19C2, 0x19C2, 
    0x19C2, 0x19C2, 0x19C2, 0x19A2, 0x19A2, 0x19A1, 0x19A1, 0x19A1, 0x1981, 0x1981, 0x1981, 0x1961, 0x1961, 0x1161, 0x1141, 0x1141, 
    0x1121, 0x1121, 0x1101, 0x1141, 0x1981, 0x21E2, 0x2202, 0x2202, 0x2202, 0x2202, 0x2202, 0x2222, 0x2222, 0x2222, 0x2242, 0x2242, 
    0x2A42, 0x2A42, 0x2A62, 0x21C2, 0x1982, 0x1982, 0x1982, 0x1982, 0x1982, 0x1982, 0x1982, 0x1982, 0x1982, 0x1962, 0x1962, 0x1961, 
    0x1961, 0x1961, 0x1961, 0x1941, 0x1941, 0x1141, 0x1141, 0x1121, 0x1121, 0x1101, 0x10E1, 0x08C1, 0x08A0, 0x10E1, 0x1121, 0x1121, 
    0x1141, 0x1962, 0x1982, 0x19A2, 0x21C2, 0x21E2, 0x21E2, 0x2203, 0x2A23, 0x2A43, 0x2A42, 0x2A42, 0x2A42, 0x2A42, 0x2A42, 0x2A42, 
    0x2A42, 0x2A42, 0x2A42, 0x2A42, 0x2A42, 0x2A42, 0x2A42, 0x2A42, 0x2A42, 0x2A42, 0x2A42, 0x2A42, 0x2A42, 0x2A42, 0x2A42, 0x2A42, 
    0x2A42, 0x2A42, 0x2A42, 0x2A42, 0x2A42, 0x2A42, 0x2A42, 0x2A42, 0x2A42, 0x2A42, 0x2A42, 0x2A42, 0x2A42, 0x2A42, 0x2A42, 0x2A42, 
    0x2A63, 0x3283, 0x3283, 0x2A63, 0x3263, 0x3283, 0x3283, 0x3283, 0x3283, 0x3263, 0x3283, 0x2A83, 0x2A63, 0x2A63, 0x3263, 0x3283, 
    0x3283, 0x3283, 0x3283, 0x3284, 0x3284, 0x3283, 0x3283, 0x3283, 0x3263, 0x3263, 0x3283, 0x3263, 0x2A63, 0x4345, 0x53A6, 0x5386, 
    0x53A6, 0x53A6, 0x53A6, 0x53A6, 0x53A6, 0x53C6, 0x53C6, 0x53C6, 0x53C6, 0x53E6, 0x5BE6, 0x5BE6, 0x5BE6, 0x5C06, 0x5C06, 0x5C06, 
    0x5C06, 0x5C27, 0x5C27, 0x5C27, 0x5C27, 0x5C27, 0x5C27, 0x6447, 0x42E5, 0x2A03, 0x3223, 0x2A23, 0x2A23, 0x2A03, 0x2A03, 0x2A03, 
    0x2A03, 0x2A03, 0x2A03, 0x2A03, 0x2A03, 0x29E3, 0x2A03, 0x29E3, 0x29E3, 0x29E3, 0x29E3, 0x29E3, 0x29E3, 0x29E3, 0x29E3, 0x29E3, 
    0x29E3, 0x29E3, 0x29E3, 0x3223, 0x3244, 0x3244, 0x3244, 0x3244, 0x3244, 0x3244, 0x3244, 0x3244, 0x3244, 0x3244, 0x3244, 0x3244, 
    0x2A23, 0x2202, 0x2202, 0x2222, 0x2222, 0x2222, 0x2222, 0x2222, 0x2222, 0x2222, 0x2222, 0x2222, 0x2222, 0x2222, 0x2222, 0x2242, 
    0x2242, 0x2242, 0x2242, 0x2242, 0x2242, 0x2242, 0x2242, 0x2242, 0x2222, 0x2202, 0x21E2, 0x21C2, 0x19C2, 0x21C2, 0x19C2, 0x19C2, 
    0x19C2, 0x19C2, 0x19C2, 0x19C2, 0x19C2, 0x19C2, 0x19A1, 0x19A1, 0x19A1, 0x19A1, 0x19A1, 0x1981, 0x1981, 0x1981, 0x1961, 0x1961, 
    0x1161, 0x1141, 0x1141, 0x1121, 0x1121, 0x1121, 0x1161, 0x19C1, 0x21E2, 0x2202, 0x2202, 0x2202, 0x2222, 0x2222, 0x2222, 0x2222, 
    0x2242, 0x2A42, 0x2A62, 0x21C2, 0x1982, 0x1982, 0x1982, 0x1982, 0x1982, 0x1982, 0x1962, 0x1962, 0x1962, 0x1962, 0x1961, 0x1961, 
    0x1941, 0x1961, 0x1941, 0x1941, 0x1141, 0x1141, 0x1121, 0x1121, 0x1101, 0x1101, 0x08C1, 0x08C1, 0x08A0, 0x08E1, 0x1101, 0x1121, 
    0x1141, 0x1961, 0x1962, 0x1982, 0x19A2, 0x21C2, 0x21E2, 0x21E2, 0x2202, 0x2A23, 0x2A23, 0x2A43, 0x2A43, 0x2A42, 0x2A42, 0x2A42, 
    0x2A42, 0x2A42, 0x2A42, 0x2A42, 0x2A42, 0x2A42, 0x2A42, 0x2A42, 0x2A42, 0x2A42, 0x2A42, 0x2A42, 0x2A42, 0x2A42, 0x2A42, 0x2A42, 
    0x2A42, 0x2A42, 0x2A42, 0x2A42, 0x2A42, 0x2A42, 0x2A42, 0x2A42, 0x2A42, 0x2A42, 0x2A42, 0x2A42, 0x2A42, 0x2A42, 0x2A42, 0x2A42, 
    0x3283, 0x3283, 0x3283, 0x2A83, 0x3283, 0x3283, 0x2A63, 0x2A63, 0x2A83, 0x2A63, 0x2A63, 0x2A63, 0x3263, 0x3283, 0x3283, 0x3284, 
    0x3283, 0x3283, 0x3284, 0x3283, 0x3284, 0x3264, 0x2A63, 0x3263, 0x3263, 0x2A63, 0x3263, 0x2A63, 0x2A63, 0x4325, 0x53A6, 0x4B85, 
    0x5386, 0x5386, 0x53A6, 0x53A6, 0x53A6, 0x53C6, 0x53A6, 0x53C6, 0x53C6, 0x53C6, 0x53C6, 0x53E6, 0x53E6, 0x5BE6, 0x5BE6, 0x5BE6, 
    0x5C06, 0x5C06, 0x5C06, 0x5C26, 0x5C07, 0x5C26, 0x5C27, 0x5C27, 0x42E5, 0x2A03, 0x3223, 0x2A03, 0x2A03, 0x2A03, 0x2A03, 0x2A03, 
    0x2A03, 0x2A03, 0x2A03, 0x2A03, 0x29E3, 0x2A03, 0x29E3, 0x29E3, 0x29E3, 0x29E3, 0x29E3, 0x29E3, 0x29E3, 0x29E3, 0x29C3, 0x29C3, 
    0x29C3, 0x29C3, 0x29C3, 0x3223, 0x3224, 0x3224, 0x3224, 0x3223, 0x3244, 0x3244, 0x3244, 0x3244, 0x3223, 0x3244, 0x3223, 0x2A23, 
    0x2A22, 0x2222, 0x2222, 0x2222, 0x2222, 0x2222, 0x2222, 0x2222, 0x2222, 0x2222, 0x2222, 0x2222, 0x2242, 0x2242, 0x2222, 0x2242, 
    0x2242, 0x2242, 0x2242, 0x2242, 0x2242, 0x2242, 0x2242, 0x2242, 0x2242, 0x2242, 0x2242, 0x2222, 0x2202, 0x21E2, 0x19C2, 0x21E2, 
    0x21C2, 0x21C2, 0x19C2, 0x19C2, 0x19C2, 0x19C2, 0x19C2, 0x19C2, 0x19C2, 0x19A1, 0x19A1, 0x19A1, 0x19A1, 0x19A1, 0x1981, 0x1981, 
    0x1981, 0x1961, 0x1961, 0x1961, 0x1141, 0x1121, 0x1121, 0x1121, 0x1141, 0x19A1, 0x21E2, 0x2202, 0x2202, 0x2202, 0x2202, 0x2222, 
    0x2222, 0x2222, 0x2A42, 0x19A2, 0x1962, 0x1962, 0x1962, 0x1962, 0x1961, 0x1961, 0x1962, 0x1961, 0x1961, 0x1961, 0x1961, 0x1941, 
    0x1961, 0x1941, 0x1141, 0x1141, 0x1121, 0x1121, 0x1101, 0x1101, 0x1101, 0x08E1, 0x08C1, 0x08C0, 0x08A0, 0x08E1, 0x1101, 0x1121, 
    0x1141, 0x1141, 0x1962, 0x1982, 0x19A2, 0x21A2, 0x21C2, 0x21E2, 0x21E2, 0x2202, 0x2202, 0x2A23, 0x2A43, 0x2A43, 0x2A63, 0x2A42, 
    0x2A42, 0x2A42, 0x2A42, 0x2A42, 0x2A42, 0x2A42, 0x2A42, 0x2A42, 0x2A42, 0x2A42, 0x2A62, 0x2A42, 0x2A42, 0x2A42, 0x2A42, 0x2A42, 
    0x2A42, 0x2A42, 0x2A42, 0x2A42, 0x2A42, 0x2A42, 0x2A42, 0x2A42, 0x2A42, 0x2A42, 0x2A42, 0x2A42, 0x2A42, 0x2A42, 0x2A42, 0x2A42, 
    0x3283, 0x2A83, 0x3283, 0x3263, 0x3263, 0x2A63, 0x2A63, 0x3263, 0x2A63, 0x2A63, 0x3283, 0x3283, 0x3283, 0x3283, 0x3283, 0x3283, 
    0x3283, 0x2A63, 0x2A63, 0x2A63, 0x2A63, 0x2A63, 0x3263, 0x2A63, 0x3263, 0x2A63, 0x2A63, 0x2A63, 0x2A63, 0x4325, 0x4B65, 0x4B65, 
    0x4B85, 0x4B85, 0x4B85, 0x5386, 0x4B85, 0x4B65, 0x53A6, 0x53A6, 0x53A6, 0x53A6, 0x53C6, 0x53C6, 0x53C6, 0x53C6, 0x53E6, 0x53E6, 
    0x5BE6, 0x5BE6, 0x5BE6, 0x5C06, 0x5C06, 0x5BE6, 0x5BE6, 0x5C27, 0x42E5, 0x29E3, 0x2A03, 0x2A03, 0x2A03, 0x2A03, 0x2A03, 0x2A03, 
    0x2A03, 0x2A03, 0x29E3, 0x29E3, 0x29E3, 0x29E3, 0x29E3, 0x29E3, 0x29E3, 0x29E3, 0x29E3, 0x29E3, 0x29E3, 0x29C3, 0x29C3, 0x29C3, 
    0x29C3, 0x29C3, 0x21C3, 0x2A23, 0x3223, 0x3223, 0x3223, 0x2A23, 0x2A03, 0x2A03, 0x2A03, 0x3223, 0x2A23, 0x2A23, 0x2202, 0x2202, 
    0x2222, 0x2222, 0x2222, 0x2222, 0x2222, 0x2222, 0x2222, 0x2222, 0x2222, 0x2222, 0x2222, 0x2222, 0x2222, 0x2222, 0x2242, 0x2242, 
    0x2242, 0x2242, 0x2242, 0x2242, 0x2242, 0x2242, 0x2242, 0x2242, 0x2242, 0x2242, 0x2242, 0x2242, 0x2242, 0x2242, 0x2202, 0x21E2, 
    0x21C2, 0x21C2, 0x21E2, 0x19C2, 0x19C2, 0x21E2, 0x21C2, 0x19C2, 0x19C2, 0x19C2, 0x19C2, 0x19C2, 0x19C2, 0x19A2, 0x19A1, 0x19A1, 
    0x19A1, 0x1981, 0x1981, 0x1981, 0x1961, 0x1961, 0x1161, 0x1141, 0x1121, 0x1121, 0x1121, 0x1961, 0x19C2, 0x21E2, 0x2202, 0x2202, 
    0x2202, 0x2202, 0x2202, 0x1982, 0x1961, 0x1962, 0x1961, 0x1961, 0x1961, 0x1961, 0x1961, 0x1961, 0x1141, 0x1141, 0x1141, 0x1141, 
    0x1121, 0x1121, 0x1121, 0x1121, 0x1121, 0x1101, 0x1101, 0x1101, 0x08E1, 0x08C1, 0x08C0, 0x08A0, 0x08A0, 0x08C1, 0x1101, 0x1101, 
    0x1121, 0x1141, 0x1941, 0x1961, 0x1982, 0x19A2, 0x19A2, 0x21A2, 0x21C2, 0x21C2, 0x2202, 0x2202, 0x2A23, 0x2A23, 0x2A43, 0x2A63, 
    0x2A63, 0x2A63, 0x2A42, 0x2A42, 0x2A42, 0x2A42, 0x2A42, 0x2A42, 0x2A42, 0x2A42, 0x2222, 0x2A42, 0x2A62, 0x2A62, 0x2A42, 0x2A42, 
    0x2A42, 0x2A42, 0x2A42, 0x2A42, 0x2A42, 0x2A42, 0x2A42, 0x2A42, 0x2A42, 0x2A42, 0x2A42, 0x2A42, 0x2A42, 0x2A42, 0x2A42, 0x2A42, 
    0x3283, 0x3283, 0x3263, 0x3263, 0x3263, 0x2A63, 0x2A63, 0x3283, 0x3283, 0x3283, 0x3284, 0x3283, 0x3283, 0x3283, 0x3283, 0x2A63, 
    0x32C4, 0x1101, 0x0000, 0x0000, 0x0020, 0x32A4, 0x2A63, 0x2A63, 0x2A63, 0x2A63, 0x2A63, 0x2A63, 0x2A43, 0x42E5, 0x4B45, 0x4B45, 
    0x4B45, 0x4B45, 0x4B45, 0x53C6, 0x29E3, 0x0861, 0x5BE7, 0x4B65, 0x5386, 0x53A6, 0x53A6, 0x53A6, 0x53A6, 0x53C6, 0x53C6, 0x53C6, 
    0x53C6, 0x53C6, 0x53E6, 0x53E6, 0x6467, 0x1962, 0x2163, 0x6C88, 0x3AC4, 0x29E3, 0x2A03, 0x2A03, 0x2A03, 0x2A03, 0x29E3, 0x2A03, 
    0x29E3, 0x29E3, 0x29E3, 0x29E3, 0x29E3, 0x29E3, 0x29E3, 0x29E3, 0x29E3, 0x29C3, 0x29C3, 0x29C3, 0x21C3, 0x29C3, 0x21C3, 0x21C3, 
    0x21C3, 0x21A3, 0x21C3, 0x2A03, 0x2A23, 0x2A03, 0x2A03, 0x3244, 0x0860, 0x0000, 0x10E2, 0x2A43, 0x2202, 0x2202, 0x2202, 0x2202, 
    0x2202, 0x2222, 0x2222, 0x2222, 0x2202, 0x2222, 0x2222, 0x2222, 0x2222, 0x2222, 0x2A62, 0x08C0, 0x10E1, 0x2A63, 0x2222, 0x2242, 
    0x2242, 0x2242, 0x2242, 0x2242, 0x2242, 0x2242, 0x2222, 0x2222, 0x2222, 0x2222, 0x2242, 0x2242, 0x2242, 0x2242, 0x2242, 0x2222, 
    0x2222, 0x2202, 0x21E2, 0x19C2, 0x19C2, 0x21E2, 0x19C2, 0x19C2, 0x19C2, 0x19C2, 0x19C2, 0x19C2, 0x19C2, 0x19C2, 0x19C1, 0x19A1, 
    0x19A1, 0x19A1, 0x19A1, 0x19A1, 0x1981, 0x1981, 0x1981, 0x1961, 0x1961, 0x1141, 0x1141, 0x1121, 0x1121, 0x1141, 0x19A1, 0x21E2, 
    0x2222, 0x08C0, 0x0000, 0x0860, 0x21A2, 0x1961, 0x1961, 0x1961, 0x1961, 0x1961, 0x1941, 0x1962, 0x0020, 0x10E1, 0x1962, 0x10E1, 
    0x0000, 0x1942, 0x1121, 0x1101, 0x1101, 0x1101, 0x1101, 0x08E1, 0x08C1, 0x08C0, 0x08C0, 0x08A0, 0x08A0, 0x08C1, 0x10E1, 0x1101, 
    0x1121, 0x1121, 0x1141, 0x1961, 0x1961, 0x19A2, 0x1101, 0x0000, 0x0020, 0x2A03, 0x21E2, 0x21E2, 0x2202, 0x2202, 0x2203, 0x2A23, 
    0x2A43, 0x2A63, 0x2A63, 0x2A63, 0x2A43, 0x2A42, 0x2A42, 0x2A42, 0x2A63, 0x21C2, 0x0020, 0x2A63, 0x2A42, 0x2A42, 0x2A42, 0x2A42, 
    0x2A42, 0x2A42, 0x2A42, 0x2A42, 0x2A42, 0x2A42, 0x2A42, 0x2A42, 0x2A42, 0x2A42, 0x2A42, 0x2A42, 0x2A42, 0x2A62, 0x2A62, 0x2A62, 
    0x3263, 0x3283, 0x3283, 0x2A63, 0x3283, 0x3283, 0x3283, 0x3284, 0x3284, 0x3284, 0x3283, 0x3284, 0x3283, 0x3283, 0x2A63, 0x32A4, 
    0x08C1, 0x1942, 0x3A85, 0x3245, 0x3245, 0x0881, 0x2A03, 0x3283, 0x2A43, 0x2A43, 0x2A43, 0x2A43, 0x2A43, 0x4325, 0x4B65, 0x4325, 
    0x5386, 0x53A6, 0x4B45, 0x4B65, 0x4325, 0x5367, 0x53A7, 0x53C6, 0x4B86, 0x4B85, 0x4B86, 0x53A6, 0x5C06, 0x53C6, 0x53A6, 0x5C06, 
    0x5C27, 0x5C27, 0x5C27, 0x53C6, 0x6447, 0x1921, 0x2163, 0x6CA8, 0x3AA4, 0x29E3, 0x2A03, 0x29E3, 0x29E3, 0x29E3, 0x29E3, 0x29E3, 
    0x2A23, 0x29E3, 0x29E3, 0x2A23, 0x2A03, 0x29C3, 0x29E3, 0x29C3, 0x29E3, 0x2A03, 0x2A03, 0x2A03, 0x21C3, 0x21C3, 0x29C3, 0x29E3, 
    0x21A2, 0x29E3, 0x29E3, 0x2A03, 0x2A03, 0x2A03, 0x3223, 0x0860, 0x21A3, 0x3264, 0x3264, 0x2A22, 0x21E2, 0x2A42, 0x2A42, 0x2A42, 
    0x2222, 0x2202, 0x2222, 0x2202, 0x2A42, 0x2A62, 0x2A62, 0x2A42, 0x2222, 0x2222, 0x2AA3, 0x08A0, 0x1922, 0x3AE4, 0x2221, 0x2242, 
    0x2242, 0x2242, 0x2242, 0x2242, 0x2242, 0x2222, 0x2A62, 0x2A82, 0x2A82, 0x2A62, 0x2222, 0x2A42, 0x2222, 0x2A62, 0x2A82, 0x2A82, 
    0x2A82, 0x2242, 0x2222, 0x2222, 0x2202, 0x19C2, 0x2202, 0x2202, 0x21E2, 0x19C2, 0x21E2, 0x2202, 0x19E2, 0x21E2, 0x19C2, 0x21E2, 
    0x21E2, 0x19C2, 0x19C2, 0x19C1, 0x19A1, 0x19A1, 0x19A1, 0x19A1, 0x1981, 0x19A2, 0x19A2, 0x19A1, 0x1961, 0x1121, 0x1121, 0x1981, 
    0x0880, 0x1922, 0x3244, 0x2A04, 0x21A3, 0x1941, 0x1962, 0x1941, 0x1941, 0x1141, 0x1141, 0x1982, 0x0000, 0x2143, 0x1982, 0x08C0, 
    0x0020, 0x21A3, 0x1121, 0x1121, 0x1101, 0x08E1, 0x08E1, 0x08C1, 0x08E1, 0x08C1, 0x08C1, 0x08A0, 0x0080, 0x08C1, 0x08E1, 0x10E1, 
    0x1101, 0x1121, 0x1121, 0x1141, 0x19A2, 0x08A0, 0x08A1, 0x2A04, 0x3204, 0x2A24, 0x19A2, 0x21E2, 0x2202, 0x2A23, 0x2A23, 0x2202, 
    0x2202, 0x2A43, 0x2A63, 0x3283, 0x3283, 0x32A3, 0x2A63, 0x2A42, 0x2A83, 0x2202, 0x0000, 0x4305, 0x2A42, 0x2A42, 0x2A42, 0x2A42, 
    0x2A42, 0x2A42, 0x2A42, 0x2A42, 0x2A42, 0x2A42, 0x2A42, 0x2A42, 0x2A42, 0x2A42, 0x2A42, 0x2A62, 0x2A63, 0x2A63, 0x2A62, 0x2A62, 
    0x2A43, 0x2A43, 0x2A63, 0x2A83, 0x3283, 0x3284, 0x3283, 0x3283, 0x3283, 0x3283, 0x3283, 0x3283, 0x3263, 0x3263, 0x3263, 0x32A4, 
    0x0000, 0x29E4, 0x3B25, 0x32A4, 0x32A4, 0x0000, 0x3245, 0x3263, 0x2A43, 0x2A43, 0x2A43, 0x2A43, 0x3263, 0x2182, 0x2A03, 0x4325, 
    0x10E1, 0x10E1, 0x42E5, 0x5386, 0x3264, 0x21A2, 0x4B65, 0x1101, 0x4B25, 0x53A6, 0x53A6, 0x4B45, 0x1901, 0x4B65, 0x5C27, 0x3243, 
    0x1901, 0x1101, 0x1941, 0x5BE6, 0x6467, 0x1921, 0x2163, 0x6C88, 0x3AA4, 0x2A03, 0x3224, 0x3223, 0x2A23, 0x2A23, 0x2A03, 0x2A03, 
    0x10C1, 0x21A3, 0x21A3, 0x0880, 0x08A1, 0x2A03, 0x29E3, 0x2A03, 0x1962, 0x0880, 0x0880, 0x0860, 0x21A3, 0x29E3, 0x1922, 0x10C1, 
    0x29E3, 0x0881, 0x0860, 0x2182, 0x3244, 0x21A2, 0x0880, 0x0000, 0x10C1, 0x08A0, 0x1121, 0x2222, 0x2202, 0x08A0, 0x0880, 0x0880, 
    0x1141, 0x2A62, 0x2202, 0x2A62, 0x1101, 0x0880, 0x0880, 0x1101, 0x2A82, 0x2242, 0x1101, 0x0020, 0x0840, 0x1121, 0x2242, 0x2222, 
    0x2242, 0x2242, 0x2242, 0x2242, 0x2242, 0x2A82, 0x1101, 0x08A0, 0x08A0, 0x1101, 0x2AA3, 0x2222, 0x2A82, 0x1961, 0x08A0, 0x08A0, 
    0x08C0, 0x2A62, 0x2A82, 0x1141, 0x1981, 0x2222, 0x0880, 0x0060, 0x21C2, 0x2222, 0x1961, 0x08E1, 0x2202, 0x19C2, 0x2202, 0x1101, 
    0x1101, 0x21E2, 0x19C2, 0x19C2, 0x19C2, 0x19C2, 0x19C2, 0x19C2, 0x19C2, 0x0880, 0x0060, 0x0060, 0x10E1, 0x21C2, 0x1961, 0x0060, 
    0x0000, 0x0861, 0x08A0, 0x08A0, 0x1941, 0x1121, 0x1141, 0x1141, 0x1141, 0x1121, 0x1121, 0x0060, 0x0000, 0x0861, 0x08C1, 0x10E1, 
    0x0000, 0x21A4, 0x0060, 0x0020, 0x0880, 0x1101, 0x08C1, 0x08E1, 0x0040, 0x0020, 0x0020, 0x0040, 0x08A0, 0x08A0, 0x08C1, 0x08E1, 
    0x1101, 0x1121, 0x1121, 0x1141, 0x08A0, 0x0000, 0x0840, 0x08A1, 0x0880, 0x1982, 0x21E2, 0x1101, 0x0880, 0x0880, 0x08A0, 0x2203, 
    0x2A23, 0x1941, 0x08C1, 0x08A0, 0x08A0, 0x08A0, 0x2A03, 0x3283, 0x21C2, 0x0880, 0x0000, 0x10C1, 0x2202, 0x2A62, 0x2A42, 0x2A42, 
    0x2A42, 0x2A42, 0x2A42, 0x2A42, 0x2A42, 0x2A42, 0x2A42, 0x2A42, 0x2A62, 0x2A63, 0x2A62, 0x2A62, 0x2A62, 0x2A62, 0x2A62, 0x2A62, 
    0x2A43, 0x3263, 0x3A84, 0x3284, 0x3284, 0x3283, 0x3283, 0x3283, 0x3283, 0x3283, 0x3283, 0x3283, 0x3263, 0x3263, 0x2A63, 0x3283, 
    0x0040, 0x10E2, 0x1962, 0x1121, 0x1121, 0x0000, 0x3245, 0x2A63, 0x2A43, 0x2A43, 0x2A43, 0x2A23, 0x3284, 0x0880, 0x10A1, 0x29C3, 
    0x1922, 0x2143, 0x29C4, 0x42E4, 0x21A2, 0x0841, 0x5387, 0x1922, 0x29C4, 0x4305, 0x4305, 0x2182, 0x2163, 0x5BC8, 0x3284, 0x2182, 
    0x29A3, 0x2983, 0x29A4, 0x3244, 0x53C6, 0x1921, 0x2163, 0x6C88, 0x3A84, 0x1101, 0x1101, 0x1101, 0x1101, 0x1101, 0x1101, 0x29E3, 
    0x0020, 0x10C2, 0x10E1, 0x18E2, 0x1903, 0x2143, 0x21A2, 0x2182, 0x10C1, 0x1902, 0x1903, 0x1903, 0x1943, 0x2182, 0x10E1, 0x0020, 
    0x1922, 0x0881, 0x1903, 0x2123, 0x1961, 0x19A1, 0x10C1, 0x0000, 0x10A1, 0x1902, 0x29C4, 0x2A23, 0x1121, 0x10E1, 0x1922, 0x1922, 
    0x1943, 0x1982, 0x2202, 0x1961, 0x08C1, 0x1902, 0x1902, 0x1922, 0x1962, 0x2201, 0x1121, 0x0841, 0x0040, 0x2183, 0x32A4, 0x2222, 
    0x2242, 0x2242, 0x2242, 0x2242, 0x2222, 0x1961, 0x10E1, 0x1902, 0x1902, 0x1923, 0x1982, 0x2222, 0x19A1, 0x08E1, 0x1902, 0x1902, 
    0x1922, 0x2182, 0x2242, 0x08A0, 0x0881, 0x1961, 0x10E1, 0x1922, 0x1942, 0x19C2, 0x1101, 0x0841, 0x3264, 0x19C1, 0x2222, 0x0060, 
    0x10C2, 0x2A43, 0x19C1, 0x21E2, 0x21E2, 0x21C2, 0x21E2, 0x19A1, 0x1101, 0x08C1, 0x1902, 0x1902, 0x1922, 0x1941, 0x19A1, 0x10E1, 
    0x0020, 0x0881, 0x1902, 0x2163, 0x3244, 0x1161, 0x1121, 0x1101, 0x1101, 0x1121, 0x1101, 0x08A1, 0x0020, 0x0840, 0x2164, 0x1122, 
    0x0000, 0x10C2, 0x0060, 0x10C2, 0x10E2, 0x08A1, 0x08C0, 0x0880, 0x0060, 0x10A2, 0x10C2, 0x10C2, 0x08A1, 0x0080, 0x08A0, 0x08A0, 
    0x08C1, 0x10E1, 0x1101, 0x1121, 0x08A1, 0x0840, 0x0020, 0x10C2, 0x18E2, 0x2A04, 0x1121, 0x08A1, 0x10E2, 0x10E2, 0x18E2, 0x1942, 
    0x21C2, 0x0880, 0x0020, 0x1902, 0x10E2, 0x1902, 0x2163, 0x2A22, 0x2202, 0x10C2, 0x0000, 0x1902, 0x3A85, 0x2A42, 0x2A42, 0x2A42, 
    0x2A42, 0x2A42, 0x2A42, 0x2A42, 0x2A42, 0x2A62, 0x2A62, 0x2A62, 0x2A62, 0x2A63, 0x2A62, 0x2A62, 0x2A62, 0x2A62, 0x2A62, 0x2A62, 
    0x3A84, 0x3A84, 0x3A84, 0x3A84, 0x3A84, 0x3284, 0x3284, 0x3283, 0x3283, 0x3283, 0x3263, 0x3263, 0x3263, 0x2A63, 0x2A63, 0x3283, 
    0x0860, 0x0020, 0x0881, 0x0881, 0x0881, 0x0000, 0x3245, 0x2A63, 0x2A23, 0x2A23, 0x2A23, 0x2A23, 0x2A23, 0x10C1, 0x0000, 0x1902, 
    0x5BA7, 0x53A6, 0x0000, 0x3204, 0x2A03, 0x0881, 0x5387, 0x53A6, 0x10C1, 0x3204, 0x21A2, 0x1902, 0x6448, 0x53A6, 0x0020, 0x29C4, 
    0x53A6, 0x4B46, 0x4B26, 0x0000, 0x5367, 0x1941, 0x2163, 0x6468, 0x3264, 0x0840, 0x0861, 0x0861, 0x0861, 0x0861, 0x1082, 0x3A45, 
    0x0860, 0x0020, 0x2163, 0x3A85, 0x3224, 0x0000, 0x31E4, 0x0880, 0x1081, 0x3204, 0x29A3, 0x29E3, 0x0000, 0x2143, 0x1942, 0x0000, 
    0x1081, 0x3225, 0x29E3, 0x0881, 0x1902, 0x2A23, 0x2202, 0x0000, 0x3244, 0x2A83, 0x2A63, 0x1981, 0x0000, 0x2A03, 0x2202, 0x2A43, 
    0x1101, 0x0040, 0x3283, 0x0000, 0x2A44, 0x32A3, 0x32A3, 0x2202, 0x0861, 0x3264, 0x2AA3, 0x08C1, 0x1922, 0x3B05, 0x2222, 0x2242, 
    0x2242, 0x2242, 0x2242, 0x2A42, 0x2222, 0x0000, 0x3244, 0x32C4, 0x32C3, 0x2A22, 0x0861, 0x3AC4, 0x0000, 0x21A3, 0x3B04, 0x32A3, 
    0x32A3, 0x0000, 0x3244, 0x1101, 0x0020, 0x1922, 0x3B05, 0x3B04, 0x0020, 0x21C3, 0x1982, 0x0861, 0x3264, 0x19C1, 0x2222, 0x0880, 
    0x1902, 0x2A63, 0x19C1, 0x21E2, 0x21E2, 0x21E2, 0x2202, 0x1961, 0x0000, 0x3264, 0x2A43, 0x3283, 0x1121, 0x0040, 0x2A63, 0x2A63, 
    0x0040, 0x29A4, 0x3AC4, 0x3264, 0x2A23, 0x2A22, 0x2202, 0x21A2, 0x1141, 0x1101, 0x10E1, 0x1962, 0x0020, 0x1923, 0x21A3, 0x08C1, 
    0x0000, 0x0040, 0x2163, 0x1962, 0x0881, 0x0020, 0x1922, 0x0000, 0x10E2, 0x10E2, 0x10E2, 0x08A1, 0x0000, 0x1922, 0x08A0, 0x08C1, 
    0x08A0, 0x08A0, 0x08C1, 0x08E1, 0x1962, 0x0860, 0x10E2, 0x2A24, 0x21A3, 0x21A2, 0x0000, 0x2143, 0x2A24, 0x2A03, 0x2A03, 0x0000, 
    0x29E4, 0x0880, 0x1902, 0x3AC5, 0x32A4, 0x4325, 0x0020, 0x21A3, 0x3B24, 0x2A43, 0x0000, 0x4B46, 0x32A4, 0x2A63, 0x2A62, 0x2A42, 
    0x2A42, 0x2A42, 0x2A42, 0x2A62, 0x2A62, 0x2A62, 0x2A63, 0x2A63, 0x2A62, 0x2A62, 0x2A62, 0x2A62, 0x2A62, 0x2A62, 0x2A62, 0x2A62, 
    0x3A84, 0x3A84, 0x3A84, 0x3A84, 0x3A84, 0x3A84, 0x3A84, 0x3284, 0x3284, 0x3263, 0x2A63, 0x2A63, 0x2A63, 0x3263, 0x2A63, 0x3284, 
    0x0020, 0x29C4, 0x4326, 0x3AC5, 0x3AA5, 0x0000, 0x3225, 0x2A43, 0x2A23, 0x2A23, 0x2A23, 0x2A03, 0x2A23, 0x0880, 0x10C2, 0x3A65, 
    0x21C3, 0x3263, 0x0040, 0x4286, 0x29E3, 0x0861, 0x5387, 0x3AA4, 0x5386, 0x1902, 0x1922, 0x5BE8, 0x4305, 0x4B65, 0x10C1, 0x0000, 
    0x0000, 0x0000, 0x0000, 0x0840, 0x5BC8, 0x1941, 0x2163, 0x6448, 0x3264, 0x3204, 0x3A65, 0x3A65, 0x3A65, 0x3A65, 0x3A45, 0x3224, 
    0x0000, 0x2984, 0x3A65, 0x21A3, 0x2182, 0x0020, 0x3225, 0x10C1, 0x0000, 0x0000, 0x0000, 0x0000, 0x0020, 0x29C4, 0x1902, 0x0841, 
    0x3A66, 0x2183, 0x10E1, 0x1942, 0x29C4, 0x21A3, 0x1982, 0x0000, 0x2A03, 0x21E1, 0x2202, 0x1981, 0x0000, 0x0000, 0x0000, 0x0000, 
    0x0000, 0x10E2, 0x3284, 0x0000, 0x2A24, 0x2222, 0x2202, 0x2202, 0x3283, 0x2A43, 0x2A62, 0x08A0, 0x1902, 0x2A83, 0x2221, 0x2242, 
    0x2242, 0x2242, 0x2242, 0x2A42, 0x2222, 0x0000, 0x3224, 0x2242, 0x2222, 0x2222, 0x3283, 0x32A3, 0x0040, 0x21A3, 0x2A62, 0x2222, 
    0x2222, 0x0000, 0x3284, 0x08C0, 0x1902, 0x4345, 0x2A43, 0x2A62, 0x0040, 0x3224, 0x21A2, 0x0881, 0x32A4, 0x21E2, 0x2202, 0x0880, 
    0x1902, 0x2A63, 0x19E1, 0x21E2, 0x2202, 0x21E2, 0x2202, 0x1981, 0x0020, 0x3244, 0x19C1, 0x2202, 0x1101, 0x0881, 0x3AA4, 0x2222, 
    0x0020, 0x21A3, 0x2A63, 0x2202, 0x2222, 0x2A23, 0x2A23, 0x2A43, 0x2A43, 0x21E2, 0x1982, 0x1101, 0x0000, 0x1902, 0x1121, 0x08A0, 
    0x0000, 0x29A4, 0x1922, 0x08C0, 0x0040, 0x0861, 0x1943, 0x0000, 0x0000, 0x0000, 0x0000, 0x0000, 0x0841, 0x2163, 0x08C0, 0x08C1, 
    0x08E1, 0x08C1, 0x08C0, 0x08A0, 0x08E1, 0x0020, 0x10C2, 0x1982, 0x1121, 0x1962, 0x0020, 0x2143, 0x19A2, 0x1961, 0x1961, 0x0000, 
    0x2A04, 0x0880, 0x1902, 0x3AE4, 0x2A63, 0x32A3, 0x0040, 0x29E4, 0x3B04, 0x21E2, 0x0020, 0x3AC5, 0x2A83, 0x32A3, 0x3283, 0x2A83, 
    0x2A63, 0x2A62, 0x2A62, 0x2A63, 0x2A63, 0x2A62, 0x2A63, 0x2A63, 0x2A62, 0x2A62, 0x2A62, 0x2A62, 0x2A62, 0x2A62, 0x2A62, 0x2A62, 
    0x3A84, 0x3A84, 0x3A84, 0x3A84, 0x3A84, 0x3284, 0x3A84, 0x3284, 0x3A84, 0x3284, 0x3264, 0x3264, 0x2A63, 0x2A63, 0x2A63, 0x3284, 
    0x0040, 0x29A4, 0x3264, 0x2A23, 0x2203, 0x0000, 0x3225, 0x3263, 0x3243, 0x3223, 0x3223, 0x2A03, 0x2A03, 0x10C1, 0x0000, 0x0000, 
    0x0000, 0x0000, 0x2183, 0x42E6, 0x1962, 0x1081, 0x4B66, 0x4325, 0x0020, 0x3204, 0x3224, 0x0860, 0x53A6, 0x4B65, 0x0020, 0x3225, 
    0x6428, 0x5BC7, 0x5BC8, 0x5BC8, 0x6428, 0x10E1, 0x2163, 0x6468, 0x3264, 0x21C3, 0x21C3, 0x21C3, 0x21C2, 0x21C3, 0x21A2, 0x29E3, 
    0x0860, 0x0000, 0x0000, 0x0000, 0x0000, 0x31E4, 0x3A45, 0x0860, 0x10C2, 0x4286, 0x3225, 0x3225, 0x3225, 0x3225, 0x10E1, 0x0861, 
    0x29C4, 0x1101, 0x10E1, 0x1942, 0x1942, 0x2182, 0x2182, 0x0000, 0x31E4, 0x2202, 0x2222, 0x1981, 0x0000, 0x3AA5, 0x3284, 0x3284, 
    0x32A4, 0x3AA4, 0x2A43, 0x0000, 0x3244, 0x2A62, 0x2A62, 0x21C2, 0x0000, 0x2A43, 0x2A62, 0x0880, 0x1902, 0x32C4, 0x2201, 0x2242, 
    0x2242, 0x2242, 0x2242, 0x2A42, 0x2222, 0x0000, 0x3264, 0x2A82, 0x2A82, 0x21E2, 0x0000, 0x2A83, 0x0020, 0x21C3, 0x32C3, 0x2A62, 
    0x2A62, 0x0000, 0x3284, 0x1101, 0x0000, 0x0000, 0x0000, 0x0000, 0x2A23, 0x3B05, 0x2A83, 0x2A03, 0x0000, 0x0000, 0x0000, 0x0000, 
    0x1922, 0x2A43, 0x19C1, 0x2202, 0x2202, 0x2202, 0x2202, 0x1981, 0x0000, 0x3285, 0x2A42, 0x32A3, 0x1121, 0x0841, 0x3AA4, 0x2A42, 
    0x0040, 0x21A3, 0x3283, 0x2A22, 0x2A43, 0x2A43, 0x2A43, 0x2A43, 0x2A43, 0x2A43, 0x2A63, 0x2A43, 0x0000, 0x1923, 0x1142, 0x0080, 
    0x0020, 0x1943, 0x08A0, 0x10E1, 0x0060, 0x0861, 0x1943, 0x0000, 0x2164, 0x21A3, 0x2183, 0x2183, 0x2183, 0x1942, 0x08E1, 0x1101, 
    0x08E1, 0x08E1, 0x08E1, 0x08C1, 0x08E1, 0x0020, 0x10A2, 0x1942, 0x1101, 0x1942, 0x0000, 0x2143, 0x21C2, 0x1982, 0x21A2, 0x0000, 
    0x3AA5, 0x10E1, 0x1923, 0x3B05, 0x2A63, 0x32C4, 0x0040, 0x29C4, 0x3B04, 0x21E2, 0x0000, 0x4306, 0x32A3, 0x3283, 0x3283, 0x32A3, 
    0x32A3, 0x2A83, 0x2A63, 0x2A83, 0x2A63, 0x2A62, 0x2A63, 0x2A63, 0x2A62, 0x2A63, 0x2A62, 0x2A62, 0x2A62, 0x2A62, 0x2A62, 0x2A62, 
    0x3A84, 0x3A84, 0x3A84, 0x3A84, 0x3284, 0x3A84, 0x3A84, 0x3A84, 0x3264, 0x3264, 0x3264, 0x3264, 0x3264, 0x3263, 0x2A43, 0x3283, 
    0x0000, 0x2183, 0x3284, 0x2A23, 0x2A23, 0x0000, 0x3A45, 0x3264, 0x3223, 0x3223, 0x2A23, 0x2A03, 0x3223, 0x08A0, 0x10C2, 0x3225, 
    0x29C4, 0x29C4, 0x31E4, 0x1982, 0x08A0, 0x0861, 0x42E6, 0x0860, 0x29E4, 0x5347, 0x3AC4, 0x3204, 0x0861, 0x42E5, 0x42E5, 0x2163, 
    0x0860, 0x0060, 0x0860, 0x0040, 0x42C4, 0x4B65, 0x29E4, 0x10E1, 0x3AC5, 0x21A3, 0x29E3, 0x29E3, 0x29C3, 0x29C3, 0x29C3, 0x29E3, 
    0x0020, 0x1923, 0x3205, 0x29C4, 0x31E5, 0x3224, 0x2182, 0x21A3, 0x2123, 0x0020, 0x0000, 0x0020, 0x0000, 0x1922, 0x10C1, 0x0840, 
    0x29C4, 0x10E1, 0x10E1, 0x1922, 0x1962, 0x2162, 0x2182, 0x0000, 0x29E4, 0x29E3, 0x29E3, 0x21E2, 0x29E3, 0x0860, 0x0020, 0x0020, 
    0x0020, 0x0880, 0x2222, 0x2202, 0x10C1, 0x0020, 0x0020, 0x0860, 0x3244, 0x3284, 0x2222, 0x2222, 0x1962, 0x0880, 0x2A62, 0x2222, 
    0x2242, 0x2242, 0x2242, 0x2A42, 0x2222, 0x2A23, 0x10C1, 0x0020, 0x0020, 0x0880, 0x3244, 0x32A4, 0x2222, 0x1922, 0x0040, 0x0020, 
    0x0040, 0x2A23, 0x4325, 0x08C0, 0x10E2, 0x3AA5, 0x3264, 0x3264, 0x3AE5, 0x2A62, 0x32A3, 0x2AA3, 0x3284, 0x3AA5, 0x3AE5, 0x08A1, 
    0x10E2, 0x3AC4, 0x2202, 0x2202, 0x21E2, 0x2202, 0x2202, 0x2202, 0x29E3, 0x0861, 0x0020, 0x0040, 0x08C1, 0x3A85, 0x3264, 0x2A63, 
    0x0000, 0x2183, 0x3283, 0x2A22, 0x2A43, 0x2A43, 0x2A43, 0x2A43, 0x2A43, 0x2A43, 0x2A43, 0x2A63, 0x2A43, 0x10E2, 0x08A0, 0x1121, 
    0x0000, 0x1943, 0x08C0, 0x1101, 0x0060, 0x0841, 0x1963, 0x1102, 0x0881, 0x0000, 0x0000, 0x0000, 0x0000, 0x1101, 0x1101, 0x1101, 
    0x1101, 0x1101, 0x1101, 0x10E1, 0x1101, 0x0020, 0x10A1, 0x1922, 0x08C0, 0x08C1, 0x10E1, 0x10A2, 0x0000, 0x0000, 0x0020, 0x2A24, 
    0x4B46, 0x0880, 0x18E2, 0x3B05, 0x2A63, 0x32C4, 0x0000, 0x29A4, 0x3AE4, 0x2A63, 0x3244, 0x0861, 0x2A23, 0x32C3, 0x32A3, 0x32C3, 
    0x32C3, 0x2A83, 0x2A62, 0x2A62, 0x2A63, 0x2A62, 0x2A62, 0x2A62, 0x2A62, 0x2A62, 0x2A62, 0x2A62, 0x2A62, 0x2A62, 0x2A62, 0x2A62, 
    0x3A84, 0x3284, 0x3284, 0x3A84, 0x3264, 0x3264, 0x3264, 0x3264, 0x3264, 0x3264, 0x3264, 0x3264, 0x3264, 0x3264, 0x3244, 0x3244, 
    0x2182, 0x3A66, 0x3264, 0x3264, 0x3263, 0x21A3, 0x42A6, 0x3243, 0x3243, 0x3223, 0x3223, 0x2A03, 0x3243, 0x0860, 0x10C2, 0x3A64, 
    0x21C2, 0x29C3, 0x21A2, 0x21A2, 0x1921, 0x2184, 0x29C3, 0x10C1, 0x42C6, 0x3AC4, 0x4305, 0x3AA4, 0x29C4, 0x4B47, 0x4325, 0x3243, 
    0x3204, 0x3225, 0x3225, 0x3225, 0x5367, 0x53A6, 0x3AC4, 0x3A85, 0x42E6, 0x21A2, 0x29C3, 0x29C3, 0x21C3, 0x21C3, 0x21C3, 0x29E3, 
    0x0000, 0x2163, 0x3204, 0x21A2, 0x21C3, 0x21A2, 0x21A2, 0x21C3, 0x1962, 0x2143, 0x2163, 0x2143, 0x2143, 0x31E5, 0x1922, 0x2143, 
    0x2183, 0x08C1, 0x10C1, 0x1921, 0x1962, 0x1962, 0x1962, 0x1922, 0x3225, 0x21C3, 0x29E3, 0x2A03, 0x2A03, 0x2163, 0x29A4, 0x21A3, 
    0x2183, 0x29E4, 0x3284, 0x2222, 0x1962, 0x21A3, 0x21A3, 0x2A04, 0x32A4, 0x2201, 0x2222, 0x2A62, 0x19C1, 0x29C3, 0x32A4, 0x2222, 
    0x2A42, 0x2242, 0x2242, 0x2242, 0x2242, 0x2A62, 0x1982, 0x21A3, 0x21A3, 0x2A04, 0x32C4, 0x2222, 0x2A62, 0x21C2, 0x29C3, 0x29C4, 
    0x29E4, 0x3AE5, 0x32C3, 0x0880, 0x1902, 0x3B24, 0x2A82, 0x32A3, 0x2A63, 0x32A3, 0x21C2, 0x08C0, 0x08E0, 0x08E0, 0x10E1, 0x1121, 
    0x3A85, 0x32C4, 0x2A63, 0x2A63, 0x2A42, 0x2202, 0x2A22, 0x2A43, 0x2A43, 0x1962, 0x29C4, 0x21A3, 0x3245, 0x32A4, 0x2222, 0x2A43, 
    0x1982, 0x3A65, 0x2A63, 0x2A43, 0x2A43, 0x2A43, 0x2A43, 0x2A63, 0x2A63, 0x2A63, 0x2A63, 0x2A63, 0x3283, 0x19A2, 0x3245, 0x3263, 
    0x21C3, 0x3244, 0x1101, 0x1101, 0x08A0, 0x1943, 0x2183, 0x1101, 0x10C1, 0x1923, 0x1923, 0x1923, 0x2143, 0x29A4, 0x1101, 0x1121, 
    0x1121, 0x1121, 0x1121, 0x1101, 0x1121, 0x08C1, 0x2164, 0x1922, 0x08C1, 0x08C1, 0x1962, 0x21C2, 0x29E4, 0x29E4, 0x2A04, 0x4306, 
    0x32A3, 0x21E2, 0x3A65, 0x3AE4, 0x2A83, 0x32A3, 0x21C2, 0x3AA6, 0x32A4, 0x32A3, 0x32A3, 0x21A3, 0x4306, 0x32C3, 0x32A3, 0x32C3, 
    0x32C3, 0x2A83, 0x2A62, 0x2A62, 0x2A63, 0x2A62, 0x2A62, 0x2A62, 0x2A62, 0x2A62, 0x2A62, 0x2A62, 0x2A62, 0x2A62, 0x2A62, 0x2A62, 
    0x3284, 0x3A84, 0x3264, 0x3A64, 0x3264, 0x3264, 0x3264, 0x3264, 0x3264, 0x3264, 0x3264, 0x3264, 0x3244, 0x3244, 0x3244, 0x3244, 
    0x3A84, 0x3AA4, 0x3284, 0x3264, 0x3264, 0x3AA4, 0x3A64, 0x3243, 0x3243, 0x3243, 0x3223, 0x2A23, 0x3223, 0x1921, 0x29A4, 0x3244, 
    0x21C2, 0x21C3, 0x21C3, 0x21A2, 0x21A2, 0x29C3, 0x2182, 0x21A2, 0x1962, 0x2182, 0x2A03, 0x3A84, 0x4325, 0x42E5, 0x3AC4, 0x4305, 
    0x4B46, 0x4B66, 0x4B66, 0x5386, 0x4B45, 0x4325, 0x4B65, 0x53C6, 0x3264, 0x21A3, 0x29C3, 0x29C3, 0x21C3, 0x21C3, 0x21A3, 0x21C3, 
    0x10C1, 0x31E5, 0x29C3, 0x2182, 0x21A2, 0x21A3, 0x21A2, 0x2182, 0x21A2, 0x21C3, 0x21C3, 0x21A3, 0x21A3, 0x1962, 0x1942, 0x1942, 
    0x1101, 0x10E1, 0x08C1, 0x1121, 0x1942, 0x1962, 0x1962, 0x21C3, 0x21C3, 0x21A3, 0x29C3, 0x29E3, 0x2A03, 0x3244, 0x3A84, 0x3A84, 
    0x3284, 0x2A63, 0x2222, 0x2202, 0x2A42, 0x2A63, 0x2A63, 0x2A63, 0x2222, 0x2222, 0x2222, 0x2222, 0x2242, 0x2A62, 0x2242, 0x2242, 
    0x2242, 0x2242, 0x2242, 0x2242, 0x2242, 0x2222, 0x2A62, 0x2A83, 0x2A83, 0x2A83, 0x2242, 0x2A62, 0x2A63, 0x2AA3, 0x32C3, 0x32C3, 
    0x32C3, 0x2A63, 0x32A3, 0x1961, 0x2A04, 0x32C4, 0x2A62, 0x2A83, 0x2A83, 0x32A3, 0x21C2, 0x1902, 0x1922, 0x1922, 0x1902, 0x3A85, 
    0x32E4, 0x2A63, 0x2A83, 0x2A83, 0x2A83, 0x2A83, 0x2A63, 0x2A42, 0x2A22, 0x2A63, 0x3283, 0x3283, 0x2A63, 0x2A43, 0x2A43, 0x2A43, 
    0x2A83, 0x2A63, 0x2A43, 0x2A43, 0x2A43, 0x2A43, 0x2A43, 0x2A63, 0x2A63, 0x2A63, 0x2A63, 0x2A63, 0x2A63, 0x2A83, 0x3283, 0x2A63, 
    0x32A3, 0x3283, 0x2A43, 0x21E2, 0x1982, 0x1942, 0x1101, 0x1121, 0x1941, 0x1962, 0x1962, 0x1962, 0x1962, 0x1141, 0x1141, 0x1141, 
    0x1141, 0x1141, 0x1121, 0x1121, 0x1121, 0x1121, 0x1121, 0x1121, 0x21C2, 0x2A43, 0x3283, 0x32C3, 0x3AE4, 0x3AE4, 0x3AE4, 0x3283, 
    0x3283, 0x32C3, 0x32C4, 0x3283, 0x3283, 0x3283, 0x32C4, 0x32C4, 0x32A3, 0x32A3, 0x32A3, 0x3B04, 0x32C4, 0x32A3, 0x32A3, 0x32C3, 
    0x32C3, 0x2A83, 0x2A62, 0x2A63, 0x2A63, 0x2A62, 0x2A62, 0x2A63, 0x2A62, 0x2A62, 0x2A62, 0x2A62, 0x2A62, 0x2A62, 0x2A62, 0x2A62, 
    0x3264, 0x3264, 0x3264, 0x3264, 0x3264, 0x3264, 0x3264, 0x3264, 0x3264, 0x3264, 0x3244, 0x3244, 0x3244, 0x3264, 0x3264, 0x3A84, 
    0x3284, 0x3264, 0x3284, 0x3264, 0x3264, 0x3264, 0x3243, 0x3264, 0x3243, 0x3243, 0x3243, 0x3223, 0x2A23, 0x3243, 0x3264, 0x2A03, 
    0x29E3, 0x29E3, 0x29E3, 0x21C3, 0x21C3, 0x21A2, 0x21A2, 0x2182, 0x2182, 0x1962, 0x1942, 0x1962, 0x21C3, 0x3264, 0x3AC4, 0x42E5, 
    0x3AC4, 0x3AC4, 0x42E4, 0x42E4, 0x4305, 0x4325, 0x4325, 0x4B25, 0x3244, 0x21A3, 0x21C3, 0x21A3, 0x21A3, 0x21A3, 0x21A3, 0x21A2, 
    0x29C3, 0x29E3, 0x21A2, 0x21A2, 0x21A2, 0x2182, 0x2182, 0x2182, 0x2182, 0x1962, 0x1942, 0x1942, 0x1942, 0x1922, 0x1921, 0x1101, 
    0x10E1, 0x10C1, 0x08C1, 0x1101, 0x1942, 0x1942, 0x1962, 0x2182, 0x2182, 0x21A3, 0x21C3, 0x29E3, 0x29E3, 0x2A03, 0x2A03, 0x3223, 
    0x3244, 0x3264, 0x3263, 0x2A43, 0x2222, 0x2202, 0x2222, 0x2222, 0x2222, 0x2222, 0x2242, 0x2242, 0x2222, 0x2222, 0x2242, 0x2242, 
    0x2242, 0x2242, 0x2242, 0x2242, 0x2242, 0x2242, 0x2242, 0x2222, 0x2242, 0x2A42, 0x2A63, 0x2A63, 0x2A83, 0x2A63, 0x2A63, 0x2A63, 
    0x2A63, 0x2A83, 0x2A63, 0x32A3, 0x32C4, 0x2A83, 0x2A83, 0x2A83, 0x2A83, 0x2A83, 0x2AA3, 0x3AE4, 0x3AE4, 0x3B04, 0x3B04, 0x32C4, 
    0x2A63, 0x2A83, 0x2A83, 0x2A83, 0x2A83, 0x2A83, 0x2A83, 0x2A83, 0x2A63, 0x2A42, 0x2A22, 0x2222, 0x2A22, 0x2A43, 0x2A43, 0x2A43, 
    0x2A43, 0x2A43, 0x2A43, 0x2A43, 0x2A43, 0x2A43, 0x2A63, 0x2A63, 0x2A63, 0x2A63, 0x2A63, 0x2A63, 0x2A63, 0x2A63, 0x2A63, 0x2A63, 
    0x2A43, 0x2A63, 0x2A63, 0x2A83, 0x2A83, 0x2A22, 0x21C2, 0x1961, 0x1121, 0x1121, 0x1141, 0x1141, 0x1141, 0x1941, 0x1941, 0x1941, 
    0x1941, 0x1941, 0x1941, 0x1121, 0x1121, 0x1962, 0x21E2, 0x2A63, 0x32A3, 0x32A3, 0x3283, 0x3283, 0x2A83, 0x2A83, 0x2A83, 0x3283, 
    0x3283, 0x3283, 0x3283, 0x3283, 0x3283, 0x32A3, 0x32A3, 0x32A3, 0x32C3, 0x32A3, 0x32A3, 0x32A3, 0x32A3, 0x32A3, 0x32C3, 0x32A3, 
    0x32A3, 0x2A83, 0x2A63, 0x2A63, 0x2A63, 0x2A62, 0x2A62, 0x2A62, 0x2A62, 0x2A62, 0x2A62, 0x2A62, 0x2A62, 0x2A62, 0x2A62, 0x2A42, 
    0x3264, 0x3264, 0x3264, 0x3264, 0x3264, 0x3264, 0x3264, 0x3264, 0x3244, 0x3244, 0x3244, 0x3264, 0x3A84, 0x3A84, 0x3A84, 0x3A84, 
    0x3A84, 0x3284, 0x3284, 0x3284, 0x3264, 0x3264, 0x3264, 0x3264, 0x3244, 0x3243, 0x3243, 0x3243, 0x3243, 0x2A23, 0x2A03, 0x2A23, 
    0x2A03, 0x2A03, 0x29E3, 0x29E3, 0x29E3, 0x29C3, 0x21C3, 0x21C2, 0x21A2, 0x21A2, 0x21A2, 0x2182, 0x1962, 0x1942, 0x21A2, 0x3223, 
    0x3AA4, 0x3AC4, 0x42E5, 0x42E4, 0x42E5, 0x4305, 0x4305, 0x4325, 0x3243, 0x21A2, 0x21A3, 0x21A3, 0x21A3, 0x21A3, 0x21A2, 0x21A3, 
    0x21A2, 0x2182, 0x21A2, 0x2182, 0x2182, 0x2182, 0x2182, 0x2162, 0x1962, 0x1962, 0x1942, 0x1942, 0x1942, 0x1921, 0x1101, 0x10E1, 
    0x10E1, 0x08C1, 0x08C1, 0x1101, 0x1922, 0x1942, 0x1962, 0x1962, 0x2182, 0x21A2, 0x21A3, 0x21C3, 0x29E3, 0x29E3, 0x2A03, 0x2A23, 
    0x3224, 0x3244, 0x3264, 0x3A84, 0x3A84, 0x3263, 0x2A42, 0x2222, 0x2222, 0x2222, 0x2242, 0x2242, 0x2242, 0x2242, 0x2242, 0x2242, 
    0x2242, 0x2242, 0x2242, 0x2242, 0x2242, 0x2242, 0x2A42, 0x2A63, 0x2A63, 0x2A63, 0x2A63, 0x2A63, 0x2A83, 0x2A83, 0x2A83, 0x2A83, 
    0x2A83, 0x2A83, 0x2A83, 0x2A63, 0x2A62, 0x2A83, 0x2A83, 0x2A83, 0x2A83, 0x2A83, 0x2A83, 0x2A62, 0x2A62, 0x2A62, 0x2A62, 0x2A62, 
    0x2A83, 0x2A83, 0x2A83, 0x2A83, 0x2A83, 0x2A83, 0x2A83, 0x2A83, 0x2A83, 0x2A83, 0x2A83, 0x2A63, 0x2A43, 0x2A43, 0x2A43, 0x2A43, 
    0x2A43, 0x2A43, 0x2A43, 0x2A43, 0x2A63, 0x2A43, 0x2A63, 0x2A63, 0x2A63, 0x2A63, 0x2A63, 0x2A63, 0x2A63, 0x2A63, 0x2A63, 0x2A63, 
    0x2A63, 0x2A63, 0x2A63, 0x2A63, 0x2A63, 0x2A83, 0x2A83, 0x2A63, 0x21E2, 0x1982, 0x1941, 0x1941, 0x1941, 0x1961, 0x1961, 0x1961, 
    0x1941, 0x1941, 0x1961, 0x19A2, 0x2A23, 0x3283, 0x32A3, 0x32A3, 0x3283, 0x3283, 0x3283, 0x3283, 0x3283, 0x3283, 0x3283, 0x3283, 
    0x3283, 0x3283, 0x3283, 0x32A3, 0x32A3, 0x32A3, 0x32C3, 0x32C3, 0x32C3, 0x32C3, 0x32C3, 0x32A3, 0x32A3, 0x32C3, 0x32A3, 0x32A3, 
    0x32A3, 0x2A83, 0x2A62, 0x2A62, 0x2A62, 0x2A62, 0x2A62, 0x2A62, 0x2A62, 0x2A62, 0x2A62, 0x2A62, 0x2A62, 0x2A62, 0x2A42, 0x2A62, 
    0x3264, 0x3264, 0x3264, 0x3264, 0x3264, 0x3264, 0x3244, 0x3244, 0x3264, 0x3A84, 0x3A84, 0x3AA4, 0x3AA4, 0x3A84, 0x3A84, 0x3A84, 
    0x3A84, 0x3A84, 0x3A84, 0x3284, 0x3264, 0x3264, 0x3264, 0x3264, 0x3264, 0x3244, 0x3244, 0x3243, 0x3243, 0x3243, 0x3223, 0x2A23, 
    0x2A23, 0x2A03, 0x2A03, 0x2A03, 0x29E3, 0x29E3, 0x29E3, 0x29E3, 0x29C3, 0x21C3, 0x21C2, 0x21A2, 0x21A2, 0x2182, 0x1962, 0x1962, 
    0x1982, 0x29E3, 0x3264, 0x3AC4, 0x42E5, 0x42E5, 0x42E4, 0x4305, 0x3243, 0x21A2, 0x21A3, 0x21A3, 0x21A2, 0x21A2, 0x2182, 0x21A2, 
    0x21A2, 0x2182, 0x2182, 0x2182, 0x2182, 0x1962, 0x1962, 0x1962, 0x1962, 0x1942, 0x1942, 0x1942, 0x1922, 0x1101, 0x1101, 0x10E1, 
    0x10E1, 0x08C1, 0x08A1, 0x1101, 0x1922, 0x1942, 0x1962, 0x1962, 0x2182, 0x2182, 0x21A2, 0x21A3, 0x29C3, 0x29E3, 0x2A03, 0x2A03, 
    0x3223, 0x3224, 0x3244, 0x3264, 0x3A64, 0x3A84, 0x3A84, 0x3284, 0x2A63, 0x2242, 0x2222, 0x2222, 0x2242, 0x2242, 0x2242, 0x2222, 
    0x2242, 0x2242, 0x2242, 0x2A42, 0x2A42, 0x2A63, 0x2A63, 0x2A63, 0x2A63, 0x2A63, 0x2A63, 0x2A63, 0x2A83, 0x2A83, 0x2A83, 0x2A83, 
    0x2A83, 0x2A83, 0x2A83, 0x2A83, 0x2A83, 0x2A83, 0x2A83, 0x2A83, 0x2A83, 0x2A83, 0x2A63, 0x2A63, 0x2A83, 0x2A83, 0x2A83, 0x2A83, 
    0x2A83, 0x2A83, 0x2A83, 0x2A83, 0x2A83, 0x2A83, 0x2A83, 0x2A83, 0x2A83, 0x2A83, 0x2A83, 0x2A83, 0x2A83, 0x2A63, 0x2A63, 0x2A43, 
    0x2A43, 0x2A43, 0x2A43, 0x2A43, 0x2A43, 0x2A43, 0x2A43, 0x2A43, 0x2A63, 0x2A63, 0x2A63, 0x2A63, 0x2A63, 0x2A63, 0x2A63, 0x2A63, 
    0x2A63, 0x2A63, 0x2A63, 0x2A63, 0x2A63, 0x2A63, 0x2A63, 0x2A83, 0x2A83, 0x2A63, 0x2A43, 0x21C2, 0x1962, 0x1941, 0x1941, 0x1941, 
    0x1962, 0x21E2, 0x2A43, 0x3283, 0x32A3, 0x3283, 0x3283, 0x3283, 0x3283, 0x3283, 0x3283, 0x3283, 0x3283, 0x3283, 0x3283, 0x3283, 
    0x3283, 0x32A3, 0x32A3, 0x32C3, 0x32C3, 0x32C3, 0x32C3, 0x32A3, 0x32C3, 0x32C3, 0x32C3, 0x32A3, 0x32C3, 0x32A3, 0x32A3, 0x32C3, 
    0x32A3, 0x2A83, 0x2A62, 0x2A62, 0x2A62, 0x2A62, 0x2A62, 0x2A62, 0x2A62, 0x2A62, 0x2A62, 0x2A62, 0x2A62, 0x2A62, 0x2A42, 0x2A42, 
    0x3264, 0x3264, 0x3264, 0x3264, 0x3244, 0x3264, 0x3264, 0x3A84, 0x3AA4, 0x3AA4, 0x3AA4, 0x3AA4, 0x3AA4, 0x3AA4, 0x3A84, 0x3A84, 
    0x3A84, 0x3A84, 0x3A84, 0x3A84, 0x3284, 0x3284, 0x3284, 0x3264, 0x3264, 0x3264, 0x3264, 0x3263, 0x3244, 0x3243, 0x3243, 0x3243, 
    0x3223, 0x3223, 0x2A23, 0x2A23, 0x2A03, 0x2A03, 0x2A03, 0x2A03, 0x29E3, 0x29E3, 0x29C3, 0x29C3, 0x21C3, 0x21C2, 0x21A2, 0x21A2, 
    0x2182, 0x1962, 0x1962, 0x21A2, 0x3223, 0x3AA4, 0x42E4, 0x4305, 0x2A23, 0x2182, 0x21A2, 0x21A2, 0x2182, 0x21A2, 0x21A2, 0x2182, 
    0x2182, 0x2182, 0x2182, 0x1962, 0x1962, 0x1962, 0x1982, 0x1962, 0x1942, 0x1942, 0x1922, 0x1922, 0x1101, 0x1101, 0x10E1, 0x10E1, 
    0x08C1, 0x08C1, 0x08A1, 0x1101, 0x1922, 0x1922, 0x1942, 0x2182, 0x1962, 0x2182, 0x21A2, 0x29C3, 0x21C3, 0x29E3, 0x29E3, 0x2A03, 
    0x2A03, 0x3223, 0x3244, 0x3244, 0x3264, 0x3A84, 0x3A84, 0x3AA5, 0x3AA4, 0x3AA4, 0x3283, 0x2A42, 0x2222, 0x2222, 0x2242, 0x2A62, 
    0x2242, 0x2A42, 0x2A62, 0x2A63, 0x2A63, 0x2A63, 0x32A3, 0x2A83, 0x2A63, 0x2A83, 0x32A3, 0x2A83, 0x2A63, 0x2A83, 0x2A83, 0x2A83, 
    0x2A83, 0x2A83, 0x2A83, 0x2A83, 0x2A83, 0x2A83, 0x2A83, 0x2A83, 0x2A83, 0x2A63, 0x32A3, 0x32C3, 0x2A83, 0x2A83, 0x2A83, 0x2A83, 
    0x2A83, 0x2A83, 0x2A83, 0x2A83, 0x32C3, 0x32A3, 0x2A83, 0x2A83, 0x2A83, 0x2A83, 0x2A83, 0x2A83, 0x2A83, 0x2A83, 0x2A83, 0x2A63, 
    0x2A63, 0x2A43, 0x2A43, 0x2A43, 0x2A43, 0x2A43, 0x2A43, 0x2A43, 0x2A63, 0x2A63, 0x2A63, 0x2A63, 0x2A63, 0x2A63, 0x2A63, 0x2A63, 
    0x2A63, 0x2A63, 0x2A63, 0x2A63, 0x2A63, 0x2A63, 0x2A63, 0x2A63, 0x2A63, 0x2A63, 0x2A83, 0x3283, 0x2A63, 0x2202, 0x21A2, 0x2202, 
    0x2A63, 0x32A3, 0x32A3, 0x3283, 0x3283, 0x3283, 0x3283, 0x3283, 0x3283, 0x3283, 0x3283, 0x32A3, 0x3283, 0x3283, 0x3283, 0x32A3, 
    0x32A3, 0x32C3, 0x32C3, 0x32C3, 0x32C3, 0x32C3, 0x32A3, 0x32C3, 0x32C3, 0x32A3, 0x32A3, 0x32A3, 0x32A3, 0x32A3, 0x32A3, 0x32A3, 
    0x32A3, 0x2A63, 0x2A62, 0x2A62, 0x2A62, 0x2A62, 0x2A62, 0x2A62, 0x2A62, 0x2A62, 0x2A62, 0x2A42, 0x2A42, 0x2A42, 0x2A42, 0x2A42, 
    0x3264, 0x3264, 0x3264, 0x3264, 0x3A84, 0x3AA4, 0x3AA4, 0x3AA4, 0x3AA4, 0x3AA4, 0x3AA4, 0x3AA4, 0x3AA4, 0x3AA4, 0x3AA4, 0x3A84, 
    0x3A84, 0x3A84, 0x3A84, 0x3A84, 0x3A84, 0x3284, 0x3284, 0x3284, 0x3264, 0x3264, 0x3264, 0x3264, 0x3264, 0x3264, 0x3244, 0x3243, 
    0x3243, 0x3243, 0x3223, 0x3223, 0x2A23, 0x2A23, 0x2A03, 0x2A03, 0x2A03, 0x2A03, 0x2A03, 0x29E3, 0x29E3, 0x29E3, 0x29C3, 0x21C3, 
    0x21C3, 0x21C2, 0x21A2, 0x2182, 0x1962, 0x21A2, 0x2A03, 0x3AA4, 0x2A03, 0x2182, 0x21A2, 0x2182, 0x21A2, 0x1962, 0x0881, 0x2182, 
    0x2182, 0x1962, 0x1962, 0x1962, 0x1962, 0x1962, 0x0880, 0x10E1, 0x1942, 0x1922, 0x1922, 0x1101, 0x1101, 0x10E1, 0x10E1, 0x10C1, 
    0x08C1, 0x08A1, 0x08A1, 0x08C1, 0x1101, 0x1921, 0x1942, 0x0880, 0x1922, 0x21A2, 0x1922, 0x10C1, 0x29C3, 0x21C3, 0x29C3, 0x29E3, 
    0x2A03, 0x2A03, 0x3223, 0x3223, 0x3244, 0x3264, 0x3264, 0x3A84, 0x3AA4, 0x3AA4, 0x42C5, 0x3AC4, 0x3283, 0x2A63, 0x2242, 0x08E0, 
    0x2202, 0x2A83, 0x2A63, 0x2A63, 0x2A63, 0x2A83, 0x10E1, 0x19A2, 0x32A3, 0x2202, 0x10E1, 0x2A63, 0x2A83, 0x2A83, 0x2A63, 0x2A83, 
    0x2A83, 0x2A83, 0x2A83, 0x2A83, 0x2A63, 0x2A83, 0x2A83, 0x2A63, 0x2A83, 0x32A3, 0x19C2, 0x10E1, 0x32A3, 0x2A63, 0x2A83, 0x2A83, 
    0x2A83, 0x2A83, 0x2A83, 0x32A3, 0x10E1, 0x21C2, 0x32A3, 0x2A63, 0x2A83, 0x2A83, 0x2A83, 0x2A83, 0x2A83, 0x2A83, 0x2A83, 0x2A63, 
    0x2A83, 0x2A63, 0x2A63, 0x2A43, 0x2A43, 0x2A43, 0x2A43, 0x2A43, 0x2A43, 0x2A63, 0x2A63, 0x2A63, 0x2A43, 0x2A63, 0x2A63, 0x2A63, 
    0x2A63, 0x2A63, 0x2A63, 0x2A63, 0x2A63, 0x2A63, 0x2A63, 0x2A63, 0x2A63, 0x2A63, 0x2A63, 0x2A63, 0x2A83, 0x2A83, 0x2A83, 0x2A83, 
    0x3283, 0x3283, 0x3283, 0x3283, 0x3283, 0x3283, 0x3283, 0x3283, 0x32A3, 0x32A3, 0x3283, 0x3283, 0x32A3, 0x32A3, 0x32A3, 0x32C3, 
    0x32C3, 0x32C3, 0x32C3, 0x32C3, 0x32A3, 0x32C3, 0x32A3, 0x32C3, 0x32C3, 0x32A3, 0x32C3, 0x32A3, 0x32A3, 0x32A3, 0x32A3, 0x32A3, 
    0x32A3, 0x2A63, 0x2A62, 0x2A62, 0x2A62, 0x2A62, 0x2A62, 0x2A62, 0x2A62, 0x2A62, 0x2A62, 0x2A42, 0x2A42, 0x2A42, 0x2A42, 0x2A42, 
    0x3264, 0x3244, 0x3AA4, 0x3AC4, 0x3AA4, 0x3AA4, 0x3AA4, 0x3AA4, 0x3AA4, 0x3AA4, 0x3AA4, 0x3AA4, 0x3AA4, 0x3AA4, 0x3AA4, 0x3AA4, 
    0x3A84, 0x3A84, 0x3A84, 0x3A84, 0x3A84, 0x3A84, 0x3284, 0x3A84, 0x3284, 0x3284, 0x3264, 0x3264, 0x3264, 0x3264, 0x3264, 0x3264, 
    0x3243, 0x3243, 0x3243, 0x3244, 0x3244, 0x3223, 0x3223, 0x3223, 0x3243, 0x3223, 0x2A03, 0x2A03, 0x3223, 0x3223, 0x2A23, 0x2A03, 
    0x2A03, 0x29E3, 0x29E3, 0x2A03, 0x2A03, 0x29E3, 0x21C2, 0x21A2, 0x21A2, 0x2182, 0x21A2, 0x21A2, 0x21A2, 0x1921, 0x0000, 0x29E4, 
    0x1962, 0x2162, 0x1962, 0x1962, 0x1942, 0x1962, 0x08A1, 0x2984, 0x1962, 0x1921, 0x1922, 0x1102, 0x1101, 0x10E1, 0x10E1, 0x08C1, 
    0x08C1, 0x08C1, 0x08C1, 0x08C1, 0x08C1, 0x08C1, 0x1101, 0x0000, 0x2984, 0x21A3, 0x08A1, 0x0841, 0x3204, 0x21A2, 0x29E3, 0x29E3, 
    0x29E3, 0x2A03, 0x2A03, 0x3243, 0x3264, 0x3264, 0x3264, 0x3264, 0x3A84, 0x3A84, 0x3AA4, 0x3AC5, 0x42C5, 0x42E5, 0x3AA4, 0x0000, 
    0x3244, 0x2AA3, 0x2A83, 0x2A83, 0x2A63, 0x2A83, 0x1121, 0x3245, 0x32E3, 0x21E2, 0x0000, 0x3AE5, 0x2A83, 0x2A83, 0x2A83, 0x2A83, 
    0x2A83, 0x2A83, 0x2A83, 0x2A83, 0x32A3, 0x2A83, 0x2A83, 0x32A3, 0x2A83, 0x32A3, 0x19C2, 0x2183, 0x3AE5, 0x2A82, 0x32A3, 0x32A3, 
    0x32A3, 0x32A3, 0x2A83, 0x32A3, 0x1121, 0x3265, 0x32C3, 0x2A83, 0x32A3, 0x32A3, 0x32A3, 0x2A83, 0x2A83, 0x2A83, 0x2A83, 0x32A3, 
    0x32A3, 0x32A3, 0x32A3, 0x3AA4, 0x3263, 0x2A42, 0x2A43, 0x2A43, 0x2A43, 0x2A63, 0x2A63, 0x2A43, 0x2A63, 0x2A83, 0x2A83, 0x3283, 
    0x2A83, 0x2A63, 0x2A63, 0x2A83, 0x3283, 0x32A3, 0x3283, 0x2A83, 0x2A83, 0x2A83, 0x3283, 0x2A83, 0x2A63, 0x2A83, 0x2A63, 0x2A63, 
    0x2A63, 0x2A63, 0x32A3, 0x32A3, 0x32A3, 0x32A3, 0x3283, 0x3283, 0x3283, 0x3283, 0x32A3, 0x32A3, 0x32C3, 0x32C3, 0x32C3, 0x32C3, 
    0x32C3, 0x32C3, 0x32A3, 0x32C3, 0x32C3, 0x32A3, 0x32A3, 0x32A3, 0x32C3, 0x32A3, 0x32A3, 0x32A3, 0x32A3, 0x32A3, 0x32A3, 0x32A3, 
    0x32A3, 0x2A63, 0x2A62, 0x2A62, 0x2A62, 0x2A62, 0x2A62, 0x2A62, 0x2A62, 0x2A42, 0x2A42, 0x2A42, 0x2A42, 0x2A42, 0x2A42, 0x2A42, 
    0x3264, 0x3244, 0x3B04, 0x3B44, 0x3B24, 0x3AE4, 0x3AA4, 0x3AA4, 0x3AA4, 0x3AA4, 0x3AA4, 0x3AA4, 0x3AA4, 0x3AA4, 0x3AA4, 0x3AA4, 
    0x3AA4, 0x3A84, 0x3A84, 0x3A84, 0x3A84, 0x3A84, 0x3A84, 0x3A84, 0x3284, 0x3284, 0x3284, 0x3284, 0x3264, 0x3264, 0x3264, 0x3264, 
    0x3264, 0x3264, 0x3264, 0x2A03, 0x29E3, 0x3243, 0x3243, 0x3243, 0x29E3, 0x2A03, 0x3243, 0x2A23, 0x21A2, 0x21A2, 0x21A2, 0x21A2, 
    0x21C2, 0x2A23, 0x3223, 0x21A2, 0x21A2, 0x1962, 0x1141, 0x1961, 0x1962, 0x2182, 0x1942, 0x1922, 0x1942, 0x1121, 0x0020, 0x29C4, 
    0x1942, 0x1962, 0x1942, 0x1942, 0x1942, 0x1942, 0x1922, 0x1942, 0x1101, 0x10E1, 0x10C1, 0x08C1, 0x08A1, 0x08C1, 0x10E1, 0x10E1, 
    0x10E1, 0x10E1, 0x10E1, 0x10E1, 0x10E1, 0x08C1, 0x0880, 0x0000, 0x1903, 0x1942, 0x08A1, 0x0881, 0x3204, 0x1922, 0x1942, 0x21A2, 
    0x29E3, 0x29E3, 0x2A03, 0x21A3, 0x21A2, 0x21A3, 0x2A03, 0x3264, 0x3264, 0x3A84, 0x3A84, 0x3AA4, 0x3AA4, 0x42C5, 0x42C5, 0x0000, 
    0x42E6, 0x3284, 0x21C2, 0x2202, 0x2A62, 0x2A63, 0x2A43, 0x3283, 0x2A63, 0x1981, 0x0020, 0x2A24, 0x2A42, 0x2A83, 0x2A83, 0x2A83, 
    0x2A83, 0x2A83, 0x2A83, 0x2A22, 0x2202, 0x2202, 0x2A83, 0x2202, 0x2A62, 0x2A83, 0x2A63, 0x2A63, 0x2A83, 0x2202, 0x21E2, 0x21E2, 
    0x21E2, 0x2202, 0x2A83, 0x2A83, 0x2A43, 0x3284, 0x2A43, 0x2202, 0x21E2, 0x21E2, 0x21E2, 0x2A42, 0x2A83, 0x2A83, 0x2A83, 0x2202, 
    0x21E2, 0x2A03, 0x3203, 0x3224, 0x3243, 0x2A42, 0x2A43, 0x2A43, 0x2A43, 0x2A43, 0x2A63, 0x2A63, 0x2202, 0x21E2, 0x21C2, 0x21E2, 
    0x21E2, 0x2A63, 0x2A83, 0x2A22, 0x21E2, 0x21E2, 0x21E2, 0x2A63, 0x2A83, 0x2222, 0x21E2, 0x2202, 0x2A63, 0x21E2, 0x2A42, 0x2A63, 
    0x2A63, 0x2A63, 0x21E2, 0x21E2, 0x21E2, 0x2A43, 0x32A3, 0x3283, 0x32A3, 0x32A3, 0x32C3, 0x32C3, 0x32A3, 0x32C3, 0x32C3, 0x32C3, 
    0x32C3, 0x32C3, 0x32A3, 0x32C3, 0x32C3, 0x32C3, 0x32C3, 0x32A3, 0x32A3, 0x32A3, 0x32A3, 0x32A3, 0x32A3, 0x32A3, 0x32A3, 0x32A3, 
    0x32A3, 0x2A63, 0x2A62, 0x2A62, 0x2A62, 0x2A62, 0x2A62, 0x2A62, 0x2A62, 0x2A42, 0x2A42, 0x2A42, 0x2A42, 0x2A42, 0x2A42, 0x2A42, 
    0x3244, 0x3244, 0x3AE4, 0x3B44, 0x3B44, 0x3B44, 0x3B24, 0x3B04, 0x3AC4, 0x3AA4, 0x3AA4, 0x3AA4, 0x3AA4, 0x3AA4, 0x3AA4, 0x3AA4, 
    0x3AA4, 0x3AA4, 0x3AA4, 0x3AA4, 0x3AA4, 0x3AA4, 0x3A84, 0x3A84, 0x3A84, 0x3A84, 0x3A84, 0x3A84, 0x3284, 0x3284, 0x3284, 0x3284, 
    0x3264, 0x3264, 0x3AA4, 0x08A1, 0x10C2, 0x3AC5, 0x3243, 0x3284, 0x0020, 0x2183, 0x3AA4, 0x21A2, 0x0000, 0x0020, 0x0020, 0x0020, 
    0x2143, 0x3AA5, 0x21C2, 0x0000, 0x0000, 0x0000, 0x10C2, 0x1982, 0x1941, 0x2182, 0x0040, 0x0020, 0x10E2, 0x1942, 0x0000, 0x29C4, 
    0x1942, 0x1942, 0x1942, 0x1942, 0x1922, 0x1942, 0x0000, 0x10E2, 0x10C1, 0x0000, 0x0020, 0x0020, 0x0020, 0x18E2, 0x1101, 0x10E1, 
    0x1101, 0x1101, 0x1101, 0x1101, 0x1101, 0x10C1, 0x0000, 0x0000, 0x0000, 0x1902, 0x0881, 0x0861, 0x29C4, 0x0000, 0x0020, 0x2143, 
    0x29E3, 0x21C3, 0x21C3, 0x0000, 0x0000, 0x0000, 0x1902, 0x3A64, 0x3243, 0x3264, 0x3A64, 0x3A84, 0x3AA4, 0x3AA4, 0x3AA4, 0x0000, 
    0x4AE6, 0x1942, 0x0020, 0x10C2, 0x3AC4, 0x2A83, 0x0000, 0x21A2, 0x21C2, 0x0000, 0x0000, 0x0000, 0x3244, 0x2A83, 0x2A63, 0x2A83, 
    0x2A83, 0x2A63, 0x32A3, 0x10E1, 0x0000, 0x10C1, 0x3284, 0x0000, 0x2A23, 0x32C3, 0x1141, 0x0040, 0x32C4, 0x0000, 0x0000, 0x0020, 
    0x0000, 0x10A1, 0x32A4, 0x2A83, 0x0000, 0x21A3, 0x21C2, 0x0000, 0x0020, 0x0020, 0x0000, 0x21A3, 0x32A3, 0x2A63, 0x3243, 0x0020, 
    0x0000, 0x0020, 0x0000, 0x0881, 0x3AA4, 0x2222, 0x2A43, 0x2A43, 0x2A43, 0x2A43, 0x2A43, 0x2A63, 0x0860, 0x0000, 0x0020, 0x0000, 
    0x0000, 0x3284, 0x32A3, 0x10E1, 0x0000, 0x0000, 0x0020, 0x3264, 0x2A83, 0x10E1, 0x0000, 0x10C1, 0x3284, 0x0000, 0x2A03, 0x2A63, 
    0x2A83, 0x21C2, 0x0000, 0x0020, 0x0000, 0x21A3, 0x32A3, 0x32A3, 0x32A3, 0x32A3, 0x32C3, 0x32C3, 0x32A3, 0x32A3, 0x32A3, 0x32C3, 
    0x32A3, 0x32C3, 0x32A3, 0x32C3, 0x32A3, 0x32A3, 0x32A3, 0x32A3, 0x32A3, 0x32A3, 0x32A3, 0x32A3, 0x32A3, 0x32A3, 0x32A3, 0x32A3, 
    0x32A3, 0x2A63, 0x2A62, 0x2A62, 0x2A62, 0x2A62, 0x2A62, 0x2A42, 0x2A42, 0x2A42, 0x2A42, 0x2A42, 0x2A42, 0x2A42, 0x2A42, 0x2A42, 
    0x3244, 0x3244, 0x32C4, 0x3B24, 0x3B24, 0x3B24, 0x3B44, 0x3B44, 0x3B44, 0x3B04, 0x3AC4, 0x3AA4, 0x3AA4, 0x3AA4, 0x3AA4, 0x3AA4, 
    0x3AA4, 0x3AA4, 0x3AA4, 0x3AA4, 0x3AA4, 0x3AA4, 0x3AA4, 0x3A84, 0x3A84, 0x3A84, 0x3A84, 0x3A84, 0x3284, 0x3A84, 0x3284, 0x3284, 
    0x3284, 0x3264, 0x3AC4, 0x08A1, 0x1923, 0x42E5, 0x3243, 0x3AA4, 0x0020, 0x3204, 0x21A3, 0x0040, 0x4B06, 0x42E6, 0x42E6, 0x3AA5, 
    0x3A65, 0x2182, 0x0020, 0x29C3, 0x29E4, 0x2A04, 0x1922, 0x0040, 0x2183, 0x0000, 0x2163, 0x3205, 0x1923, 0x0000, 0x0020, 0x29C4, 
    0x1942, 0x1942, 0x1942, 0x1922, 0x1922, 0x1942, 0x0000, 0x2143, 0x10C1, 0x0841, 0x29C5, 0x2183, 0x29C4, 0x10A1, 0x0881, 0x1942, 
    0x1921, 0x1922, 0x1921, 0x1921, 0x1922, 0x1121, 0x1943, 0x0000, 0x2164, 0x29A4, 0x08A1, 0x0000, 0x0000, 0x2163, 0x3205, 0x10A1, 
    0x10E1, 0x21A3, 0x0000, 0x3245, 0x3A85, 0x42C6, 0x2183, 0x0861, 0x3A84, 0x3244, 0x3264, 0x3264, 0x3A84, 0x3A84, 0x3A84, 0x0020, 
    0x0000, 0x29C4, 0x5BA8, 0x4285, 0x0020, 0x4B46, 0x0060, 0x29C4, 0x32E3, 0x2203, 0x0000, 0x42E6, 0x3AE5, 0x2A63, 0x2A83, 0x2A83, 
    0x2A83, 0x2A63, 0x32C3, 0x08A0, 0x1922, 0x3AA5, 0x0020, 0x3AC5, 0x0881, 0x21C2, 0x1981, 0x0881, 0x3AE5, 0x0000, 0x3265, 0x3AE5, 
    0x3AE5, 0x3244, 0x0020, 0x32C4, 0x0020, 0x3204, 0x21A2, 0x0861, 0x4326, 0x3AA4, 0x4325, 0x1102, 0x1902, 0x3244, 0x0020, 0x42A6, 
    0x42C6, 0x4AE7, 0x2183, 0x0881, 0x3AC5, 0x2202, 0x2A43, 0x2A43, 0x2A43, 0x2A43, 0x2A43, 0x0020, 0x2A03, 0x3AC5, 0x3AC5, 0x2A24, 
    0x0020, 0x3AC5, 0x2A62, 0x2A63, 0x3AE5, 0x3AE5, 0x3AC5, 0x0020, 0x2A43, 0x08C0, 0x1922, 0x3A85, 0x0020, 0x3AC5, 0x0861, 0x21C2, 
    0x19A2, 0x0860, 0x4325, 0x3AE5, 0x4366, 0x1922, 0x1101, 0x3B04, 0x32A3, 0x32C3, 0x32A3, 0x32A3, 0x32C3, 0x32C3, 0x32C3, 0x32A3, 
    0x32C3, 0x32A3, 0x32A3, 0x32A3, 0x32C3, 0x32C3, 0x32A3, 0x32A3, 0x32A3, 0x32A3, 0x32A3, 0x32A3, 0x32A3, 0x32A3, 0x32A3, 0x32A3, 
    0x32A3, 0x2A62, 0x2A62, 0x2A62, 0x2A62, 0x2A62, 0x2A62, 0x2A42, 0x2A42, 0x2A42, 0x2A42, 0x2A42, 0x2A42, 0x2A42, 0x2A42, 0x2A22, 
    0x3244, 0x3224, 0x32A4, 0x3B04, 0x3B04, 0x3B04, 0x3B24, 0x3B24, 0x3B44, 0x3B44, 0x3B64, 0x3B24, 0x3AE4, 0x3AA4, 0x3AA4, 0x3AA4, 
    0x3AA4, 0x3AA4, 0x3AA4, 0x3AA4, 0x3AA4, 0x3AA4, 0x3AA4, 0x3AA4, 0x3AA4, 0x3A84, 0x3AA4, 0x3A84, 0x3A84, 0x3A84, 0x3A84, 0x3A84, 
    0x3A84, 0x3264, 0x3AC4, 0x10C1, 0x1923, 0x42E5, 0x3243, 0x3AA4, 0x0020, 0x29C4, 0x3AA4, 0x29E4, 0x0860, 0x0040, 0x0040, 0x1121, 
    0x1982, 0x10E1, 0x0000, 0x0020, 0x0000, 0x0000, 0x0000, 0x0861, 0x29C4, 0x0000, 0x29A4, 0x1942, 0x1921, 0x1902, 0x0020, 0x29A4, 
    0x1921, 0x1922, 0x1922, 0x1921, 0x1121, 0x1922, 0x0000, 0x2143, 0x10C1, 0x0841, 0x21A3, 0x1101, 0x1942, 0x0040, 0x18C2, 0x29A3, 
    0x1921, 0x1942, 0x1922, 0x1962, 0x1942, 0x1922, 0x1921, 0x0000, 0x2164, 0x1941, 0x08A0, 0x0040, 0x29A4, 0x2163, 0x10E1, 0x0020, 
    0x1902, 0x29A3, 0x0000, 0x0840, 0x0000, 0x0020, 0x0000, 0x0861, 0x42A5, 0x2A23, 0x3244, 0x3244, 0x3264, 0x3A84, 0x3A84, 0x0000, 
    0x3205, 0x5327, 0x4305, 0x3244, 0x0000, 0x5B88, 0x0040, 0x3205, 0x4B66, 0x2202, 0x0020, 0x32C4, 0x2A62, 0x2A83, 0x2A83, 0x2A83, 
    0x2A83, 0x2A63, 0x32C3, 0x08A0, 0x1942, 0x2A43, 0x0000, 0x4305, 0x0000, 0x2A04, 0x19A2, 0x0861, 0x3AE5, 0x0000, 0x3264, 0x2A83, 
    0x2A83, 0x21E2, 0x0000, 0x4305, 0x0020, 0x2A04, 0x19A2, 0x0861, 0x3B05, 0x2A42, 0x3AC4, 0x08A1, 0x2143, 0x3A65, 0x0000, 0x4B07, 
    0x3A84, 0x42C5, 0x1942, 0x0861, 0x3AA5, 0x2202, 0x2A23, 0x2A43, 0x2A43, 0x2A43, 0x2A43, 0x0000, 0x3A85, 0x32A3, 0x32C3, 0x2202, 
    0x0000, 0x3AA5, 0x32C3, 0x1121, 0x0020, 0x0020, 0x0020, 0x0000, 0x3AA5, 0x08C0, 0x1942, 0x2A43, 0x0000, 0x4305, 0x0000, 0x2A04, 
    0x21C2, 0x0000, 0x0040, 0x0020, 0x0040, 0x0000, 0x1902, 0x4325, 0x32C3, 0x32A3, 0x32A3, 0x32C3, 0x32C3, 0x32C3, 0x32A3, 0x32A3, 
    0x32A3, 0x32A3, 0x32A3, 0x32A3, 0x32C3, 0x32A3, 0x32A3, 0x32A3, 0x32A3, 0x32A3, 0x32A3, 0x32A3, 0x32A3, 0x32A3, 0x32A3, 0x32A3, 
    0x32A3, 0x2A62, 0x2A62, 0x2A62, 0x2A62, 0x2A42, 0x2A42, 0x2A42, 0x2A42, 0x2A42, 0x2A42, 0x2A42, 0x2A42, 0x2A22, 0x2222, 0x2222, 
    0x3224, 0x3224, 0x3283, 0x32E4, 0x32E4, 0x3AE4, 0x3B04, 0x3B04, 0x3B04, 0x3B24, 0x3B24, 0x3B44, 0x3B44, 0x3B44, 0x3B04, 0x3AC4, 
    0x3AA4, 0x3AA4, 0x3AA4, 0x3AA4, 0x3AA4, 0x3AA4, 0x3AA4, 0x3AA4, 0x3AA4, 0x3AA4, 0x3AA4, 0x3AA4, 0x3AA4, 0x3AA4, 0x3AA4, 0x3A84, 
    0x3A84, 0x3A84, 0x42E5, 0x0880, 0x1902, 0x4B46, 0x3AA4, 0x42E5, 0x0040, 0x29C4, 0x4305, 0x2A23, 0x1922, 0x2163, 0x2163, 0x10E2, 
    0x08C1, 0x1121, 0x0000, 0x1943, 0x2163, 0x2143, 0x2143, 0x2184, 0x21A3, 0x0000, 0x29A4, 0x1962, 0x2182, 0x1121, 0x0020, 0x29A4, 
    0x1121, 0x1921, 0x1921, 0x1121, 0x1921, 0x1922, 0x0000, 0x2143, 0x10C1, 0x0861, 0x29C4, 0x1922, 0x2182, 0x0060, 0x10C2, 0x21A3, 
    0x1942, 0x2182, 0x3223, 0x3AA4, 0x3264, 0x21C2, 0x1942, 0x0000, 0x29A4, 0x21A3, 0x08A1, 0x0861, 0x29C4, 0x1101, 0x1942, 0x0040, 
    0x10C2, 0x1922, 0x0000, 0x2163, 0x29A4, 0x29A4, 0x29A4, 0x3205, 0x3A65, 0x2A03, 0x3223, 0x3244, 0x3244, 0x3264, 0x3264, 0x0000, 
    0x42A6, 0x42C5, 0x42E5, 0x3244, 0x0000, 0x5367, 0x0040, 0x3205, 0x5BC7, 0x3A64, 0x0000, 0x4B66, 0x32A3, 0x2A63, 0x2A63, 0x2A83, 
    0x2A83, 0x2A63, 0x32A3, 0x08A0, 0x1922, 0x32A4, 0x21A3, 0x4305, 0x0020, 0x2A04, 0x19A2, 0x0881, 0x3AE5, 0x0000, 0x3264, 0x3283, 
    0x3283, 0x21E2, 0x0000, 0x4305, 0x0020, 0x2A04, 0x19A2, 0x0861, 0x4B06, 0x3A64, 0x42C5, 0x10C1, 0x1923, 0x42A5, 0x2183, 0x18E2, 
    0x08A1, 0x10C1, 0x0040, 0x10A2, 0x3A85, 0x2202, 0x2A23, 0x2A22, 0x2A23, 0x2A43, 0x2A22, 0x21A3, 0x1922, 0x08A0, 0x08A0, 0x0880, 
    0x0020, 0x3AC5, 0x08E0, 0x1121, 0x2A04, 0x2A04, 0x29E4, 0x0000, 0x3AA5, 0x08C0, 0x1922, 0x32A4, 0x21A3, 0x4305, 0x0020, 0x2A04, 
    0x21A2, 0x0000, 0x3244, 0x2A04, 0x2A04, 0x3224, 0x3AC5, 0x3284, 0x1101, 0x32A3, 0x32C3, 0x32A3, 0x32A3, 0x32A3, 0x32A3, 0x32A3, 
    0x32C3, 0x32A3, 0x32A3, 0x32A3, 0x32A3, 0x32A3, 0x32A3, 0x32A3, 0x32A3, 0x32A3, 0x32A3, 0x32A3, 0x32A3, 0x32A3, 0x32A3, 0x32A3, 
    0x32A3, 0x2A62, 0x2A62, 0x2A42, 0x2A42, 0x2A42, 0x2A42, 0x2A42, 0x2A42, 0x2A42, 0x2A42, 0x2A22, 0x2A22, 0x2222, 0x2222, 0x2222, 
    0x3224, 0x3203, 0x3283, 0x32C3, 0x32C4, 0x32E4, 0x3AE4, 0x3B04, 0x3B04, 0x3B04, 0x3B04, 0x3B04, 0x3B24, 0x3B44, 0x3B44, 0x3B44, 
    0x3B24, 0x3AE4, 0x3AA4, 0x3AA4, 0x3AA4, 0x3AA4, 0x3AA4, 0x3AA4, 0x3AA4, 0x3AA4, 0x3AA4, 0x3AA4, 0x3AA4, 0x3AA4, 0x3AA4, 0x3AA4, 
    0x3AA4, 0x3A84, 0x3AC4, 0x21A2, 0x2163, 0x21A3, 0x1962, 0x2182, 0x0000, 0x2183, 0x21A2, 0x08A0, 0x10E1, 0x10E1, 0x1101, 0x0060, 
    0x2163, 0x1962, 0x10A1, 0x1943, 0x08C1, 0x08E1, 0x08C1, 0x10E1, 0x1121, 0x10A1, 0x1903, 0x08A1, 0x08A1, 0x0860, 0x0000, 0x2184, 
    0x1101, 0x1921, 0x1921, 0x1922, 0x1922, 0x1962, 0x0000, 0x2143, 0x10E1, 0x0841, 0x29E4, 0x1942, 0x21A2, 0x0040, 0x10C2, 0x3244, 
    0x3263, 0x3AC4, 0x42E5, 0x42E5, 0x42E5, 0x42E5, 0x3264, 0x1942, 0x1903, 0x1922, 0x08A1, 0x0841, 0x29E4, 0x1942, 0x2182, 0x0040, 
    0x10A2, 0x1942, 0x10A1, 0x1923, 0x10E1, 0x1942, 0x1942, 0x2162, 0x2A03, 0x2A03, 0x3223, 0x3223, 0x3224, 0x3244, 0x3244, 0x0000, 
    0x3A65, 0x3AA5, 0x42C5, 0x3203, 0x0000, 0x5367, 0x0020, 0x31E4, 0x5386, 0x3AA4, 0x2163, 0x3204, 0x42E5, 0x4305, 0x32A3, 0x2A62, 
    0x2A62, 0x2A63, 0x32C3, 0x08A0, 0x18E2, 0x3B04, 0x32A3, 0x32A3, 0x0000, 0x29E4, 0x19A2, 0x0841, 0x3AE5, 0x0000, 0x3264, 0x3283, 
    0x3283, 0x21E2, 0x0000, 0x3B05, 0x0000, 0x3204, 0x21A3, 0x0841, 0x4B06, 0x3244, 0x42A5, 0x08A1, 0x18E2, 0x42E6, 0x3A64, 0x1902, 
    0x1923, 0x2123, 0x1081, 0x0861, 0x3A85, 0x21E2, 0x2A22, 0x2A22, 0x2A23, 0x2A43, 0x2A43, 0x32C3, 0x1941, 0x1922, 0x1942, 0x10E2, 
    0x0000, 0x3AC5, 0x1101, 0x2183, 0x21C2, 0x1982, 0x1982, 0x0000, 0x3A85, 0x08A0, 0x10E2, 0x3AE4, 0x3283, 0x32C3, 0x0000, 0x29E4, 
    0x2A43, 0x1942, 0x2A03, 0x19A2, 0x21C2, 0x19A2, 0x2A23, 0x2A22, 0x0000, 0x4305, 0x32A3, 0x32A3, 0x32A3, 0x32A3, 0x32A3, 0x32A3, 
    0x32A3, 0x32A3, 0x32A3, 0x32A3, 0x32A3, 0x32A3, 0x32A3, 0x32A3, 0x32A3, 0x32A3, 0x32A3, 0x32A3, 0x32A3, 0x32A3, 0x32A3, 0x32A3, 
    0x32A3, 0x2A62, 0x2A62, 0x2A62, 0x2A42, 0x2A42, 0x2A42, 0x2A42, 0x2A42, 0x2A42, 0x2A42, 0x2A22, 0x2222, 0x2222, 0x2222, 0x2222, 
    0x3223, 0x2A03, 0x2A63, 0x32A3, 0x32A3, 0x32C4, 0x32C4, 0x32E4, 0x32E4, 0x3AE4, 0x32E4, 0x3B04, 0x3B04, 0x3B24, 0x3B24, 0x3B24, 
    0x3B44, 0x3B44, 0x3B24, 0x3AE4, 0x3AC4, 0x3AA4, 0x3AA4, 0x3AA4, 0x3AA4, 0x3AA4, 0x3AA4, 0x3AA4, 0x3AA4, 0x3AA4, 0x3AA4, 0x3AA4, 
    0x3AA4, 0x3AA4, 0x3A84, 0x4305, 0x2A03, 0x0881, 0x0861, 0x0841, 0x0881, 0x29A4, 0x10E1, 0x0841, 0x0861, 0x0861, 0x0841, 0x2163, 
    0x21C3, 0x1141, 0x1962, 0x0040, 0x0841, 0x0841, 0x0841, 0x10A2, 0x2183, 0x1962, 0x0861, 0x0861, 0x0861, 0x0861, 0x10A2, 0x29A4, 
    0x1101, 0x1922, 0x1942, 0x1942, 0x1942, 0x1962, 0x0860, 0x29A4, 0x1902, 0x10C2, 0x29E4, 0x1942, 0x29C3, 0x10E1, 0x29A4, 0x4B46, 
    0x42E4, 0x42E5, 0x42C4, 0x42E4, 0x42C4, 0x42E5, 0x42E5, 0x4B46, 0x10C1, 0x31E4, 0x2182, 0x10C2, 0x31E4, 0x1962, 0x21A3, 0x08A1, 
    0x2123, 0x29C3, 0x1962, 0x0040, 0x0841, 0x0841, 0x0841, 0x10A2, 0x3224, 0x29E3, 0x2A03, 0x2A03, 0x3223, 0x3224, 0x3244, 0x0881, 
    0x4286, 0x3A84, 0x3AA5, 0x3223, 0x10A2, 0x5347, 0x10C1, 0x3A66, 0x4B26, 0x4305, 0x5366, 0x0861, 0x4B07, 0x5386, 0x4B46, 0x4325, 
    0x3AE4, 0x2A63, 0x2A83, 0x1101, 0x21A4, 0x3AE4, 0x2A42, 0x3283, 0x08A0, 0x3245, 0x21C2, 0x1902, 0x3AE5, 0x0881, 0x3AA5, 0x2A83, 
    0x2A83, 0x2202, 0x10A2, 0x4B06, 0x08A1, 0x3A46, 0x29C3, 0x1903, 0x4AE6, 0x3244, 0x3A85, 0x1101, 0x2984, 0x3A85, 0x2182, 0x2A04, 
    0x3204, 0x3245, 0x1922, 0x18E2, 0x3265, 0x21E2, 0x2202, 0x2A22, 0x2A22, 0x2A43, 0x2A43, 0x19C2, 0x2202, 0x2A43, 0x3263, 0x21C2, 
    0x10A1, 0x3AA5, 0x32C3, 0x1942, 0x0861, 0x0861, 0x0861, 0x10A1, 0x3AC5, 0x1121, 0x2183, 0x3AE4, 0x2A62, 0x32A3, 0x08C1, 0x3224, 
    0x3B04, 0x2A43, 0x0040, 0x0861, 0x0861, 0x0861, 0x21A3, 0x3284, 0x10A1, 0x4326, 0x32A3, 0x32A3, 0x32A3, 0x32A3, 0x32C3, 0x32A3, 
    0x32A3, 0x32A3, 0x32A3, 0x32A3, 0x32A3, 0x32A3, 0x32A3, 0x32A3, 0x32A3, 0x32A3, 0x32A3, 0x32A3, 0x32A3, 0x32A3, 0x32A3, 0x32A3, 
    0x32A3, 0x2A62, 0x2A62, 0x2A42, 0x2A42, 0x2A42, 0x2A42, 0x2A42, 0x2A22, 0x2A22, 0x2222, 0x2222, 0x2222, 0x2222, 0x2222, 0x2222, 
    0x2A23, 0x2A03, 0x2A43, 0x3283, 0x3283, 0x32A3, 0x32A3, 0x32C3, 0x32C3, 0x32C3, 0x32E4, 0x32E4, 0x32E4, 0x3AE4, 0x3B04, 0x3B04, 
    0x3B24, 0x3B04, 0x3B24, 0x3B44, 0x3B24, 0x3AE4, 0x3AC4, 0x3AA4, 0x3AA4, 0x3AA4, 0x3AA4, 0x3AA4, 0x3AA4, 0x3AA4, 0x3AA4, 0x3AA4, 
    0x3AA4, 0x3AA4, 0x3AC4, 0x3A84, 0x3243, 0x3244, 0x29E4, 0x21C3, 0x21C3, 0x21A3, 0x1141, 0x21A3, 0x21C3, 0x21A3, 0x21A3, 0x21A3, 
    0x1121, 0x1121, 0x1101, 0x1962, 0x21A3, 0x2183, 0x2183, 0x2183, 0x1942, 0x1101, 0x1942, 0x29A4, 0x2183, 0x21A3, 0x29A4, 0x2163, 
    0x1942, 0x1942, 0x1942, 0x1962, 0x1962, 0x1962, 0x21A3, 0x29E4, 0x2182, 0x29E4, 0x29E3, 0x3223, 0x3AA4, 0x4305, 0x4B46, 0x42E5, 
    0x42C4, 0x42E5, 0x42E5, 0x42E5, 0x42E5, 0x42E5, 0x42E5, 0x3AC4, 0x4305, 0x5346, 0x42E5, 0x42E5, 0x3224, 0x21A2, 0x2182, 0x2182, 
    0x29E4, 0x2182, 0x1962, 0x21A3, 0x29E4, 0x29C4, 0x29A4, 0x29A4, 0x1942, 0x1962, 0x21C3, 0x2A03, 0x2A03, 0x2A03, 0x3223, 0x3A85, 
    0x42A5, 0x3264, 0x3A64, 0x3A64, 0x42E6, 0x42C5, 0x42C5, 0x4B06, 0x42C5, 0x42E5, 0x42E5, 0x5366, 0x5367, 0x4B25, 0x4B46, 0x5366, 
    0x5386, 0x4B66, 0x3AE4, 0x32C3, 0x3AC4, 0x2A63, 0x2A83, 0x2A83, 0x32A3, 0x3AC4, 0x2A83, 0x3AE4, 0x3283, 0x32C3, 0x3AC4, 0x2A63, 
    0x3283, 0x3A84, 0x42E6, 0x42A5, 0x3AA5, 0x42C6, 0x3A64, 0x42C6, 0x3A65, 0x3244, 0x3244, 0x3244, 0x42A6, 0x29C3, 0x0000, 0x0000, 
    0x0000, 0x0000, 0x1902, 0x42A6, 0x21E3, 0x21E2, 0x2202, 0x2A22, 0x2A22, 0x2A22, 0x2222, 0x0020, 0x0000, 0x0000, 0x0000, 0x0881, 
    0x4305, 0x3283, 0x2A42, 0x2A63, 0x3AE5, 0x3AE5, 0x3AE5, 0x3AE5, 0x32A4, 0x3283, 0x3AE5, 0x3283, 0x2A83, 0x2A83, 0x32C3, 0x3AE4, 
    0x2A83, 0x2A83, 0x3AE4, 0x3B05, 0x3B05, 0x3B05, 0x3B05, 0x32C4, 0x3B05, 0x3AE4, 0x32A3, 0x32A4, 0x32A3, 0x32A3, 0x32A3, 0x32A3, 
    0x32A3, 0x32A3, 0x32A3, 0x32A3, 0x32A3, 0x32A3, 0x32A3, 0x32A3, 0x32A3, 0x32A3, 0x32A3, 0x32A3, 0x32A3, 0x32A3, 0x32A3, 0x32A3, 
    0x3283, 0x2A62, 0x2A42, 0x2A42, 0x2A42, 0x2A42, 0x2A42, 0x2242, 0x2222, 0x2222, 0x2222, 0x2222, 0x2222, 0x2222, 0x2202, 0x2202, 
    0x2A23, 0x29E3, 0x2A43, 0x2A63, 0x2A63, 0x3283, 0x3283, 0x32A3, 0x32A3, 0x32A3, 0x32C3, 0x32C3, 0x32C4, 0x32E4, 0x32E4, 0x32E4, 
    0x3AE4, 0x3B04, 0x3B04, 0x3B04, 0x3B04, 0x3B24, 0x3B24, 0x3B04, 0x3AC4, 0x3AA4, 0x3AA4, 0x3AA4, 0x3AA4, 0x3AA4, 0x3AA4, 0x3AA4, 
    0x3AC4, 0x3A84, 0x2A23, 0x1982, 0x1141, 0x1121, 0x1121, 0x1121, 0x1121, 0x1121, 0x1121, 0x1121, 0x1101, 0x1101, 0x1101, 0x1101, 
    0x1121, 0x1121, 0x1121, 0x1101, 0x0901, 0x0901, 0x0901, 0x08E1, 0x1101, 0x1921, 0x1101, 0x1101, 0x1121, 0x1921, 0x1921, 0x1942, 
    0x1962, 0x1962, 0x1962, 0x2182, 0x2182, 0x2182, 0x2182, 0x2182, 0x29E3, 0x3263, 0x3AC4, 0x42E5, 0x42E5, 0x42C5, 0x3AC4, 0x42E5, 
    0x42E5, 0x42E5, 0x42E5, 0x42E5, 0x42E5, 0x42E5, 0x42E4, 0x42E5, 0x42C4, 0x3AC4, 0x42E5, 0x42E4, 0x42E4, 0x3AC4, 0x3243, 0x29C3, 
    0x2182, 0x2182, 0x2182, 0x2182, 0x1962, 0x1962, 0x1942, 0x1942, 0x1942, 0x1922, 0x1101, 0x1942, 0x21A2, 0x29E3, 0x3224, 0x3223, 
    0x3223, 0x3244, 0x3244, 0x3264, 0x3264, 0x3A64, 0x3A84, 0x3A84, 0x3AA5, 0x42C5, 0x42C5, 0x42E5, 0x42E5, 0x4B05, 0x4B25, 0x4B26, 
    0x4B46, 0x5366, 0x5386, 0x5386, 0x4325, 0x32C4, 0x2A83, 0x2A62, 0x2A62, 0x2A62, 0x2A83, 0x2A62, 0x2A62, 0x2A63, 0x3263, 0x3A84, 
    0x3A85, 0x3A85, 0x3A64, 0x3A64, 0x3A64, 0x3244, 0x3244, 0x3224, 0x3244, 0x3224, 0x3224, 0x3204, 0x2A03, 0x2A03, 0x3225, 0x3A65, 
    0x3A45, 0x3A25, 0x3A45, 0x29C3, 0x21A2, 0x2202, 0x2202, 0x2222, 0x2A22, 0x2A22, 0x2222, 0x2A43, 0x3AA5, 0x3AA5, 0x3AA5, 0x3AC5, 
    0x3283, 0x2A42, 0x2A63, 0x2A63, 0x2A42, 0x2A42, 0x2A62, 0x2A62, 0x2A63, 0x2A83, 0x2A62, 0x2A83, 0x2A83, 0x2A83, 0x2A83, 0x2A82, 
    0x2A83, 0x2A83, 0x2A63, 0x2A62, 0x2A82, 0x2A62, 0x2A83, 0x32A3, 0x32A3, 0x32A3, 0x32A3, 0x32A3, 0x32A3, 0x32A3, 0x32A3, 0x32A3, 
    0x32A3, 0x32A3, 0x32A3, 0x32A3, 0x32A3, 0x32A3, 0x32A3, 0x32A3, 0x32A3, 0x32A3, 0x32A3, 0x32A3, 0x32A3, 0x32A3, 0x32A3, 0x32A3, 
    0x3283, 0x2A42, 0x2A42, 0x2A42, 0x2A42, 0x2A42, 0x2A22, 0x2A22, 0x2222, 0x2222, 0x2222, 0x2222, 0x2202, 0x2202, 0x2202, 0x2202, 
    0x21E2, 0x21E2, 0x2203, 0x2A43, 0x2A63, 0x2A63, 0x2A83, 0x2A83, 0x3283, 0x32A3, 0x32A3, 0x32A3, 0x32A3, 0x32C3, 0x32C3, 0x32C3, 
    0x32E4, 0x32E4, 0x32E4, 0x32E4, 0x3AE4, 0x3AE4, 0x3B04, 0x3B04, 0x3B04, 0x3B04, 0x3AE4, 0x3AC4, 0x3AA4, 0x3AC4, 0x3AC4, 0x3284, 
    0x21E2, 0x1962, 0x1141, 0x1121, 0x1141, 0x1141, 0x1141, 0x1121, 0x1121, 0x1141, 0x1121, 0x1121, 0x1121, 0x1121, 0x1121, 0x1121, 
    0x1101, 0x1101, 0x1101, 0x1101, 0x1101, 0x1101, 0x1101, 0x1101, 0x1101, 0x1921, 0x1942, 0x1942, 0x1962, 0x1962, 0x1962, 0x2162, 
    0x2182, 0x2182, 0x2182, 0x2182, 0x2182, 0x21A3, 0x3223, 0x3AA4, 0x42E5, 0x42E5, 0x42E5, 0x42C5, 0x42E5, 0x42E5, 0x42E5, 0x42E5, 
    0x42E5, 0x42E5, 0x42E5, 0x42E5, 0x42E5, 0x42E5, 0x42E5, 0x42E5, 0x42E5, 0x42E5, 0x42E5, 0x42E5, 0x42E5, 0x42E5, 0x42E5, 0x3AC4, 
    0x3A84, 0x2A03, 0x21A3, 0x2182, 0x21A2, 0x21A2, 0x2182, 0x2182, 0x1962, 0x1962, 0x1942, 0x1922, 0x1922, 0x1922, 0x2182, 0x29E3, 
    0x3224, 0x3224, 0x3244, 0x3244, 0x3244, 0x3A64, 0x3A64, 0x3A84, 0x3A84, 0x3AA5, 0x42A5, 0x42C5, 0x42E5, 0x42E5, 0x4305, 0x4B26, 
    0x4B26, 0x4B46, 0x4B66, 0x5386, 0x5BA7, 0x53A7, 0x5386, 0x4325, 0x32A3, 0x2A63, 0x2A83, 0x3283, 0x3284, 0x3A84, 0x3A85, 0x3A84, 
    0x3A64, 0x3A64, 0x3A64, 0x3A44, 0x3244, 0x3244, 0x3224, 0x3224, 0x3224, 0x3204, 0x3204, 0x2A03, 0x2A03, 0x29E3, 0x29C3, 0x21C3, 
    0x21C3, 0x21A3, 0x2182, 0x1962, 0x21A2, 0x2202, 0x2202, 0x2222, 0x2222, 0x2A22, 0x2A22, 0x2A42, 0x2A42, 0x2A42, 0x2A42, 0x2A42, 
    0x2A42, 0x2A63, 0x2A63, 0x2A63, 0x2A63, 0x2A83, 0x2A83, 0x3283, 0x2A83, 0x2A83, 0x2A83, 0x2A83, 0x2A83, 0x2A83, 0x2A83, 0x3283, 
    0x2A83, 0x2A83, 0x2A83, 0x3283, 0x2A83, 0x2A83, 0x3283, 0x32A3, 0x32A3, 0x32A3, 0x32A3, 0x32A3, 0x32A3, 0x32A3, 0x32A3, 0x32A3, 
    0x32A3, 0x32A3, 0x32A3, 0x32A3, 0x32A3, 0x32A3, 0x32A3, 0x32A3, 0x32A3, 0x32A3, 0x32A3, 0x32A3, 0x32A3, 0x32A3, 0x32A3, 0x32A3, 
    0x3283, 0x2A42, 0x2A42, 0x2A42, 0x2A42, 0x2222, 0x2A22, 0x2A22, 0x2222, 0x2222, 0x2222, 0x2202, 0x2202, 0x2202, 0x2202, 0x21E2, 
    0x21E2, 0x21C2, 0x1982, 0x1982, 0x21C2, 0x2A23, 0x2A63, 0x2A63, 0x2A63, 0x2A63, 0x2A83, 0x2A83, 0x3283, 0x3283, 0x32A3, 0x32A3, 
    0x32A3, 0x32C3, 0x32C3, 0x32C3, 0x32C3, 0x32C4, 0x32E4, 0x32E4, 0x32E4, 0x32E4, 0x32E4, 0x3AE4, 0x3AC4, 0x3263, 0x21A2, 0x1121, 
    0x1121, 0x1121, 0x1121, 0x1121, 0x1121, 0x1121, 0x1121, 0x1121, 0x1121, 0x1121, 0x1121, 0x1101, 0x1101, 0x1101, 0x1101, 0x1101, 
    0x1101, 0x1101, 0x1101, 0x1101, 0x10E1, 0x1101, 0x1101, 0x1101, 0x1121, 0x1121, 0x1942, 0x1962, 0x1962, 0x2182, 0x2182, 0x2182, 
    0x2182, 0x2182, 0x2182, 0x29E3, 0x3244, 0x3AA4, 0x42E5, 0x42E5, 0x42C5, 0x42C4, 0x42C5, 0x42C5, 0x42E5, 0x42C5, 0x42E5, 0x42E5, 
    0x42E5, 0x42E5, 0x42C5, 0x42E5, 0x42C5, 0x42C5, 0x42C5, 0x42C5, 0x42E5, 0x42E5, 0x42E5, 0x42E5, 0x42E5, 0x42C5, 0x42C4, 0x42E5, 
    0x42E5, 0x42E5, 0x3AA4, 0x3243, 0x29C3, 0x21A3, 0x21A3, 0x2182, 0x2182, 0x2182, 0x2162, 0x2162, 0x1962, 0x1942, 0x1922, 0x1922, 
    0x2162, 0x29C3, 0x3203, 0x3224, 0x3244, 0x3244, 0x3244, 0x3264, 0x3A64, 0x3A84, 0x3A84, 0x3AA5, 0x42C5, 0x42E5, 0x42E5, 0x42E5, 
    0x4305, 0x4B25, 0x4B46, 0x4B66, 0x5366, 0x5386, 0x53A7, 0x5BE7, 0x5BC7, 0x4345, 0x3A84, 0x3A85, 0x3A84, 0x3A64, 0x3264, 0x3244, 
    0x3244, 0x3244, 0x3244, 0x3244, 0x3224, 0x3224, 0x3224, 0x3204, 0x2A03, 0x2A03, 0x29E3, 0x29E3, 0x29C3, 0x29C3, 0x29A3, 0x21A3, 
    0x2183, 0x1962, 0x1962, 0x1961, 0x19A2, 0x21E2, 0x2202, 0x2202, 0x2A22, 0x2A22, 0x2A22, 0x2A42, 0x2A42, 0x2A43, 0x2A43, 0x2A43, 
    0x2A63, 0x2A63, 0x2A63, 0x2A63, 0x2A63, 0x2A83, 0x2A83, 0x2A83, 0x2A83, 0x2A83, 0x2A83, 0x2A83, 0x2A83, 0x2A83, 0x2A83, 0x2A83, 
    0x2A83, 0x2A83, 0x2A83, 0x2A83, 0x2A83, 0x2A83, 0x3283, 0x32A3, 0x32A3, 0x32A3, 0x32A3, 0x32A3, 0x32A3, 0x32A3, 0x32A3, 0x32A3, 
    0x32A3, 0x32A3, 0x32A3, 0x32A3, 0x32A3, 0x32A3, 0x32A3, 0x32A3, 0x32A3, 0x32A3, 0x32A3, 0x32A3, 0x32A3, 0x32A3, 0x32A3, 0x3283, 
    0x3283, 0x2A42, 0x2A42, 0x2A42, 0x2A22, 0x2222, 0x2222, 0x2222, 0x2222, 0x2202, 0x2202, 0x2202, 0x21E2, 0x21E2, 0x21E2, 0x21E2, 
    0x21E2, 0x21C2, 0x19A2, 0x1982, 0x1941, 0x1141, 0x19A2, 0x2202, 0x2A43, 0x2A63, 0x2A63, 0x2A63, 0x2A63, 0x2A63, 0x2A83, 0x3283, 
    0x3283, 0x32A3, 0x32A3, 0x32A3, 0x32A3, 0x32A3, 0x32A3, 0x32A3, 0x32A3, 0x32A3, 0x3283, 0x32A3, 0x32A3, 0x2A83, 0x2222, 0x1982, 
    0x1121, 0x1101, 0x1121, 0x1121, 0x1121, 0x1121, 0x1121, 0x1101, 0x1101, 0x1101, 0x1121, 0x1101, 0x1101, 0x1101, 0x1101, 0x1101, 
    0x1101, 0x1101, 0x1101, 0x1101, 0x1101, 0x1101, 0x1121, 0x1141, 0x1941, 0x1961, 0x1961, 0x1962, 0x1982, 0x2182, 0x21A2, 0x21C3, 
    0x29E3, 0x3223, 0x3A84, 0x4305, 0x4305, 0x42E5, 0x42E5, 0x4305, 0x4305, 0x4305, 0x4305, 0x42E5, 0x42E5, 0x4305, 0x42E5, 0x42E4, 
    0x42E5, 0x42E5, 0x4305, 0x42E5, 0x4305, 0x4305, 0x4305, 0x42E5, 0x42E5, 0x42E5, 0x42E5, 0x42E5, 0x42C5, 0x42E5, 0x42E5, 0x42C5, 
    0x42E5, 0x42E5, 0x42E5, 0x42E5, 0x42C4, 0x3A84, 0x2A03, 0x29E3, 0x21C3, 0x21A3, 0x21A3, 0x21A2, 0x2182, 0x2162, 0x2182, 0x2162, 
    0x1942, 0x1922, 0x1942, 0x29C3, 0x2A03, 0x3244, 0x3244, 0x3244, 0x3244, 0x3A64, 0x3A84, 0x3AA5, 0x3AA5, 0x3AA5, 0x42E5, 0x42E5, 
    0x4B05, 0x4B26, 0x4B05, 0x4B46, 0x5386, 0x5386, 0x53A6, 0x5BC7, 0x6407, 0x5BC7, 0x3A85, 0x3A64, 0x3A84, 0x3A84, 0x3A84, 0x3264, 
    0x3244, 0x3244, 0x3244, 0x3244, 0x3244, 0x3224, 0x3224, 0x2A03, 0x29E3, 0x29E3, 0x29E3, 0x29E3, 0x29C3, 0x21A3, 0x21A3, 0x1962, 
    0x1941, 0x1981, 0x19A2, 0x21C2, 0x21E2, 0x2202, 0x2202, 0x2202, 0x2A22, 0x2A43, 0x2A42, 0x2A43, 0x2A43, 0x2A63, 0x2A43, 0x2A63, 
    0x2A63, 0x2A63, 0x2A63, 0x2A63, 0x3283, 0x2A83, 0x2A83, 0x3283, 0x2A83, 0x2A83, 0x2A83, 0x32A3, 0x3283, 0x3283, 0x32A3, 0x2A83, 
    0x2A83, 0x2A83, 0x32A3, 0x32A3, 0x2A83, 0x32A3, 0x3283, 0x32A3, 0x32A3, 0x32C3, 0x32C3, 0x32A3, 0x32C3, 0x32C4, 0x32C4, 0x32C4, 
    0x32C4, 0x32C4, 0x32A3, 0x32A3, 0x32A3, 0x32A3, 0x32A3, 0x32A3, 0x32A3, 0x32A3, 0x32A3, 0x32A3, 0x32A3, 0x32A3, 0x32A3, 0x3283, 
    0x3283, 0x2A42, 0x2A42, 0x2A22, 0x2A22, 0x2222, 0x2222, 0x2202, 0x2202, 0x2202, 0x2202, 0x21E2, 0x21E2, 0x21E2, 0x21E2, 0x21C2, 
    0x21E2, 0x21E2, 0x21C2, 0x19A2, 0x1982, 0x1962, 0x1141, 0x1141, 0x1962, 0x21E2, 0x2A23, 0x2A63, 0x2A63, 0x2A43, 0x2A63, 0x2A63, 
    0x2A63, 0x2A63, 0x2A83, 0x3283, 0x2A83, 0x2A83, 0x2A63, 0x2A83, 0x2A83, 0x2A63, 0x2A83, 0x2A43, 0x21E2, 0x21E2, 0x2202, 0x2A63, 
    0x2A63, 0x1982, 0x08C1, 0x08C0, 0x08C0, 0x08C0, 0x08E1, 0x1101, 0x1101, 0x1101, 0x08C1, 0x08C0, 0x08C0, 0x08C0, 0x1101, 0x08E1, 
    0x08C1, 0x08C0, 0x08C0, 0x08C1, 0x08E1, 0x1121, 0x1141, 0x1101, 0x1101, 0x1101, 0x1101, 0x1121, 0x1121, 0x1161, 0x1961, 0x2182, 
    0x2A03, 0x3243, 0x3244, 0x3243, 0x3A84, 0x42E5, 0x3AC4, 0x3243, 0x3243, 0x3243, 0x3243, 0x3A84, 0x3AC4, 0x3244, 0x3AC4, 0x42E5, 
    0x42E5, 0x3AA4, 0x3264, 0x42E4, 0x3243, 0x3244, 0x3244, 0x3264, 0x42E5, 0x42C5, 0x42C5, 0x42C5, 0x42E5, 0x3A84, 0x3244, 0x42C4, 
    0x3244, 0x3AA4, 0x42C5, 0x42E5, 0x3AC4, 0x3244, 0x3AC4, 0x3223, 0x29E3, 0x29E3, 0x21C3, 0x29A3, 0x21A3, 0x21A3, 0x1962, 0x1942, 
    0x2182, 0x2162, 0x1942, 0x10E1, 0x1921, 0x2162, 0x21A3, 0x3224, 0x3244, 0x3264, 0x3204, 0x2A03, 0x3A84, 0x3AA5, 0x3224, 0x3224, 
    0x3244, 0x3A84, 0x4B05, 0x4B05, 0x3A84, 0x3AA4, 0x3AA5, 0x42C5, 0x4305, 0x53A6, 0x3A84, 0x3A84, 0x3224, 0x29C3, 0x29C3, 0x29C3, 
    0x3224, 0x3224, 0x29E3, 0x21A3, 0x2183, 0x2182, 0x2182, 0x29C3, 0x29C3, 0x29C3, 0x21A3, 0x1942, 0x1922, 0x1101, 0x1101, 0x1121, 
    0x1961, 0x1141, 0x1141, 0x1961, 0x1981, 0x1981, 0x19A2, 0x2202, 0x21A2, 0x2202, 0x2A42, 0x2A43, 0x2A22, 0x21C2, 0x2222, 0x21C2, 
    0x2202, 0x2A63, 0x2A63, 0x2A63, 0x21E2, 0x2A63, 0x2A22, 0x2222, 0x2A83, 0x2A83, 0x2A83, 0x2202, 0x2A42, 0x2A43, 0x2202, 0x3283, 
    0x2A83, 0x32A3, 0x2A22, 0x2222, 0x2A63, 0x21E2, 0x2A83, 0x32A3, 0x32C3, 0x2A63, 0x2A22, 0x32A3, 0x2A23, 0x2A02, 0x2A02, 0x2202, 
    0x2202, 0x2A23, 0x3283, 0x32A3, 0x32A3, 0x32A3, 0x32A3, 0x32A3, 0x32A3, 0x32A3, 0x32A3, 0x32A3, 0x32A3, 0x3283, 0x3283, 0x3283, 
    0x3283, 0x2A42, 0x2A22, 0x2222, 0x2222, 0x2222, 0x2202, 0x2202, 0x2202, 0x21E2, 0x21E2, 0x21E2, 0x21C2, 0x21C2, 0x19C2, 0x19C2, 
    0x2202, 0x21E2, 0x21E2, 0x21C2, 0x19A2, 0x19A2, 0x1982, 0x1962, 0x1141, 0x1141, 0x1962, 0x19A2, 0x2203, 0x2A43, 0x2A43, 0x2A43, 
    0x2A43, 0x2A43, 0x2A43, 0x2A63, 0x2A63, 0x2A63, 0x2A63, 0x2A63, 0x2A83, 0x2A83, 0x32A3, 0x1961, 0x0000, 0x0020, 0x0000, 0x2A23, 
    0x32C3, 0x1981, 0x0000, 0x0020, 0x0020, 0x0000, 0x10E2, 0x1101, 0x08E1, 0x08E1, 0x0000, 0x0020, 0x0020, 0x10A1, 0x1101, 0x08C0, 
    0x0000, 0x0000, 0x0020, 0x0020, 0x0881, 0x1982, 0x1141, 0x0040, 0x0000, 0x0000, 0x0000, 0x0000, 0x0020, 0x3A85, 0x1101, 0x0000, 
    0x0020, 0x0000, 0x0020, 0x0000, 0x3204, 0x4B45, 0x2A03, 0x0000, 0x0000, 0x0020, 0x0000, 0x2183, 0x3A84, 0x0000, 0x4306, 0x3AC4, 
    0x4325, 0x2182, 0x0861, 0x4B26, 0x0000, 0x0000, 0x0000, 0x2163, 0x4B26, 0x3AC4, 0x42C5, 0x42C4, 0x4305, 0x2162, 0x0861, 0x4B26, 
    0x0000, 0x3A65, 0x42E5, 0x42E5, 0x2A23, 0x0000, 0x4B46, 0x0020, 0x29C4, 0x4305, 0x3264, 0x2A03, 0x29C3, 0x29E3, 0x0860, 0x10A1, 
    0x29E3, 0x2162, 0x21A3, 0x0000, 0x1922, 0x10C1, 0x0020, 0x29A3, 0x2182, 0x3A64, 0x0881, 0x10E2, 0x42C5, 0x3224, 0x0020, 0x0020, 
    0x0000, 0x2143, 0x4B06, 0x3AA5, 0x0000, 0x0000, 0x0000, 0x0000, 0x10E2, 0x5BA7, 0x3244, 0x3A64, 0x10C1, 0x0000, 0x0000, 0x0020, 
    0x3224, 0x3224, 0x10C1, 0x0000, 0x0000, 0x0020, 0x0000, 0x29A4, 0x21A3, 0x21A3, 0x1101, 0x0000, 0x0000, 0x0020, 0x0020, 0x1902, 
    0x2182, 0x0000, 0x0020, 0x0000, 0x0000, 0x0000, 0x10A1, 0x3263, 0x0000, 0x2A03, 0x2A43, 0x2A63, 0x21C2, 0x0000, 0x3284, 0x0020, 
    0x2162, 0x3283, 0x2A62, 0x2A43, 0x0000, 0x3264, 0x08C0, 0x10E2, 0x3AE4, 0x2A62, 0x32A3, 0x0000, 0x21C3, 0x19A2, 0x0861, 0x32C4, 
    0x2A62, 0x32A3, 0x08A0, 0x1922, 0x2A63, 0x0000, 0x3284, 0x3283, 0x3AC4, 0x1961, 0x0881, 0x3AE5, 0x0000, 0x0000, 0x0000, 0x0000, 
    0x0000, 0x0000, 0x3AC4, 0x32A3, 0x32A3, 0x32A3, 0x32A3, 0x32A3, 0x32A3, 0x32A3, 0x32A3, 0x32A3, 0x32A3, 0x3283, 0x3283, 0x3283, 
    0x3283, 0x2A42, 0x2222, 0x2222, 0x2222, 0x2202, 0x2202, 0x2202, 0x21E2, 0x21E2, 0x21E2, 0x21C2, 0x19C2, 0x19C2, 0x19A2, 0x19A1, 
    0x2202, 0x2202, 0x21E2, 0x21E2, 0x21C2, 0x21C2, 0x19A2, 0x19A2, 0x1982, 0x1962, 0x1941, 0x1121, 0x1141, 0x1982, 0x21C2, 0x2A23, 
    0x2A43, 0x2A23, 0x2A23, 0x2A43, 0x2A63, 0x2A83, 0x2A83, 0x2A83, 0x2A63, 0x32C3, 0x10E1, 0x10E1, 0x4305, 0x3AA5, 0x3AE5, 0x0861, 
    0x21C3, 0x1982, 0x0861, 0x4B46, 0x3AE5, 0x3AE5, 0x10C1, 0x0040, 0x10E1, 0x0000, 0x1942, 0x2163, 0x2183, 0x10C2, 0x0040, 0x1942, 
    0x0000, 0x2184, 0x29C4, 0x29C4, 0x2163, 0x0020, 0x21A2, 0x0000, 0x2163, 0x3265, 0x3A85, 0x42C5, 0x4B06, 0x5387, 0x10E1, 0x2143, 
    0x5BC8, 0x4B47, 0x4B26, 0x4B06, 0x5367, 0x21A3, 0x0861, 0x5347, 0x5347, 0x5367, 0x5347, 0x5367, 0x3244, 0x0000, 0x5367, 0x4305, 
    0x4B45, 0x21A2, 0x1081, 0x5346, 0x4305, 0x0861, 0x31E4, 0x5B88, 0x42E5, 0x42C4, 0x42C5, 0x42C4, 0x4325, 0x2182, 0x1081, 0x5346, 
    0x0000, 0x4AC6, 0x4B66, 0x21A2, 0x0040, 0x5347, 0x5346, 0x0040, 0x3205, 0x4B46, 0x42E4, 0x42C4, 0x3A84, 0x3244, 0x10C1, 0x0000, 
    0x0881, 0x2A04, 0x0000, 0x0000, 0x2984, 0x1922, 0x0000, 0x0020, 0x2163, 0x2182, 0x0040, 0x2143, 0x3244, 0x0000, 0x42A6, 0x42C6, 
    0x4B27, 0x29A4, 0x0881, 0x4B06, 0x0000, 0x4AE7, 0x5BA8, 0x63E8, 0x4B06, 0x0000, 0x3A85, 0x0040, 0x2163, 0x42A6, 0x3A66, 0x3A45, 
    0x0020, 0x29E4, 0x08A1, 0x18E2, 0x42A6, 0x3225, 0x3A45, 0x0840, 0x1902, 0x10E1, 0x0020, 0x2A24, 0x2A04, 0x3224, 0x2A04, 0x3224, 
    0x21E2, 0x2A03, 0x3A85, 0x0040, 0x2183, 0x3AA5, 0x3A85, 0x2A43, 0x0000, 0x3244, 0x2A63, 0x2A63, 0x21C2, 0x0000, 0x3AE5, 0x0040, 
    0x29A4, 0x32A3, 0x2A42, 0x2A43, 0x0000, 0x3AA5, 0x08C0, 0x1922, 0x3AE4, 0x2A62, 0x32A3, 0x0020, 0x29C4, 0x3AE4, 0x2A03, 0x0000, 
    0x3AE4, 0x0040, 0x2182, 0x4326, 0x3283, 0x3284, 0x0000, 0x32A4, 0x1101, 0x10E1, 0x4B46, 0x3AC4, 0x32A4, 0x4305, 0x3AE5, 0x4326, 
    0x3264, 0x0000, 0x4306, 0x32A3, 0x32A3, 0x32A3, 0x32A3, 0x32A3, 0x32A3, 0x32A3, 0x32A3, 0x3283, 0x3283, 0x3283, 0x3283, 0x3283, 
    0x3263, 0x2A42, 0x2222, 0x2222, 0x2222, 0x2202, 0x21E2, 0x21E2, 0x21E2, 0x21C2, 0x19C2, 0x19C2, 0x19A2, 0x19A2, 0x1981, 0x1981, 
    0x2A23, 0x2203, 0x2202, 0x21E2, 0x21E2, 0x21C2, 0x21C2, 0x19C2, 0x19A2, 0x1982, 0x1982, 0x1962, 0x1961, 0x1141, 0x1121, 0x1141, 
    0x21A2, 0x2A23, 0x2A63, 0x2A83, 0x2A83, 0x2A83, 0x2A83, 0x2A83, 0x2A83, 0x32C3, 0x08A0, 0x1943, 0x4345, 0x2AA3, 0x3303, 0x0020, 
    0x2A04, 0x21C2, 0x0000, 0x0060, 0x0040, 0x0040, 0x1982, 0x4306, 0x1982, 0x0000, 0x2163, 0x08C0, 0x1101, 0x08E0, 0x2183, 0x2183, 
    0x0000, 0x2183, 0x1161, 0x1961, 0x1101, 0x0000, 0x2A04, 0x0040, 0x0000, 0x0000, 0x10A1, 0x4305, 0x3AC4, 0x4305, 0x1901, 0x0020, 
    0x0040, 0x0060, 0x42C5, 0x3AC4, 0x4325, 0x2182, 0x1081, 0x4B46, 0x0040, 0x0040, 0x0860, 0x21A3, 0x3A84, 0x0000, 0x0860, 0x0040, 
    0x0040, 0x0020, 0x10A2, 0x4B46, 0x4305, 0x0040, 0x3205, 0x4B25, 0x3AC4, 0x42C5, 0x42C5, 0x42C4, 0x4305, 0x2182, 0x1081, 0x4B26, 
    0x0000, 0x0840, 0x0040, 0x1922, 0x5347, 0x4B06, 0x42E4, 0x0040, 0x31E4, 0x4B25, 0x3AC4, 0x42E5, 0x42E5, 0x4325, 0x10E1, 0x10C2, 
    0x31E5, 0x0040, 0x29C4, 0x0040, 0x2984, 0x1922, 0x0040, 0x31E5, 0x0040, 0x2183, 0x0860, 0x18E2, 0x2183, 0x0000, 0x42A6, 0x3244, 
    0x3AA5, 0x1942, 0x0881, 0x4B06, 0x0000, 0x0860, 0x0040, 0x0060, 0x10C1, 0x4AE6, 0x42A6, 0x0000, 0x29A4, 0x3244, 0x29E3, 0x29C3, 
    0x0000, 0x3225, 0x10C1, 0x0020, 0x0020, 0x0020, 0x0020, 0x1922, 0x2A04, 0x1961, 0x2163, 0x0040, 0x0000, 0x0000, 0x1961, 0x2202, 
    0x21E2, 0x21E2, 0x2222, 0x0020, 0x21A3, 0x2A63, 0x2202, 0x2202, 0x0000, 0x3244, 0x2A43, 0x2A63, 0x21E2, 0x0000, 0x4305, 0x0040, 
    0x21A3, 0x3283, 0x2A42, 0x2A43, 0x0000, 0x3AA5, 0x08C0, 0x1902, 0x3AE4, 0x2A42, 0x32A3, 0x0020, 0x29C4, 0x32C4, 0x2A42, 0x3264, 
    0x0861, 0x21E3, 0x4306, 0x2A83, 0x2A83, 0x2A62, 0x2A43, 0x10E2, 0x1962, 0x4306, 0x3AC4, 0x3283, 0x32A3, 0x2A83, 0x3B04, 0x21C2, 
    0x0060, 0x3AA5, 0x42E5, 0x32A3, 0x32A3, 0x32A3, 0x32A3, 0x32A3, 0x32A3, 0x32A3, 0x32A3, 0x32A3, 0x3283, 0x3283, 0x3283, 0x3283, 
    0x2A63, 0x2222, 0x2222, 0x2202, 0x2202, 0x21E2, 0x21E2, 0x21E2, 0x19C2, 0x19C2, 0x19A2, 0x19A1, 0x1981, 0x1981, 0x1961, 0x1961, 
    0x2A23, 0x2A23, 0x2202, 0x2202, 0x2202, 0x21E2, 0x21E2, 0x21C2, 0x21C2, 0x21C2, 0x19A2, 0x19A2, 0x1982, 0x1961, 0x1961, 0x1982, 
    0x2222, 0x2A83, 0x2A83, 0x2A83, 0x2A83, 0x2A83, 0x2A83, 0x2A83, 0x2A63, 0x32C3, 0x10E1, 0x0840, 0x10E1, 0x08A0, 0x08C0, 0x0000, 
    0x3204, 0x21C2, 0x0020, 0x29E4, 0x29C4, 0x29E4, 0x2163, 0x21C2, 0x2222, 0x0000, 0x3264, 0x1961, 0x1121, 0x1121, 0x1141, 0x1141, 
    0x0000, 0x21A3, 0x1962, 0x1982, 0x1121, 0x0000, 0x2A04, 0x0020, 0x1942, 0x42E6, 0x4306, 0x5387, 0x3AC4, 0x4305, 0x10E1, 0x10A1, 
    0x3A25, 0x3205, 0x4B27, 0x3AC4, 0x4B25, 0x2182, 0x0881, 0x4B46, 0x29A3, 0x3A45, 0x0881, 0x2143, 0x42C5, 0x0000, 0x31E4, 0x31E4, 
    0x3A25, 0x1902, 0x1081, 0x5346, 0x42E5, 0x0040, 0x31E4, 0x4B25, 0x3AC4, 0x42C5, 0x42E5, 0x42C4, 0x4325, 0x2182, 0x1081, 0x4B46, 
    0x0000, 0x2983, 0x3A45, 0x29A4, 0x2162, 0x4B25, 0x4305, 0x0040, 0x3204, 0x4B25, 0x3AC4, 0x42C4, 0x3AA4, 0x42E5, 0x10C1, 0x1903, 
    0x3244, 0x2143, 0x42A6, 0x0000, 0x29A4, 0x1942, 0x0861, 0x3225, 0x1922, 0x1902, 0x0020, 0x1902, 0x2163, 0x0000, 0x29C4, 0x21A3, 
    0x3A64, 0x1942, 0x0881, 0x4AE6, 0x0000, 0x2983, 0x3205, 0x31E5, 0x4286, 0x5367, 0x3223, 0x0020, 0x2984, 0x3224, 0x29C3, 0x21A3, 
    0x0000, 0x3205, 0x08A1, 0x0861, 0x2163, 0x1923, 0x2163, 0x10E2, 0x1121, 0x21C2, 0x1981, 0x1942, 0x2183, 0x29A4, 0x1922, 0x1941, 
    0x2A22, 0x2202, 0x2A43, 0x0020, 0x21A3, 0x2A63, 0x2A22, 0x2A22, 0x0000, 0x3244, 0x2A83, 0x32A3, 0x2202, 0x0000, 0x4325, 0x0000, 
    0x21A3, 0x32A3, 0x2A42, 0x2A63, 0x0000, 0x3285, 0x08C0, 0x1902, 0x3AE4, 0x2A83, 0x32A3, 0x0020, 0x29C4, 0x3AE4, 0x2A42, 0x08C0, 
    0x21A2, 0x1922, 0x21E2, 0x32C3, 0x2A63, 0x2A63, 0x32C3, 0x0020, 0x29E4, 0x3B04, 0x3283, 0x32A3, 0x3283, 0x3B04, 0x21A2, 0x08C0, 
    0x3245, 0x4325, 0x3283, 0x32A3, 0x32A3, 0x32A3, 0x32A3, 0x32A3, 0x32A3, 0x32A3, 0x3283, 0x3283, 0x3283, 0x3283, 0x3283, 0x3283, 
    0x2A63, 0x2222, 0x2222, 0x2202, 0x21E2, 0x21E2, 0x19C2, 0x19C2, 0x19A2, 0x19A1, 0x19A1, 0x1981, 0x1981, 0x1961, 0x1961, 0x1141, 
    0x2A23, 0x2A23, 0x2A23, 0x2A02, 0x2202, 0x2202, 0x21E2, 0x21E2, 0x21E2, 0x21C2, 0x21A2, 0x19A2, 0x19A2, 0x2202, 0x2A63, 0x3283, 
    0x32A3, 0x2A83, 0x2A83, 0x2A83, 0x2A83, 0x2A83, 0x2A83, 0x2A83, 0x2A63, 0x32C3, 0x10E1, 0x0840, 0x1922, 0x1902, 0x1923, 0x0020, 
    0x2A04, 0x21A2, 0x0861, 0x4346, 0x32A3, 0x3B24, 0x08A0, 0x1902, 0x3263, 0x0000, 0x3AE5, 0x2A83, 0x2A43, 0x21E2, 0x1982, 0x1141, 
    0x0000, 0x21A3, 0x1982, 0x1982, 0x1121, 0x0000, 0x3224, 0x0000, 0x3265, 0x64C8, 0x5C67, 0x5446, 0x5406, 0x53E6, 0x10E1, 0x2143, 
    0x53A7, 0x4305, 0x42E5, 0x42C4, 0x4305, 0x2182, 0x0881, 0x5347, 0x42E5, 0x5386, 0x10E1, 0x2163, 0x42A5, 0x0000, 0x5367, 0x4B25, 
    0x5386, 0x21C3, 0x0881, 0x5346, 0x42E5, 0x0040, 0x31E4, 0x4B25, 0x42C4, 0x4305, 0x42C5, 0x42C4, 0x4305, 0x2182, 0x1081, 0x4B46, 
    0x0000, 0x4AE6, 0x5386, 0x3223, 0x1902, 0x3204, 0x42E5, 0x0040, 0x3204, 0x4B25, 0x3AA4, 0x3AA4, 0x3A84, 0x42E5, 0x10C1, 0x18E2, 
    0x3A85, 0x3224, 0x3224, 0x0020, 0x29A4, 0x1942, 0x0861, 0x3A45, 0x29E3, 0x1902, 0x0841, 0x1902, 0x21A3, 0x0000, 0x29C4, 0x1922, 
    0x2182, 0x10C1, 0x1081, 0x42C6, 0x0000, 0x42C6, 0x4B26, 0x4B06, 0x4B46, 0x3AA5, 0x2A24, 0x0020, 0x2184, 0x3204, 0x21A3, 0x21A3, 
    0x0000, 0x29A4, 0x0060, 0x10E2, 0x2A03, 0x19A2, 0x21E2, 0x0000, 0x2163, 0x2203, 0x21E2, 0x2223, 0x2A23, 0x3283, 0x0880, 0x10E2, 
    0x3284, 0x2202, 0x2A43, 0x0020, 0x21A3, 0x2A63, 0x2A22, 0x2A22, 0x0000, 0x3265, 0x32C3, 0x32C3, 0x2202, 0x0000, 0x4305, 0x1961, 
    0x2163, 0x21C2, 0x2222, 0x1961, 0x1101, 0x42E6, 0x08A0, 0x1922, 0x3AC4, 0x1141, 0x32C3, 0x0020, 0x29C4, 0x2A63, 0x1121, 0x1902, 
    0x4326, 0x1101, 0x2163, 0x2202, 0x2A83, 0x2A63, 0x32A3, 0x0040, 0x29E4, 0x3AE4, 0x3283, 0x32A3, 0x32C4, 0x21C2, 0x08C0, 0x3204, 
    0x4345, 0x3283, 0x32A3, 0x32A3, 0x32A3, 0x32A3, 0x32A3, 0x3283, 0x3283, 0x32A3, 0x3283, 0x3283, 0x3283, 0x3283, 0x3283, 0x3263, 
    0x2A63, 0x2222, 0x2202, 0x21E2, 0x21E2, 0x19C2, 0x19A2, 0x19A2, 0x1981, 0x1981, 0x1981, 0x1961, 0x1961, 0x1141, 0x1141, 0x1141, 
    0x2A43, 0x2A23, 0x2A23, 0x2A23, 0x2A03, 0x2202, 0x2202, 0x21E2, 0x21E2, 0x21E2, 0x2202, 0x2A42, 0x2A63, 0x32A3, 0x3283, 0x2A83, 
    0x2A83, 0x2A83, 0x2A83, 0x2A83, 0x2A83, 0x2A83, 0x2A83, 0x2A83, 0x2A83, 0x32C3, 0x08A0, 0x1923, 0x4366, 0x3AE4, 0x4325, 0x0040, 
    0x2A04, 0x21A2, 0x0861, 0x3AE5, 0x2A42, 0x32C3, 0x08A0, 0x1942, 0x3263, 0x0000, 0x3AE5, 0x2A83, 0x2A83, 0x2A43, 0x21E2, 0x21E2, 
    0x0000, 0x21A3, 0x1982, 0x19A2, 0x1121, 0x0000, 0x3224, 0x0000, 0x3224, 0x5446, 0x4BE6, 0x5426, 0x5426, 0x5CC7, 0x1961, 0x2143, 
    0x53A6, 0x3AA4, 0x3AC4, 0x42C4, 0x4325, 0x2182, 0x0881, 0x5367, 0x3AA4, 0x4B25, 0x10C1, 0x2143, 0x42A5, 0x0000, 0x4B06, 0x3AA4, 
    0x4305, 0x2182, 0x0881, 0x5346, 0x4305, 0x0040, 0x3204, 0x4B46, 0x3AA4, 0x3223, 0x42C4, 0x42E5, 0x4B25, 0x2182, 0x0881, 0x4B46, 
    0x0000, 0x4286, 0x42E5, 0x4305, 0x3A84, 0x0000, 0x4B46, 0x0040, 0x31E4, 0x4305, 0x3A84, 0x3AA4, 0x3A84, 0x42E5, 0x10C1, 0x18E2, 
    0x3A85, 0x29E3, 0x3244, 0x0020, 0x29C4, 0x2162, 0x0861, 0x3A85, 0x21C3, 0x3264, 0x08A1, 0x1902, 0x29C4, 0x0000, 0x3225, 0x2182, 
    0x21A3, 0x08A1, 0x0861, 0x31E4, 0x0000, 0x3A45, 0x3A84, 0x3A84, 0x3AA5, 0x3A84, 0x2A03, 0x0020, 0x2164, 0x29E3, 0x1962, 0x1101, 
    0x0840, 0x2A04, 0x0060, 0x10E2, 0x29E3, 0x1981, 0x21C2, 0x0020, 0x2183, 0x2203, 0x1981, 0x2202, 0x2202, 0x2A42, 0x0880, 0x1902, 
    0x3284, 0x2202, 0x2A63, 0x0020, 0x21A3, 0x32A3, 0x2A63, 0x2A83, 0x0000, 0x3A85, 0x32C3, 0x32C3, 0x2202, 0x0000, 0x3AE5, 0x3B24, 
    0x08A0, 0x10E2, 0x2A23, 0x0000, 0x3AC5, 0x32C4, 0x08A0, 0x10E2, 0x21E2, 0x0860, 0x3244, 0x0020, 0x2A04, 0x1982, 0x0020, 0x4345, 
    0x2A63, 0x3B04, 0x08C1, 0x10E2, 0x3AE4, 0x2A42, 0x32A3, 0x0040, 0x29E4, 0x3AE4, 0x3283, 0x3283, 0x2A43, 0x0860, 0x3245, 0x4345, 
    0x3283, 0x32A3, 0x32A3, 0x32A3, 0x32A3, 0x32A3, 0x32A3, 0x32A3, 0x32A3, 0x3283, 0x3283, 0x3283, 0x3283, 0x3283, 0x3263, 0x3263, 
    0x2A43, 0x2222, 0x21E2, 0x21E2, 0x19C2, 0x19A2, 0x1981, 0x1981, 0x1981, 0x1961, 0x1961, 0x1141, 0x1141, 0x1121, 0x1121, 0x1141, 
    0x2A43, 0x2A23, 0x2A23, 0x2A23, 0x2A23, 0x2A02, 0x2202, 0x2202, 0x2A23, 0x2A43, 0x3283, 0x32A3, 0x2A83, 0x2A83, 0x2A83, 0x2A83, 
    0x2A83, 0x2A83, 0x2A83, 0x2A83, 0x2A83, 0x2A83, 0x2A83, 0x2A83, 0x2A83, 0x32C3, 0x08C0, 0x1922, 0x3AE4, 0x2A42, 0x32A3, 0x0020, 
    0x2A04, 0x19A2, 0x0861, 0x3AE5, 0x2A42, 0x32A3, 0x08A0, 0x2163, 0x3263, 0x0020, 0x3AC5, 0x2A42, 0x3283, 0x1121, 0x0881, 0x32C4, 
    0x0000, 0x2A04, 0x21E2, 0x1982, 0x1121, 0x0020, 0x3224, 0x0000, 0x3204, 0x5406, 0x4BA5, 0x4BC6, 0x4BC5, 0x5C86, 0x1941, 0x21A3, 
    0x64E8, 0x4BC5, 0x4B65, 0x42E5, 0x42E5, 0x2182, 0x10A2, 0x4B26, 0x3AA4, 0x4305, 0x10C1, 0x2984, 0x42A5, 0x0000, 0x4B26, 0x3AC4, 
    0x4325, 0x2182, 0x1081, 0x5346, 0x42E4, 0x0040, 0x31E4, 0x4B45, 0x3223, 0x0000, 0x42E5, 0x3AA4, 0x4305, 0x2182, 0x10C2, 0x5346, 
    0x0000, 0x42A6, 0x4305, 0x42E5, 0x3223, 0x0020, 0x4B27, 0x0040, 0x29C4, 0x42C5, 0x3264, 0x3A64, 0x3A64, 0x3AC4, 0x10C1, 0x1902, 
    0x3AA5, 0x2A03, 0x3244, 0x0020, 0x31C4, 0x2162, 0x0861, 0x4285, 0x29E3, 0x3244, 0x0880, 0x1903, 0x29E4, 0x0020, 0x3225, 0x21A3, 
    0x29E3, 0x10E1, 0x1081, 0x31E4, 0x0000, 0x29A4, 0x29E3, 0x3224, 0x3A84, 0x3A64, 0x29C3, 0x0020, 0x2143, 0x21A2, 0x08E0, 0x0000, 
    0x29E3, 0x2A03, 0x0060, 0x18E2, 0x2A23, 0x19C2, 0x2202, 0x0020, 0x29C3, 0x1962, 0x0841, 0x2A43, 0x21E2, 0x2A43, 0x08A0, 0x1923, 
    0x32A4, 0x2202, 0x2A63, 0x0020, 0x29C4, 0x3AE4, 0x32A3, 0x2A83, 0x0020, 0x3265, 0x32A3, 0x32A3, 0x21E2, 0x0040, 0x42E5, 0x32C3, 
    0x08C0, 0x2143, 0x2A23, 0x0020, 0x3AA5, 0x2A82, 0x1101, 0x0000, 0x10C1, 0x3B05, 0x0020, 0x0000, 0x2A24, 0x19A2, 0x0881, 0x3AE4, 
    0x2A42, 0x32A3, 0x08A0, 0x1922, 0x3AE4, 0x2A42, 0x32A3, 0x0040, 0x29E4, 0x3AE4, 0x3283, 0x3283, 0x0000, 0x3264, 0x4305, 0x2A63, 
    0x3283, 0x3283, 0x3283, 0x32A3, 0x32A3, 0x32A3, 0x3283, 0x3283, 0x3283, 0x3283, 0x3283, 0x3283, 0x3283, 0x3263, 0x3263, 0x2A63, 
    0x2A43, 0x2202, 0x21E2, 0x19C2, 0x19A1, 0x1981, 0x1981, 0x1961, 0x1941, 0x1141, 0x1141, 0x1121, 0x1121, 0x1141, 0x1141, 0x1941, 
    0x2A43, 0x2A23, 0x2A23, 0x2A23, 0x2A23, 0x2A23, 0x2A43, 0x2A83, 0x2A83, 0x32A3, 0x2A83, 0x2A83, 0x2A83, 0x2A83, 0x2A83, 0x2A83, 
    0x2A83, 0x2A83, 0x2A83, 0x2A83, 0x2A83, 0x2A83, 0x2A83, 0x2A83, 0x2A83, 0x32E3, 0x08A0, 0x1902, 0x3B04, 0x2A62, 0x32A3, 0x0000, 
    0x29E4, 0x21C2, 0x0000, 0x0000, 0x0000, 0x0000, 0x21A2, 0x4305, 0x3283, 0x3264, 0x0020, 0x0000, 0x0000, 0x1101, 0x4305, 0x3263, 
    0x0000, 0x0000, 0x0000, 0x0000, 0x0060, 0x3224, 0x29E3, 0x0020, 0x0000, 0x0000, 0x0000, 0x0000, 0x0000, 0x53C6, 0x1941, 0x2163, 
    0x64C8, 0x5446, 0x5C66, 0x5446, 0x4B85, 0x4325, 0x3A65, 0x0000, 0x0000, 0x0000, 0x29C3, 0x5B87, 0x3244, 0x0000, 0x4B27, 0x3AC4, 
    0x4325, 0x2182, 0x0861, 0x4B46, 0x0000, 0x0000, 0x0000, 0x1942, 0x4B25, 0x42C5, 0x0020, 0x0000, 0x0000, 0x1922, 0x5367, 0x42E5, 
    0x0000, 0x42A6, 0x42E5, 0x42C5, 0x2A03, 0x0000, 0x4B06, 0x0860, 0x0000, 0x0000, 0x0000, 0x0000, 0x0000, 0x3A65, 0x10C1, 0x18E2, 
    0x42A5, 0x3203, 0x3A64, 0x0000, 0x31C4, 0x2162, 0x0841, 0x42A6, 0x2A03, 0x3A64, 0x0880, 0x18E2, 0x3A85, 0x3204, 0x0020, 0x0000, 
    0x0000, 0x10C1, 0x3A86, 0x29E4, 0x0000, 0x31C4, 0x21A3, 0x2182, 0x29C3, 0x3223, 0x1982, 0x19A2, 0x10C1, 0x0000, 0x0860, 0x2A04, 
    0x0000, 0x21C2, 0x0880, 0x10E2, 0x3263, 0x21E2, 0x2A22, 0x0000, 0x2183, 0x2A63, 0x21C3, 0x0000, 0x0000, 0x0000, 0x1962, 0x3AC5, 
    0x2A43, 0x2A42, 0x32C3, 0x0020, 0x29C4, 0x3B04, 0x3283, 0x2A83, 0x3AC4, 0x08A1, 0x0000, 0x0000, 0x0880, 0x4305, 0x3AE4, 0x2A83, 
    0x2A63, 0x1962, 0x0040, 0x3AC5, 0x3284, 0x2AA3, 0x08A0, 0x10E2, 0x4326, 0x2A63, 0x32A4, 0x0020, 0x29E4, 0x1982, 0x0841, 0x3AE5, 
    0x2A42, 0x32C3, 0x08A0, 0x1902, 0x3AE4, 0x2A42, 0x32A3, 0x0020, 0x29C4, 0x3AE4, 0x3283, 0x3283, 0x0000, 0x0000, 0x0000, 0x0000, 
    0x0000, 0x0020, 0x3AA4, 0x32A3, 0x32A3, 0x32A3, 0x3283, 0x3283, 0x3283, 0x3283, 0x3283, 0x3283, 0x3283, 0x3263, 0x2A63, 0x2A63, 
    0x2A43, 0x21E2, 0x19C2, 0x19A1, 0x1981, 0x1961, 0x1941, 0x1141, 0x1141, 0x1121, 0x1121, 0x1141, 0x1141, 0x1141, 0x1941, 0x1961, 
    0x2A43, 0x2A43, 0x2A23, 0x2A23, 0x2A63, 0x2A83, 0x2AA3, 0x2A83, 0x2A83, 0x2A83, 0x2A83, 0x2A83, 0x2A83, 0x2A83, 0x2A83, 0x2A83, 
    0x2A83, 0x2A83, 0x2A83, 0x2A83, 0x2A83, 0x2A83, 0x2A83, 0x2A83, 0x2A83, 0x3283, 0x2A22, 0x3AA5, 0x32A4, 0x2A83, 0x2A83, 0x2A23, 
    0x42E5, 0x2A63, 0x3244, 0x3265, 0x3264, 0x3264, 0x3AE5, 0x2A83, 0x2A83, 0x2A63, 0x2A23, 0x3265, 0x3264, 0x3AA5, 0x32A3, 0x2242, 
    0x2A23, 0x3244, 0x3244, 0x3244, 0x3A65, 0x3264, 0x21E2, 0x1982, 0x3245, 0x4B46, 0x4B46, 0x4B46, 0x4B67, 0x5C28, 0x4365, 0x53E7, 
    0x5C47, 0x5426, 0x5446, 0x5466, 0x5C87, 0x5C67, 0x4BE5, 0x42E5, 0x42A6, 0x4285, 0x4B27, 0x4305, 0x3AA4, 0x4285, 0x4B26, 0x3AC4, 
    0x42E5, 0x3A84, 0x42C6, 0x4B06, 0x3A64, 0x42C6, 0x42A6, 0x4B07, 0x4B05, 0x3AC4, 0x3A64, 0x42A6, 0x42A6, 0x4B07, 0x4B05, 0x3AC4, 
    0x3A65, 0x4B07, 0x3AA4, 0x3AA4, 0x3264, 0x3A65, 0x4AE6, 0x3224, 0x3A66, 0x3A65, 0x3A65, 0x3A65, 0x3A65, 0x4AE6, 0x3203, 0x3A66, 
    0x3A64, 0x3224, 0x3244, 0x29E4, 0x42A6, 0x3204, 0x3A45, 0x3A85, 0x3224, 0x3244, 0x29E3, 0x4286, 0x3A65, 0x3203, 0x29E4, 0x3A45, 
    0x3A25, 0x4286, 0x3244, 0x29E3, 0x29E4, 0x4286, 0x3223, 0x2A23, 0x2A03, 0x2202, 0x21E2, 0x2202, 0x19A2, 0x29E4, 0x3225, 0x2A23, 
    0x21A2, 0x3A85, 0x19A2, 0x3245, 0x2A43, 0x2202, 0x2222, 0x21C2, 0x3A85, 0x2A43, 0x2202, 0x2A03, 0x3244, 0x3224, 0x3AA5, 0x2A83, 
    0x2A83, 0x32A3, 0x32A3, 0x2A43, 0x42E5, 0x32A3, 0x32A3, 0x32A3, 0x32A3, 0x2A43, 0x3A85, 0x3264, 0x3AA5, 0x3AE4, 0x2A82, 0x3283, 
    0x2A42, 0x21E2, 0x3244, 0x32A4, 0x2222, 0x2A63, 0x2202, 0x3A85, 0x3283, 0x2A42, 0x2A63, 0x2203, 0x3AC5, 0x2A22, 0x3264, 0x32A4, 
    0x2A42, 0x2A63, 0x2202, 0x3AA5, 0x32A3, 0x2A63, 0x2A83, 0x2A23, 0x42E6, 0x32A3, 0x3283, 0x3283, 0x2A43, 0x3A85, 0x3A85, 0x3A65, 
    0x3A65, 0x3A85, 0x42E5, 0x3283, 0x32A3, 0x3283, 0x3283, 0x3283, 0x3283, 0x3283, 0x3283, 0x3283, 0x3263, 0x2A63, 0x2A63, 0x2A43, 
    0x2A23, 0x21C2, 0x1981, 0x1961, 0x1941, 0x1141, 0x1121, 0x1121, 0x1141, 0x1141, 0x1141, 0x1941, 0x1941, 0x1961, 0x1961, 0x1961, 
    0x2A43, 0x2A23, 0x3323, 0x3303, 0x2A83, 0x2A83, 0x2A83, 0x2A83, 0x3283, 0x2A83, 0x2A83, 0x2A83, 0x2A83, 0x2A83, 0x2A83, 0x2A83, 
    0x2A83, 0x2A83, 0x2A83, 0x2A83, 0x2A83, 0x2A83, 0x2A83, 0x2A83, 0x2A83, 0x2A83, 0x32A3, 0x32A3, 0x2A83, 0x2A83, 0x2A83, 0x32A3, 
    0x2A83, 0x2A83, 0x32A3, 0x32A3, 0x32A3, 0x32A3, 0x2A83, 0x2A83, 0x2A83, 0x2A63, 0x2A83, 0x3283, 0x2A83, 0x2A63, 0x2A63, 0x2A63, 
    0x2A63, 0x2A83, 0x2A63, 0x2A63, 0x2A43, 0x2A22, 0x2A23, 0x19A2, 0x21C2, 0x4385, 0x4BC6, 0x4BE6, 0x4BE6, 0x4BC5, 0x5406, 0x5406, 
    0x4C06, 0x5426, 0x5426, 0x5426, 0x5446, 0x5466, 0x5C87, 0x5CA7, 0x5C46, 0x53C6, 0x4305, 0x3AA4, 0x42C5, 0x4305, 0x42E5, 0x42E5, 
    0x42E5, 0x42E5, 0x42E5, 0x42C4, 0x4305, 0x42E5, 0x4305, 0x42E5, 0x42C4, 0x42E5, 0x4305, 0x4305, 0x4305, 0x42E5, 0x3AA4, 0x3AA4, 
    0x3AC4, 0x3A84, 0x3A84, 0x3A84, 0x3A84, 0x3AA4, 0x3A84, 0x3A84, 0x3AA4, 0x3A84, 0x3A84, 0x3A84, 0x3A84, 0x3264, 0x3A64, 0x3244, 
    0x3224, 0x3244, 0x3244, 0x3264, 0x3244, 0x3244, 0x3A64, 0x3244, 0x3244, 0x3244, 0x3A64, 0x3A64, 0x3244, 0x3244, 0x3A64, 0x3A64, 
    0x3A64, 0x3264, 0x3A44, 0x3A64, 0x3A64, 0x3243, 0x2A23, 0x2A23, 0x2A23, 0x2A23, 0x2A23, 0x2A23, 0x2A43, 0x2A43, 0x2222, 0x2202, 
    0x2A22, 0x2202, 0x2A22, 0x2A22, 0x2222, 0x2A22, 0x2222, 0x2A43, 0x2A42, 0x2A22, 0x2A42, 0x2A63, 0x2A63, 0x32A3, 0x32A3, 0x32A3, 
    0x32A3, 0x32A3, 0x32A3, 0x32C3, 0x32A3, 0x32A3, 0x32A3, 0x32A3, 0x32A3, 0x32C3, 0x32C3, 0x32C3, 0x32A3, 0x3283, 0x32A3, 0x3283, 
    0x2A22, 0x2A22, 0x2A42, 0x2A42, 0x2A43, 0x2A43, 0x2A63, 0x2A63, 0x2A43, 0x2A63, 0x2A63, 0x2A83, 0x2A63, 0x2A63, 0x2A63, 0x2A63, 
    0x2A63, 0x2A63, 0x2A83, 0x2A83, 0x2A63, 0x2A63, 0x2A63, 0x32A3, 0x3283, 0x3283, 0x3283, 0x3283, 0x32A3, 0x32A3, 0x32A3, 0x32A3, 
    0x32C3, 0x32C3, 0x3283, 0x3283, 0x3283, 0x3283, 0x3283, 0x3283, 0x3283, 0x3283, 0x3283, 0x2A63, 0x2A63, 0x2A63, 0x2A43, 0x2A43, 
    0x2A22, 0x19A2, 0x1961, 0x1141, 0x1121, 0x1121, 0x1141, 0x1141, 0x1941, 0x1941, 0x1941, 0x1961, 0x1961, 0x1961, 0x1961, 0x1982, 
    0x2A43, 0x2A23, 0x43E3, 0x4CA4, 0x43E3, 0x3B23, 0x32A3, 0x2A63, 0x2A83, 0x2AA3, 0x2A83, 0x2A83, 0x2A83, 0x2A83, 0x2A83, 0x2A83, 
    0x2A83, 0x2A83, 0x2A83, 0x2A83, 0x2A83, 0x2A83, 0x2A83, 0x2A83, 0x2A83, 0x2A83, 0x2A83, 0x2A83, 0x2A83, 0x2A83, 0x2A83, 0x2A83, 
    0x2A83, 0x2A83, 0x2A83, 0x2A83, 0x2A63, 0x2A63, 0x2A83, 0x2A83, 0x2A83, 0x2A63, 0x2A63, 0x2A63, 0x2A63, 0x2A63, 0x2A63, 0x2A63, 
    0x2A43, 0x2A43, 0x2A43, 0x2A43, 0x2A22, 0x21C2, 0x1941, 0x08C1, 0x1101, 0x2A63, 0x4345, 0x4365, 0x4B85, 0x4BA5, 0x4BC5, 0x4BC6, 
    0x4BE6, 0x5406, 0x5406, 0x5426, 0x5446, 0x5446, 0x5446, 0x5C66, 0x5C87, 0x5CA7, 0x5C67, 0x53C6, 0x4345, 0x42C4, 0x3AC4, 0x42C5, 
    0x42E5, 0x42E5, 0x42C5, 0x42E5, 0x42C5, 0x42C5, 0x42C5, 0x42C5, 0x42E5, 0x42E5, 0x42C5, 0x3AC4, 0x3AA4, 0x3AA4, 0x3A84, 0x3A84, 
    0x3A84, 0x3A84, 0x3A84, 0x3A84, 0x3A84, 0x3A64, 0x3A84, 0x3264, 0x3264, 0x3264, 0x3244, 0x3244, 0x3244, 0x3244, 0x3244, 0x3224, 
    0x3224, 0x3244, 0x3244, 0x3244, 0x3244, 0x3244, 0x3244, 0x3A64, 0x3A64, 0x3A64, 0x3A64, 0x3A64, 0x3A64, 0x3A64, 0x3A64, 0x3A64, 
    0x3A64, 0x3A84, 0x3A64, 0x3264, 0x2A43, 0x2A43, 0x2A43, 0x2A43, 0x2A43, 0x2A43, 0x2A43, 0x2A43, 0x2A43, 0x2A43, 0x2A43, 0x2A43, 
    0x2A23, 0x2A43, 0x2222, 0x2222, 0x2A22, 0x2A42, 0x2A42, 0x2A22, 0x2A42, 0x2A42, 0x2A63, 0x2A83, 0x32A3, 0x32A3, 0x32A3, 0x32A3, 
    0x32A3, 0x32A3, 0x32A3, 0x3283, 0x32A3, 0x32A3, 0x32A3, 0x32A3, 0x32A3, 0x3283, 0x3283, 0x3283, 0x3283, 0x32A3, 0x32A3, 0x3283, 
    0x2A22, 0x2222, 0x2A22, 0x2A43, 0x2A43, 0x2A43, 0x2A43, 0x2A43, 0x2A63, 0x2A63, 0x2A63, 0x2A43, 0x2A63, 0x2A43, 0x2A43, 0x2A63, 
    0x2A63, 0x2A63, 0x2A63, 0x2A63, 0x2A63, 0x2A63, 0x2A63, 0x3283, 0x3283, 0x3283, 0x3283, 0x3283, 0x3283, 0x3283, 0x3283, 0x3283, 
    0x3283, 0x3283, 0x3283, 0x3283, 0x3283, 0x3283, 0x3283, 0x3283, 0x3283, 0x3283, 0x2A63, 0x2A63, 0x2A63, 0x2A43, 0x2A43, 0x2A43, 
    0x2202, 0x1141, 0x1121, 0x1121, 0x1141, 0x1141, 0x1941, 0x1941, 0x1941, 0x1961, 0x1961, 0x1961, 0x1962, 0x1982, 0x1982, 0x1982, 
    0x2A43, 0x2A23, 0x43C3, 0x4CA4, 0x4CA4, 0x4CA4, 0x4444, 0x3B63, 0x32C3, 0x2A83, 0x2A83, 0x3283, 0x2AA3, 0x2A83, 0x3283, 0x2A83, 
    0x2A83, 0x2A83, 0x2A83, 0x2A83, 0x2A83, 0x2A83, 0x2A83, 0x2A83, 0x2A83, 0x2A83, 0x2A83, 0x2A83, 0x2A83, 0x2A83, 0x2A83, 0x2A83, 
    0x2A83, 0x2A83, 0x2A83, 0x2A83, 0x2A83, 0x2A83, 0x2A83, 0x2A83, 0x2A83, 0x2A83, 0x2A83, 0x2A63, 0x2A63, 0x2A63, 0x2A63, 0x2A63, 
    0x2A63, 0x2A63, 0x2A22, 0x21C2, 0x1942, 0x1101, 0x10E1, 0x08E1, 0x1101, 0x2203, 0x32A4, 0x4325, 0x4365, 0x4B85, 0x4BA5, 0x4BC5, 
    0x4BE6, 0x4BE6, 0x4C06, 0x5406, 0x5426, 0x5426, 0x5446, 0x5446, 0x5C66, 0x5C67, 0x5C87, 0x5CA7, 0x5CA7, 0x5C46, 0x4B65, 0x42E5, 
    0x3AA4, 0x42C4, 0x42E5, 0x42E5, 0x42E5, 0x42C5, 0x42E5, 0x42E5, 0x42E5, 0x42C4, 0x3AA4, 0x3AA4, 0x3A84, 0x3A84, 0x3A84, 0x3A84, 
    0x3A84, 0x3A84, 0x3A84, 0x3A84, 0x3A64, 0x3A64, 0x3264, 0x3264, 0x3264, 0x3264, 0x3244, 0x3244, 0x3244, 0x3244, 0x3223, 0x3224, 
    0x3224, 0x3224, 0x3244, 0x3244, 0x3244, 0x3A64, 0x3A64, 0x3A64, 0x3A64, 0x3A64, 0x3A84, 0x3A84, 0x3A84, 0x3A84, 0x3A84, 0x3A84, 
    0x3A84, 0x3264, 0x2A43, 0x2A43, 0x2A43, 0x2A43, 0x2A43, 0x2A63, 0x2A63, 0x2A63, 0x2A63, 0x2A43, 0x2A63, 0x2A63, 0x2A63, 0x2A63, 
    0x2A63, 0x2A43, 0x3283, 0x2A83, 0x2A22, 0x2A22, 0x2A43, 0x2A43, 0x2A63, 0x3283, 0x32A3, 0x32A3, 0x32A3, 0x32A3, 0x32A3, 0x32A3, 
    0x32A3, 0x32A3, 0x32A3, 0x32A3, 0x32A3, 0x32A3, 0x32A3, 0x32A3, 0x32A3, 0x32A3, 0x32A3, 0x32A3, 0x32A3, 0x32A3, 0x32A3, 0x3283, 
    0x2A22, 0x2222, 0x2A22, 0x2A42, 0x2A43, 0x2A43, 0x2A43, 0x2A43, 0x2A43, 0x2A43, 0x2A43, 0x2A43, 0x2A43, 0x2A43, 0x2A43, 0x2A43, 
    0x2A43, 0x2A43, 0x2A43, 0x2A43, 0x2A63, 0x2A63, 0x2A63, 0x3283, 0x3283, 0x3283, 0x3283, 0x3283, 0x3283, 0x3283, 0x3283, 0x3283, 
    0x3283, 0x3283, 0x3283, 0x3283, 0x3283, 0x3283, 0x3283, 0x3283, 0x3283, 0x3283, 0x2A63, 0x2A63, 0x2A63, 0x2A63, 0x2A43, 0x2202, 
    0x2202, 0x21C2, 0x1961, 0x1141, 0x1141, 0x1941, 0x1961, 0x1961, 0x1961, 0x1961, 0x1961, 0x1982, 0x1982, 0x1982, 0x1982, 0x21C2, 
    0x2A23, 0x2223, 0x43C3, 0x4CA4, 0x4C63, 0x4C84, 0x4CA4, 0x4CA4, 0x4C64, 0x43C3, 0x32E3, 0x2A83, 0x2A63, 0x2A83, 0x32A3, 0x2A83, 
    0x2A83, 0x2A83, 0x2A83, 0x2A83, 0x2A83, 0x2A83, 0x2A83, 0x2A83, 0x2A83, 0x2A83, 0x2A83, 0x2A83, 0x2A83, 0x2A83, 0x2A83, 0x2A83, 
    0x2A83, 0x2A83, 0x2A83, 0x2A83, 0x2A83, 0x2A83, 0x2A83, 0x2A83, 0x2A83, 0x2A83, 0x2A63, 0x2A63, 0x2A63, 0x2A63, 0x2A83, 0x2A63, 
    0x2A23, 0x21A2, 0x1942, 0x1121, 0x1121, 0x1101, 0x1101, 0x08C1, 0x1101, 0x21C2, 0x2A43, 0x32C4, 0x3B24, 0x4345, 0x4365, 0x4BA5, 
    0x4BA5, 0x4BC6, 0x4BE6, 0x4BE6, 0x5406, 0x5406, 0x5426, 0x5426, 0x5446, 0x5466, 0x5C66, 0x5C67, 0x5CA7, 0x5CC7, 0x64C7, 0x5C87, 
    0x53E6, 0x4305, 0x42C4, 0x3AC4, 0x42E5, 0x42C5, 0x42E5, 0x3AC4, 0x3AA4, 0x3AA4, 0x3AA4, 0x3A84, 0x3A84, 0x3A84, 0x3A84, 0x3A84, 
    0x3A84, 0x3A64, 0x3264, 0x3264, 0x3A64, 0x3264, 0x3244, 0x3244, 0x3244, 0x3244, 0x3244, 0x3223, 0x3223, 0x3223, 0x3223, 0x3224, 
    0x3224, 0x3244, 0x3244, 0x3244, 0x3A64, 0x3A64, 0x3A64, 0x3A64, 0x3A64, 0x3A84, 0x3A84, 0x3A84, 0x3A85, 0x3A84, 0x3A84, 0x3263, 
    0x2A63, 0x2A43, 0x2A43, 0x2A63, 0x2A63, 0x2A63, 0x2A63, 0x2A63, 0x2A63, 0x2A63, 0x2A63, 0x2A63, 0x3263, 0x3263, 0x3263, 0x3283, 
    0x2A43, 0x21C2, 0x32A3, 0x43A4, 0x4364, 0x32C3, 0x2A63, 0x32A3, 0x32A3, 0x32A3, 0x32A3, 0x32A3, 0x32A3, 0x32A3, 0x32A3, 0x32A3, 
    0x32A3, 0x32A3, 0x32A3, 0x3283, 0x32A3, 0x32A3, 0x32A3, 0x32A3, 0x32A3, 0x32A3, 0x32A3, 0x32A3, 0x32A3, 0x32A3, 0x32A3, 0x3283, 
    0x2222, 0x2222, 0x2A22, 0x2A42, 0x2A43, 0x2A43, 0x2A43, 0x2A43, 0x2A43, 0x2A43, 0x2A43, 0x2A43, 0x2A43, 0x2A43, 0x2A43, 0x2A42, 
    0x2A42, 0x2A43, 0x2A43, 0x2A43, 0x2A43, 0x2A43, 0x2A63, 0x3283, 0x3283, 0x3283, 0x3283, 0x3283, 0x3283, 0x3283, 0x3283, 0x3283, 
    0x3283, 0x3283, 0x3283, 0x3283, 0x3283, 0x3283, 0x3283, 0x3283, 0x3283, 0x2A63, 0x2A63, 0x3263, 0x2A43, 0x21E2, 0x19A2, 0x19A2, 
    0x2A43, 0x32A3, 0x2A83, 0x2A22, 0x1982, 0x1961, 0x1941, 0x1961, 0x1981, 0x1982, 0x1982, 0x1981, 0x1982, 0x21E2, 0x2A63, 0x32A3, 
    0x2A23, 0x2A03, 0x43C3, 0x4CA4, 0x4C84, 0x4C64, 0x4C84, 0x4C84, 0x4CA4, 0x4CA4, 0x4C64, 0x4403, 0x3B43, 0x2A83, 0x2A63, 0x2A83, 
    0x2AA3, 0x32A3, 0x2A83, 0x2A83, 0x2A83, 0x2A83, 0x2A83, 0x2A83, 0x2A83, 0x2A83, 0x2A83, 0x2A83, 0x2A83, 0x2A83, 0x2A83, 0x2A83, 
    0x2A83, 0x2A83, 0x2A83, 0x2A83, 0x2A83, 0x2A83, 0x2A83, 0x2A83, 0x2A83, 0x2A63, 0x2A83, 0x3283, 0x2A83, 0x2A63, 0x2202, 0x21A2, 
    0x1962, 0x1942, 0x1941, 0x1142, 0x1121, 0x1101, 0x10E1, 0x08C1, 0x1101, 0x21A2, 0x2A03, 0x3284, 0x3AC4, 0x3B04, 0x4365, 0x4365, 
    0x4385, 0x4BA5, 0x4BC5, 0x4BE6, 0x4BE6, 0x5406, 0x5406, 0x5426, 0x5426, 0x5446, 0x5CA7, 0x5CA7, 0x5C87, 0x5C87, 0x5CA7, 0x64C7, 
    0x64E7, 0x64C7, 0x5C46, 0x4B65, 0x42E5, 0x42C5, 0x3AA4, 0x3AA4, 0x3AA4, 0x3A84, 0x3A84, 0x3A84, 0x3AA4, 0x3A84, 0x3A84, 0x3A64, 
    0x3A64, 0x3A64, 0x3264, 0x3A84, 0x3244, 0x3264, 0x3264, 0x3244, 0x3244, 0x3243, 0x3223, 0x3224, 0x3223, 0x2A03, 0x2A03, 0x3224, 
    0x3224, 0x3224, 0x3244, 0x3244, 0x3A64, 0x3A64, 0x3A64, 0x3A64, 0x3A64, 0x3A84, 0x3A85, 0x3A84, 0x3284, 0x3263, 0x2A43, 0x2A63, 
    0x2A63, 0x2A63, 0x2A63, 0x2A63, 0x2A63, 0x2A63, 0x2A63, 0x2A63, 0x3263, 0x3263, 0x3263, 0x3263, 0x3283, 0x3283, 0x3283, 0x2A63, 
    0x2A23, 0x19A2, 0x2A42, 0x3B44, 0x43C4, 0x4384, 0x3283, 0x32A3, 0x32A3, 0x32A3, 0x32A3, 0x32A3, 0x32A3, 0x32A3, 0x32A3, 0x32A3, 
    0x32A3, 0x32A3, 0x32A3, 0x32A3, 0x3283, 0x32A3, 0x32A3, 0x32A3, 0x32A3, 0x32A3, 0x32A3, 0x32A3, 0x32A3, 0x3283, 0x32A3, 0x3283, 
    0x2222, 0x2202, 0x2A22, 0x2A22, 0x2A42, 0x2A43, 0x2A42, 0x2A42, 0x2A43, 0x2A43, 0x2A43, 0x2A43, 0x2A43, 0x2A43, 0x2A42, 0x2A42, 
    0x2A42, 0x2A43, 0x2A42, 0x2A42, 0x2A43, 0x2A43, 0x2A63, 0x3283, 0x3283, 0x3283, 0x3283, 0x3283, 0x3283, 0x3283, 0x3283, 0x3283, 
    0x3283, 0x3283, 0x3283, 0x3283, 0x3283, 0x3283, 0x3283, 0x3283, 0x3283, 0x3283, 0x2A43, 0x21C2, 0x1982, 0x1961, 0x19A2, 0x21E2, 
    0x2A43, 0x3283, 0x32A3, 0x32E3, 0x32E3, 0x3283, 0x2A22, 0x1982, 0x1961, 0x1981, 0x19A2, 0x2202, 0x2A63, 0x32A3, 0x32C3, 0x32A3, 
    0x2A23, 0x2202, 0x3BA3, 0x4C84, 0x4C64, 0x4C63, 0x4C64, 0x4C63, 0x4C84, 0x4C84, 0x4C84, 0x4CA4, 0x4CA4, 0x4423, 0x3B63, 0x32E3, 
    0x2A63, 0x2A63, 0x2A83, 0x2A83, 0x2A83, 0x2A83, 0x2A83, 0x2A83, 0x2A83, 0x2A83, 0x2A83, 0x2A83, 0x2A83, 0x2A83, 0x2A83, 0x2A83, 
    0x2A83, 0x2A83, 0x2A83, 0x2A83, 0x2A83, 0x2A63, 0x2A63, 0x2A63, 0x2A63, 0x32A3, 0x19A2, 0x08A1, 0x2A43, 0x19A2, 0x1962, 0x1962, 
    0x1962, 0x1942, 0x1941, 0x1121, 0x1101, 0x1101, 0x10E1, 0x08C1, 0x1101, 0x1982, 0x21E3, 0x2A23, 0x32A4, 0x2A43, 0x08A1, 0x4325, 
    0x4365, 0x4365, 0x4385, 0x4BA5, 0x4BA5, 0x4BE6, 0x4BE6, 0x4BE6, 0x5C66, 0x4BC5, 0x0060, 0x0060, 0x4BA6, 0x5CA7, 0x5C87, 0x5C87, 
    0x5CA7, 0x64C7, 0x64E7, 0x6D28, 0x2A23, 0x10A1, 0x42C5, 0x3A84, 0x3A84, 0x3A84, 0x3AA4, 0x2A03, 0x0040, 0x3A64, 0x3A84, 0x3A64, 
    0x3264, 0x3264, 0x3244, 0x0020, 0x3224, 0x1922, 0x1902, 0x3A64, 0x3223, 0x2A03, 0x3244, 0x10E1, 0x1902, 0x3244, 0x29E3, 0x2A03, 
    0x3204, 0x3224, 0x3224, 0x3244, 0x3A64, 0x3A64, 0x3A64, 0x3A64, 0x3A84, 0x3264, 0x3264, 0x2A63, 0x2A63, 0x2A63, 0x2A43, 0x2A43, 
    0x2A63, 0x2A63, 0x2A63, 0x3263, 0x2A63, 0x2A63, 0x3263, 0x3263, 0x2A63, 0x3283, 0x3283, 0x32A3, 0x32A3, 0x3283, 0x3263, 0x2A43, 
    0x2202, 0x1982, 0x2A22, 0x32E3, 0x4364, 0x3B44, 0x3283, 0x3283, 0x32A3, 0x32A3, 0x32A3, 0x3283, 0x3283, 0x3283, 0x3283, 0x3283, 
    0x3283, 0x32C3, 0x19A2, 0x10C1, 0x32C3, 0x3283, 0x3283, 0x32A3, 0x32A3, 0x32A3, 0x32A3, 0x3283, 0x32A3, 0x3283, 0x3283, 0x3283, 
    0x2222, 0x2202, 0x2222, 0x2A22, 0x2A22, 0x2A22, 0x2A42, 0x2A42, 0x2A42, 0x2A42, 0x2A22, 0x2A42, 0x2A22, 0x2A42, 0x2A42, 0x2A42, 
    0x2A42, 0x2A22, 0x2A42, 0x2A22, 0x2A42, 0x2A42, 0x2A43, 0x2A63, 0x2A63, 0x2A63, 0x3263, 0x3283, 0x3283, 0x3283, 0x3283, 0x3283, 
    0x3283, 0x3283, 0x3283, 0x3283, 0x2A83, 0x3283, 0x32A3, 0x3283, 0x2A23, 0x21C2, 0x1961, 0x1141, 0x1961, 0x19A2, 0x21C2, 0x2202, 
    0x2A63, 0x3283, 0x32A3, 0x32C3, 0x32E3, 0x3B04, 0x3B24, 0x32E3, 0x2A63, 0x2A22, 0x3283, 0x32C3, 0x32A3, 0x32A3, 0x32A3, 0x32A3, 
    0x2203, 0x2202, 0x3B83, 0x4443, 0x4443, 0x4443, 0x4C43, 0x4C63, 0x4C63, 0x4C64, 0x4C83, 0x4C64, 0x4C64, 0x4C83, 0x4C84, 0x4C64, 
    0x43C3, 0x3303, 0x2A83, 0x2A63, 0x2A83, 0x2A83, 0x2A83, 0x2A83, 0x2A83, 0x2A83, 0x2A83, 0x2A83, 0x2A83, 0x2A83, 0x2A83, 0x2A83, 
    0x2A83, 0x2A83, 0x2A83, 0x2A83, 0x32A3, 0x32C3, 0x32A3, 0x32A3, 0x2A63, 0x2A63, 0x1101, 0x0841, 0x2A04, 0x1982, 0x19A2, 0x1962, 
    0x1942, 0x1941, 0x1121, 0x1122, 0x1121, 0x1101, 0x10E1, 0x08C1, 0x10E1, 0x1982, 0x21E3, 0x2A23, 0x32A4, 0x21E2, 0x0000, 0x4B46, 
    0x3B24, 0x4365, 0x4BA5, 0x4BC6, 0x4BE6, 0x4BA5, 0x4BA5, 0x5446, 0x4325, 0x1982, 0x4305, 0x4306, 0x6468, 0x5466, 0x5C87, 0x64E7, 
    0x6507, 0x6D28, 0x6D28, 0x6D48, 0x21C2, 0x0841, 0x4B26, 0x3AA4, 0x42C5, 0x3A84, 0x3A84, 0x3223, 0x29C4, 0x4AE6, 0x3244, 0x3264, 
    0x3244, 0x3244, 0x3223, 0x2183, 0x4AE7, 0x0880, 0x18E2, 0x3A85, 0x2A03, 0x3244, 0x3244, 0x0880, 0x18E2, 0x3A64, 0x21C3, 0x3224, 
    0x3244, 0x3224, 0x3244, 0x3A84, 0x3A44, 0x3A64, 0x3AA4, 0x3AA4, 0x3284, 0x3283, 0x3283, 0x2A43, 0x2A63, 0x2A63, 0x3263, 0x32A3, 
    0x32A4, 0x32A4, 0x3263, 0x2A63, 0x3283, 0x32A3, 0x3263, 0x32C4, 0x3AC4, 0x32C4, 0x32A3, 0x32A3, 0x3283, 0x32A4, 0x32A3, 0x2A43, 
    0x21E2, 0x19A2, 0x2A22, 0x3B03, 0x3B44, 0x3B44, 0x32C3, 0x32C3, 0x3283, 0x32A3, 0x3283, 0x32C3, 0x32E3, 0x32E3, 0x32E3, 0x32E3, 
    0x32A3, 0x3B04, 0x1961, 0x0861, 0x4B66, 0x2A83, 0x32C3, 0x32A3, 0x3283, 0x32A3, 0x32A3, 0x32C3, 0x32A3, 0x32C3, 0x32C3, 0x3283, 
    0x2222, 0x2202, 0x2A43, 0x2A22, 0x2A42, 0x2A63, 0x2A22, 0x2A42, 0x2A22, 0x2A43, 0x2A63, 0x2A42, 0x2A63, 0x2A22, 0x2A22, 0x2A22, 
    0x2A43, 0x2A43, 0x2A22, 0x2A63, 0x2A63, 0x2A63, 0x2A83, 0x32A3, 0x32A3, 0x2A63, 0x2A63, 0x3263, 0x2A63, 0x2A83, 0x3283, 0x3283, 
    0x3283, 0x3283, 0x3283, 0x3283, 0x32A3, 0x2A63, 0x21E2, 0x1101, 0x10E1, 0x1121, 0x1941, 0x1961, 0x1982, 0x21A2, 0x21E2, 0x2222, 
    0x2A63, 0x3283, 0x32A3, 0x32C3, 0x32E3, 0x3B03, 0x3B04, 0x3B44, 0x3B64, 0x32C3, 0x32A3, 0x32A3, 0x32A3, 0x32A3, 0x32A3, 0x32A3, 
    0x2203, 0x21E2, 0x3B43, 0x4423, 0x4423, 0x4423, 0x4443, 0x4443, 0x4443, 0x4C43, 0x4C63, 0x4C63, 0x4C63, 0x4C63, 0x4C64, 0x4C63, 
    0x4C84, 0x4C64, 0x4403, 0x3B43, 0x32A3, 0x2A63, 0x2A63, 0x2A83, 0x2A83, 0x2A83, 0x2A83, 0x2A83, 0x2A83, 0x2A83, 0x2A83, 0x2A83, 
    0x2A83, 0x2A83, 0x2A83, 0x3283, 0x2222, 0x1961, 0x1961, 0x1941, 0x21A2, 0x21E3, 0x08C1, 0x0881, 0x2A04, 0x08C1, 0x08A0, 0x1121, 
    0x1962, 0x1121, 0x1121, 0x08A1, 0x0880, 0x0060, 0x08A0, 0x08C1, 0x10E1, 0x1982, 0x1121, 0x1101, 0x21C2, 0x2203, 0x0000, 0x4306, 
    0x3B24, 0x2A43, 0x21C2, 0x21C2, 0x2203, 0x4BA5, 0x4BC6, 0x3AE4, 0x1101, 0x0020, 0x3AE5, 0x32A4, 0x4BE6, 0x5CA7, 0x4BC5, 0x3263, 
    0x3283, 0x3283, 0x3AC4, 0x5C46, 0x2A03, 0x0861, 0x4B26, 0x1962, 0x1942, 0x3203, 0x3AA4, 0x3244, 0x29A3, 0x3244, 0x3244, 0x3244, 
    0x3244, 0x3244, 0x3223, 0x2182, 0x3244, 0x08A0, 0x1902, 0x3A85, 0x2A03, 0x1921, 0x29E3, 0x08A0, 0x18E2, 0x3244, 0x21A2, 0x1942, 
    0x1922, 0x29E3, 0x29E3, 0x2162, 0x3A84, 0x3264, 0x21A2, 0x1941, 0x1121, 0x1141, 0x1941, 0x2A63, 0x3263, 0x3283, 0x2A03, 0x1941, 
    0x1941, 0x1941, 0x2A43, 0x32A4, 0x2A03, 0x21A2, 0x32C4, 0x1982, 0x1961, 0x2A43, 0x3AC4, 0x32A3, 0x32A4, 0x1962, 0x1141, 0x21E2, 
    0x21A2, 0x10E1, 0x2A22, 0x19A2, 0x3B24, 0x2A83, 0x1961, 0x21A2, 0x32C3, 0x3283, 0x32C3, 0x2202, 0x1961, 0x1961, 0x1961, 0x1961, 
    0x2A63, 0x2A22, 0x08C0, 0x0840, 0x21C2, 0x2A83, 0x21C2, 0x2222, 0x32A3, 0x32A3, 0x3283, 0x1982, 0x2A63, 0x21E2, 0x21E2, 0x32A3, 
    0x2202, 0x2222, 0x1961, 0x21C2, 0x21C2, 0x1941, 0x2A63, 0x2A22, 0x2A63, 0x1982, 0x1981, 0x2202, 0x1941, 0x2222, 0x2A22, 0x2A22, 
    0x21C2, 0x1961, 0x2A22, 0x1121, 0x1121, 0x1121, 0x1941, 0x1962, 0x1941, 0x2A43, 0x2A63, 0x2A63, 0x2A63, 0x3283, 0x3283, 0x3263, 
    0x3263, 0x3283, 0x32A3, 0x2A63, 0x21A2, 0x10C1, 0x0860, 0x0840, 0x1101, 0x1941, 0x1961, 0x1981, 0x19A2, 0x21C2, 0x21E2, 0x2A22, 
    0x2A63, 0x3283, 0x32A3, 0x32C3, 0x32E3, 0x3B03, 0x3B04, 0x3B24, 0x3B44, 0x32C3, 0x32A3, 0x32A3, 0x32A3, 0x32A3, 0x32A3, 0x32A3, 
    0x2202, 0x21C2, 0x3303, 0x3BC3, 0x43C3, 0x43E3, 0x4403, 0x4423, 0x4423, 0x4423, 0x4443, 0x4443, 0x4443, 0x4C63, 0x4C63, 0x4463, 
    0x4463, 0x4C63, 0x4C84, 0x4C84, 0x4423, 0x3B83, 0x32C3, 0x2A63, 0x2A63, 0x2A83, 0x2A83, 0x2A83, 0x2A83, 0x2A83, 0x2A83, 0x2A83, 
    0x2A83, 0x2A83, 0x2A83, 0x32A3, 0x1982, 0x0841, 0x0861, 0x0861, 0x2163, 0x19A2, 0x08E1, 0x0841, 0x2163, 0x0020, 0x0861, 0x1902, 
    0x1121, 0x1101, 0x08C1, 0x0020, 0x0861, 0x0861, 0x10C2, 0x08C1, 0x08C1, 0x1121, 0x0860, 0x0881, 0x1943, 0x21A2, 0x0000, 0x42E6, 
    0x3283, 0x1121, 0x0881, 0x0881, 0x10A2, 0x3AC5, 0x43A5, 0x21A2, 0x0840, 0x0020, 0x0881, 0x0881, 0x53A7, 0x5426, 0x2A23, 0x10A1, 
    0x10A1, 0x10C2, 0x0000, 0x4306, 0x3244, 0x0841, 0x3244, 0x0860, 0x1081, 0x2983, 0x3264, 0x29C3, 0x0000, 0x3A85, 0x3243, 0x3244, 
    0x3223, 0x3223, 0x2A03, 0x0000, 0x3225, 0x08A1, 0x1902, 0x3A65, 0x1962, 0x0040, 0x3A45, 0x0880, 0x18E2, 0x3224, 0x2182, 0x0000, 
    0x0841, 0x29A4, 0x1922, 0x10A1, 0x2A24, 0x2A22, 0x0040, 0x0020, 0x0881, 0x0861, 0x10A1, 0x2A04, 0x2A43, 0x2A43, 0x1121, 0x0881, 
    0x0881, 0x0881, 0x29C3, 0x32A3, 0x1961, 0x0020, 0x3264, 0x0860, 0x1081, 0x21A3, 0x3283, 0x3283, 0x21E2, 0x0860, 0x1081, 0x2183, 
    0x10E1, 0x0841, 0x3264, 0x0000, 0x3244, 0x1141, 0x0881, 0x18E2, 0x2A43, 0x2A82, 0x2A43, 0x10E1, 0x0881, 0x0881, 0x0881, 0x0881, 
    0x3AC5, 0x1961, 0x0840, 0x0000, 0x10A1, 0x4305, 0x0000, 0x21A3, 0x3AE4, 0x3283, 0x2A83, 0x0000, 0x3AA4, 0x08C0, 0x10E2, 0x3B04, 
    0x21E2, 0x2A22, 0x0000, 0x21A3, 0x1982, 0x0881, 0x2A03, 0x2202, 0x2202, 0x0880, 0x2163, 0x29E3, 0x0000, 0x3264, 0x2202, 0x2A43, 
    0x1101, 0x0841, 0x3264, 0x0040, 0x0861, 0x0881, 0x0020, 0x0000, 0x10A1, 0x3AA5, 0x2A63, 0x2A63, 0x2A63, 0x2A63, 0x3283, 0x3283, 
    0x32A3, 0x2A43, 0x1962, 0x10C1, 0x0840, 0x0840, 0x0860, 0x0860, 0x1101, 0x1961, 0x1961, 0x1982, 0x19A2, 0x21E2, 0x2202, 0x2A43, 
    0x2A63, 0x32A3, 0x32A3, 0x32C3, 0x32E3, 0x3B03, 0x3B04, 0x3B44, 0x3B44, 0x32C3, 0x32A3, 0x32A3, 0x32A3, 0x32A3, 0x32A3, 0x32A3, 
    0x2202, 0x21C2, 0x2AA2, 0x3363, 0x3B83, 0x3BA3, 0x3BC3, 0x43E3, 0x4403, 0x4403, 0x4423, 0x4423, 0x4443, 0x4443, 0x4443, 0x4443, 
    0x4443, 0x4443, 0x4443, 0x4443, 0x4C63, 0x4C84, 0x4C44, 0x3BA3, 0x3303, 0x2A83, 0x2A63, 0x2A83, 0x2A83, 0x2A83, 0x2A83, 0x2A83, 
    0x3283, 0x2A83, 0x2A43, 0x2203, 0x21C2, 0x2A24, 0x2A24, 0x3224, 0x0020, 0x1922, 0x1122, 0x0000, 0x0020, 0x29E4, 0x29E4, 0x0881, 
    0x0881, 0x1922, 0x0000, 0x2183, 0x1963, 0x2163, 0x10A1, 0x0841, 0x1942, 0x0000, 0x21A3, 0x3285, 0x1962, 0x0000, 0x0020, 0x4306, 
    0x0000, 0x29C3, 0x4B86, 0x4B86, 0x4B66, 0x0000, 0x3AC5, 0x5426, 0x2A24, 0x0881, 0x64A9, 0x5C47, 0x64A8, 0x1101, 0x2162, 0x6D49, 
    0x64A8, 0x7549, 0x0880, 0x4306, 0x3264, 0x0000, 0x0040, 0x42C6, 0x4B26, 0x10C1, 0x18E2, 0x3224, 0x0000, 0x42A6, 0x3223, 0x3223, 
    0x3223, 0x3223, 0x2A03, 0x0000, 0x3A45, 0x08A1, 0x1902, 0x29C3, 0x0000, 0x3A65, 0x3244, 0x0860, 0x18E2, 0x3204, 0x1962, 0x0000, 
    0x42A6, 0x10E1, 0x10E2, 0x3264, 0x0000, 0x3284, 0x0020, 0x29C4, 0x4306, 0x3AC5, 0x3AC5, 0x0000, 0x3264, 0x08C1, 0x10E2, 0x4346, 
    0x3AE5, 0x4346, 0x0020, 0x29E3, 0x2A03, 0x0000, 0x0040, 0x4305, 0x4B66, 0x10E1, 0x1902, 0x3264, 0x0000, 0x3AC5, 0x4305, 0x1102, 
    0x0000, 0x10A1, 0x3284, 0x0020, 0x0000, 0x2A24, 0x4B86, 0x3264, 0x0000, 0x3B05, 0x0040, 0x21C3, 0x4345, 0x3AE5, 0x3B05, 0x3B05, 
    0x3AC4, 0x3B04, 0x21A2, 0x0861, 0x4B86, 0x3AE4, 0x0040, 0x29E4, 0x3AE4, 0x3283, 0x2A83, 0x0000, 0x3AC5, 0x10E0, 0x1922, 0x3AE4, 
    0x21E2, 0x2222, 0x0020, 0x21A3, 0x3283, 0x21E3, 0x0000, 0x3264, 0x0020, 0x21A3, 0x3AE5, 0x19A2, 0x0020, 0x3264, 0x21E2, 0x2A22, 
    0x1101, 0x0881, 0x3264, 0x2A23, 0x3284, 0x3AA4, 0x1962, 0x10A1, 0x4B46, 0x3284, 0x2A63, 0x2A63, 0x2A63, 0x3283, 0x3283, 0x2A02, 
    0x1941, 0x1081, 0x0840, 0x0860, 0x0880, 0x0860, 0x0860, 0x0860, 0x1101, 0x1962, 0x1982, 0x19A2, 0x21C2, 0x21E2, 0x2202, 0x2A43, 
    0x2A63, 0x3283, 0x32A3, 0x32C3, 0x32E3, 0x3B03, 0x3B24, 0x3B24, 0x3B44, 0x32C3, 0x32A3, 0x32A3, 0x32A3, 0x32A3, 0x32A3, 0x32A3, 
    0x21E2, 0x21E2, 0x2202, 0x2AA2, 0x3302, 0x3343, 0x3B63, 0x3B83, 0x3BC3, 0x43E3, 0x43E3, 0x4403, 0x4403, 0x4423, 0x4423, 0x4423, 
    0x4423, 0x4443, 0x4443, 0x4443, 0x4443, 0x4443, 0x4443, 0x4C63, 0x4C43, 0x4403, 0x3B23, 0x32A3, 0x2A63, 0x3283, 0x3283, 0x2A63, 
    0x2A43, 0x21E3, 0x21C2, 0x21E3, 0x1101, 0x0000, 0x0000, 0x0000, 0x0000, 0x2984, 0x1101, 0x0840, 0x3225, 0x2183, 0x1141, 0x0040, 
    0x18E2, 0x1922, 0x0000, 0x2163, 0x08A0, 0x08C0, 0x08A0, 0x1943, 0x1102, 0x0000, 0x29A4, 0x1982, 0x21C2, 0x21A3, 0x0000, 0x3AC5, 
    0x0880, 0x0000, 0x0000, 0x0000, 0x0000, 0x0000, 0x42E6, 0x4BC5, 0x21C2, 0x0881, 0x5407, 0x4364, 0x5446, 0x1101, 0x2183, 0x64E8, 
    0x5446, 0x64E7, 0x0860, 0x4306, 0x3223, 0x0841, 0x4B27, 0x3A85, 0x3264, 0x08A0, 0x2123, 0x3224, 0x0000, 0x3A85, 0x3223, 0x3223, 
    0x2A03, 0x2A03, 0x29E3, 0x0000, 0x3225, 0x10C1, 0x0000, 0x0860, 0x3A45, 0x29E4, 0x21A2, 0x0860, 0x18E2, 0x29C3, 0x1942, 0x0000, 
    0x3244, 0x0880, 0x1923, 0x2A03, 0x0000, 0x3AC5, 0x0020, 0x29A4, 0x3283, 0x2A43, 0x2A23, 0x0000, 0x3AA5, 0x10E1, 0x1923, 0x3AE5, 
    0x2A63, 0x32C3, 0x0040, 0x3225, 0x21C2, 0x0861, 0x5387, 0x3B05, 0x3B04, 0x08A0, 0x1943, 0x3264, 0x0000, 0x42E6, 0x2A42, 0x2A63, 
    0x1942, 0x0841, 0x3284, 0x0000, 0x3AA5, 0x4B66, 0x2A83, 0x2A62, 0x3AC4, 0x3AE4, 0x32C3, 0x1922, 0x0000, 0x0000, 0x0000, 0x32C4, 
    0x2A83, 0x32C3, 0x1961, 0x0881, 0x3AE4, 0x32A3, 0x0040, 0x29E4, 0x3AE4, 0x2A83, 0x2A63, 0x0000, 0x3AA5, 0x08C0, 0x1922, 0x3B24, 
    0x19C1, 0x2A43, 0x0000, 0x2183, 0x2A43, 0x21E2, 0x3244, 0x0000, 0x29E3, 0x3A85, 0x2202, 0x1981, 0x0000, 0x3285, 0x2202, 0x2A43, 
    0x1101, 0x0861, 0x3264, 0x19A1, 0x2222, 0x0080, 0x08A1, 0x3AC5, 0x2A43, 0x2A22, 0x2A63, 0x2A83, 0x2A43, 0x21E2, 0x1901, 0x1060, 
    0x0860, 0x1060, 0x1080, 0x0880, 0x0860, 0x0860, 0x0860, 0x0860, 0x1121, 0x1981, 0x1982, 0x19A2, 0x21C2, 0x21E2, 0x2A22, 0x2A43, 
    0x2A63, 0x3283, 0x32A3, 0x32C3, 0x32E3, 0x3B03, 0x3B04, 0x3B24, 0x3B44, 0x32C3, 0x32A3, 0x32A3, 0x32A3, 0x32A3, 0x32A3, 0x32A3, 
    0x2202, 0x1981, 0x1141, 0x1141, 0x19E1, 0x2A62, 0x2AE2, 0x3322, 0x3B63, 0x3B83, 0x3BA3, 0x3BC3, 0x43E3, 0x4403, 0x4403, 0x4423, 
    0x4423, 0x4423, 0x4423, 0x4423, 0x4423, 0x4423, 0x4443, 0x4443, 0x4443, 0x4443, 0x4443, 0x4403, 0x3B83, 0x32A3, 0x2A23, 0x21E2, 
    0x21C2, 0x21C2, 0x21E3, 0x08A1, 0x08A1, 0x3204, 0x29E4, 0x3205, 0x0040, 0x2163, 0x10E1, 0x0861, 0x29E4, 0x1121, 0x1982, 0x0040, 
    0x10A2, 0x1922, 0x0000, 0x2184, 0x08E1, 0x1101, 0x0880, 0x0000, 0x08C1, 0x0000, 0x2163, 0x1982, 0x21E3, 0x1982, 0x0020, 0x3AA5, 
    0x0000, 0x2183, 0x4306, 0x42C6, 0x42E6, 0x4326, 0x4B46, 0x4385, 0x21C2, 0x10A1, 0x53E7, 0x4385, 0x4BA5, 0x4385, 0x3224, 0x0880, 
    0x0860, 0x0880, 0x0000, 0x4B26, 0x2A23, 0x0861, 0x42C6, 0x3223, 0x3A84, 0x08A1, 0x1923, 0x3204, 0x0000, 0x3A86, 0x0880, 0x2162, 
    0x2A23, 0x29E3, 0x29C3, 0x0000, 0x3225, 0x08A1, 0x10C2, 0x29C4, 0x0040, 0x21A3, 0x21C3, 0x0040, 0x10C2, 0x2A03, 0x1961, 0x0000, 
    0x3224, 0x21E2, 0x3A85, 0x21E3, 0x0000, 0x3AC5, 0x0020, 0x29C4, 0x32A4, 0x2A43, 0x2A43, 0x0000, 0x3AC5, 0x08A0, 0x1902, 0x4B86, 
    0x3AE4, 0x4344, 0x0000, 0x2A04, 0x29E3, 0x0000, 0x0060, 0x0040, 0x0040, 0x1962, 0x42E6, 0x3284, 0x2A04, 0x0881, 0x0020, 0x0040, 
    0x0000, 0x0881, 0x3264, 0x0000, 0x3AA5, 0x32E3, 0x3283, 0x32A3, 0x32A3, 0x2A83, 0x32E3, 0x3283, 0x3AC5, 0x3AC5, 0x3AA5, 0x0861, 
    0x2A23, 0x3B03, 0x1141, 0x0841, 0x4365, 0x32C3, 0x0000, 0x29E4, 0x3B24, 0x32C3, 0x32C3, 0x0000, 0x3264, 0x3283, 0x2163, 0x08A0, 
    0x2A43, 0x0040, 0x1962, 0x3A65, 0x2A43, 0x21C2, 0x0020, 0x29E3, 0x08A1, 0x1961, 0x2A43, 0x21C2, 0x21C3, 0x0861, 0x0020, 0x0020, 
    0x0000, 0x10A1, 0x3224, 0x21E2, 0x08A0, 0x1922, 0x3AC6, 0x3284, 0x2A63, 0x2A63, 0x2A43, 0x21A2, 0x10C1, 0x1060, 0x1060, 0x1081, 
    0x1081, 0x1081, 0x1080, 0x1080, 0x0860, 0x0860, 0x0860, 0x0860, 0x1121, 0x1981, 0x1982, 0x21A2, 0x21E2, 0x21E2, 0x2A22, 0x2A43, 
    0x2A83, 0x3283, 0x32A3, 0x32C3, 0x3AE3, 0x3B03, 0x3B04, 0x3B24, 0x3B24, 0x32C3, 0x32A3, 0x32A3, 0x32A3, 0x32A3, 0x32A3, 0x32A3, 
    0x4C63, 0x3BA3, 0x2242, 0x1141, 0x0900, 0x1121, 0x19A1, 0x2242, 0x2AA2, 0x3302, 0x3343, 0x3B63, 0x3B83, 0x3BA3, 0x43C3, 0x43E3, 
    0x43E3, 0x4403, 0x4403, 0x4403, 0x4423, 0x4423, 0x4423, 0x4423, 0x4424, 0x4423, 0x4423, 0x4423, 0x4C63, 0x3303, 0x21A2, 0x21C2, 
    0x21C2, 0x21C2, 0x21C2, 0x1942, 0x1923, 0x08A1, 0x0860, 0x0880, 0x0000, 0x2143, 0x10E1, 0x0000, 0x0881, 0x0040, 0x0040, 0x0860, 
    0x2984, 0x1102, 0x10C2, 0x0881, 0x0020, 0x0020, 0x0020, 0x2143, 0x1943, 0x10C1, 0x10A2, 0x0020, 0x0060, 0x0060, 0x0000, 0x3265, 
    0x21A2, 0x2163, 0x1101, 0x10E1, 0x1101, 0x1101, 0x3283, 0x4365, 0x1982, 0x0841, 0x53C7, 0x4365, 0x4365, 0x5406, 0x4365, 0x3AA5, 
    0x42C6, 0x4326, 0x0000, 0x42C5, 0x2A03, 0x0000, 0x42C6, 0x2A03, 0x3A64, 0x0860, 0x18E2, 0x3204, 0x0000, 0x3A85, 0x0000, 0x2984, 
    0x3264, 0x29E3, 0x29E3, 0x0000, 0x3204, 0x0860, 0x10C2, 0x29E3, 0x18E2, 0x10A2, 0x1121, 0x1921, 0x1902, 0x08C1, 0x21C2, 0x0000, 
    0x2A04, 0x2A43, 0x2A43, 0x21A2, 0x0000, 0x3AC5, 0x0000, 0x21A3, 0x32A4, 0x2A63, 0x2A63, 0x0000, 0x3A85, 0x2A43, 0x2183, 0x1101, 
    0x08C1, 0x10E1, 0x1962, 0x4B26, 0x21A2, 0x0040, 0x2A04, 0x29E4, 0x29E4, 0x42C6, 0x3AC4, 0x3283, 0x3283, 0x2182, 0x29A4, 0x29A4, 
    0x10C2, 0x0861, 0x3264, 0x0000, 0x3A85, 0x32E3, 0x3283, 0x32A3, 0x3283, 0x32A3, 0x1121, 0x08C0, 0x10E0, 0x10E0, 0x08E0, 0x2182, 
    0x42E6, 0x32A3, 0x2A22, 0x21A3, 0x10E1, 0x2A83, 0x21E2, 0x2163, 0x10E1, 0x08C0, 0x08C0, 0x0000, 0x3264, 0x32E3, 0x2A22, 0x2183, 
    0x10C1, 0x1922, 0x3A65, 0x2202, 0x1961, 0x0880, 0x2183, 0x3A85, 0x1941, 0x1902, 0x1101, 0x2202, 0x2202, 0x1942, 0x2183, 0x29A4, 
    0x10C2, 0x0840, 0x2A04, 0x0880, 0x0000, 0x0861, 0x08C0, 0x08A0, 0x08C1, 0x1941, 0x10A1, 0x1060, 0x1080, 0x1081, 0x1081, 0x1081, 
    0x1081, 0x1081, 0x1081, 0x1080, 0x1080, 0x0880, 0x0860, 0x0860, 0x1121, 0x1982, 0x19A2, 0x21A2, 0x21E2, 0x2202, 0x2A22, 0x2A43, 
    0x2A83, 0x3283, 0x32A3, 0x32C3, 0x32E3, 0x3B03, 0x3B24, 0x3B24, 0x3B44, 0x32C3, 0x32A3, 0x32A3, 0x32A3, 0x32A3, 0x32A3, 0x32A3, 
    0x4CA4, 0x54E4, 0x4CA4, 0x43E3, 0x2AA2, 0x1981, 0x08E0, 0x1100, 0x1981, 0x2201, 0x2A82, 0x32E2, 0x3322, 0x3343, 0x3B83, 0x3BA3, 
    0x3BA3, 0x43C3, 0x43E3, 0x43E3, 0x4403, 0x4403, 0x4403, 0x4403, 0x4403, 0x4403, 0x4423, 0x4403, 0x4423, 0x3303, 0x21A2, 0x21C2, 
    0x21A2, 0x21A2, 0x1982, 0x21C2, 0x1922, 0x10A2, 0x18E2, 0x10C2, 0x18E2, 0x29C4, 0x1122, 0x10C2, 0x10C2, 0x10C2, 0x10C2, 0x2184, 
    0x1942, 0x10E1, 0x10E1, 0x0881, 0x10C2, 0x10C2, 0x2144, 0x2183, 0x1101, 0x1122, 0x0881, 0x10C2, 0x10C2, 0x10A2, 0x18E3, 0x29E4, 
    0x2A03, 0x1962, 0x1902, 0x1902, 0x1902, 0x1902, 0x42E6, 0x4325, 0x2A23, 0x29C4, 0x4BA6, 0x3B24, 0x4B85, 0x3283, 0x2A03, 0x3284, 
    0x3284, 0x3AC4, 0x1982, 0x53A7, 0x3243, 0x2143, 0x42A5, 0x2A03, 0x3244, 0x1922, 0x31C5, 0x2A04, 0x1902, 0x3A65, 0x10E1, 0x2143, 
    0x1922, 0x10E1, 0x10C1, 0x10C1, 0x3A25, 0x10E1, 0x2164, 0x29C3, 0x1962, 0x08A1, 0x29E4, 0x21C2, 0x1121, 0x1923, 0x3244, 0x10E1, 
    0x3A65, 0x2A23, 0x2A23, 0x21E2, 0x1922, 0x42E6, 0x1101, 0x3A45, 0x3283, 0x2A63, 0x3263, 0x1922, 0x42C6, 0x3B04, 0x2A03, 0x1902, 
    0x1943, 0x1922, 0x4306, 0x4324, 0x1941, 0x0861, 0x4B86, 0x3AE4, 0x3AE4, 0x32A4, 0x3283, 0x3283, 0x2A63, 0x3284, 0x3263, 0x3283, 
    0x1101, 0x0841, 0x3264, 0x1101, 0x42E6, 0x32C3, 0x3283, 0x32A3, 0x3283, 0x32A3, 0x1941, 0x1922, 0x1922, 0x1902, 0x1943, 0x4326, 
    0x32A3, 0x2A83, 0x32C3, 0x2A63, 0x1902, 0x3AE5, 0x32E3, 0x19A2, 0x1902, 0x1922, 0x1922, 0x2143, 0x3AC5, 0x2A83, 0x32A3, 0x2A43, 
    0x10C2, 0x3A85, 0x21E2, 0x2202, 0x1141, 0x1923, 0x3284, 0x19C2, 0x2A23, 0x1101, 0x2183, 0x29E3, 0x08E0, 0x1121, 0x1121, 0x1921, 
    0x08C0, 0x1923, 0x29E3, 0x0881, 0x18E2, 0x10C2, 0x10A2, 0x1082, 0x1082, 0x20E3, 0x0860, 0x10A1, 0x1081, 0x1081, 0x1081, 0x1081, 
    0x1081, 0x1081, 0x1081, 0x1081, 0x1080, 0x0880, 0x0860, 0x0860, 0x1921, 0x1982, 0x19A2, 0x21C2, 0x21E2, 0x2202, 0x2A22, 0x2A63, 
    0x2A83, 0x3283, 0x32A3, 0x32C3, 0x32E3, 0x3B03, 0x3B04, 0x3B24, 0x3B44, 0x32A3, 0x32A3, 0x32A3, 0x32A3, 0x32A3, 0x32A3, 0x32A3, 
    0x4CA4, 0x4CA4, 0x4CA4, 0x4CC4, 0x4CC4, 0x4443, 0x3302, 0x19C1, 0x1101, 0x08E0, 0x1141, 0x19C1, 0x2242, 0x2AC2, 0x3302, 0x3342, 
    0x3B63, 0x3B83, 0x3BA3, 0x3BA3, 0x3BC3, 0x3BC3, 0x43E3, 0x43E3, 0x43E3, 0x4403, 0x4403, 0x43E3, 0x4423, 0x32E3, 0x21A2, 0x21C2, 
    0x21A2, 0x21A2, 0x1982, 0x1982, 0x1982, 0x21C3, 0x21C3, 0x21C3, 0x21A3, 0x2182, 0x1942, 0x2183, 0x2183, 0x2163, 0x1963, 0x1942, 
    0x10E1, 0x1101, 0x1101, 0x1942, 0x2183, 0x2183, 0x2183, 0x1121, 0x1941, 0x1121, 0x1962, 0x21A3, 0x2183, 0x2183, 0x2183, 0x1942, 
    0x1101, 0x1982, 0x3244, 0x3AA5, 0x3AE5, 0x4305, 0x3AE5, 0x32A4, 0x3B04, 0x4365, 0x3B25, 0x3B24, 0x4385, 0x1982, 0x0881, 0x0881, 
    0x0881, 0x0861, 0x53E7, 0x5C67, 0x3284, 0x3A64, 0x3224, 0x2A03, 0x2A03, 0x3223, 0x3244, 0x29E3, 0x3224, 0x29E3, 0x2A03, 0x10E2, 
    0x0861, 0x0861, 0x1081, 0x3225, 0x2183, 0x1982, 0x21A3, 0x1962, 0x1962, 0x21C3, 0x21E3, 0x19A2, 0x21C2, 0x2A24, 0x2A03, 0x2A43, 
    0x2A43, 0x2A23, 0x2A23, 0x2A43, 0x32A4, 0x3264, 0x3284, 0x32A4, 0x2A43, 0x3263, 0x3263, 0x3AE4, 0x3AC4, 0x3283, 0x32C3, 0x4325, 
    0x4325, 0x4325, 0x3AC4, 0x32C4, 0x21A2, 0x1902, 0x4305, 0x2A83, 0x3283, 0x3283, 0x3283, 0x3283, 0x3263, 0x2A43, 0x2A03, 0x2A02, 
    0x1101, 0x10C2, 0x3284, 0x3283, 0x3AC4, 0x32A3, 0x3283, 0x3283, 0x3283, 0x3283, 0x32C3, 0x3B04, 0x3B04, 0x3B04, 0x3B04, 0x32A3, 
    0x2A83, 0x3283, 0x3283, 0x2A83, 0x3B04, 0x32A4, 0x2A63, 0x32A3, 0x3B04, 0x3B04, 0x3B04, 0x3B04, 0x32A4, 0x2A83, 0x2A83, 0x2A63, 
    0x2A23, 0x21C2, 0x21C2, 0x21C2, 0x21E2, 0x2A23, 0x21C2, 0x19C2, 0x19A2, 0x21C2, 0x2A23, 0x1961, 0x0840, 0x0861, 0x0861, 0x0841, 
    0x1923, 0x2A04, 0x1941, 0x1982, 0x21A3, 0x21A3, 0x29A3, 0x2183, 0x2142, 0x18C1, 0x1081, 0x1081, 0x1081, 0x1081, 0x1081, 0x1081, 
    0x1081, 0x1081, 0x1081, 0x1081, 0x1081, 0x1080, 0x0860, 0x0860, 0x1941, 0x1982, 0x19A2, 0x21C2, 0x21E2, 0x2202, 0x2A22, 0x2A43, 
    0x2A83, 0x32A3, 0x32A3, 0x32C3, 0x32E3, 0x3B03, 0x3B04, 0x3B24, 0x3B44, 0x32A3, 0x32A3, 0x32A3, 0x32A3, 0x32A3, 0x32A3, 0x32A3, 
    0x4C84, 0x4CA4, 0x4CA4, 0x4C84, 0x4C84, 0x4CA4, 0x54C4, 0x4C83, 0x3B83, 0x2222, 0x1141, 0x08E0, 0x1121, 0x1981, 0x2222, 0x2AA2, 
    0x32E2, 0x3322, 0x3343, 0x3B63, 0x3B83, 0x3BA3, 0x3BA3, 0x3BC3, 0x3BC3, 0x43C3, 0x3BC3, 0x43C3, 0x4403, 0x32E3, 0x1982, 0x21A2, 
    0x19A2, 0x1982, 0x1982, 0x1962, 0x1962, 0x1941, 0x1141, 0x1141, 0x1121, 0x1121, 0x1121, 0x1101, 0x10E1, 0x10E1, 0x1101, 0x1101, 
    0x1121, 0x1941, 0x1942, 0x1941, 0x1941, 0x1941, 0x1941, 0x1962, 0x1962, 0x1962, 0x1962, 0x1941, 0x1941, 0x1941, 0x1141, 0x1941, 
    0x1942, 0x1121, 0x1101, 0x1121, 0x19A2, 0x2A23, 0x3283, 0x32A4, 0x32A4, 0x32A4, 0x3AE4, 0x3B04, 0x3B04, 0x4365, 0x53C7, 0x53E7, 
    0x53E7, 0x5C27, 0x53E7, 0x4BC5, 0x3264, 0x29E3, 0x2A03, 0x2A03, 0x29E3, 0x29E3, 0x21C3, 0x29C3, 0x21A2, 0x21A2, 0x21A2, 0x21A3, 
    0x3204, 0x31E4, 0x29E4, 0x2183, 0x1941, 0x1962, 0x1961, 0x1982, 0x21A2, 0x19A2, 0x21A2, 0x21E2, 0x21E2, 0x21E2, 0x2203, 0x2202, 
    0x2203, 0x2A23, 0x2A43, 0x2A43, 0x2A43, 0x2A43, 0x2A43, 0x2A63, 0x32A4, 0x32C4, 0x3263, 0x3263, 0x3283, 0x32A3, 0x32A3, 0x3283, 
    0x3283, 0x3283, 0x32A3, 0x32A3, 0x32A3, 0x4305, 0x3AC4, 0x3283, 0x3283, 0x3283, 0x3283, 0x3263, 0x2A63, 0x2A43, 0x2A23, 0x2202, 
    0x21C2, 0x29C3, 0x2A23, 0x2A42, 0x2A83, 0x32A3, 0x3283, 0x3283, 0x3283, 0x3283, 0x2A83, 0x2A83, 0x2A83, 0x2A83, 0x2A83, 0x2A83, 
    0x3283, 0x3283, 0x3283, 0x3283, 0x2A83, 0x2A83, 0x3283, 0x2A83, 0x2A63, 0x2A62, 0x2A63, 0x2A63, 0x2A83, 0x2A83, 0x2A83, 0x2A63, 
    0x19A2, 0x19A2, 0x21C2, 0x21C2, 0x21C2, 0x19A2, 0x19A2, 0x19A2, 0x19A2, 0x1982, 0x1981, 0x1981, 0x21E3, 0x2A04, 0x29E3, 0x29C3, 
    0x21C3, 0x1941, 0x1121, 0x1921, 0x1921, 0x1941, 0x1941, 0x1942, 0x1962, 0x1962, 0x1922, 0x10C1, 0x1081, 0x1081, 0x1081, 0x1081, 
    0x1081, 0x1081, 0x1081, 0x1081, 0x1081, 0x0880, 0x0860, 0x0860, 0x1941, 0x19A2, 0x21A2, 0x21C2, 0x2202, 0x2A22, 0x2A43, 0x2A63, 
    0x2A83, 0x3283, 0x32A3, 0x32C3, 0x32E3, 0x3B03, 0x3B24, 0x3B24, 0x3B24, 0x32A3, 0x32A3, 0x32A3, 0x32A3, 0x32A3, 0x32A3, 0x32A3, 
    0x4C84, 0x4CA4, 0x4CA4, 0x4CA4, 0x4C84, 0x4C84, 0x4C84, 0x4CA4, 0x4CC4, 0x4C84, 0x43E3, 0x2AC2, 0x1161, 0x08E0, 0x1101, 0x1161, 
    0x21E1, 0x2A82, 0x32E2, 0x3302, 0x3343, 0x3B63, 0x3B83, 0x3B83, 0x3B83, 0x3BA3, 0x3BA3, 0x3BA3, 0x43E3, 0x32C3, 0x1982, 0x19A2, 
    0x1982, 0x1982, 0x1962, 0x1962, 0x1962, 0x1942, 0x1942, 0x1941, 0x1941, 0x1121, 0x1121, 0x1121, 0x1121, 0x1941, 0x1942, 0x1962, 
    0x1962, 0x1962, 0x1962, 0x1982, 0x1982, 0x1982, 0x1982, 0x1982, 0x1982, 0x1982, 0x1982, 0x1982, 0x1982, 0x1982, 0x1982, 0x1982, 
    0x1962, 0x1962, 0x1962, 0x1942, 0x1941, 0x1942, 0x21A2, 0x2A23, 0x32A4, 0x32A4, 0x32C4, 0x3AC4, 0x3AE4, 0x3B04, 0x3B04, 0x3B24, 
    0x3B44, 0x4345, 0x4385, 0x4BA5, 0x3264, 0x29E3, 0x29E3, 0x29E3, 0x29C3, 0x21C3, 0x21C3, 0x21A3, 0x21A2, 0x21A2, 0x2182, 0x2182, 
    0x1942, 0x1941, 0x1941, 0x1961, 0x1982, 0x19A2, 0x21A2, 0x21A2, 0x21C2, 0x21C2, 0x21E2, 0x21E2, 0x2202, 0x2A03, 0x2A23, 0x2A23, 
    0x2A23, 0x2A43, 0x2A43, 0x2A43, 0x2A43, 0x3283, 0x32C4, 0x3AE4, 0x3AE4, 0x32C4, 0x2A63, 0x3283, 0x3283, 0x32A3, 0x32A3, 0x32A3, 
    0x32A3, 0x32A3, 0x32A3, 0x32A3, 0x32A3, 0x3283, 0x3283, 0x32A3, 0x3283, 0x3283, 0x3283, 0x3263, 0x2A63, 0x2A43, 0x2A23, 0x2202, 
    0x21A2, 0x1941, 0x21E2, 0x2A43, 0x2A83, 0x32A3, 0x3283, 0x3283, 0x3283, 0x3283, 0x3283, 0x3283, 0x3283, 0x3283, 0x3283, 0x3283, 
    0x3283, 0x3283, 0x3283, 0x3283, 0x3283, 0x3283, 0x3283, 0x3283, 0x3283, 0x3283, 0x3283, 0x2A83, 0x3283, 0x2A83, 0x3283, 0x2A63, 
    0x19A2, 0x19A2, 0x19A2, 0x19A2, 0x19A2, 0x19A2, 0x19A2, 0x1982, 0x1982, 0x1982, 0x1981, 0x1962, 0x1141, 0x1121, 0x1121, 0x1121, 
    0x1121, 0x1942, 0x1942, 0x1942, 0x1962, 0x1962, 0x1962, 0x2162, 0x2182, 0x2182, 0x21A2, 0x2182, 0x2162, 0x1901, 0x1081, 0x1081, 
    0x1081, 0x1081, 0x1081, 0x1081, 0x1081, 0x1080, 0x0860, 0x0860, 0x1941, 0x19A2, 0x21C2, 0x21C2, 0x2202, 0x2222, 0x2A42, 0x2A63, 
    0x2A83, 0x32A3, 0x32A3, 0x32C3, 0x32E3, 0x3AE3, 0x3B04, 0x3B24, 0x3B24, 0x32A3, 0x32A3, 0x32A3, 0x32A3, 0x32A3, 0x32A3, 0x32A3, 
    0x4C83, 0x4CA4, 0x4CA4, 0x4C84, 0x4C84, 0x4C84, 0x4C84, 0x4C84, 0x4C84, 0x4C84, 0x4CA4, 0x4CA4, 0x4423, 0x3302, 0x2201, 0x1101, 
    0x08E0, 0x1141, 0x19C1, 0x2242, 0x2AC2, 0x3302, 0x3323, 0x3B43, 0x3B63, 0x3B63, 0x3B83, 0x3B83, 0x3BC3, 0x2AA3, 0x1962, 0x1982, 
    0x1962, 0x1962, 0x1962, 0x1942, 0x1942, 0x1942, 0x1141, 0x1121, 0x1121, 0x1121, 0x1941, 0x1942, 0x1962, 0x1962, 0x1962, 0x1982, 
    0x1982, 0x19A2, 0x21A2, 0x21A2, 0x21A2, 0x21A2, 0x21A2, 0x21A2, 0x21C2, 0x21C2, 0x21C2, 0x21A2, 0x21A2, 0x21A2, 0x19A2, 0x19A2, 
    0x1982, 0x1982, 0x1982, 0x1982, 0x1962, 0x1942, 0x1942, 0x1941, 0x19A2, 0x2203, 0x3263, 0x3AC4, 0x3AC4, 0x3AE4, 0x3B04, 0x3B04, 
    0x3B25, 0x4345, 0x4345, 0x4365, 0x3243, 0x29C3, 0x29E3, 0x29C3, 0x21A3, 0x21A3, 0x21A2, 0x2182, 0x2182, 0x2162, 0x1962, 0x1962, 
    0x1962, 0x1962, 0x1982, 0x19A2, 0x19A2, 0x21C2, 0x21C2, 0x21C2, 0x21C2, 0x21E2, 0x2203, 0x2203, 0x2203, 0x2A23, 0x2A23, 0x2A23, 
    0x2A23, 0x2A23, 0x2A43, 0x3283, 0x32C4, 0x3AE4, 0x3AE4, 0x3AE4, 0x3AE4, 0x32C4, 0x2A43, 0x3263, 0x3283, 0x3283, 0x32A3, 0x32A3, 
    0x32A3, 0x32A3, 0x32A3, 0x32A3, 0x32A3, 0x3283, 0x3283, 0x3283, 0x3283, 0x3283, 0x2A63, 0x2A63, 0x2A63, 0x2A43, 0x2A23, 0x21E2, 
    0x21A2, 0x1962, 0x21E2, 0x2A43, 0x2A83, 0x32A3, 0x2A83, 0x3283, 0x3283, 0x3283, 0x3283, 0x3283, 0x3283, 0x3283, 0x3283, 0x3283, 
    0x3283, 0x3283, 0x3283, 0x2A83, 0x2A83, 0x2A83, 0x3283, 0x2A83, 0x2A83, 0x3283, 0x2A83, 0x2A83, 0x2A83, 0x2A83, 0x3283, 0x2A63, 
    0x1982, 0x1982, 0x1982, 0x1982, 0x1982, 0x1982, 0x1982, 0x1961, 0x1961, 0x1961, 0x1961, 0x1941, 0x1141, 0x1941, 0x1941, 0x1942, 
    0x1942, 0x1942, 0x1962, 0x1962, 0x1962, 0x2162, 0x2182, 0x2182, 0x2182, 0x2182, 0x2182, 0x2182, 0x21A2, 0x2A03, 0x3203, 0x18A1, 
    0x1081, 0x1081, 0x1081, 0x1081, 0x1081, 0x1080, 0x0860, 0x0860, 0x1961, 0x19A2, 0x21C2, 0x21E2, 0x21E2, 0x2202, 0x2A22, 0x2A63, 
    0x2A83, 0x32A3, 0x32A3, 0x32C3, 0x32E3, 0x3AE3, 0x3B04, 0x3B44, 0x3B24, 0x32A3, 0x32A3, 0x32A3, 0x32A3, 0x32A3, 0x32A3, 0x32A3, 
    0x4C83, 0x4C84, 0x4C84, 0x4C84, 0x4C84, 0x4C84, 0x4C84, 0x4C84, 0x4C84, 0x4C84, 0x4C84, 0x4C84, 0x4C84, 0x4CA4, 0x4C84, 0x3B63, 
    0x2222, 0x1141, 0x08E0, 0x1100, 0x19A1, 0x2222, 0x2A82, 0x2AE2, 0x3302, 0x3322, 0x3322, 0x3343, 0x3B83, 0x2A82, 0x1962, 0x1962, 
    0x1962, 0x1962, 0x1962, 0x1942, 0x1941, 0x1121, 0x1942, 0x1942, 0x1942, 0x1962, 0x1982, 0x1982, 0x21A2, 0x21C2, 0x21C2, 0x21E3, 
    0x21C2, 0x21C2, 0x21C2, 0x21E3, 0x2A03, 0x2A03, 0x2A03, 0x21E3, 0x21E2, 0x21E3, 0x21E3, 0x21E3, 0x21C2, 0x2203, 0x21E3, 0x21E2, 
    0x21C2, 0x21E2, 0x21E3, 0x21C2, 0x21C2, 0x21C2, 0x21A2, 0x1962, 0x1962, 0x1141, 0x1982, 0x2A03, 0x3284, 0x32C4, 0x3AE4, 0x3B04, 
    0x4325, 0x4345, 0x4385, 0x4BA5, 0x3243, 0x21C3, 0x21C3, 0x21A3, 0x21C3, 0x21A3, 0x21A2, 0x1962, 0x1962, 0x1962, 0x1962, 0x21A2, 
    0x21C2, 0x21C2, 0x21C2, 0x21A2, 0x21C2, 0x21C2, 0x2A03, 0x2A23, 0x2A23, 0x2A23, 0x2203, 0x2A23, 0x2A43, 0x2A43, 0x2A23, 0x2A43, 
    0x32A3, 0x32C4, 0x3B04, 0x3B24, 0x3B04, 0x3AE4, 0x3AE4, 0x3AE4, 0x3B24, 0x32C4, 0x3263, 0x32A3, 0x3283, 0x3283, 0x32A3, 0x3283, 
    0x32C4, 0x32C4, 0x3283, 0x3283, 0x3283, 0x32C4, 0x32A3, 0x3283, 0x3283, 0x3263, 0x32A4, 0x3263, 0x2A43, 0x2A43, 0x2A23, 0x2A03, 
    0x19A2, 0x1962, 0x21E2, 0x2A42, 0x2A63, 0x3283, 0x32C3, 0x3283, 0x3283, 0x3283, 0x3283, 0x3283, 0x3283, 0x3283, 0x3283, 0x3283, 
    0x3283, 0x3283, 0x2A83, 0x32A3, 0x32C3, 0x32A3, 0x3283, 0x32C3, 0x32C3, 0x3283, 0x2A83, 0x2A83, 0x2A83, 0x2A83, 0x2A83, 0x2A43, 
    0x1981, 0x1981, 0x1982, 0x1981, 0x1961, 0x1961, 0x1961, 0x1961, 0x1941, 0x1941, 0x1141, 0x1921, 0x1921, 0x1942, 0x1942, 0x1942, 
    0x1942, 0x1962, 0x1962, 0x2162, 0x2182, 0x2182, 0x2182, 0x2182, 0x2182, 0x2182, 0x21A2, 0x2A03, 0x3264, 0x42E4, 0x3AA4, 0x18C1, 
    0x1081, 0x1081, 0x1081, 0x1081, 0x1080, 0x1081, 0x1060, 0x0880, 0x1961, 0x19A2, 0x21C2, 0x21E2, 0x2202, 0x2A22, 0x2A43, 0x2A63, 
    0x3283, 0x3283, 0x32C3, 0x32C3, 0x32E3, 0x3B04, 0x3B24, 0x3B24, 0x3B24, 0x32A3, 0x32A3, 0x32A3, 0x32A3, 0x32A3, 0x32A3, 0x32A3, 
    0x4C83, 0x4C84, 0x4C84, 0x4C84, 0x4C84, 0x4C84, 0x4C84, 0x4C84, 0x4C84, 0x4C84, 0x4C84, 0x4C84, 0x4C63, 0x4C63, 0x4C63, 0x4C84, 
    0x4C63, 0x3BE3, 0x2A82, 0x1981, 0x1101, 0x0900, 0x1141, 0x19E1, 0x2A62, 0x2AA2, 0x32E2, 0x3302, 0x3343, 0x2A62, 0x1962, 0x1962, 
    0x1962, 0x1942, 0x1941, 0x1941, 0x1941, 0x1962, 0x1101, 0x1101, 0x19A2, 0x21A2, 0x21A2, 0x21E3, 0x1942, 0x10E1, 0x10E1, 0x1101, 
    0x2203, 0x2203, 0x2A23, 0x21A2, 0x1101, 0x1101, 0x1101, 0x21E3, 0x2A23, 0x2203, 0x2203, 0x2203, 0x2A23, 0x1941, 0x1101, 0x1982, 
    0x21C2, 0x1121, 0x1101, 0x10E1, 0x10E1, 0x10E1, 0x1101, 0x19A2, 0x1982, 0x21A2, 0x1101, 0x08A0, 0x08C1, 0x21A2, 0x2A43, 0x21C3, 
    0x21A2, 0x21A2, 0x21A2, 0x21C2, 0x1922, 0x2162, 0x21C3, 0x1942, 0x10C1, 0x10C1, 0x08A1, 0x1941, 0x1982, 0x19A2, 0x1982, 0x10E1, 
    0x10E1, 0x10E1, 0x1982, 0x2203, 0x21E2, 0x2A03, 0x1121, 0x1101, 0x1101, 0x1982, 0x2A43, 0x2A23, 0x1942, 0x2203, 0x32A4, 0x2A23, 
    0x1982, 0x19A2, 0x19A2, 0x1982, 0x3263, 0x3B04, 0x3AE4, 0x32C4, 0x21C2, 0x3283, 0x21A2, 0x21C2, 0x3283, 0x3283, 0x3283, 0x32C4, 
    0x21E2, 0x21E2, 0x32C4, 0x32A4, 0x32A4, 0x21A2, 0x2A03, 0x32A3, 0x3283, 0x3283, 0x1962, 0x2A22, 0x2A63, 0x2A43, 0x2203, 0x1101, 
    0x21A2, 0x1962, 0x21E2, 0x2A22, 0x2A63, 0x32A3, 0x1961, 0x2A63, 0x32A3, 0x2A83, 0x3283, 0x3283, 0x3283, 0x3283, 0x3283, 0x3283, 
    0x3283, 0x2A83, 0x32C3, 0x21A2, 0x1961, 0x21E2, 0x2A63, 0x1961, 0x1961, 0x2A63, 0x32A3, 0x2A83, 0x2A83, 0x2A83, 0x2A83, 0x2A43, 
    0x1961, 0x1961, 0x1961, 0x1961, 0x1961, 0x1941, 0x1941, 0x1941, 0x1121, 0x1921, 0x1921, 0x1942, 0x1942, 0x1942, 0x1962, 0x1962, 
    0x1962, 0x1962, 0x2182, 0x2182, 0x2182, 0x2182, 0x2182, 0x2182, 0x21A2, 0x2A03, 0x3AA4, 0x42E4, 0x42E4, 0x42E4, 0x3A84, 0x18C1, 
    0x1081, 0x1081, 0x1081, 0x1081, 0x1081, 0x1081, 0x1060, 0x0880, 0x1961, 0x19A2, 0x21C2, 0x21E2, 0x2202, 0x2A22, 0x2A43, 0x2A63, 
    0x3283, 0x32A3, 0x32A3, 0x32C3, 0x32E3, 0x3B03, 0x3B24, 0x3B24, 0x3B24, 0x32A3, 0x32A3, 0x32A3, 0x32A3, 0x32A3, 0x32A3, 0x32A3, 
    0x4C83, 0x4C84, 0x4C84, 0x4C84, 0x4C84, 0x4C84, 0x4C84, 0x4C84, 0x4C84, 0x4C84, 0x4C84, 0x4C64, 0x4C63, 0x4C63, 0x4C63, 0x4443, 
    0x4C43, 0x4C63, 0x4C63, 0x4403, 0x3302, 0x19C1, 0x1121, 0x1101, 0x1141, 0x19A1, 0x2242, 0x2A82, 0x32E2, 0x2222, 0x1942, 0x1942, 
    0x1942, 0x1941, 0x1942, 0x1962, 0x1962, 0x1962, 0x0040, 0x10C2, 0x2A24, 0x21C2, 0x21E2, 0x21A2, 0x08A0, 0x0881, 0x0881, 0x1081, 
    0x29C3, 0x21E2, 0x21E3, 0x1101, 0x0861, 0x0881, 0x0881, 0x29A3, 0x21E3, 0x2A23, 0x2A23, 0x2A23, 0x21C2, 0x08A1, 0x0000, 0x1902, 
    0x2A03, 0x0000, 0x0861, 0x0881, 0x0881, 0x0881, 0x18E2, 0x3224, 0x21A2, 0x1982, 0x08A0, 0x0881, 0x18E2, 0x21C3, 0x1962, 0x0000, 
    0x0000, 0x0861, 0x0881, 0x0881, 0x0000, 0x2984, 0x2162, 0x08A1, 0x0861, 0x0861, 0x0861, 0x2163, 0x1982, 0x21A2, 0x1121, 0x0860, 
    0x0881, 0x0881, 0x2163, 0x21E2, 0x2202, 0x19A2, 0x0860, 0x0881, 0x0881, 0x1923, 0x2A23, 0x2A23, 0x0000, 0x3285, 0x3AC4, 0x1962, 
    0x0881, 0x10A1, 0x1081, 0x10A1, 0x29C4, 0x32A4, 0x3AE4, 0x32C4, 0x0000, 0x3AA5, 0x08A0, 0x10E2, 0x3AE5, 0x2A63, 0x3283, 0x2A63, 
    0x0060, 0x10A1, 0x3263, 0x21E2, 0x32A3, 0x0000, 0x2183, 0x3AC4, 0x2A43, 0x21E2, 0x0040, 0x3265, 0x2A63, 0x2A03, 0x1121, 0x0861, 
    0x2183, 0x1121, 0x21E2, 0x2A22, 0x2A43, 0x21E2, 0x0860, 0x29E3, 0x2A62, 0x3283, 0x3283, 0x3283, 0x3283, 0x3283, 0x3283, 0x3283, 
    0x3283, 0x3283, 0x2222, 0x08A0, 0x0881, 0x29A3, 0x3263, 0x0861, 0x0881, 0x29E3, 0x2A42, 0x3283, 0x2A83, 0x2A63, 0x2A83, 0x2A42, 
    0x1941, 0x1141, 0x1941, 0x1141, 0x1141, 0x1141, 0x1101, 0x1101, 0x1921, 0x1942, 0x1942, 0x1942, 0x1962, 0x1962, 0x1962, 0x2162, 
    0x2182, 0x2182, 0x2182, 0x21A2, 0x2182, 0x21A2, 0x29C3, 0x3243, 0x3AA4, 0x42E5, 0x42E5, 0x42C4, 0x42C4, 0x42E4, 0x3A84, 0x18C1, 
    0x1081, 0x1081, 0x1081, 0x1081, 0x1081, 0x1080, 0x1060, 0x1080, 0x1961, 0x21A2, 0x21C2, 0x21E2, 0x2202, 0x2A22, 0x2A43, 0x2A63, 
    0x3283, 0x32A3, 0x32C3, 0x32C3, 0x32E3, 0x3B03, 0x3B24, 0x3B24, 0x3B24, 0x32A3, 0x32A3, 0x32A3, 0x32A3, 0x32A3, 0x32A3, 0x32A3, 
    0x4C83, 0x4C84, 0x4C84, 0x4C84, 0x4C84, 0x4C84, 0x4C84, 0x4C84, 0x4C64, 0x4C64, 0x4C63, 0x4C63, 0x4C63, 0x4C63, 0x4C63, 0x4443, 
    0x4443, 0x4443, 0x4423, 0x4443, 0x4443, 0x4403, 0x3342, 0x2242, 0x1161, 0x1101, 0x1121, 0x1981, 0x2201, 0x21E2, 0x1942, 0x1942, 
    0x1962, 0x1982, 0x19A2, 0x21A2, 0x21C2, 0x0860, 0x0000, 0x1923, 0x3264, 0x21E2, 0x2A23, 0x0020, 0x21A3, 0x3AC5, 0x3A85, 0x3A85, 
    0x0000, 0x3224, 0x08C1, 0x1902, 0x4306, 0x3A85, 0x3AE5, 0x0040, 0x2163, 0x3264, 0x2A23, 0x2A03, 0x0000, 0x3A85, 0x10E1, 0x1923, 
    0x2A24, 0x0000, 0x3AA6, 0x3265, 0x3285, 0x3264, 0x3265, 0x2A03, 0x2203, 0x0020, 0x2163, 0x3A85, 0x3244, 0x21E3, 0x21C2, 0x0040, 
    0x2984, 0x3265, 0x3265, 0x3AC5, 0x0020, 0x29C4, 0x0860, 0x10A1, 0x3244, 0x2A04, 0x3264, 0x0020, 0x2163, 0x1942, 0x0040, 0x3AA5, 
    0x3264, 0x3AC5, 0x10A1, 0x10E2, 0x2A03, 0x0000, 0x3AA5, 0x3AA5, 0x3AE5, 0x1962, 0x0860, 0x3B05, 0x0000, 0x4306, 0x10E1, 0x1102, 
    0x53C7, 0x4326, 0x4326, 0x4BA6, 0x10E1, 0x10E2, 0x4345, 0x3283, 0x0000, 0x3AA5, 0x08C0, 0x1902, 0x3AC4, 0x2A63, 0x3283, 0x0860, 
    0x0020, 0x0020, 0x0000, 0x0840, 0x3AE5, 0x0060, 0x31E4, 0x3AE4, 0x21C2, 0x0000, 0x3AE5, 0x3AA4, 0x2A63, 0x1121, 0x0861, 0x3A85, 
    0x0000, 0x1943, 0x21C2, 0x2A42, 0x21C2, 0x0000, 0x4305, 0x0040, 0x21A3, 0x32C4, 0x2A83, 0x2A63, 0x2A83, 0x3283, 0x2A83, 0x2A63, 
    0x3283, 0x2A43, 0x0000, 0x3284, 0x4325, 0x3AE5, 0x32A3, 0x3AE4, 0x4345, 0x0860, 0x2183, 0x32A3, 0x2A63, 0x2A63, 0x2A83, 0x2A22, 
    0x1121, 0x1121, 0x1121, 0x1121, 0x1101, 0x1942, 0x0040, 0x1081, 0x2182, 0x1922, 0x1962, 0x1962, 0x1962, 0x2162, 0x2182, 0x2182, 
    0x2182, 0x2182, 0x2182, 0x2182, 0x29C3, 0x3243, 0x3AA4, 0x42C4, 0x42C4, 0x42C4, 0x42C4, 0x42C4, 0x42C4, 0x42E5, 0x3A84, 0x18C1, 
    0x1081, 0x1081, 0x1081, 0x1081, 0x1081, 0x1081, 0x1060, 0x1080, 0x1961, 0x21C2, 0x21C2, 0x21E2, 0x2202, 0x2A23, 0x2A43, 0x2A63, 
    0x3283, 0x32A3, 0x32C3, 0x32C3, 0x32E3, 0x3B03, 0x3B24, 0x3B24, 0x3B24, 0x32A3, 0x32A3, 0x32A3, 0x32A3, 0x32A3, 0x32A3, 0x32A3, 
    0x4C83, 0x4C84, 0x4C84, 0x4C84, 0x4C84, 0x4C84, 0x4C84, 0x4C84, 0x4C63, 0x4C63, 0x4C63, 0x4C63, 0x4C63, 0x4C43, 0x4443, 0x4443, 
    0x4423, 0x4423, 0x4423, 0x4403, 0x4403, 0x4403, 0x4403, 0x4403, 0x3B63, 0x2A82, 0x19E1, 0x1961, 0x1981, 0x21C2, 0x21C2, 0x21E3, 
    0x21E3, 0x21E3, 0x2203, 0x2203, 0x2203, 0x3264, 0x10C1, 0x1902, 0x3284, 0x2A03, 0x2A23, 0x2A43, 0x3AA5, 0x2A43, 0x2A63, 0x2A43, 
    0x0000, 0x3A45, 0x3263, 0x3AA6, 0x3264, 0x2A43, 0x32A4, 0x0000, 0x29A4, 0x3AC4, 0x21C2, 0x0000, 0x3265, 0x42E5, 0x0880, 0x1923, 
    0x3244, 0x0000, 0x0000, 0x0000, 0x0000, 0x10E1, 0x3264, 0x21E2, 0x0020, 0x2A04, 0x3AC6, 0x2A23, 0x2202, 0x21E3, 0x2203, 0x2A03, 
    0x3A65, 0x21E2, 0x21C2, 0x21E2, 0x0000, 0x3245, 0x0880, 0x1902, 0x3284, 0x21E2, 0x2A43, 0x0000, 0x29C4, 0x1962, 0x0861, 0x3AC5, 
    0x2202, 0x3283, 0x08A0, 0x1923, 0x2A24, 0x0000, 0x3A85, 0x32A3, 0x1101, 0x0000, 0x10E2, 0x4346, 0x0000, 0x4306, 0x1101, 0x2163, 
    0x3AC4, 0x0000, 0x0000, 0x32A4, 0x10E1, 0x2163, 0x3AC5, 0x0000, 0x0000, 0x0000, 0x0000, 0x0000, 0x0881, 0x32A4, 0x0000, 0x3244, 
    0x4326, 0x4305, 0x42E5, 0x3AC5, 0x3AC5, 0x3263, 0x3AC5, 0x32A4, 0x2202, 0x0000, 0x3AA5, 0x2A63, 0x08C1, 0x10A1, 0x3AC5, 0x21E3, 
    0x21C3, 0x0841, 0x1942, 0x2A43, 0x2A42, 0x3AA4, 0x0020, 0x2A03, 0x4326, 0x32C3, 0x21E2, 0x0000, 0x32C4, 0x3B04, 0x08C0, 0x1101, 
    0x2A63, 0x0020, 0x3AA5, 0x3AE5, 0x2A62, 0x2A63, 0x3283, 0x2A83, 0x2A62, 0x32C4, 0x1102, 0x10E1, 0x32C3, 0x2A62, 0x2A63, 0x2A22, 
    0x1101, 0x1101, 0x1101, 0x1101, 0x1922, 0x2162, 0x0040, 0x18E2, 0x29E4, 0x1962, 0x1962, 0x2182, 0x21A2, 0x21A2, 0x21A3, 0x21C3, 
    0x21A3, 0x29E3, 0x10A1, 0x0000, 0x0000, 0x0000, 0x0000, 0x0000, 0x29E3, 0x4305, 0x42C4, 0x42C4, 0x42C4, 0x42E5, 0x3A84, 0x18C1, 
    0x1081, 0x1081, 0x1081, 0x1081, 0x1081, 0x1081, 0x1080, 0x1080, 0x1962, 0x21C2, 0x21E2, 0x2202, 0x2202, 0x2A23, 0x2A43, 0x2A63, 
    0x3283, 0x32A3, 0x32A3, 0x32C3, 0x32E3, 0x3B03, 0x3B24, 0x3B24, 0x3B24, 0x32A3, 0x32A3, 0x32A3, 0x32A3, 0x32A3, 0x32A3, 0x32A3, 
    0x4C83, 0x4C84, 0x4C84, 0x4C84, 0x4C84, 0x4C84, 0x4C84, 0x4C84, 0x4C64, 0x4C63, 0x4C63, 0x4C63, 0x4C63, 0x4443, 0x4443, 0x4443, 
    0x4423, 0x4423, 0x4403, 0x4403, 0x43E3, 0x43C3, 0x3BC3, 0x3BA3, 0x3BA3, 0x3B83, 0x2AA2, 0x2A22, 0x2A23, 0x2A23, 0x2A22, 0x2A23, 
    0x2A23, 0x2A43, 0x2A43, 0x2A43, 0x2A43, 0x3284, 0x08A0, 0x1902, 0x3AC5, 0x2A43, 0x2A63, 0x2A43, 0x32A3, 0x21C2, 0x0020, 0x0040, 
    0x2A04, 0x42C6, 0x2A63, 0x3263, 0x2A03, 0x0040, 0x0040, 0x29E3, 0x4B06, 0x21A2, 0x08A1, 0x3AC5, 0x42E6, 0x3AC4, 0x08C1, 0x1902, 
    0x3AA4, 0x2A04, 0x3A45, 0x3245, 0x3A85, 0x2183, 0x10C1, 0x3264, 0x0000, 0x0040, 0x0020, 0x0020, 0x08A1, 0x32A4, 0x2A43, 0x2A43, 
    0x2A23, 0x2A63, 0x2A03, 0x0020, 0x2A04, 0x3AA5, 0x2A43, 0x2183, 0x0040, 0x0040, 0x0020, 0x21C3, 0x42C6, 0x2A23, 0x29C3, 0x0040, 
    0x0020, 0x0040, 0x0000, 0x2163, 0x2A24, 0x0000, 0x4B87, 0x08A0, 0x21C3, 0x21C3, 0x0881, 0x4346, 0x0000, 0x4306, 0x10E1, 0x2143, 
    0x3AC5, 0x0000, 0x0000, 0x4B67, 0x1121, 0x1923, 0x4345, 0x3284, 0x0000, 0x3A85, 0x10E1, 0x10E2, 0x4B27, 0x32A4, 0x2A23, 0x10C2, 
    0x0020, 0x0020, 0x08C1, 0x3AE4, 0x2A63, 0x3263, 0x32C3, 0x21A2, 0x0060, 0x3285, 0x3AA5, 0x2A43, 0x21E2, 0x3A65, 0x2A23, 0x21C2, 
    0x1982, 0x1121, 0x3225, 0x2A43, 0x2202, 0x0020, 0x0000, 0x42E5, 0x1121, 0x1101, 0x32C3, 0x3264, 0x0881, 0x0040, 0x1982, 0x4B46, 
    0x2A23, 0x0000, 0x3AE5, 0x2A62, 0x3283, 0x3283, 0x3283, 0x3283, 0x2A83, 0x32C3, 0x08A0, 0x1923, 0x3AE4, 0x2A42, 0x2A63, 0x2222, 
    0x10E1, 0x1101, 0x1921, 0x1921, 0x0020, 0x0000, 0x0000, 0x0000, 0x0020, 0x0020, 0x21A3, 0x0860, 0x0020, 0x0020, 0x0000, 0x0000, 
    0x0000, 0x3244, 0x3A84, 0x4285, 0x42A6, 0x4285, 0x42A6, 0x4285, 0x4B07, 0x42E5, 0x42C4, 0x42C4, 0x42C4, 0x42E5, 0x3A84, 0x18A1, 
    0x1081, 0x10A1, 0x1081, 0x1081, 0x1081, 0x1081, 0x1080, 0x1080, 0x1962, 0x21C2, 0x21C2, 0x21E2, 0x2202, 0x2A22, 0x2A43, 0x2A63, 
    0x3283, 0x32A3, 0x32C3, 0x32E3, 0x3AE3, 0x3B03, 0x3B24, 0x3B44, 0x3B24, 0x32A3, 0x32A3, 0x32A3, 0x32A3, 0x32A3, 0x32A3, 0x32A3, 
    0x4C83, 0x4C84, 0x4C84, 0x4C84, 0x4C84, 0x4C84, 0x4C64, 0x4C63, 0x4C63, 0x4C63, 0x4C63, 0x4C63, 0x4C43, 0x4443, 0x4443, 0x4443, 
    0x4423, 0x4423, 0x4403, 0x43E3, 0x43E3, 0x3BC3, 0x3BA3, 0x3B43, 0x2AA3, 0x2A43, 0x2A23, 0x2A43, 0x2A43, 0x2A23, 0x2A23, 0x2A43, 
    0x2A23, 0x2A43, 0x2A43, 0x2A63, 0x2A63, 0x32A4, 0x08A0, 0x1902, 0x3AE5, 0x2A43, 0x3263, 0x3AC4, 0x1962, 0x08C1, 0x29E4, 0x31E4, 
    0x4B26, 0x3283, 0x32A4, 0x32A4, 0x2A23, 0x2183, 0x29E4, 0x1942, 0x2A23, 0x1962, 0x0000, 0x1102, 0x08A0, 0x10C1, 0x0020, 0x1923, 
    0x3AE5, 0x32A4, 0x3284, 0x3263, 0x3AC4, 0x1941, 0x0861, 0x3AC5, 0x0000, 0x2163, 0x29C4, 0x29C4, 0x29A4, 0x1922, 0x2A43, 0x2A43, 
    0x2A63, 0x21C2, 0x08C1, 0x29C3, 0x3AC5, 0x2A63, 0x1982, 0x1101, 0x29C3, 0x29A4, 0x29C4, 0x1943, 0x21C2, 0x3283, 0x2A23, 0x2183, 
    0x29A4, 0x3225, 0x0881, 0x1922, 0x3AA4, 0x0000, 0x1102, 0x1942, 0x4B47, 0x21C2, 0x0881, 0x4346, 0x0000, 0x42E6, 0x1101, 0x2143, 
    0x3AA4, 0x0000, 0x0000, 0x10E1, 0x0000, 0x1943, 0x4305, 0x10E1, 0x0000, 0x1102, 0x0040, 0x0861, 0x1942, 0x3283, 0x32E4, 0x21E3, 
    0x3204, 0x3224, 0x29E4, 0x10E1, 0x2A63, 0x32A3, 0x1982, 0x10E1, 0x3224, 0x3AE5, 0x2A63, 0x2A43, 0x2A43, 0x2A23, 0x21E2, 0x21C2, 
    0x1982, 0x1942, 0x21C2, 0x1982, 0x08E1, 0x2183, 0x0000, 0x1102, 0x1921, 0x3A85, 0x3284, 0x08C0, 0x2182, 0x3204, 0x1943, 0x19A1, 
    0x2202, 0x0000, 0x4305, 0x3283, 0x2A83, 0x3283, 0x2A83, 0x3283, 0x2A63, 0x3B03, 0x08A0, 0x10E2, 0x3AE4, 0x2A42, 0x2A63, 0x2202, 
    0x10E1, 0x1101, 0x1922, 0x1921, 0x18E2, 0x2164, 0x0861, 0x0861, 0x2164, 0x2164, 0x3204, 0x1101, 0x2163, 0x2983, 0x31E4, 0x3204, 
    0x3204, 0x4B07, 0x4325, 0x4B25, 0x4B45, 0x4B45, 0x4B45, 0x4B45, 0x42E5, 0x42C4, 0x42C4, 0x42C4, 0x42C4, 0x42E5, 0x3A84, 0x18A1, 
    0x1081, 0x10A1, 0x1081, 0x1081, 0x1081, 0x1081, 0x1080, 0x1080, 0x1962, 0x21C2, 0x21E2, 0x2202, 0x2202, 0x2A22, 0x2A43, 0x2A63, 
    0x3283, 0x32A3, 0x32C3, 0x32C3, 0x32E3, 0x3B03, 0x3B04, 0x3B24, 0x3B24, 0x32A3, 0x32A3, 0x32A3, 0x32A3, 0x32A3, 0x32A3, 0x32A3, 
    0x4C83, 0x4C84, 0x4C84, 0x4C64, 0x4C83, 0x4C64, 0x4C84, 0x4C63, 0x4C63, 0x4C63, 0x4C63, 0x4C63, 0x4C43, 0x4443, 0x4443, 0x4423, 
    0x4423, 0x4403, 0x4403, 0x4403, 0x3BC3, 0x3343, 0x32A3, 0x2A43, 0x2A43, 0x2A43, 0x2A43, 0x2A43, 0x2A43, 0x2A43, 0x2A43, 0x2A43, 
    0x2A43, 0x2A43, 0x2A43, 0x2A43, 0x2A63, 0x3AC4, 0x08C1, 0x1923, 0x4325, 0x3283, 0x32A4, 0x21C2, 0x10E1, 0x3225, 0x4B46, 0x3AE4, 
    0x2182, 0x3263, 0x21C2, 0x21C2, 0x3AC4, 0x3AE4, 0x4325, 0x0000, 0x29A4, 0x3243, 0x1922, 0x1922, 0x1922, 0x2143, 0x0841, 0x2143, 
    0x3AA5, 0x1941, 0x3284, 0x3284, 0x3AC4, 0x1962, 0x0861, 0x42E5, 0x0000, 0x42C6, 0x3B05, 0x3B05, 0x2A23, 0x0000, 0x3AA5, 0x2A43, 
    0x32A3, 0x1121, 0x0841, 0x4306, 0x2A43, 0x32A4, 0x0060, 0x18E2, 0x4345, 0x32A4, 0x3B04, 0x0000, 0x29C4, 0x3AE4, 0x2A43, 0x3AC4, 
    0x3B05, 0x2A03, 0x1101, 0x3A65, 0x32A4, 0x0000, 0x1943, 0x4B47, 0x4385, 0x1982, 0x0861, 0x4346, 0x1942, 0x4B67, 0x08C0, 0x1923, 
    0x4325, 0x1962, 0x21A3, 0x2163, 0x2163, 0x3A65, 0x3AC4, 0x1102, 0x0000, 0x10E2, 0x0861, 0x0040, 0x29A4, 0x3AC5, 0x1941, 0x1982, 
    0x21C2, 0x21E3, 0x1961, 0x1902, 0x42C5, 0x32E4, 0x0880, 0x10E2, 0x4325, 0x2A23, 0x1962, 0x2A02, 0x2A23, 0x2A03, 0x21E2, 0x21C2, 
    0x1982, 0x1121, 0x21E2, 0x10E1, 0x0841, 0x4325, 0x1962, 0x0000, 0x29E4, 0x4345, 0x2202, 0x1902, 0x4326, 0x3B04, 0x1961, 0x29E4, 
    0x3284, 0x1922, 0x21A3, 0x2A62, 0x32A3, 0x3283, 0x3283, 0x32A3, 0x32A3, 0x21A2, 0x10E0, 0x2A04, 0x32C4, 0x2A62, 0x2A63, 0x2A02, 
    0x1921, 0x1942, 0x1962, 0x1962, 0x2182, 0x29E3, 0x0860, 0x10C2, 0x3224, 0x21A2, 0x2182, 0x2A03, 0x3AA4, 0x4305, 0x4B25, 0x4B25, 
    0x4B25, 0x4305, 0x2A03, 0x2182, 0x2182, 0x2182, 0x2182, 0x2182, 0x3243, 0x42E5, 0x42C4, 0x42C4, 0x42C4, 0x42E5, 0x3A84, 0x18A1, 
    0x1081, 0x10A1, 0x1081, 0x1081, 0x1081, 0x1081, 0x1080, 0x1080, 0x1982, 0x21C2, 0x21E2, 0x2202, 0x2A22, 0x2A43, 0x2A63, 0x2A63, 
    0x3283, 0x32A3, 0x32C3, 0x32C3, 0x32E3, 0x3B03, 0x3B04, 0x3B44, 0x3B24, 0x32A3, 0x32A3, 0x32A3, 0x32A3, 0x32A3, 0x32A3, 0x32A3, 
    0x4C63, 0x4C84, 0x4C64, 0x4C64, 0x4C84, 0x4C63, 0x4C63, 0x4C63, 0x4C63, 0x4C63, 0x4C63, 0x4C43, 0x4443, 0x4443, 0x4423, 0x4423, 
    0x4423, 0x4423, 0x3BC3, 0x3B23, 0x32A3, 0x2A43, 0x2A63, 0x2A63, 0x2A63, 0x2A63, 0x2A63, 0x2A63, 0x2A63, 0x2A63, 0x2A63, 0x2A63, 
    0x2A63, 0x2A63, 0x2A63, 0x2A43, 0x21C2, 0x2202, 0x0080, 0x10C2, 0x3264, 0x21E2, 0x32C4, 0x0000, 0x2163, 0x3AA5, 0x21E3, 0x21E2, 
    0x0000, 0x3A85, 0x1921, 0x1902, 0x3264, 0x21E2, 0x2A23, 0x08A0, 0x3245, 0x3AE4, 0x3AE5, 0x4305, 0x4305, 0x4B66, 0x10C1, 0x1922, 
    0x3284, 0x0861, 0x3244, 0x21E2, 0x2A23, 0x1121, 0x1923, 0x42E5, 0x08A1, 0x3204, 0x21E2, 0x21E2, 0x1981, 0x10C1, 0x42E6, 0x2A43, 
    0x32A4, 0x1941, 0x0881, 0x3AE5, 0x2A43, 0x32A4, 0x1121, 0x2143, 0x2A23, 0x21C2, 0x2202, 0x0860, 0x3A65, 0x5446, 0x4344, 0x2202, 
    0x2A43, 0x0060, 0x3245, 0x4BA6, 0x2A43, 0x10A1, 0x42E6, 0x3243, 0x2A63, 0x1961, 0x1923, 0x4B46, 0x3263, 0x4325, 0x1941, 0x2163, 
    0x32A4, 0x3284, 0x3AA4, 0x3AA4, 0x3B05, 0x4325, 0x3AE4, 0x3B05, 0x0000, 0x4306, 0x10E1, 0x1902, 0x4B46, 0x2A43, 0x0861, 0x0881, 
    0x0000, 0x0000, 0x1922, 0x4346, 0x3283, 0x2A23, 0x08C0, 0x29A4, 0x3AC4, 0x2A22, 0x0000, 0x2A04, 0x2A43, 0x2203, 0x21E2, 0x21A2, 
    0x1962, 0x1121, 0x21C2, 0x1141, 0x10E2, 0x2A23, 0x2A43, 0x10C1, 0x29A3, 0x2A42, 0x2A83, 0x3AE4, 0x3283, 0x2A62, 0x32A3, 0x3AE4, 
    0x32A3, 0x32C3, 0x0860, 0x29E3, 0x2202, 0x2A22, 0x2A63, 0x21E2, 0x2202, 0x0060, 0x3224, 0x3B04, 0x2A43, 0x21C2, 0x21C2, 0x1981, 
    0x10E1, 0x1101, 0x1921, 0x1962, 0x2182, 0x21A2, 0x08A0, 0x2123, 0x2A04, 0x29E3, 0x3A84, 0x42C4, 0x42C4, 0x42C4, 0x3AC4, 0x3AC4, 
    0x3AA4, 0x4305, 0x1942, 0x0881, 0x1081, 0x0881, 0x1081, 0x0881, 0x3A45, 0x4B05, 0x42C4, 0x42C4, 0x42C4, 0x42E5, 0x3A84, 0x18A1, 
    0x1081, 0x10A1, 0x10A1, 0x1081, 0x1081, 0x1081, 0x1080, 0x1080, 0x1982, 0x21C2, 0x21E2, 0x2202, 0x2A22, 0x2A43, 0x2A63, 0x2A63, 
    0x3283, 0x32A3, 0x32C3, 0x32C3, 0x32E3, 0x3B03, 0x3B24, 0x3B44, 0x3B24, 0x32A3, 0x32A3, 0x32A3, 0x32A3, 0x32A3, 0x32A3, 0x32A3, 
    0x4C63, 0x4C63, 0x4C63, 0x4C84, 0x4C63, 0x4C63, 0x4C63, 0x4C63, 0x4C63, 0x4C63, 0x4443, 0x4443, 0x4443, 0x4443, 0x4423, 0x4403, 
    0x43C3, 0x3323, 0x3283, 0x2A63, 0x2A63, 0x2A63, 0x2A63, 0x2A63, 0x2A63, 0x2A63, 0x2A63, 0x2A63, 0x2A63, 0x2A63, 0x2A63, 0x2A63, 
    0x2A63, 0x2A63, 0x2A63, 0x2A43, 0x0020, 0x0000, 0x0020, 0x0020, 0x0000, 0x0040, 0x3AE5, 0x08A1, 0x0020, 0x0000, 0x0000, 0x0020, 
    0x0040, 0x3A86, 0x3B25, 0x29E3, 0x0000, 0x0020, 0x0000, 0x3A85, 0x4326, 0x3284, 0x3283, 0x3283, 0x3283, 0x3AC4, 0x08C1, 0x2143, 
    0x4325, 0x3AC4, 0x0020, 0x0020, 0x0000, 0x2163, 0x4B46, 0x3284, 0x3AE4, 0x08A1, 0x0000, 0x0000, 0x10A1, 0x4326, 0x32A4, 0x2A63, 
    0x32A4, 0x1961, 0x10A2, 0x4305, 0x2A63, 0x3263, 0x3AC4, 0x21C3, 0x0000, 0x0020, 0x0000, 0x2A04, 0x3284, 0x4BC5, 0x4385, 0x0000, 
    0x0000, 0x3AC5, 0x4B66, 0x32C4, 0x3AE4, 0x3B05, 0x0000, 0x0000, 0x0000, 0x2163, 0x4BA7, 0x3AC4, 0x0000, 0x3264, 0x4365, 0x29E3, 
    0x0000, 0x0000, 0x0000, 0x0000, 0x29E3, 0x3B04, 0x32C4, 0x32A3, 0x0020, 0x3AA5, 0x08C0, 0x1923, 0x3AC4, 0x2A43, 0x32A4, 0x4346, 
    0x1101, 0x2143, 0x4B67, 0x3263, 0x3283, 0x0040, 0x29C3, 0x4305, 0x2A43, 0x2A23, 0x0020, 0x3245, 0x2A23, 0x2202, 0x21E2, 0x21A2, 
    0x1962, 0x1121, 0x1982, 0x2202, 0x21E3, 0x0000, 0x0000, 0x3AC5, 0x1101, 0x1102, 0x3AE4, 0x2A62, 0x2A83, 0x3283, 0x2A83, 0x2A63, 
    0x3283, 0x2A62, 0x3AE4, 0x10A1, 0x0000, 0x2162, 0x2A43, 0x0000, 0x0000, 0x3284, 0x3AE5, 0x2A83, 0x21E2, 0x0000, 0x0000, 0x0000, 
    0x0020, 0x0020, 0x10A1, 0x29E3, 0x1962, 0x2182, 0x29C3, 0x3A85, 0x3AC4, 0x42E4, 0x42E5, 0x42C4, 0x42C4, 0x42C4, 0x42C4, 0x42C4, 
    0x42C4, 0x42C4, 0x42E5, 0x5346, 0x5346, 0x5346, 0x5346, 0x5346, 0x4B26, 0x42C4, 0x42C4, 0x42C4, 0x42C4, 0x42E4, 0x3A84, 0x18A1, 
    0x1081, 0x10A1, 0x10A1, 0x1081, 0x1081, 0x1081, 0x1081, 0x1080, 0x1982, 0x21C2, 0x21E2, 0x2202, 0x2A22, 0x2A43, 0x2A63, 0x2A63, 
    0x3283, 0x32A3, 0x32C3, 0x32E3, 0x3AE3, 0x3B03, 0x3B24, 0x3B44, 0x3B24, 0x32A3, 0x32A3, 0x32A3, 0x32A3, 0x32A3, 0x32A3, 0x32A3, 
    0x4C63, 0x4C63, 0x4C63, 0x4C63, 0x4C63, 0x4C63, 0x4C63, 0x4C63, 0x4C63, 0x4C43, 0x4443, 0x4443, 0x4443, 0x4423, 0x4C44, 0x3B64, 
    0x2A43, 0x2A43, 0x3263, 0x3283, 0x3283, 0x2A63, 0x2A63, 0x3263, 0x2A63, 0x3283, 0x3283, 0x2A63, 0x2A63, 0x2A63, 0x2A63, 0x2A63, 
    0x2A63, 0x2A63, 0x3263, 0x2A63, 0x3284, 0x3AC5, 0x3AC5, 0x3AC5, 0x3AC5, 0x3AC5, 0x3AC4, 0x3263, 0x42E6, 0x42E6, 0x4306, 0x4306, 
    0x4306, 0x4306, 0x32A4, 0x3284, 0x42E5, 0x4306, 0x4306, 0x4306, 0x32A3, 0x32A4, 0x32A4, 0x32A4, 0x32A4, 0x32A4, 0x32A4, 0x4306, 
    0x3AC4, 0x3283, 0x3AC5, 0x4306, 0x42E6, 0x4306, 0x3284, 0x3283, 0x3263, 0x3284, 0x42E5, 0x3AC5, 0x42E6, 0x3AA4, 0x2A63, 0x3283, 
    0x3283, 0x2A63, 0x3AC5, 0x3AA4, 0x3283, 0x3284, 0x32A3, 0x3283, 0x3AE5, 0x3AE5, 0x3AC5, 0x3224, 0x2202, 0x4345, 0x43A5, 0x4305, 
    0x4B26, 0x4326, 0x32C4, 0x3AE4, 0x3AE4, 0x32C4, 0x3AE5, 0x4326, 0x4326, 0x4B46, 0x3AE4, 0x32C3, 0x3AE5, 0x4346, 0x32C4, 0x32C4, 
    0x4305, 0x4326, 0x4326, 0x4326, 0x4B26, 0x3AE4, 0x3AC4, 0x32C4, 0x3AE5, 0x4305, 0x2A03, 0x3AA5, 0x3284, 0x2A63, 0x2A63, 0x2A63, 
    0x2A63, 0x3AC5, 0x3263, 0x2A63, 0x2A63, 0x3263, 0x3AC5, 0x2A43, 0x2A43, 0x2A43, 0x2A44, 0x3A85, 0x2202, 0x21E2, 0x21C2, 0x19A2, 
    0x1962, 0x1121, 0x1982, 0x21E2, 0x21E2, 0x3284, 0x3AE5, 0x3AC5, 0x2A63, 0x3AE5, 0x32A3, 0x2A83, 0x3283, 0x3283, 0x3283, 0x3283, 
    0x3283, 0x3283, 0x2A63, 0x3283, 0x3AC5, 0x42E5, 0x3283, 0x32A4, 0x42E5, 0x3AE5, 0x2A42, 0x21E2, 0x1982, 0x29E4, 0x3A45, 0x42A5, 
    0x4B06, 0x4B26, 0x5367, 0x4305, 0x2A23, 0x3243, 0x3AA4, 0x3AC4, 0x42E4, 0x42C4, 0x42C4, 0x42C4, 0x42C4, 0x42C4, 0x42C4, 0x42C4, 
    0x42C4, 0x42C4, 0x42C4, 0x3AC4, 0x3AC4, 0x3AC4, 0x3AC4, 0x3AC4, 0x3AC4, 0x42C4, 0x42C4, 0x42C4, 0x42C4, 0x42E4, 0x3A64, 0x18A1, 
    0x1081, 0x10A1, 0x1081, 0x1081, 0x1081, 0x1081, 0x1080, 0x1081, 0x1982, 0x21E2, 0x21E2, 0x2202, 0x2A22, 0x2A43, 0x2A63, 0x2A83, 
    0x3283, 0x32A3, 0x32C3, 0x32E3, 0x3AE3, 0x3B03, 0x3B24, 0x3B44, 0x3B24, 0x32A3, 0x32A3, 0x32A3, 0x32A3, 0x32A3, 0x32A3, 0x32A3, 
    0x4C63, 0x4C63, 0x4C63, 0x4C63, 0x4C63, 0x4C63, 0x4C63, 0x4C63, 0x4C43, 0x4C43, 0x4443, 0x4443, 0x4443, 0x4403, 0x54A5, 0x7587, 
    0x5C86, 0x4364, 0x2A63, 0x2A43, 0x3263, 0x3283, 0x3283, 0x3283, 0x3283, 0x3283, 0x3283, 0x3283, 0x3283, 0x3283, 0x3283, 0x3283, 
    0x3283, 0x3283, 0x3263, 0x3283, 0x3283, 0x2A63, 0x2A63, 0x2A63, 0x2A63, 0x2A63, 0x2A63, 0x3283, 0x2A63, 0x2A83, 0x3283, 0x32A3, 
    0x32A4, 0x32A4, 0x32C4, 0x3AC4, 0x32A4, 0x32A4, 0x32A4, 0x32A4, 0x32C4, 0x32A4, 0x32C4, 0x32A4, 0x32A4, 0x32A4, 0x32A4, 0x32A4, 
    0x32A4, 0x32A4, 0x32A4, 0x3283, 0x3283, 0x3283, 0x3283, 0x3283, 0x3283, 0x3283, 0x3283, 0x3283, 0x3283, 0x3283, 0x3283, 0x3283, 
    0x3283, 0x3283, 0x3283, 0x32A3, 0x32A4, 0x32C4, 0x32C4, 0x32A4, 0x3283, 0x2A63, 0x2A43, 0x19A2, 0x2A23, 0x3B24, 0x4365, 0x3AE4, 
    0x3AC4, 0x32C4, 0x3AE4, 0x3AE4, 0x3AE4, 0x3AE4, 0x3AE4, 0x32E4, 0x3AE4, 0x32C4, 0x3AC4, 0x3AE4, 0x3AE4, 0x32C4, 0x3AE4, 0x3AE4, 
    0x3AE4, 0x32C4, 0x32C4, 0x32C4, 0x32C4, 0x3AC4, 0x3AE4, 0x3AC4, 0x3AE4, 0x3283, 0x2A23, 0x2A43, 0x2A43, 0x2A63, 0x2A63, 0x3263, 
    0x3263, 0x2A63, 0x2A63, 0x2A63, 0x2A63, 0x2A63, 0x2A43, 0x2A43, 0x2A43, 0x2A23, 0x2A23, 0x2202, 0x2203, 0x21E2, 0x21C2, 0x1982, 
    0x1942, 0x1101, 0x1981, 0x21C2, 0x21E2, 0x2A42, 0x2A63, 0x2A63, 0x3283, 0x2A63, 0x2A63, 0x3283, 0x2A83, 0x2A83, 0x3283, 0x3283, 
    0x2A83, 0x3283, 0x3283, 0x3283, 0x2A83, 0x2A62, 0x2A83, 0x3283, 0x2A42, 0x21C2, 0x1962, 0x10C1, 0x1942, 0x29C3, 0x2A03, 0x3A84, 
    0x42C4, 0x42E4, 0x4304, 0x4B45, 0x4B45, 0x42E5, 0x42E4, 0x42C4, 0x42C4, 0x42C4, 0x42C4, 0x42C4, 0x42C4, 0x42C4, 0x42C4, 0x42C4, 
    0x42C4, 0x42C4, 0x42C4, 0x42C4, 0x42C5, 0x42C5, 0x42C4, 0x42C5, 0x42C4, 0x42C4, 0x42C4, 0x42C4, 0x42C4, 0x42E5, 0x3A64, 0x18A1, 
    0x1081, 0x10A1, 0x10A1, 0x1081, 0x1081, 0x1081, 0x1081, 0x1081, 0x19A2, 0x21E2, 0x21E2, 0x2202, 0x2A22, 0x2A43, 0x2A63, 0x3283, 
    0x3283, 0x32A3, 0x32C3, 0x32E3, 0x3AE3, 0x3B04, 0x3B24, 0x3B44, 0x3B24, 0x32A3, 0x32A3, 0x32A3, 0x32A3, 0x32A3, 0x32A3, 0x32A3, 
    0x4C63, 0x4C63, 0x4C63, 0x4C63, 0x4C63, 0x4C63, 0x4C43, 0x4C43, 0x4443, 0x4443, 0x4443, 0x4443, 0x4443, 0x4403, 0x54A5, 0x7DE8, 
    0x7DE8, 0x75E8, 0x64E6, 0x4BA5, 0x32C3, 0x2A43, 0x2A63, 0x3283, 0x3283, 0x3283, 0x3283, 0x3283, 0x3283, 0x3283, 0x3283, 0x3283, 
    0x3283, 0x3283, 0x3283, 0x3283, 0x3283, 0x3283, 0x3283, 0x3283, 0x3283, 0x3283, 0x3283, 0x3283, 0x3283, 0x3283, 0x3283, 0x3283, 
    0x3283, 0x32A4, 0x32C4, 0x3AC4, 0x32C4, 0x3AC4, 0x3AC4, 0x3AC4, 0x3AC4, 0x32C4, 0x3AC4, 0x3AC4, 0x32C4, 0x32C4, 0x32C4, 0x32C4, 
    0x32A4, 0x32A4, 0x32A3, 0x32A3, 0x32A3, 0x3284, 0x3283, 0x32A3, 0x3283, 0x3283, 0x3283, 0x3283, 0x3283, 0x3283, 0x3283, 0x3283, 
    0x32A3, 0x32A3, 0x32C4, 0x32C4, 0x32C4, 0x32A4, 0x32A4, 0x32A4, 0x3283, 0x3263, 0x2A43, 0x21C2, 0x2A03, 0x3B04, 0x4344, 0x3AE4, 
    0x3AE4, 0x3AE4, 0x3AE4, 0x3AC4, 0x3AE4, 0x3AE4, 0x3AE4, 0x3AE4, 0x3AE4, 0x3AE4, 0x3AC4, 0x3AE4, 0x3AE4, 0x3AE4, 0x3AC4, 0x3AC4, 
    0x3AE4, 0x3AC4, 0x3AC4, 0x3AC4, 0x3AC4, 0x3AC4, 0x3AC4, 0x3AC4, 0x3AE4, 0x32A4, 0x2A23, 0x2A43, 0x2A63, 0x2A63, 0x2A63, 0x2A63, 
    0x2A63, 0x2A63, 0x2A43, 0x2A43, 0x2A43, 0x2A43, 0x2A43, 0x2A43, 0x2A23, 0x2A23, 0x2A03, 0x2203, 0x21E2, 0x21E2, 0x21A2, 0x1982, 
    0x1941, 0x1101, 0x1981, 0x19C2, 0x21E2, 0x2A43, 0x2A83, 0x2A83, 0x2A83, 0x2A83, 0x2A83, 0x2A83, 0x2A83, 0x3283, 0x3283, 0x3283, 
    0x3283, 0x3283, 0x3283, 0x3283, 0x3283, 0x3283, 0x2A43, 0x21E2, 0x1962, 0x1921, 0x1921, 0x10E1, 0x2182, 0x29E3, 0x3223, 0x3A84, 
    0x42C4, 0x42E5, 0x4305, 0x4B25, 0x4325, 0x42C4, 0x42C4, 0x42C4, 0x42C4, 0x42C4, 0x42C4, 0x42C4, 0x42C4, 0x42C4, 0x42C4, 0x42C4, 
    0x42C4, 0x42C4, 0x42C4, 0x42C4, 0x42C4, 0x42C4, 0x42C4, 0x42C4, 0x42C4, 0x42C4, 0x42C4, 0x42C4, 0x42C4, 0x42E4, 0x3A64, 0x18A1, 
    0x1081, 0x10A1, 0x10A1, 0x10A1, 0x1081, 0x1081, 0x1081, 0x1081, 0x19A2, 0x21E2, 0x21E2, 0x2202, 0x2A22, 0x2A43, 0x2A63, 0x3283, 
    0x3283, 0x32A3, 0x32C3, 0x32E3, 0x3AE3, 0x3B03, 0x3B24, 0x3B44, 0x3B24, 0x32A3, 0x32A3, 0x32A3, 0x32A3, 0x32A3, 0x32A3, 0x32A3, 
    0x4C63, 0x4C63, 0x4C63, 0x4C63, 0x4C63, 0x4C63, 0x4C63, 0x4C43, 0x4443, 0x4443, 0x4443, 0x4443, 0x4423, 0x4403, 0x54A5, 0x75C8, 
    0x75C8, 0x75C8, 0x7DE8, 0x7DE8, 0x6D67, 0x5405, 0x3AE4, 0x2A63, 0x2A63, 0x3283, 0x3283, 0x3283, 0x3283, 0x3283, 0x3283, 0x3283, 
    0x3283, 0x3283, 0x3283, 0x3283, 0x3283, 0x3283, 0x3283, 0x3283, 0x3283, 0x3283, 0x3283, 0x3283, 0x3283, 0x3283, 0x3283, 0x3283, 
    0x3283, 0x3283, 0x3283, 0x32A3, 0x32C4, 0x3AC4, 0x3AC4, 0x3AC4, 0x3AC4, 0x3AC4, 0x3AC4, 0x3AC4, 0x3AC4, 0x32C4, 0x32A4, 0x32A3, 
    0x32A3, 0x32A3, 0x32A3, 0x32A3, 0x32A3, 0x32A3, 0x3283, 0x3283, 0x3283, 0x3283, 0x3283, 0x3283, 0x3283, 0x3283, 0x32A3, 0x32A4, 
    0x32C4, 0x32C4, 0x32C4, 0x32C4, 0x32C4, 0x32A4, 0x32A4, 0x32A3, 0x3283, 0x2A63, 0x2A43, 0x21A2, 0x2A03, 0x3AE4, 0x3B24, 0x3AE4, 
    0x3AE4, 0x3AE4, 0x3AE4, 0x3AE4, 0x3AC4, 0x3AE4, 0x3AE4, 0x3AC4, 0x3AC4, 0x3AE4, 0x3AC4, 0x3AE4, 0x3AE4, 0x3AC4, 0x3AE4, 0x3AC4, 
    0x3AC4, 0x3AC4, 0x3AC4, 0x3AC4, 0x3AC4, 0x3AC4, 0x3AC4, 0x3AC4, 0x3AE4, 0x3284, 0x2A03, 0x2A43, 0x2A43, 0x2A43, 0x2A63, 0x2A63, 
    0x2A63, 0x2A63, 0x2A43, 0x2A43, 0x2A43, 0x2A43, 0x2A23, 0x2A23, 0x2A23, 0x2A03, 0x2203, 0x2203, 0x21E2, 0x21C2, 0x21A2, 0x1962, 
    0x1121, 0x1101, 0x1961, 0x19A2, 0x21C2, 0x2A23, 0x2A83, 0x2A63, 0x2A63, 0x2A83, 0x2A83, 0x2A83, 0x2A83, 0x3283, 0x3283, 0x2A83, 
    0x3283, 0x3283, 0x3283, 0x3283, 0x2A43, 0x21C2, 0x2162, 0x1942, 0x1942, 0x1942, 0x1921, 0x10E1, 0x2182, 0x2A03, 0x3243, 0x3A84, 
    0x42C4, 0x42E5, 0x4305, 0x4B25, 0x4325, 0x42C4, 0x42C4, 0x42C4, 0x42C4, 0x42C4, 0x42C4, 0x42C4, 0x42C4, 0x42C4, 0x42C4, 0x42C4, 
    0x42C4, 0x42C4, 0x42C4, 0x42C4, 0x42C4, 0x42C4, 0x42C4, 0x42C4, 0x42C4, 0x42C4, 0x42C4, 0x42C4, 0x42C4, 0x42E4, 0x3A64, 0x18A1, 
    0x10A1, 0x10A1, 0x10A1, 0x10A1, 0x1081, 0x1081, 0x1081, 0x1081, 0x1982, 0x21E2, 0x2202, 0x2202, 0x2A22, 0x2A43, 0x2A63, 0x3283, 
    0x32A3, 0x32A3, 0x32C3, 0x32E3, 0x3AE3, 0x3B04, 0x3B24, 0x3B24, 0x3B04, 0x32A3, 0x32A3, 0x32A3, 0x32A3, 0x32A3, 0x32A3, 0x32A3, 
    0x4443, 0x4C43, 0x4443, 0x4C43, 0x4C63, 0x4443, 0x4443, 0x4C63, 0x4443, 0x4443, 0x4443, 0x4423, 0x4423, 0x4403, 0x54A5, 0x75C8, 
    0x75C8, 0x75C8, 0x75C8, 0x75C8, 0x75E8, 0x7E08, 0x7587, 0x5CA6, 0x4344, 0x3283, 0x2A63, 0x3283, 0x3283, 0x3283, 0x3283, 0x3283, 
    0x3283, 0x3283, 0x3283, 0x3283, 0x3283, 0x3283, 0x3283, 0x3283, 0x3283, 0x3283, 0x3283, 0x3283, 0x3283, 0x3283, 0x3283, 0x3283, 
    0x3283, 0x3283, 0x3283, 0x3283, 0x3283, 0x32A3, 0x32C4, 0x3AC4, 0x3AC4, 0x3AC4, 0x3AC4, 0x3AC4, 0x32A4, 0x32A3, 0x32A3, 0x32A3, 
    0x32A3, 0x32A3, 0x32A3, 0x3283, 0x3283, 0x32A3, 0x32A4, 0x3283, 0x3283, 0x3283, 0x32A3, 0x32A4, 0x32A4, 0x32C4, 0x32C4, 0x3AC4, 
    0x3AC4, 0x32C4, 0x32C4, 0x32C4, 0x32C4, 0x32A4, 0x32A4, 0x32A3, 0x3283, 0x2A63, 0x2A23, 0x21A2, 0x2A03, 0x3AE4, 0x3B24, 0x3AE4, 
    0x3AE4, 0x3AE4, 0x3AE4, 0x3AE4, 0x3AE4, 0x3AE4, 0x3AC4, 0x3AE4, 0x3AE4, 0x3AE4, 0x3AE4, 0x3AC4, 0x3AC4, 0x3AE4, 0x3AC4, 0x3AC4, 
    0x3AC4, 0x3AC4, 0x3AC4, 0x3AC4, 0x3AC4, 0x3AC4, 0x3AC4, 0x3AC4, 0x3AC4, 0x32A4, 0x2A03, 0x2A23, 0x2A43, 0x2A63, 0x2A43, 0x2A43, 
    0x2A43, 0x2A43, 0x2A43, 0x2A43, 0x2A43, 0x2A23, 0x2A23, 0x2A23, 0x2A03, 0x2203, 0x2203, 0x21E2, 0x21C2, 0x21A2, 0x1982, 0x1962, 
    0x1121, 0x10E1, 0x1941, 0x1982, 0x21C2, 0x2A22, 0x2A63, 0x2A63, 0x2A63, 0x2A63, 0x2A63, 0x2A83, 0x3283, 0x3283, 0x2A83, 0x3283, 
    0x3283, 0x2A83, 0x2A23, 0x21C2, 0x2182, 0x2182, 0x2182, 0x2182, 0x2162, 0x1962, 0x1942, 0x1101, 0x2182, 0x3223, 0x3244, 0x3AA4, 
    0x42C4, 0x42E5, 0x4305, 0x4B45, 0x4B25, 0x42C4, 0x42C4, 0x42C4, 0x42C4, 0x42C4, 0x42C4, 0x42C4, 0x42C4, 0x42C4, 0x42C4, 0x42C4, 
    0x42C4, 0x42C4, 0x42C4, 0x42C4, 0x42C4, 0x42C4, 0x42C4, 0x42C4, 0x42C4, 0x42C4, 0x42C4, 0x42C4, 0x42C4, 0x42E5, 0x3A64, 0x18A1, 
    0x18A1, 0x10A1, 0x10A1, 0x10A1, 0x1081, 0x1081, 0x1080, 0x10A1, 0x21A2, 0x21E2, 0x2202, 0x2A22, 0x2A22, 0x2A43, 0x2A63, 0x3283, 
    0x32A3, 0x32C3, 0x32C3, 0x32E3, 0x32E3, 0x3B04, 0x3B24, 0x3B44, 0x3B24, 0x32A3, 0x32A3, 0x32A3, 0x32A3, 0x32A3, 0x32A3, 0x32A3, 
    0x4443, 0x4443, 0x4443, 0x4443, 0x4443, 0x4443, 0x4C43, 0x4443, 0x4443, 0x4443, 0x4443, 0x4423, 0x4423, 0x4403, 0x5485, 0x75C8, 
    0x75C8, 0x75C8, 0x75C8, 0x75C8, 0x75C8, 0x75C7, 0x75C8, 0x7E08, 0x75C8, 0x6507, 0x4BC5, 0x32A3, 0x2A63, 0x2A63, 0x3283, 0x3283, 
    0x3283, 0x3283, 0x3283, 0x3283, 0x3283, 0x3283, 0x3283, 0x3283, 0x3283, 0x3283, 0x3283, 0x3283, 0x3283, 0x3283, 0x3283, 0x3283, 
    0x3283, 0x3283, 0x3283, 0x3283, 0x3283, 0x3283, 0x3283, 0x32A3, 0x32C4, 0x32C4, 0x3283, 0x3283, 0x32A3, 0x32A3, 0x32A3, 0x32A3, 
    0x32A3, 0x32A3, 0x32A3, 0x32A3, 0x32A3, 0x3283, 0x3283, 0x3283, 0x32A3, 0x32A3, 0x32A3, 0x32A4, 0x32A4, 0x32C4, 0x32C4, 0x32A4, 
    0x32A3, 0x32C4, 0x32C4, 0x32A4, 0x32A3, 0x3283, 0x3283, 0x3283, 0x2A63, 0x2A43, 0x2A23, 0x21A2, 0x2A03, 0x32C4, 0x3AE4, 0x32C4, 
    0x32C4, 0x32C4, 0x32C4, 0x32C4, 0x32C4, 0x32A4, 0x32C4, 0x32A4, 0x32C4, 0x3AC4, 0x32C4, 0x32C4, 0x3AC4, 0x3AC4, 0x3AC4, 0x3AC4, 
    0x3AC4, 0x3AC4, 0x3AC4, 0x32C4, 0x3AC4, 0x3AC4, 0x32C4, 0x32A4, 0x32C4, 0x3283, 0x21E2, 0x2A23, 0x2A43, 0x2A23, 0x2A43, 0x2A43, 
    0x2A43, 0x2A43, 0x2A23, 0x2A23, 0x2A23, 0x2A23, 0x2A03, 0x2A03, 0x2202, 0x21E2, 0x21C2, 0x21C2, 0x21C2, 0x1982, 0x1962, 0x1941, 
    0x1101, 0x10E1, 0x1121, 0x1961, 0x1981, 0x2202, 0x2A63, 0x2A63, 0x2A63, 0x2A63, 0x2A63, 0x2A63, 0x2A63, 0x2A63, 0x3283, 0x2A63, 
    0x2A03, 0x21C2, 0x2182, 0x2182, 0x21A2, 0x21A2, 0x21A2, 0x2182, 0x2182, 0x1962, 0x1942, 0x1901, 0x21A2, 0x3223, 0x3264, 0x3AA4, 
    0x42C4, 0x42E4, 0x4305, 0x4B25, 0x4325, 0x42C4, 0x42C4, 0x42C4, 0x42C4, 0x42C4, 0x42C4, 0x42C4, 0x42C4, 0x42C4, 0x42C4, 0x42C4, 
    0x42C4, 0x42C4, 0x42C4, 0x42C4, 0x42C4, 0x42C4, 0x42C4, 0x42C4, 0x42C4, 0x42C4, 0x42C4, 0x42C4, 0x42C4, 0x42E5, 0x3A64, 0x18A1, 
    0x18A1, 0x18A1, 0x10A1, 0x10A1, 0x1081, 0x1081, 0x1080, 0x10A1, 0x21C2, 0x21E2, 0x2202, 0x2222, 0x2A22, 0x2A43, 0x2A63, 0x3283, 
    0x32A3, 0x32A3, 0x32C3, 0x32E3, 0x32E3, 0x3B04, 0x3B24, 0x3B44, 0x3B24, 0x32A3, 0x32A3, 0x32A3, 0x32A3, 0x32A3, 0x32A3, 0x32A3, 
    0x4443, 0x4443, 0x4443, 0x4443, 0x4443, 0x4443, 0x4443, 0x4443, 0x4443, 0x4443, 0x4423, 0x4423, 0x4423, 0x4403, 0x5485, 0x75C8, 
    0x75C8, 0x75C8, 0x75C8, 0x75C8, 0x75C8, 0x75C8, 0x75C8, 0x75C8, 0x75C8, 0x7DE8, 0x7DE8, 0x6D67, 0x5425, 0x3B24, 0x2A63, 0x2A63, 
    0x3283, 0x32A3, 0x3283, 0x3283, 0x3283, 0x3283, 0x3283, 0x3283, 0x3283, 0x3283, 0x3283, 0x3283, 0x3283, 0x3283, 0x3283, 0x3283, 
    0x3283, 0x3283, 0x3283, 0x3283, 0x3283, 0x3283, 0x3283, 0x2A63, 0x2A03, 0x4385, 0x4BC5, 0x3B04, 0x3283, 0x3283, 0x32A3, 0x32A3, 
    0x32A3, 0x32A3, 0x32A3, 0x32A3, 0x3AC4, 0x1982, 0x0881, 0x3AE4, 0x32A3, 0x4324, 0x1921, 0x0000, 0x10C1, 0x4345, 0x3B24, 0x0040, 
    0x21A3, 0x3B04, 0x32C4, 0x32A4, 0x0020, 0x0000, 0x29E3, 0x21C2, 0x0000, 0x0020, 0x3244, 0x19A2, 0x2A23, 0x21A2, 0x0020, 0x0000, 
    0x0000, 0x3AA4, 0x1941, 0x0000, 0x0000, 0x0040, 0x3B05, 0x0060, 0x2A03, 0x21C2, 0x0860, 0x4345, 0x32C4, 0x3AE4, 0x3AC4, 0x3AC4, 
    0x3AE4, 0x3AE4, 0x32C4, 0x3AE4, 0x3AC4, 0x3AE4, 0x2A23, 0x0020, 0x3AE5, 0x0880, 0x1942, 0x2A63, 0x19A2, 0x0020, 0x3244, 0x2A23, 
    0x2A23, 0x2A63, 0x21C2, 0x0000, 0x2A24, 0x2A03, 0x2203, 0x21E2, 0x21E2, 0x21C2, 0x0000, 0x21A3, 0x21A2, 0x1962, 0x1962, 0x1921, 
    0x1121, 0x0020, 0x0000, 0x0000, 0x0860, 0x2A63, 0x2A42, 0x2A43, 0x2A63, 0x2A63, 0x2A83, 0x2A83, 0x0000, 0x2A03, 0x2A03, 0x21A2, 
    0x21A2, 0x21A2, 0x2A03, 0x0020, 0x1922, 0x29E3, 0x21A2, 0x21A2, 0x2182, 0x1962, 0x1942, 0x1901, 0x21A2, 0x3243, 0x3264, 0x3AA4, 
    0x42C4, 0x42E5, 0x4305, 0x4B45, 0x4325, 0x42C4, 0x42C4, 0x42C4, 0x42C4, 0x42C4, 0x42C4, 0x42C4, 0x42C4, 0x42C4, 0x42C4, 0x42C4, 
    0x42C4, 0x42C4, 0x42C4, 0x42C4, 0x42C4, 0x42C4, 0x42C4, 0x42C4, 0x42C4, 0x42C4, 0x42C4, 0x42C4, 0x42C4, 0x42E5, 0x3A64, 0x18A1, 
    0x18A1, 0x18A1, 0x10A1, 0x10A1, 0x1081, 0x1081, 0x1081, 0x10A1, 0x21C2, 0x2202, 0x2A03, 0x2A23, 0x2A23, 0x2A43, 0x2A63, 0x3283, 
    0x32A3, 0x32C3, 0x32C3, 0x32E3, 0x3AE3, 0x3B04, 0x3B24, 0x3B44, 0x3B04, 0x32A3, 0x32A3, 0x32A3, 0x32A3, 0x32A3, 0x32A3, 0x32A3, 
    0x4423, 0x4423, 0x4443, 0x4443, 0x4443, 0x4443, 0x4443, 0x4443, 0x4423, 0x4423, 0x4423, 0x4423, 0x4423, 0x43E3, 0x54A5, 0x75E8, 
    0x75C8, 0x75C8, 0x75C8, 0x75C8, 0x75C8, 0x75C8, 0x75C8, 0x75C8, 0x75C8, 0x75C8, 0x75C8, 0x75E8, 0x7DE8, 0x75A7, 0x5CA6, 0x4344, 
    0x32A3, 0x2A43, 0x3283, 0x32A3, 0x32A3, 0x3283, 0x3283, 0x3283, 0x3283, 0x3283, 0x3283, 0x3283, 0x3283, 0x3283, 0x3283, 0x3283, 
    0x3283, 0x3283, 0x3283, 0x3283, 0x3283, 0x2A63, 0x2A63, 0x2A03, 0x21A2, 0x3B24, 0x5C86, 0x5CC6, 0x5426, 0x3B24, 0x32A3, 0x3263, 
    0x32A3, 0x32A3, 0x32A3, 0x3283, 0x3AE4, 0x1941, 0x0841, 0x4BA6, 0x32E4, 0x08A0, 0x1962, 0x42E6, 0x3224, 0x0860, 0x0040, 0x29E3, 
    0x4B26, 0x3AE4, 0x2A23, 0x0881, 0x3244, 0x3A85, 0x42E6, 0x3263, 0x3244, 0x3245, 0x08A1, 0x1942, 0x2A43, 0x1982, 0x0861, 0x42E6, 
    0x3AA5, 0x4B46, 0x3283, 0x3AC5, 0x2A04, 0x0000, 0x4B66, 0x0040, 0x3204, 0x3B05, 0x2A04, 0x10C1, 0x32C4, 0x3AE4, 0x3AC4, 0x3AE4, 
    0x2A43, 0x08A1, 0x3AE4, 0x10E1, 0x21E3, 0x4345, 0x2A43, 0x0000, 0x53A7, 0x0020, 0x2163, 0x32A4, 0x21C2, 0x0000, 0x3A85, 0x2202, 
    0x2A63, 0x1962, 0x0040, 0x3224, 0x3265, 0x21E2, 0x21E3, 0x21E2, 0x21C2, 0x21A2, 0x21A3, 0x0881, 0x1121, 0x21A2, 0x1941, 0x1121, 
    0x0000, 0x08A1, 0x2163, 0x2184, 0x2163, 0x0881, 0x2A43, 0x2A43, 0x2A63, 0x2A83, 0x2202, 0x0880, 0x21A3, 0x3225, 0x21A2, 0x29C3, 
    0x29C3, 0x21C2, 0x0860, 0x2162, 0x3A65, 0x29E3, 0x21A2, 0x21A2, 0x2182, 0x2162, 0x1942, 0x1921, 0x21C2, 0x3243, 0x3264, 0x3AA4, 
    0x42C4, 0x42E5, 0x4305, 0x4B45, 0x4305, 0x42C4, 0x42C4, 0x42C4, 0x42C4, 0x42C4, 0x42C4, 0x42C4, 0x42C4, 0x42C4, 0x42C4, 0x42C4, 
    0x42C4, 0x42C4, 0x42C4, 0x42C4, 0x42C4, 0x42C4, 0x42C4, 0x42C4, 0x42C4, 0x42C4, 0x42C4, 0x42C4, 0x42C4, 0x42E5, 0x3A44, 0x18A1, 
    0x18A1, 0x18A1, 0x1881, 0x1081, 0x1081, 0x1081, 0x1061, 0x10A1, 0x21C2, 0x2203, 0x2A03, 0x2A43, 0x2A43, 0x2A63, 0x2A83, 0x3283, 
    0x32A3, 0x32C3, 0x32C3, 0x32E3, 0x3B03, 0x3B03, 0x3B24, 0x3B44, 0x3B24, 0x32A3, 0x32A3, 0x32A3, 0x32A3, 0x32A3, 0x32A3, 0x32A3, 
    0x4423, 0x4423, 0x4423, 0x4423, 0x4443, 0x4443, 0x4443, 0x4443, 0x4443, 0x4423, 0x4423, 0x4423, 0x4423, 0x43E3, 0x5484, 0x75C8, 
    0x75C8, 0x75C8, 0x75C8, 0x75C8, 0x75C8, 0x75C8, 0x75C8, 0x75C8, 0x75C8, 0x75C8, 0x75C8, 0x75C8, 0x75C8, 0x75C8, 0x7DE8, 0x75C8, 
    0x6527, 0x4BE5, 0x32A3, 0x2A63, 0x2A63, 0x3283, 0x32A3, 0x3283, 0x3283, 0x3283, 0x3283, 0x3283, 0x3283, 0x3283, 0x3283, 0x3283, 
    0x3283, 0x3283, 0x3283, 0x3283, 0x2A63, 0x2A63, 0x2A23, 0x21E2, 0x19A2, 0x3AE4, 0x4BE5, 0x5C86, 0x6507, 0x6507, 0x5CA6, 0x4BC5, 
    0x32C4, 0x32A3, 0x32A3, 0x32C4, 0x3AE4, 0x2A63, 0x29C3, 0x1101, 0x32C4, 0x21C2, 0x42E6, 0x4324, 0x3283, 0x21C3, 0x3204, 0x4326, 
    0x32C3, 0x3B04, 0x2A43, 0x0000, 0x4306, 0x32C3, 0x32A3, 0x3283, 0x32A3, 0x2A43, 0x0000, 0x29C4, 0x3263, 0x1962, 0x0881, 0x4B86, 
    0x3AE4, 0x3AE4, 0x3AE4, 0x3B24, 0x2A43, 0x0000, 0x4B46, 0x0000, 0x29C4, 0x4365, 0x2A23, 0x0000, 0x4B66, 0x3AC4, 0x32C4, 0x3B04, 
    0x2A23, 0x0000, 0x4B46, 0x0000, 0x29E4, 0x3264, 0x08C0, 0x2A04, 0x1902, 0x1942, 0x3A65, 0x2182, 0x0880, 0x29C3, 0x3A85, 0x2A43, 
    0x1941, 0x0880, 0x29E4, 0x3264, 0x21C2, 0x21E2, 0x21C2, 0x21C2, 0x21C2, 0x21A2, 0x21A2, 0x1101, 0x18E2, 0x10C1, 0x1962, 0x10E1, 
    0x10A1, 0x2164, 0x1101, 0x1941, 0x1101, 0x0000, 0x3A85, 0x2A42, 0x2A43, 0x2A23, 0x1962, 0x0000, 0x3225, 0x21C2, 0x29C3, 0x29C3, 
    0x29E3, 0x2A03, 0x0000, 0x3204, 0x2A03, 0x29C3, 0x29C3, 0x21A2, 0x2182, 0x2182, 0x1962, 0x1921, 0x29C3, 0x3243, 0x3264, 0x3AA4, 
    0x42C4, 0x42E4, 0x4325, 0x4B45, 0x4305, 0x42C4, 0x42C4, 0x42C4, 0x42C4, 0x42C4, 0x42C4, 0x42C4, 0x42C4, 0x42C4, 0x42C4, 0x42C4, 
    0x42C4, 0x42C4, 0x42C4, 0x42C4, 0x42C4, 0x42C4, 0x42C4, 0x42C4, 0x42C4, 0x42C4, 0x42C4, 0x42C4, 0x42C4, 0x42E5, 0x3A44, 0x18A1, 
    0x18A1, 0x18A1, 0x18A1, 0x1081, 0x1081, 0x1081, 0x1081, 0x10A1, 0x21C2, 0x2202, 0x2A03, 0x2A43, 0x2A43, 0x3283, 0x3283, 0x32A3, 
    0x2A43, 0x3283, 0x32E3, 0x3AE4, 0x3B03, 0x3B04, 0x3B24, 0x3B44, 0x3B04, 0x32A3, 0x32A3, 0x32A3, 0x32A3, 0x32A3, 0x32A3, 0x3283, 
    0x4423, 0x4423, 0x4423, 0x4423, 0x4443, 0x4443, 0x4423, 0x4423, 0x4423, 0x4423, 0x4423, 0x4423, 0x4403, 0x43E3, 0x5484, 0x75C8, 
    0x75C8, 0x75C8, 0x75C8, 0x75C8, 0x75C8, 0x75C8, 0x75C8, 0x75C8, 0x75C8, 0x75C8, 0x75C8, 0x75C8, 0x75C8, 0x75C8, 0x75C8, 0x75C8, 
    0x7DE8, 0x7DE8, 0x6D67, 0x5466, 0x3B24, 0x2A63, 0x2A63, 0x3283, 0x32A3, 0x3283, 0x3283, 0x3283, 0x3283, 0x3283, 0x3283, 0x3283, 
    0x3283, 0x3283, 0x3283, 0x3283, 0x2A63, 0x2A43, 0x2A23, 0x21C2, 0x1982, 0x3AE4, 0x4BA5, 0x5426, 0x5C86, 0x64E7, 0x6527, 0x6D47, 
    0x6507, 0x4365, 0x32A4, 0x3AE4, 0x32C4, 0x3B04, 0x3283, 0x1922, 0x4326, 0x3B04, 0x3AE4, 0x32A4, 0x32C4, 0x3B04, 0x3B25, 0x3AC4, 
    0x32C4, 0x2A43, 0x1941, 0x2183, 0x4306, 0x3283, 0x3284, 0x3283, 0x3263, 0x2A23, 0x1922, 0x1923, 0x21E2, 0x1982, 0x0881, 0x4346, 
    0x32C4, 0x3AC4, 0x32C4, 0x3AE4, 0x2A23, 0x0000, 0x4326, 0x1962, 0x3AA6, 0x3B25, 0x2A63, 0x1943, 0x21C3, 0x32A3, 0x3AE4, 0x3AE4, 
    0x2A63, 0x2163, 0x4B46, 0x1941, 0x42C6, 0x2A03, 0x2183, 0x4B66, 0x10E1, 0x42C6, 0x2A43, 0x1941, 0x2143, 0x3AC5, 0x2202, 0x1962, 
    0x08A0, 0x29C4, 0x3284, 0x21C2, 0x21C2, 0x21C2, 0x21C2, 0x21A2, 0x19A2, 0x1982, 0x1962, 0x21A2, 0x10C1, 0x10E2, 0x10C1, 0x08E1, 
    0x10E1, 0x10C1, 0x08C1, 0x08C1, 0x0060, 0x1102, 0x3A85, 0x21A2, 0x21A2, 0x1942, 0x08A0, 0x1902, 0x3A45, 0x29C2, 0x29E3, 0x2A03, 
    0x29E3, 0x1101, 0x10E1, 0x3A45, 0x29E3, 0x29E3, 0x29C3, 0x21A2, 0x21A2, 0x2182, 0x1962, 0x1921, 0x29C3, 0x3243, 0x3A84, 0x3AA4, 
    0x42C4, 0x42E5, 0x4325, 0x4B45, 0x4325, 0x42C4, 0x42C4, 0x42C4, 0x42C4, 0x42C4, 0x42C4, 0x42C4, 0x42C4, 0x42C4, 0x42C4, 0x42C4, 
    0x42C4, 0x42C4, 0x42C4, 0x42C4, 0x42C4, 0x42C4, 0x42C4, 0x42C4, 0x42C4, 0x42C4, 0x42C4, 0x42C4, 0x42C4, 0x42E5, 0x3A44, 0x18A1, 
    0x18A1, 0x18A1, 0x1881, 0x1081, 0x1081, 0x1081, 0x1061, 0x10A1, 0x21C2, 0x2A03, 0x2A23, 0x2A43, 0x2A43, 0x3263, 0x3283, 0x32C3, 
    0x2A03, 0x21C2, 0x2A23, 0x3283, 0x3303, 0x3B24, 0x3B24, 0x3B44, 0x3B24, 0x32A3, 0x32A3, 0x32A3, 0x32A3, 0x2A63, 0x2A43, 0x2A23, 
    0x4403, 0x4403, 0x4423, 0x4423, 0x4423, 0x4423, 0x4423, 0x4423, 0x4423, 0x4423, 0x4423, 0x4423, 0x4403, 0x43E3, 0x5484, 0x75E8, 
    0x75C8, 0x75C8, 0x75C8, 0x75C8, 0x75C8, 0x75C8, 0x75C8, 0x75C8, 0x75C8, 0x75C8, 0x75C8, 0x75C8, 0x75C8, 0x75C8, 0x75C8, 0x75C8, 
    0x75C8, 0x75C8, 0x75C8, 0x7E08, 0x75A7, 0x5CA6, 0x4384, 0x3283, 0x2A43, 0x3283, 0x3283, 0x3283, 0x3283, 0x3283, 0x32A3, 0x32A3, 
    0x3283, 0x3283, 0x3283, 0x2A63, 0x2A43, 0x2A23, 0x2203, 0x21A2, 0x1982, 0x3AE4, 0x4385, 0x4C05, 0x5466, 0x5CA6, 0x64E7, 0x6507, 
    0x6D88, 0x4C06, 0x32A4, 0x3AC4, 0x32C4, 0x32C4, 0x32C4, 0x4345, 0x3AE4, 0x32C4, 0x32C4, 0x32C4, 0x32C4, 0x32A3, 0x32A3, 0x32A3, 
    0x3AE4, 0x21A2, 0x10A2, 0x3AC5, 0x32A4, 0x3283, 0x3283, 0x3283, 0x3263, 0x2A43, 0x2A03, 0x0040, 0x3224, 0x1982, 0x0881, 0x4B46, 
    0x32C4, 0x3AC4, 0x32C4, 0x3B04, 0x2A23, 0x0000, 0x4326, 0x3283, 0x3AC4, 0x3AC4, 0x3AE4, 0x3B05, 0x0861, 0x2A04, 0x32A3, 0x3AC4, 
    0x3AC4, 0x4325, 0x3AE4, 0x3B04, 0x4305, 0x3AE4, 0x4325, 0x32C4, 0x4325, 0x32A4, 0x21C2, 0x2A03, 0x3264, 0x21E3, 0x2A03, 0x0860, 
    0x2163, 0x2A03, 0x21C2, 0x21C2, 0x21C2, 0x21A2, 0x19A2, 0x1982, 0x1982, 0x1962, 0x1962, 0x1141, 0x1942, 0x08A1, 0x1081, 0x2163, 
    0x10C1, 0x10E1, 0x10E1, 0x0040, 0x10A2, 0x3224, 0x2162, 0x1962, 0x2162, 0x08A0, 0x10C2, 0x3A85, 0x29E3, 0x29E3, 0x2A03, 0x29E3, 
    0x1921, 0x0861, 0x42A6, 0x3224, 0x29E3, 0x29E3, 0x29E3, 0x21C2, 0x21A2, 0x2182, 0x1962, 0x1921, 0x29C3, 0x3264, 0x3A84, 0x3AC4, 
    0x42E4, 0x42E4, 0x4305, 0x4B45, 0x4325, 0x42C4, 0x42C4, 0x42C4, 0x42C4, 0x42C4, 0x42C4, 0x42C4, 0x42C4, 0x42C4, 0x42C4, 0x42C4, 
    0x42C4, 0x42C4, 0x42C4, 0x42C4, 0x42C4, 0x42C4, 0x42C4, 0x42C4, 0x42C4, 0x42C4, 0x42C4, 0x42C4, 0x42C4, 0x42E4, 0x3244, 0x18A1, 
    0x18A1, 0x18A1, 0x18A1, 0x1081, 0x1081, 0x1081, 0x1061, 0x10A1, 0x21C2, 0x2A02, 0x2A23, 0x2A43, 0x2A43, 0x2A63, 0x3283, 0x32C3, 
    0x2A43, 0x21E2, 0x21C2, 0x21C2, 0x2A23, 0x32A3, 0x3B04, 0x3B64, 0x3B24, 0x32A3, 0x32A3, 0x2A63, 0x2A43, 0x2A03, 0x2A23, 0x2A23, 
    0x4403, 0x4403, 0x4403, 0x4423, 0x4423, 0x4423, 0x4423, 0x4423, 0x4423, 0x4423, 0x4423, 0x4403, 0x4403, 0x3BE3, 0x5484, 0x75C8, 
    0x75C8, 0x75C8, 0x75C8, 0x75C8, 0x75C8, 0x75C8, 0x75C8, 0x75C8, 0x75C8, 0x75C8, 0x75C8, 0x75C8, 0x75C8, 0x75C8, 0x75C8, 0x75C8, 
    0x75C8, 0x75C8, 0x75A8, 0x75A8, 0x75C8, 0x7DE8, 0x75E8, 0x6527, 0x4BC5, 0x32C3, 0x3283, 0x32A3, 0x32A3, 0x32A3, 0x32A3, 0x32A3, 
    0x3283, 0x3283, 0x2A63, 0x2A63, 0x2A43, 0x2A23, 0x21E2, 0x21A2, 0x1982, 0x32C4, 0x4365, 0x4BC5, 0x5446, 0x5C86, 0x5CC7, 0x6507, 
    0x6D47, 0x4BE5, 0x32A4, 0x3AC4, 0x32C4, 0x32C4, 0x32C4, 0x32A3, 0x32C4, 0x32C4, 0x32C4, 0x32C4, 0x32C4, 0x32C4, 0x32C4, 0x32C4, 
    0x32A4, 0x3AE4, 0x3264, 0x0000, 0x3AC4, 0x3283, 0x3283, 0x3283, 0x3263, 0x2A23, 0x0000, 0x2183, 0x3AC5, 0x1961, 0x0881, 0x4346, 
    0x32A4, 0x3AC4, 0x32C4, 0x3AE4, 0x2A23, 0x0000, 0x4B46, 0x0000, 0x21A3, 0x3B25, 0x32C4, 0x32A4, 0x4345, 0x0040, 0x21A3, 0x3B24, 
    0x32A4, 0x3283, 0x32C4, 0x32A3, 0x32A3, 0x32C4, 0x32A3, 0x32C4, 0x32A4, 0x2A63, 0x21C2, 0x21E2, 0x21C2, 0x21E2, 0x21C2, 0x2A43, 
    0x10C1, 0x10A1, 0x29E3, 0x1982, 0x21A2, 0x1982, 0x1962, 0x1962, 0x1941, 0x1941, 0x1121, 0x1942, 0x0020, 0x10A1, 0x29C4, 0x1942, 
    0x1921, 0x2162, 0x0860, 0x10C2, 0x3225, 0x2183, 0x1962, 0x21C3, 0x0860, 0x10C1, 0x3A85, 0x29E3, 0x29E3, 0x29E3, 0x3223, 0x1901, 
    0x0840, 0x42C6, 0x3224, 0x29E3, 0x2A03, 0x29E3, 0x21C2, 0x21C2, 0x21A2, 0x2182, 0x1962, 0x1921, 0x29E3, 0x3264, 0x3A84, 0x3AA4, 
    0x42C4, 0x42E5, 0x4325, 0x4B45, 0x4305, 0x42C4, 0x42C4, 0x42C4, 0x42C4, 0x42C4, 0x42C4, 0x42C4, 0x42C4, 0x42C4, 0x42C4, 0x42C4, 
    0x42C4, 0x42C4, 0x42C4, 0x42C4, 0x42C4, 0x42C4, 0x42C4, 0x42C4, 0x42C4, 0x42C4, 0x42C4, 0x42C4, 0x42C4, 0x42E5, 0x3244, 0x18A1, 
    0x18A1, 0x18A1, 0x18A1, 0x1081, 0x1081, 0x1081, 0x1061, 0x10A1, 0x21C2, 0x2A03, 0x2A23, 0x2A43, 0x2A63, 0x3263, 0x3283, 0x32A4, 
    0x2A43, 0x2A03, 0x2202, 0x2202, 0x21E2, 0x21E2, 0x2A03, 0x32A3, 0x32C3, 0x2A63, 0x2A23, 0x2A23, 0x2A23, 0x2A23, 0x2A43, 0x2A43, 
    0x43E3, 0x43E3, 0x4403, 0x4403, 0x4403, 0x4423, 0x4423, 0x4423, 0x4423, 0x4423, 0x4423, 0x4403, 0x4403, 0x3BE3, 0x5484, 0x75C8, 
    0x75C8, 0x75C8, 0x75C8, 0x75C8, 0x75C8, 0x75C8, 0x75C8, 0x75C8, 0x75C8, 0x75C8, 0x75C8, 0x75C8, 0x75C8, 0x75C8, 0x75C8, 0x75C8, 
    0x75C8, 0x75C8, 0x75C8, 0x75C8, 0x75C8, 0x75A8, 0x75C8, 0x7DE8, 0x7DE8, 0x6D47, 0x3B24, 0x32A3, 0x32A4, 0x32A4, 0x3283, 0x3283, 
    0x3283, 0x3283, 0x2A63, 0x2A43, 0x2A43, 0x2A03, 0x21E2, 0x21A2, 0x1982, 0x32C4, 0x4344, 0x43A5, 0x5426, 0x5466, 0x5CC6, 0x5CE7, 
    0x6D47, 0x4BE5, 0x32A4, 0x3AC4, 0x32C4, 0x32C4, 0x32C4, 0x32C4, 0x32C4, 0x32C4, 0x32C4, 0x32C4, 0x32C4, 0x32C4, 0x32C4, 0x32A4, 
    0x32A4, 0x3AC4, 0x21E2, 0x0000, 0x4326, 0x32C3, 0x3283, 0x3283, 0x32A3, 0x2A63, 0x0000, 0x29A4, 0x2A23, 0x1961, 0x10A1, 0x4B86, 
    0x3AE4, 0x3AC4, 0x3AE4, 0x3B25, 0x2A63, 0x0020, 0x4B46, 0x0040, 0x3204, 0x4325, 0x32C4, 0x32C4, 0x3B04, 0x0020, 0x3204, 0x4365, 
    0x2A23, 0x0020, 0x3B05, 0x0860, 0x21C3, 0x3B04, 0x32A4, 0x32A4, 0x32C4, 0x2A63, 0x21A2, 0x21C2, 0x21C2, 0x21C2, 0x21C2, 0x21A2, 
    0x21C2, 0x1922, 0x0840, 0x29E3, 0x1982, 0x0020, 0x1922, 0x10E1, 0x0040, 0x1962, 0x1942, 0x0000, 0x10E2, 0x31E5, 0x1942, 0x1942, 
    0x2162, 0x2162, 0x2182, 0x3205, 0x2182, 0x2182, 0x2182, 0x29E3, 0x0060, 0x1903, 0x3A64, 0x21C2, 0x2A03, 0x2A03, 0x3264, 0x1921, 
    0x0861, 0x3A85, 0x29E2, 0x2A03, 0x3223, 0x1921, 0x0861, 0x2A03, 0x2182, 0x2182, 0x1962, 0x1921, 0x29E3, 0x3264, 0x3A84, 0x3AA4, 
    0x42E4, 0x42E5, 0x4325, 0x4B45, 0x4325, 0x42C4, 0x42C4, 0x42C4, 0x42C4, 0x42C4, 0x42C4, 0x42C4, 0x42C4, 0x42C4, 0x42C4, 0x42C4, 
    0x42C4, 0x42C4, 0x42C4, 0x42C4, 0x42C4, 0x42C4, 0x42C4, 0x42C4, 0x42C4, 0x42C4, 0x42C4, 0x42C4, 0x42C4, 0x42E5, 0x3244, 0x18A1, 
    0x18A1, 0x18A1, 0x18A1, 0x1081, 0x1081, 0x1081, 0x1061, 0x10A1, 0x21E2, 0x2A03, 0x2A23, 0x2A43, 0x2A43, 0x3263, 0x32A3, 0x32C3, 
    0x2A43, 0x2A23, 0x2A23, 0x2A03, 0x2A03, 0x2A23, 0x2A03, 0x2A03, 0x2A23, 0x2A23, 0x2A23, 0x2A23, 0x2A43, 0x2A43, 0x2A43, 0x2A43, 
    0x3BC3, 0x43E3, 0x4403, 0x4403, 0x4403, 0x4403, 0x4423, 0x4423, 0x4423, 0x4403, 0x4423, 0x4403, 0x4403, 0x43E3, 0x5464, 0x75E8, 
    0x75C8, 0x75C8, 0x75C8, 0x75C8, 0x75C8, 0x75C8, 0x75C8, 0x75C8, 0x75C8, 0x75C8, 0x75C8, 0x75C8, 0x75C8, 0x75C8, 0x75C8, 0x75C8, 
    0x75C8, 0x75C8, 0x75C8, 0x75C8, 0x75C8, 0x75C8, 0x75C8, 0x75A8, 0x75C8, 0x75A8, 0x4344, 0x3283, 0x32A4, 0x32A3, 0x3283, 0x3283, 
    0x3283, 0x3283, 0x2A63, 0x2A43, 0x2A23, 0x2203, 0x21E2, 0x19A2, 0x1982, 0x32C4, 0x3B44, 0x43A5, 0x4C05, 0x5466, 0x5CA6, 0x5CC7, 
    0x6527, 0x4BC5, 0x32A3, 0x3AC4, 0x32C4, 0x32C4, 0x32C4, 0x32C4, 0x32C4, 0x32C4, 0x32C4, 0x32C4, 0x32C4, 0x32A4, 0x32C4, 0x32A4, 
    0x32A4, 0x32A4, 0x3283, 0x3244, 0x0881, 0x0020, 0x21E3, 0x21C2, 0x0040, 0x0040, 0x29E3, 0x3204, 0x2A23, 0x1962, 0x0000, 0x0860, 
    0x0040, 0x32A4, 0x1962, 0x0040, 0x0020, 0x0000, 0x4B46, 0x0000, 0x29C4, 0x4325, 0x32C4, 0x3AC4, 0x32C4, 0x3AA4, 0x1902, 0x1942, 
    0x3263, 0x0000, 0x4B46, 0x0040, 0x31E4, 0x3B05, 0x32A3, 0x32A4, 0x32C4, 0x2A43, 0x1982, 0x21A2, 0x21C2, 0x21C2, 0x21A2, 0x19A2, 
    0x21A2, 0x1961, 0x2143, 0x0040, 0x1982, 0x0000, 0x2163, 0x10C1, 0x0821, 0x29A4, 0x0000, 0x1902, 0x3205, 0x1962, 0x1962, 0x2182, 
    0x2182, 0x21A2, 0x08A1, 0x08A1, 0x29C3, 0x2182, 0x29E3, 0x0040, 0x2162, 0x5347, 0x3264, 0x29E3, 0x2A03, 0x3243, 0x10C1, 0x08A1, 
    0x3A65, 0x3A64, 0x2A03, 0x2A03, 0x3223, 0x10E1, 0x0841, 0x3A45, 0x2182, 0x2182, 0x1962, 0x1922, 0x29E3, 0x3264, 0x3A84, 0x3AA4, 
    0x42E4, 0x4305, 0x4305, 0x4B45, 0x4325, 0x42C4, 0x42C4, 0x42C4, 0x42C4, 0x42C4, 0x42C4, 0x42C4, 0x42C4, 0x42C4, 0x42C4, 0x42C4, 
    0x42C4, 0x42C4, 0x42C4, 0x42C4, 0x42C4, 0x42C4, 0x42C4, 0x42C4, 0x42C4, 0x42C4, 0x42C4, 0x42C4, 0x42C4, 0x42E4, 0x3244, 0x18A1, 
    0x18A1, 0x18A1, 0x18A1, 0x1881, 0x1081, 0x1081, 0x1061, 0x10A1, 0x21E2, 0x2A02, 0x2A23, 0x2A43, 0x2A63, 0x3283, 0x32A3, 0x32A3, 
    0x2A63, 0x2A43, 0x2A23, 0x2A23, 0x2A23, 0x2A23, 0x2A23, 0x2A23, 0x2A23, 0x2A43, 0x2A43, 0x2A43, 0x2A43, 0x2A43, 0x2A43, 0x2A63, 
    0x3BC3, 0x43E3, 0x43E3, 0x4403, 0x4403, 0x4403, 0x4423, 0x4403, 0x4403, 0x4403, 0x4403, 0x4403, 0x4403, 0x3BE3, 0x5464, 0x75C8, 
    0x75C8, 0x75C8, 0x75C8, 0x75C8, 0x75C8, 0x75C8, 0x75C8, 0x75C8, 0x75C8, 0x75C8, 0x75C8, 0x75C8, 0x75C8, 0x75C8, 0x75C8, 0x75C8, 
    0x75C8, 0x75C8, 0x75C8, 0x75C8, 0x75C8, 0x75C8, 0x75C8, 0x75C8, 0x75C8, 0x75A7, 0x4344, 0x3283, 0x32A3, 0x32A3, 0x3283, 0x3283, 
    0x3283, 0x2A63, 0x2A63, 0x2A43, 0x2A23, 0x2202, 0x21C2, 0x19A2, 0x1982, 0x32C4, 0x4344, 0x4385, 0x4BE5, 0x5446, 0x5C86, 0x5CA6, 
    0x6527, 0x4BC5, 0x32A3, 0x3AC4, 0x32C4, 0x32C4, 0x32C4, 0x32C4, 0x32C4, 0x32C4, 0x32C4, 0x32C4, 0x32A4, 0x32A4, 0x32A4, 0x32A4, 
    0x32A4, 0x32A4, 0x32A4, 0x32A3, 0x21A3, 0x29E4, 0x42A6, 0x2A23, 0x21A3, 0x29C4, 0x3A85, 0x1981, 0x2203, 0x2A23, 0x29E4, 0x29E4, 
    0x29E4, 0x4B26, 0x2A23, 0x29E4, 0x2A04, 0x3225, 0x4326, 0x21C2, 0x42E6, 0x3AE4, 0x32C4, 0x3AC4, 0x32C4, 0x3B04, 0x2202, 0x3A85, 
    0x3AC4, 0x29E4, 0x4B66, 0x0000, 0x29C4, 0x3B04, 0x32A3, 0x32A4, 0x32A4, 0x2A43, 0x1982, 0x1982, 0x1982, 0x1982, 0x1982, 0x1982, 
    0x1962, 0x1982, 0x1121, 0x1902, 0x29E4, 0x0000, 0x1923, 0x1922, 0x2163, 0x29A3, 0x10E2, 0x3205, 0x2162, 0x2182, 0x2182, 0x2182, 
    0x2182, 0x21A3, 0x1901, 0x29C4, 0x3224, 0x3223, 0x42C4, 0x29E3, 0x4B07, 0x4B45, 0x3223, 0x2A03, 0x2A03, 0x3223, 0x2162, 0x3A25, 
    0x3A84, 0x2A03, 0x3223, 0x2A03, 0x2A23, 0x2182, 0x29A4, 0x3224, 0x2182, 0x2182, 0x1962, 0x1922, 0x29E3, 0x3264, 0x3A84, 0x3AA4, 
    0x42E4, 0x4305, 0x4305, 0x4B25, 0x4305, 0x42C4, 0x42C4, 0x42C4, 0x42C4, 0x42C4, 0x42C4, 0x42C4, 0x42C4, 0x42C4, 0x42C4, 0x42C4, 
    0x42C4, 0x42C4, 0x42C4, 0x42C4, 0x42C4, 0x42C4, 0x42C4, 0x42C4, 0x42C4, 0x42C4, 0x42C4, 0x42C4, 0x42C4, 0x42E5, 0x3224, 0x18A1, 
    0x18A1, 0x18A1, 0x18A1, 0x18A1, 0x1081, 0x1081, 0x1061, 0x10A1, 0x21E2, 0x2A03, 0x2A23, 0x2A43, 0x2A63, 0x3283, 0x32A3, 0x32A3, 
    0x3263, 0x2A43, 0x2A43, 0x2A43, 0x2A43, 0x2A43, 0x2A43, 0x2A43, 0x2A43, 0x2A43, 0x2A43, 0x2A43, 0x2A43, 0x2A63, 0x2A63, 0x2A63, 
    0x3BA3, 0x3BC3, 0x43E3, 0x43E3, 0x4403, 0x4403, 0x4403, 0x4403, 0x4403, 0x4403, 0x4403, 0x4403, 0x4403, 0x3BC3, 0x5464, 0x75C8, 
    0x75C8, 0x75C8, 0x75C8, 0x75C8, 0x75C8, 0x75C8, 0x75C8, 0x75C8, 0x75C8, 0x75C8, 0x75C8, 0x75C8, 0x75C8, 0x75C8, 0x75C8, 0x75C8, 
    0x75C8, 0x75C8, 0x75C8, 0x75C8, 0x75C8, 0x75C8, 0x75C8, 0x75C8, 0x75C8, 0x75A7, 0x4344, 0x3283, 0x32A3, 0x32A3, 0x3283, 0x3283, 
    0x3283, 0x2A63, 0x2A43, 0x2A43, 0x2A23, 0x21E2, 0x21C2, 0x19A2, 0x1982, 0x32C4, 0x3B24, 0x4385, 0x4BE5, 0x5426, 0x5466, 0x5CA6, 
    0x6507, 0x4BC5, 0x32A4, 0x3AC4, 0x32C4, 0x32C4, 0x32C4, 0x32C4, 0x32C4, 0x32C4, 0x32C4, 0x32C4, 0x32A4, 0x32A4, 0x32A4, 0x32A4, 
    0x32A4, 0x32A3, 0x32A3, 0x3283, 0x3AC4, 0x3AE4, 0x32A4, 0x3283, 0x32A4, 0x3284, 0x2203, 0x1982, 0x21E2, 0x3283, 0x3AE4, 0x4325, 
    0x4325, 0x3AE4, 0x3AE4, 0x3B25, 0x4325, 0x3B05, 0x3AC4, 0x3B04, 0x3AE4, 0x32C4, 0x3AC4, 0x3AC4, 0x3AC4, 0x32C4, 0x3AE4, 0x3B04, 
    0x3AC4, 0x3B04, 0x3AE4, 0x1942, 0x3A86, 0x3AE4, 0x32A3, 0x32A4, 0x32A4, 0x2A43, 0x1962, 0x1982, 0x1982, 0x1962, 0x1962, 0x1962, 
    0x1941, 0x1941, 0x1921, 0x1962, 0x1942, 0x08A1, 0x29A4, 0x2182, 0x2182, 0x2162, 0x21A2, 0x2182, 0x2182, 0x2182, 0x2182, 0x21A2, 
    0x2182, 0x21A2, 0x2A03, 0x3A84, 0x42E5, 0x4305, 0x4305, 0x4B45, 0x4B25, 0x42E5, 0x3243, 0x2A03, 0x3223, 0x2A23, 0x3243, 0x3244, 
    0x2A03, 0x3223, 0x2A03, 0x2A03, 0x2A03, 0x2A03, 0x2A03, 0x29C3, 0x21A2, 0x2182, 0x1962, 0x1922, 0x29E3, 0x3264, 0x3A84, 0x3AC4, 
    0x42E4, 0x4305, 0x4305, 0x4B25, 0x4305, 0x42C4, 0x42C4, 0x42C4, 0x42C4, 0x42C4, 0x42C4, 0x42C4, 0x42C4, 0x42C4, 0x42C4, 0x42C4, 
    0x42C4, 0x42C4, 0x42C4, 0x42C4, 0x42C4, 0x42C4, 0x42C4, 0x42C4, 0x42C4, 0x42C4, 0x42C4, 0x42C4, 0x42C4, 0x42E4, 0x3224, 0x18A1, 
    0x18A1, 0x18A1, 0x18A1, 0x18A1, 0x1081, 0x1081, 0x1060, 0x10A1, 0x21E2, 0x2A03, 0x2A23, 0x2A43, 0x2A63, 0x3283, 0x32A3, 0x32C4, 
    0x3283, 0x2A63, 0x2A43, 0x2A43, 0x2A43, 0x2A43, 0x2A43, 0x2A43, 0x2A43, 0x2A43, 0x2A43, 0x2A63, 0x2A63, 0x2A63, 0x2A63, 0x2A63, 
    0x3B83, 0x3BA3, 0x43C3, 0x43E3, 0x43E3, 0x4403, 0x4403, 0x4403, 0x4403, 0x4403, 0x4403, 0x43E3, 0x4403, 0x3BC3, 0x4C64, 0x75C8, 
    0x75C8, 0x75C8, 0x75C8, 0x75C8, 0x75C8, 0x75C8, 0x75C8, 0x75C8, 0x75C8, 0x75C8, 0x75C8, 0x75C8, 0x75C8, 0x75C8, 0x75C8, 0x75C8, 
    0x75C8, 0x75C8, 0x75C8, 0x75C8, 0x75C8, 0x75C8, 0x75C8, 0x75C8, 0x75C8, 0x75A7, 0x4344, 0x3283, 0x32A3, 0x3283, 0x3283, 0x3283, 
    0x3283, 0x2A63, 0x2A43, 0x2A23, 0x2A03, 0x21E2, 0x21C2, 0x1982, 0x1982, 0x32C4, 0x3B24, 0x4385, 0x4BC5, 0x5425, 0x5466, 0x5C86, 
    0x64E7, 0x4BA5, 0x32A3, 0x3AC4, 0x32C4, 0x32C4, 0x32C4, 0x32C4, 0x32C4, 0x32C4, 0x32C4, 0x32C4, 0x32A4, 0x32A4, 0x32A3, 0x32A3, 
    0x32A4, 0x32A3, 0x32A3, 0x3283, 0x3283, 0x3283, 0x3263, 0x3263, 0x2A43, 0x2A23, 0x2203, 0x1982, 0x21C2, 0x2A63, 0x3283, 0x32C4, 
    0x32C4, 0x32C4, 0x32C4, 0x32C4, 0x32C4, 0x32C4, 0x3AC4, 0x32C4, 0x32C4, 0x3AC4, 0x32C4, 0x3AC4, 0x32C4, 0x32C4, 0x32C4, 0x32C4, 
    0x32C4, 0x32A4, 0x32C4, 0x3B04, 0x3B05, 0x32A4, 0x32A4, 0x32A4, 0x32A4, 0x2A23, 0x1941, 0x1962, 0x1962, 0x1941, 0x1941, 0x1941, 
    0x1921, 0x1921, 0x1942, 0x1942, 0x1942, 0x2182, 0x21A3, 0x1962, 0x2162, 0x2182, 0x2182, 0x2182, 0x21A2, 0x21A2, 0x2182, 0x21A2, 
    0x2A03, 0x3AA4, 0x42E5, 0x4305, 0x4305, 0x4305, 0x4305, 0x42E5, 0x42E5, 0x4305, 0x3243, 0x2A03, 0x3223, 0x3223, 0x2A23, 0x3223, 
    0x3223, 0x3223, 0x3223, 0x2A03, 0x2A03, 0x2A03, 0x29C3, 0x29C3, 0x21A2, 0x2182, 0x1962, 0x1922, 0x29E3, 0x3A64, 0x3A84, 0x3AC4, 
    0x42E5, 0x4305, 0x4305, 0x4B25, 0x4305, 0x42C4, 0x42C4, 0x42C4, 0x42C4, 0x42C4, 0x42C4, 0x42C4, 0x42C4, 0x42C4, 0x42C4, 0x42C4, 
    0x42C4, 0x42C4, 0x42C4, 0x42C4, 0x42C4, 0x42C4, 0x42C4, 0x42C4, 0x42C4, 0x42C4, 0x42C4, 0x42C4, 0x42C4, 0x42E5, 0x3223, 0x18A1, 
    0x18A1, 0x18A1, 0x18A1, 0x1881, 0x1081, 0x1081, 0x1060, 0x10A1, 0x21E2, 0x2A03, 0x2A23, 0x2A43, 0x2A63, 0x3283, 0x32A3, 0x32C4, 
    0x3283, 0x2A63, 0x2A63, 0x2A63, 0x2A43, 0x2A63, 0x2A63, 0x2A63, 0x2A63, 0x2A63, 0x2A63, 0x2A63, 0x2A63, 0x2A63, 0x3263, 0x3263, 
    0x3B83, 0x3B83, 0x3BA3, 0x3BC3, 0x43E3, 0x43E3, 0x43E3, 0x4403, 0x4403, 0x4403, 0x4403, 0x43E3, 0x43E3, 0x3BC3, 0x4C64, 0x75C8, 
    0x75C8, 0x75C8, 0x75C8, 0x75C8, 0x75C8, 0x75C8, 0x75C8, 0x75C8, 0x75C8, 0x75C8, 0x75C8, 0x75C8, 0x75C8, 0x75C8, 0x75C8, 0x75C8, 
    0x75C8, 0x75C8, 0x75C8, 0x75C8, 0x75C8, 0x75C8, 0x75C8, 0x75C8, 0x75C8, 0x75A7, 0x3B24, 0x3283, 0x32A3, 0x3283, 0x3283, 0x3283, 
    0x3263, 0x2A63, 0x2A43, 0x2A23, 0x2A03, 0x21E2, 0x21C2, 0x1982, 0x1982, 0x32C4, 0x3B24, 0x4385, 0x4BC5, 0x4C06, 0x5446, 0x5C86, 
    0x64E7, 0x4BA5, 0x32A3, 0x3AC4, 0x32C4, 0x32C4, 0x32C4, 0x32C4, 0x32C4, 0x32A4, 0x32A4, 0x32A4, 0x32A4, 0x32A4, 0x32A4, 0x32A4, 
    0x32A3, 0x32A3, 0x3283, 0x3283, 0x3283, 0x3283, 0x3263, 0x3263, 0x2A43, 0x2A23, 0x21E2, 0x1982, 0x21C2, 0x2A63, 0x3283, 0x32C4, 
    0x32C4, 0x3AC4, 0x3AC4, 0x32C4, 0x32C4, 0x3AC4, 0x32C4, 0x32C4, 0x32C4, 0x32C4, 0x3AC4, 0x3AC4, 0x32C4, 0x3AC4, 0x32C4, 0x32C4, 
    0x32C4, 0x32C4, 0x32C4, 0x32A4, 0x32A3, 0x32A4, 0x32A4, 0x3283, 0x32A4, 0x2A03, 0x1121, 0x1941, 0x1941, 0x1121, 0x1921, 0x1922, 
    0x1942, 0x1942, 0x1942, 0x1962, 0x2162, 0x1962, 0x1962, 0x2182, 0x2182, 0x2182, 0x21A2, 0x21A2, 0x2182, 0x21C3, 0x3243, 0x3AA4, 
    0x4305, 0x4305, 0x4305, 0x4305, 0x4305, 0x4305, 0x4305, 0x4305, 0x4305, 0x4305, 0x3243, 0x2A03, 0x3223, 0x3223, 0x3223, 0x3223, 
    0x3223, 0x3223, 0x3203, 0x2A03, 0x2A03, 0x29E3, 0x29E3, 0x29C3, 0x21A2, 0x2182, 0x1962, 0x1922, 0x2A03, 0x3264, 0x3A84, 0x3AC4, 
    0x42E4, 0x42E5, 0x4305, 0x4B45, 0x4305, 0x42C4, 0x42C4, 0x42C4, 0x42C4, 0x42C4, 0x42C4, 0x42C4, 0x42C4, 0x42C4, 0x42C4, 0x42C4, 
    0x42C4, 0x42C4, 0x42C4, 0x42C4, 0x42C4, 0x42C4, 0x42C4, 0x42C4, 0x42C4, 0x42C4, 0x42C4, 0x42C4, 0x42C4, 0x42E5, 0x3223, 0x18A1, 
    0x18A1, 0x18A1, 0x18A1, 0x18A1, 0x1081, 0x1081, 0x1060, 0x10C1, 0x21E2, 0x2A23, 0x2A23, 0x2A43, 0x2A63, 0x3283, 0x32A3, 0x32C4, 
    0x3283, 0x2A63, 0x2A63, 0x2A63, 0x2A63, 0x2A63, 0x2A63, 0x2A63, 0x2A63, 0x2A63, 0x2A63, 0x3263, 0x3263, 0x3263, 0x3263, 0x3283, 
    0x3B63, 0x3B83, 0x3B83, 0x3BC3, 0x43C3, 0x43E3, 0x43E3, 0x43E3, 0x4403, 0x4403, 0x4403, 0x43E3, 0x43E3, 0x3BC3, 0x4C64, 0x75C8, 
    0x75C8, 0x75C8, 0x75C8, 0x75C8, 0x75C8, 0x75C8, 0x75C8, 0x75C8, 0x75C8, 0x75C8, 0x75C8, 0x75C8, 0x75C8, 0x75C8, 0x75C8, 0x75C8, 
    0x75C8, 0x75C8, 0x75C8, 0x75C8, 0x75C8, 0x75C8, 0x75C8, 0x75C8, 0x75C8, 0x75A7, 0x4324, 0x3283, 0x32A3, 0x3283, 0x3283, 0x3283, 
    0x3263, 0x2A63, 0x2A43, 0x2A23, 0x2A03, 0x21E2, 0x21C2, 0x1982, 0x1982, 0x32C4, 0x3B24, 0x4365, 0x4BC5, 0x4C05, 0x5446, 0x5466, 
    0x64E7, 0x4BA5, 0x32A3, 0x3AC4, 0x32C4, 0x32C4, 0x32C4, 0x32C4, 0x32C4, 0x32A4, 0x32A4, 0x32A4, 0x32A4, 0x32A4, 0x32A4, 0x32A3, 
    0x32A3, 0x3283, 0x3283, 0x3283, 0x3283, 0x3283, 0x3263, 0x2A63, 0x2A43, 0x2A23, 0x21E2, 0x1962, 0x21C2, 0x2A63, 0x3283, 0x32C4, 
    0x32C4, 0x32C4, 0x3AC4, 0x32C4, 0x32C4, 0x32C4, 0x32C4, 0x3AC4, 0x32C4, 0x32C4, 0x32C4, 0x3AC4, 0x32C4, 0x32C4, 0x32C4, 0x32C4, 
    0x32C4, 0x32C4, 0x32C4, 0x32A4, 0x32A4, 0x32A4, 0x32A4, 0x3283, 0x32A3, 0x2A03, 0x1101, 0x1121, 0x1901, 0x1922, 0x1922, 0x1942, 
    0x1962, 0x1962, 0x1962, 0x2182, 0x2182, 0x2182, 0x2182, 0x21A2, 0x21A2, 0x21A2, 0x2182, 0x29E3, 0x3244, 0x42C4, 0x4305, 0x4305, 
    0x4305, 0x42E5, 0x4305, 0x4305, 0x4305, 0x4305, 0x4305, 0x4305, 0x4305, 0x4305, 0x3243, 0x2A03, 0x3223, 0x3223, 0x3223, 0x3223, 
    0x3223, 0x3223, 0x3223, 0x2A03, 0x2A03, 0x29E3, 0x29E3, 0x29C3, 0x21A2, 0x2182, 0x1962, 0x1922, 0x2A03, 0x3A84, 0x3A84, 0x3AC4, 
    0x42E5, 0x4305, 0x4325, 0x4B45, 0x4305, 0x42C4, 0x42C4, 0x42C4, 0x42C4, 0x42C4, 0x42C4, 0x42C4, 0x42C4, 0x42C4, 0x42C4, 0x42C4, 
    0x42C4, 0x42C4, 0x42C4, 0x42C4, 0x42C4, 0x42C4, 0x42C4, 0x42C4, 0x42C4, 0x42C4, 0x42C4, 0x42C4, 0x42C4, 0x42E5, 0x3223, 0x18A1, 
    0x18A1, 0x18A1, 0x18A1, 0x18A1, 0x1081, 0x1081, 0x1060, 0x10C1, 0x21E2, 0x2A03, 0x2A23, 0x2A43, 0x2A63, 0x3283, 0x32A3, 0x32C4, 
    0x3283, 0x3263, 0x3263, 0x2A63, 0x2A63, 0x2A63, 0x2A63, 0x2A63, 0x2A63, 0x3263, 0x3283, 0x3263, 0x3283, 0x3283, 0x3283, 0x3283, 
    0x32A3, 0x43C4, 0x43E4, 0x43C3, 0x3BA3, 0x43C3, 0x43E3, 0x43E3, 0x43E3, 0x4403, 0x43E3, 0x43E3, 0x43E3, 0x3BC3, 0x4C64, 0x75C8, 
    0x75C8, 0x75C8, 0x75C8, 0x75C8, 0x75C8, 0x75C8, 0x75C8, 0x75C8, 0x75C8, 0x75C8, 0x75C8, 0x75C8, 0x75C8, 0x75C8, 0x75C8, 0x75C8, 
    0x75C8, 0x75C8, 0x75C8, 0x75C8, 0x75C8, 0x75C8, 0x75C8, 0x75C8, 0x75C8, 0x75A7, 0x3B44, 0x3283, 0x32A3, 0x3283, 0x3283, 0x3283, 
    0x2A63, 0x2A63, 0x2A43, 0x2A23, 0x2A03, 0x21E2, 0x21C2, 0x1982, 0x1982, 0x32C4, 0x3B24, 0x4365, 0x4BA5, 0x4C05, 0x5446, 0x5466, 
    0x5CC7, 0x4BA5, 0x32A3, 0x3AC4, 0x32C4, 0x32C4, 0x32C4, 0x32C4, 0x32A4, 0x32A4, 0x32A4, 0x32A4, 0x32A3, 0x32A3, 0x32A3, 0x32A3, 
    0x3283, 0x3283, 0x3283, 0x3283, 0x3283, 0x3263, 0x3263, 0x2A63, 0x2A43, 0x2A23, 0x21E2, 0x1962, 0x21C2, 0x2A43, 0x3283, 0x32C4, 
    0x32C4, 0x32C4, 0x32C4, 0x32C4, 0x32C4, 0x32C4, 0x32C4, 0x32C4, 0x3AC4, 0x32C4, 0x32C4, 0x32C4, 0x32C4, 0x32C4, 0x32C4, 0x32C4, 
    0x32C4, 0x32C4, 0x32A4, 0x32A4, 0x32A4, 0x32A3, 0x3283, 0x3283, 0x3283, 0x21E2, 0x10E1, 0x1901, 0x1922, 0x1942, 0x1942, 0x2162, 
    0x2162, 0x2162, 0x2182, 0x2182, 0x2182, 0x21A2, 0x21A2, 0x2182, 0x21A2, 0x29E3, 0x3A64, 0x42E5, 0x4305, 0x4305, 0x4305, 0x4305, 
    0x4305, 0x4305, 0x4305, 0x4305, 0x4305, 0x4305, 0x4305, 0x4305, 0x4305, 0x4305, 0x3243, 0x2A03, 0x3223, 0x3223, 0x3223, 0x3223, 
    0x3223, 0x3223, 0x3223, 0x2A23, 0x2A03, 0x2A03, 0x29E3, 0x29C3, 0x21A2, 0x2182, 0x2162, 0x1922, 0x2A03, 0x3A84, 0x3AA4, 0x3AC4, 
    0x42E4, 0x4305, 0x4325, 0x4B45, 0x4305, 0x42C4, 0x42C4, 0x42C4, 0x42C4, 0x42C4, 0x42C4, 0x42C4, 0x42C4, 0x42C4, 0x42C4, 0x42C4, 
    0x42C4, 0x42C4, 0x42C4, 0x42C4, 0x42C4, 0x42C4, 0x42C4, 0x42C4, 0x42C4, 0x42C4, 0x42C4, 0x42C4, 0x42C4, 0x42E5, 0x3223, 0x18A1, 
    0x18A1, 0x18A1, 0x18A1, 0x18A1, 0x1081, 0x1081, 0x1061, 0x10C1, 0x2202, 0x2A23, 0x2A43, 0x2A43, 0x2A63, 0x3283, 0x32A3, 0x32C4, 
    0x3283, 0x3283, 0x3283, 0x3283, 0x3283, 0x3263, 0x3283, 0x3283, 0x3283, 0x3283, 0x3283, 0x3283, 0x3283, 0x3283, 0x3283, 0x3283, 
    0x2A63, 0x3B44, 0x4BE5, 0x4C25, 0x4C24, 0x4404, 0x3BC3, 0x43E3, 0x43E3, 0x4403, 0x43E3, 0x43E3, 0x43E3, 0x3BC3, 0x4C64, 0x75C8, 
    0x75C8, 0x75C8, 0x75C8, 0x75C8, 0x75C8, 0x75C8, 0x75C8, 0x75C8, 0x75C8, 0x75C8, 0x75C8, 0x75C8, 0x75C8, 0x75C8, 0x75C8, 0x75C8, 
    0x75C8, 0x75C8, 0x75C8, 0x75C8, 0x75C8, 0x75C8, 0x75C8, 0x75C8, 0x75C8, 0x75A7, 0x3B24, 0x3283, 0x32A3, 0x3283, 0x3283, 0x3283, 
    0x2A63, 0x2A43, 0x2A43, 0x2A23, 0x2203, 0x21E2, 0x21C2, 0x1982, 0x1982, 0x32C4, 0x3B24, 0x4365, 0x43A5, 0x4BE5, 0x5426, 0x5466, 
    0x5CC7, 0x43A5, 0x32A3, 0x32C4, 0x32C4, 0x32A4, 0x32C4, 0x32A4, 0x32A4, 0x32A4, 0x32A4, 0x32A4, 0x32A3, 0x32A3, 0x3283, 0x32A3, 
    0x3283, 0x3283, 0x3283, 0x3283, 0x3283, 0x3263, 0x2A63, 0x2A63, 0x2A43, 0x2A03, 0x21E2, 0x1962, 0x21C2, 0x2A43, 0x3283, 0x32C4, 
    0x32C4, 0x32C4, 0x32C4, 0x32C4, 0x32C4, 0x32C4, 0x32C4, 0x32C4, 0x32C4, 0x32C4, 0x32C4, 0x32C4, 0x32C4, 0x32C4, 0x32C4, 0x32C4, 
    0x32C4, 0x32C4, 0x32C4, 0x32A4, 0x32A4, 0x3284, 0x3283, 0x3263, 0x3283, 0x21C2, 0x10E1, 0x1942, 0x1962, 0x2162, 0x2162, 0x2182, 
    0x2182, 0x2182, 0x2182, 0x21A2, 0x21A2, 0x2182, 0x21A3, 0x2A03, 0x3AA4, 0x42E5, 0x4305, 0x4305, 0x42E5, 0x4305, 0x4305, 0x4305, 
    0x4305, 0x4305, 0x4305, 0x4305, 0x4305, 0x4305, 0x4305, 0x4305, 0x4305, 0x4305, 0x3243, 0x2A03, 0x3223, 0x3223, 0x3223, 0x3223, 
    0x3223, 0x3223, 0x3223, 0x3223, 0x2A03, 0x2A03, 0x29E3, 0x29C3, 0x21A2, 0x2182, 0x2162, 0x1922, 0x2A03, 0x3A84, 0x3AA4, 0x42C4, 
    0x42E5, 0x4305, 0x4325, 0x4B45, 0x4325, 0x42C4, 0x42C4, 0x42C4, 0x42C4, 0x42C4, 0x42C4, 0x42C4, 0x42C4, 0x42C4, 0x42C4, 0x42C4, 
    0x42C4, 0x42C4, 0x42C4, 0x42C4, 0x42C4, 0x42C4, 0x42C4, 0x42C4, 0x42C4, 0x42C4, 0x42C4, 0x42C4, 0x42C4, 0x4305, 0x3223, 0x18A1, 
    0x18A1, 0x18A1, 0x18A1, 0x1881, 0x1081, 0x1081, 0x1061, 0x10C1, 0x2203, 0x2A23, 0x2A23, 0x2A63, 0x3263, 0x3283, 0x32A3, 0x32C4, 
    0x3283, 0x3283, 0x3283, 0x3283, 0x3283, 0x3283, 0x3283, 0x3283, 0x3283, 0x3283, 0x3283, 0x3283, 0x3283, 0x3283, 0x3283, 0x3283, 
    0x2A43, 0x32E3, 0x4384, 0x4BE5, 0x4C45, 0x5465, 0x4C45, 0x4C24, 0x43E3, 0x43E3, 0x43E3, 0x43E3, 0x43E3, 0x3BC3, 0x4C44, 0x75C8, 
    0x75C8, 0x75C8, 0x75C8, 0x75C8, 0x75C8, 0x75C8, 0x75C8, 0x75C8, 0x75C8, 0x75C8, 0x75C8, 0x75C8, 0x75C8, 0x75C8, 0x75C8, 0x75C8, 
    0x75C8, 0x75C8, 0x75C8, 0x75C8, 0x75C8, 0x75C8, 0x75C8, 0x75C8, 0x75C8, 0x75A7, 0x4324, 0x3283, 0x3283, 0x3283, 0x3283, 0x3263, 
    0x2A63, 0x2A63, 0x2A43, 0x2A23, 0x2A03, 0x21E2, 0x21C2, 0x1982, 0x1982, 0x32C4, 0x3B24, 0x4365, 0x43A5, 0x4BE5, 0x5426, 0x5466, 
    0x5CC6, 0x4385, 0x32A3, 0x32C4, 0x32C4, 0x32C4, 0x32A4, 0x32A4, 0x32A4, 0x32A3, 0x32A4, 0x32A3, 0x32A3, 0x3283, 0x3283, 0x3283, 
    0x3283, 0x3283, 0x3283, 0x3283, 0x3283, 0x3263, 0x2A63, 0x2A43, 0x2A43, 0x2A03, 0x21E2, 0x1962, 0x21A2, 0x2A23, 0x3263, 0x32C4, 
    0x32C4, 0x32C4, 0x32C4, 0x32C4, 0x32C4, 0x32C4, 0x32C4, 0x32C4, 0x32C4, 0x32C4, 0x32C4, 0x32C4, 0x32C4, 0x32C4, 0x32C4, 0x32C4, 
    0x32C4, 0x32C4, 0x32A4, 0x32A4, 0x32A3, 0x3283, 0x3283, 0x3283, 0x2A63, 0x29E3, 0x1962, 0x1942, 0x1962, 0x2182, 0x2182, 0x2182, 
    0x2182, 0x21A2, 0x2182, 0x2182, 0x21C3, 0x3243, 0x3AA4, 0x4305, 0x4305, 0x4305, 0x4305, 0x4305, 0x4305, 0x4305, 0x42E5, 0x4305, 
    0x4305, 0x42E5, 0x4305, 0x42E5, 0x4305, 0x42E5, 0x42E5, 0x4305, 0x4305, 0x4305, 0x3243, 0x2A03, 0x3223, 0x3223, 0x3223, 0x3223, 
    0x3223, 0x3223, 0x3223, 0x3223, 0x2A03, 0x2A03, 0x29E3, 0x29C3, 0x21A2, 0x2182, 0x2162, 0x1922, 0x2A03, 0x3A84, 0x3A84, 0x42C4, 
    0x42E5, 0x4305, 0x4B25, 0x4B45, 0x4305, 0x42C4, 0x42C4, 0x42C4, 0x42C4, 0x42C4, 0x42C4, 0x42C4, 0x42C4, 0x42C4, 0x42C4, 0x42C4, 
    0x42C4, 0x42C4, 0x42C4, 0x42C4, 0x42C4, 0x42C4, 0x42C4, 0x42C4, 0x42C4, 0x42C4, 0x42C4, 0x42C4, 0x42C4, 0x4305, 0x3203, 0x18A1, 
    0x18A1, 0x18A1, 0x18A1, 0x1881, 0x1081, 0x1081, 0x1061, 0x10C1, 0x2203, 0x2A23, 0x2A43, 0x2A63, 0x3283, 0x3283, 0x32A3, 0x32C4, 
    0x3283, 0x3283, 0x3283, 0x3283, 0x3283, 0x3283, 0x3283, 0x3283, 0x3283, 0x3283, 0x3283, 0x3283, 0x3283, 0x3283, 0x3283, 0x3283, 
    0x2A42, 0x32C3, 0x3B64, 0x43C4, 0x4C05, 0x4C45, 0x5465, 0x5485, 0x5465, 0x4C44, 0x4403, 0x43E3, 0x43E3, 0x3BC3, 0x4C44, 0x75C8, 
    0x75C8, 0x75C8, 0x75C8, 0x75C8, 0x75C8, 0x75C8, 0x75C8, 0x75C8, 0x75C8, 0x75C8, 0x75C8, 0x75C8, 0x75C8, 0x75C8, 0x75C8, 0x75C8, 
    0x75C8, 0x75C8, 0x75C8, 0x75C8, 0x75C8, 0x75C8, 0x75C8, 0x75C8, 0x75C8, 0x75A7, 0x3B24, 0x3283, 0x3283, 0x3283, 0x3283, 0x3263, 
    0x2A63, 0x2A43, 0x2A23, 0x2A23, 0x2203, 0x21E2, 0x21C2, 0x1982, 0x1982, 0x32A4, 0x3B24, 0x4364, 0x43A5, 0x4BE5, 0x5425, 0x5446, 
    0x5CC6, 0x4385, 0x32A3, 0x32C4, 0x32A4, 0x32C4, 0x32A4, 0x32A4, 0x32A4, 0x32A4, 0x32A3, 0x32A3, 0x3283, 0x3283, 0x3283, 0x3283, 
    0x3283, 0x3283, 0x3283, 0x3263, 0x3263, 0x2A63, 0x2A43, 0x2A43, 0x2A23, 0x2203, 0x21C2, 0x1962, 0x21A2, 0x2A23, 0x2A63, 0x32C4, 
    0x32A4, 0x32C4, 0x32C4, 0x32C4, 0x32C4, 0x32C4, 0x32C4, 0x32C4, 0x32C4, 0x32C4, 0x32C4, 0x32C4, 0x32C4, 0x32C4, 0x32C4, 0x32C4, 
    0x32C4, 0x32A4, 0x32A4, 0x32A4, 0x32A3, 0x32A4, 0x2A43, 0x2A03, 0x29C3, 0x3264, 0x3AC4, 0x3244, 0x29E3, 0x2182, 0x2182, 0x21A2, 
    0x21A2, 0x21A2, 0x29E3, 0x3264, 0x42C4, 0x4305, 0x4305, 0x4305, 0x42E5, 0x4305, 0x4305, 0x4305, 0x4305, 0x4305, 0x4305, 0x4305, 
    0x4305, 0x4305, 0x4305, 0x4305, 0x4305, 0x4305, 0x4305, 0x4305, 0x4305, 0x4305, 0x3243, 0x2A03, 0x3223, 0x3223, 0x3243, 0x3223, 
    0x3223, 0x3223, 0x3223, 0x3223, 0x2A03, 0x2A03, 0x29E3, 0x29E3, 0x21C3, 0x21A2, 0x2162, 0x1942, 0x2A23, 0x3A84, 0x3AA4, 0x3AC4, 
    0x42E4, 0x4305, 0x4B25, 0x4B45, 0x4305, 0x42C4, 0x42C4, 0x42C4, 0x42C4, 0x42C4, 0x42C4, 0x42C4, 0x42C4, 0x42C4, 0x42C4, 0x42C4, 
    0x42C4, 0x42C4, 0x42C4, 0x42C4, 0x42C4, 0x42C4, 0x42C4, 0x42C4, 0x42C4, 0x42C4, 0x42C4, 0x42C4, 0x3AC4, 0x4305, 0x3223, 0x18A1, 
    0x18A1, 0x18A1, 0x18A1, 0x18A1, 0x1881, 0x1081, 0x1061, 0x10C1, 0x2A03, 0x2A23, 0x2A43, 0x2A63, 0x3263, 0x3283, 0x32A3, 0x32C4, 
    0x32A3, 0x3283, 0x3283, 0x3283, 0x3283, 0x3283, 0x3283, 0x3283, 0x3283, 0x3283, 0x3283, 0x3283, 0x3283, 0x3283, 0x3283, 0x3283, 
    0x2A22, 0x32C3, 0x3B24, 0x4384, 0x4BE5, 0x4C05, 0x5445, 0x5465, 0x5485, 0x5485, 0x5485, 0x4C45, 0x4404, 0x3BC3, 0x4C44, 0x75C8, 
    0x75C8, 0x75C8, 0x75C8, 0x75C8, 0x75C8, 0x75C8, 0x75C8, 0x75C8, 0x75C8, 0x75C8, 0x75C8, 0x75C8, 0x75C8, 0x75C8, 0x75C8, 0x75C8, 
    0x75C8, 0x75C8, 0x75C8, 0x75C8, 0x75C8, 0x75C8, 0x75C8, 0x75C8, 0x75C8, 0x75A7, 0x3B24, 0x3283, 0x3283, 0x3283, 0x3283, 0x3263, 
    0x2A63, 0x2A43, 0x2A43, 0x2A23, 0x2203, 0x21E2, 0x21C2, 0x1982, 0x1982, 0x32A4, 0x3B24, 0x4364, 0x43A5, 0x4BE5, 0x5426, 0x5446, 
    0x5CA6, 0x4385, 0x32A3, 0x32C4, 0x32C4, 0x32A4, 0x32A3, 0x32A4, 0x32A4, 0x32A3, 0x32A3, 0x3283, 0x3283, 0x3283, 0x3283, 0x3283, 
    0x3283, 0x3283, 0x3263, 0x2A63, 0x2A63, 0x2A63, 0x2A43, 0x2A43, 0x2A23, 0x21E2, 0x21C2, 0x1942, 0x1982, 0x2A03, 0x2A63, 0x32A4, 
    0x32A4, 0x32A4, 0x32A4, 0x32A4, 0x32C4, 0x32C4, 0x32C4, 0x32C4, 0x32C4, 0x32C4, 0x32C4, 0x32C4, 0x32C4, 0x32C4, 0x32C4, 0x32C4, 
    0x32C4, 0x32A4, 0x32A4, 0x32A4, 0x3263, 0x21E2, 0x1101, 0x1942, 0x29E3, 0x3A84, 0x42E5, 0x4305, 0x4B25, 0x3AC4, 0x3223, 0x21C3, 
    0x29E3, 0x3A64, 0x42E5, 0x4305, 0x4305, 0x42E5, 0x4305, 0x4305, 0x4305, 0x4305, 0x4305, 0x4305, 0x4305, 0x4305, 0x42E5, 0x4305, 
    0x4305, 0x42E5, 0x4305, 0x42E5, 0x4305, 0x42E5, 0x42E5, 0x4305, 0x4305, 0x4305, 0x3243, 0x2A23, 0x3223, 0x3223, 0x3243, 0x3223, 
    0x3243, 0x3223, 0x3223, 0x3223, 0x3223, 0x2A03, 0x2A03, 0x29E3, 0x21C3, 0x21A2, 0x2162, 0x1942, 0x2A23, 0x3A84, 0x3AA4, 0x42E4, 
    0x42E5, 0x4305, 0x4B25, 0x4B45, 0x4305, 0x42C4, 0x42C4, 0x42C4, 0x42C4, 0x42C4, 0x42C4, 0x42C4, 0x42C4, 0x42C4, 0x42C4, 0x42C4, 
    0x42C4, 0x42C4, 0x42C4, 0x42C4, 0x42C4, 0x42C4, 0x42C4, 0x42C4, 0x42C4, 0x42C4, 0x42C4, 0x42C4, 0x42C4, 0x3AA4, 0x29A3, 0x18A1, 
    0x18A1, 0x18A1, 0x18A1, 0x18A1, 0x1081, 0x1081, 0x1061, 0x10E1, 0x2A03, 0x2A23, 0x2A43, 0x2A63, 0x3283, 0x3283, 0x32A3, 0x32C4, 
    0x32A3, 0x3283, 0x3283, 0x3283, 0x3283, 0x3283, 0x3283, 0x3283, 0x3283, 0x3283, 0x32A3, 0x3283, 0x3283, 0x3283, 0x32A3, 0x3283

};
